"sample","PC1","PC2","PC3","PC4","group"
"B001",-0.0252624827601831,-0.00627562539877011,0.0436008486802078,-0.000303404147898265,"3K-RGP reference (unlabelled)"
"B002",-0.027500249670561,-0.00598461657427606,0.0464350993120468,0.000542551252576054,"3K-RGP reference (unlabelled)"
"B003",-0.0283392634466924,-0.00564533273772888,0.0152568659118924,0.00427750585134696,"3K-RGP reference (unlabelled)"
"B004",-0.0308469922692376,-0.00646954154332105,0.0541987990362607,0.000503385232432052,"3K-RGP reference (unlabelled)"
"B005",-0.0305937063206811,-0.00637556373225899,0.05360166520035,-7.06442948215809e-05,"3K-RGP reference (unlabelled)"
"B006",0.0152719272051402,-0.00837216293170069,0.000711391456768253,-0.000342441248531809,"3K-RGP reference (unlabelled)"
"B007",0.0147353526735436,-0.00752792666538747,0.0010560321999235,0.000606919555911791,"3K-RGP reference (unlabelled)"
"B008",-0.0303324281821035,-0.00609087078411786,0.0496632697412902,-0.000218133921117892,"3K-RGP reference (unlabelled)"
"B009",0.0143480419216267,-0.00830633274913232,0.00277116443185986,0.00318138217685127,"3K-RGP reference (unlabelled)"
"B010",0.0135045509012482,-0.0074519444883226,0.00282498839109465,0.00289423751955527,"3K-RGP reference (unlabelled)"
"B011",0.0143538414043522,0.000202057312669697,0.00236496911385701,0.00154655968297672,"3K-RGP reference (unlabelled)"
"B012",0.0112158305180085,0.000312679839257571,0.00119985578029249,0.000574551618839686,"3K-RGP reference (unlabelled)"
"B013",0.00716560651482063,-0.00687335358264859,0.00788950038811395,0.000626630767841009,"3K-RGP reference (unlabelled)"
"B014",-0.0213437977462605,-0.00626074987598286,0.0329981338073791,0.00292790982707067,"3K-RGP reference (unlabelled)"
"B015",0.0147393374520664,-0.00814293851137139,0.00341389196356842,0.00371328984463451,"3K-RGP reference (unlabelled)"
"B016",-0.0295297139857954,-0.00479137774091734,0.0333598067486506,-0.00336642481982229,"3K-RGP reference (unlabelled)"
"B017",-0.0285686311120738,-0.00496884237901272,0.0406799955969292,-0.00324514043388043,"3K-RGP reference (unlabelled)"
"B018",-0.0281968481234433,-0.00568000053712792,-0.0339548226645781,0.0224116295976868,"3K-RGP reference (unlabelled)"
"B019",0.0130237310806436,-0.00749943052698718,-0.000385315903800415,0.00140469939462515,"3K-RGP reference (unlabelled)"
"B020",-0.00374437135246136,-0.00605096962249205,-0.0143948671803859,0.00877527301215814,"3K-RGP reference (unlabelled)"
"B021",0.012537684667216,-0.00787318249328964,0.0014425025963397,-0.00085086203147896,"3K-RGP reference (unlabelled)"
"B023",-0.0214692366605673,-0.00567483388364197,0.0343788201070715,-0.00162534825918706,"3K-RGP reference (unlabelled)"
"B024",0.013653575879549,-0.00759369090563687,0.00268500585196325,0.0027898239841974,"3K-RGP reference (unlabelled)"
"B025",-0.0252692380408759,-0.0048843744403431,-0.0277876513657995,0.0112333223181182,"3K-RGP reference (unlabelled)"
"B026",0.0143564029903886,0.000106963094232841,0.00242755184039048,0.00160271389175375,"3K-RGP reference (unlabelled)"
"B027",0.0138779631173338,-0.00861716170795157,-0.00278784261735817,0.000132905711131908,"3K-RGP reference (unlabelled)"
"B028",0.0125358647139946,-0.00696815212809653,0.00429937055145379,0.00199521635359297,"3K-RGP reference (unlabelled)"
"B029",0.00958101114789328,-0.00680219372786902,0.00629698161538267,0.00135839914738228,"3K-RGP reference (unlabelled)"
"B030",0.0131282127454852,-0.00569735186131152,0.00046710285073605,-0.00269291568401525,"3K-RGP reference (unlabelled)"
"B031",0.0145673336772944,-0.00182015927328645,0.000754280955659735,-0.000271528104804297,"3K-RGP reference (unlabelled)"
"B032",0.0141621762350437,-0.00636474058313286,0.0032561842304575,0.00186338945067646,"3K-RGP reference (unlabelled)"
"B033",0.0146605778547703,-0.00863401448699448,0.00114144209617981,0.000737662913418162,"3K-RGP reference (unlabelled)"
"B034",-0.0308372312199593,-0.0059377654597304,0.0491419167564079,0.000508785934896701,"3K-RGP reference (unlabelled)"
"B035",0.00985824027081013,-0.00688790417731623,-0.000636348985143288,0.00108449783160243,"3K-RGP reference (unlabelled)"
"B036",-0.0285807366895646,-0.00547614202116062,0.00576524599061795,0.00511539914562024,"3K-RGP reference (unlabelled)"
"B037",-0.0215281244688509,-0.00604405253489105,-0.0101352186026185,0.0148264272997053,"3K-RGP reference (unlabelled)"
"B038",-0.0279962562802792,-0.00558043943129159,0.0276226196469985,0.00192861326394604,"3K-RGP reference (unlabelled)"
"B039",0.000433412789920693,-0.00732084239947488,0.0175404189383939,0.0010737718226352,"3K-RGP reference (unlabelled)"
"B040",0.0153350601775604,-0.00754070587888286,0.00285425432588374,0.00258519121521231,"3K-RGP reference (unlabelled)"
"B043",-0.0280306617303789,-0.00481787873806189,-0.0253650345301487,0.0186391979877624,"3K-RGP reference (unlabelled)"
"B044",0.00548379101621144,-0.00272333247971042,-0.00302843125551155,-0.0226574755770964,"3K-RGP reference (unlabelled)"
"B045",-0.0304330005590329,-0.00589943733951477,0.0513159781518304,0.000306275404504437,"3K-RGP reference (unlabelled)"
"B046",-0.0308088663780182,-0.00644827159489148,0.0531370370747288,0.000379340901765399,"3K-RGP reference (unlabelled)"
"B047",-0.0127281033426961,-0.0064764103358568,0.0289997068112976,-0.000120712464615162,"3K-RGP reference (unlabelled)"
"B048",0.0130237399554252,-0.0058707949899073,0.000958563109758779,-0.000160661501642651,"3K-RGP reference (unlabelled)"
"B049",0.00143777271307705,0.0475217966668203,0.00321797616739283,0.00961660579971665,"3K-RGP reference (unlabelled)"
"B051",0.0131427966942507,-0.00767061350613005,0.000149244473752142,0.00242074117387876,"3K-RGP reference (unlabelled)"
"B052",0.0107489679289744,0.0202709521559152,0.000145052412979416,0.00530294863714345,"3K-RGP reference (unlabelled)"
"B053",-0.0233234424827839,-0.0059580603146807,-0.0119303047088262,0.0149257263483934,"3K-RGP reference (unlabelled)"
"B054",-0.0281805406964563,-0.00568923105460891,-0.022085325622952,0.0192199579868459,"3K-RGP reference (unlabelled)"
"B055",-0.022182363589602,-0.00647919464361437,0.0294336651287588,0.00404679866549673,"3K-RGP reference (unlabelled)"
"B056",-0.0278716621490449,-0.00562850142184779,0.0441998089218502,-0.00485764326687348,"3K-RGP reference (unlabelled)"
"B057",-0.0276811579308646,-0.00607044075549237,0.048467785632337,-0.00231648219080927,"3K-RGP reference (unlabelled)"
"B058",0.0140764928066793,-0.0085296254236621,0.00130185238513603,0.000725803025219451,"3K-RGP reference (unlabelled)"
"B059",0.0141871526485873,-0.00779108079388766,0.00377189351459964,0.0037782313690768,"3K-RGP reference (unlabelled)"
"B060",0.0140161500001179,-0.00929210528872795,0.00360184630081565,0.0034266267526084,"3K-RGP reference (unlabelled)"
"B061",0.0144759229432168,-0.00914012658003612,0.00339997112158494,0.00318075464412446,"3K-RGP reference (unlabelled)"
"B062",0.0134915586709688,-0.00828714043766555,0.00311077331548221,0.00385723265431101,"3K-RGP reference (unlabelled)"
"B063",0.0130206200718636,-0.00843519993551613,0.00283675088263638,0.00167206256985761,"3K-RGP reference (unlabelled)"
"B064",0.0140730581449247,-0.00733914649048623,0.00326430508280323,0.00155789567035917,"3K-RGP reference (unlabelled)"
"B065",0.0129427600577665,-0.00764298421528097,0.00272777300963021,0.00199908100819216,"3K-RGP reference (unlabelled)"
"B066",-0.0281202908450394,-0.00504280257383269,0.0304232056197755,-0.00460028332839512,"3K-RGP reference (unlabelled)"
"B067",0.0140795713394705,-0.00851754307090999,0.00285425594137596,0.00251662393838285,"3K-RGP reference (unlabelled)"
"B068",-0.0294699382528595,-0.00521701947830784,0.0424838902517371,-0.00463186528818538,"3K-RGP reference (unlabelled)"
"B069",-0.0260773028674334,-0.00556519702217631,0.0153473101368216,0.00278071676537794,"3K-RGP reference (unlabelled)"
"B070",-0.0286961565934223,-0.00554315461511406,0.0169482268806917,0.00275203190058486,"3K-RGP reference (unlabelled)"
"B071",-0.0271103947449487,-0.00575508386502763,0.0404515639693793,-0.00348942790880548,"3K-RGP reference (unlabelled)"
"B072",0.00657361403632941,-0.00655757456717466,0.00809093254494226,0.00163483930774444,"3K-RGP reference (unlabelled)"
"B073",0.0132585936200494,-0.00783215329272326,0.00261300089754792,-0.000589091530521089,"3K-RGP reference (unlabelled)"
"B074",0.0135281246510919,-0.00901807190850761,0.00484105830579631,0.00304740849426285,"3K-RGP reference (unlabelled)"
"B075",0.0112465175793005,-0.00733869046250291,0.00218262860758418,0.000732916682094411,"3K-RGP reference (unlabelled)"
"B076",0.013247129708742,-0.00832755037956795,0.00233402267775137,0.000530248212718606,"3K-RGP reference (unlabelled)"
"B077",-0.0261827192612502,-0.00547255034914624,0.0412104009969679,-0.00371892359547346,"3K-RGP reference (unlabelled)"
"B079",0.014881659548151,-0.00740895111914616,0.00225089890332676,0.00286606296179384,"3K-RGP reference (unlabelled)"
"B081",0.0131566140652274,-0.00773657482789938,0.0015811817336472,0.0013974036619627,"3K-RGP reference (unlabelled)"
"B082",0.0116939491367721,-0.00845088863656576,0.00328388725860441,0.000326096095059923,"3K-RGP reference (unlabelled)"
"B083",0.0141898956883333,-0.00930796089618591,0.00285355865612821,0.00274062099679571,"3K-RGP reference (unlabelled)"
"B084",-0.0128258314500418,-0.00763883771639629,0.0337925114055413,0.00107187027308128,"3K-RGP reference (unlabelled)"
"B085",0.0128715102058026,-0.0089285428968761,0.00308783683428375,0.0022213213421361,"3K-RGP reference (unlabelled)"
"B086",-0.00852016905931855,-0.00641407485824184,0.0187187620876783,-0.00172016170828924,"3K-RGP reference (unlabelled)"
"B087",0.0103153320497471,-0.00363451519466728,0.00180990015603831,-0.00110589646439096,"3K-RGP reference (unlabelled)"
"B088",0.00986192192335384,-0.00693585358004624,-0.000652664303410558,0.00103747239352108,"3K-RGP reference (unlabelled)"
"B089",0.0121357818723951,-0.00608762583273965,0.000811784674300827,0.00213832885523787,"3K-RGP reference (unlabelled)"
"B090",0.0117456669868121,-0.00310677314264602,0.000745403058743888,0.00251127897611066,"3K-RGP reference (unlabelled)"
"B091",0.0130067655132875,-0.000919756084194372,0.00080774909896851,0.00283464671187671,"3K-RGP reference (unlabelled)"
"B092",0.0134108274348262,-0.009628363768895,0.00389760121534736,0.00389347171137553,"3K-RGP reference (unlabelled)"
"B093",0.0106112396726227,-0.00453286108063884,0.000708406656812677,0.00244244103579285,"3K-RGP reference (unlabelled)"
"B094",0.0135012770513902,-0.00612917625840931,0.00164092450478579,0.00260150179224792,"3K-RGP reference (unlabelled)"
"B095",0.0148362747310297,-0.00801626889583071,-4.14026181015199e-05,0.00103077446512689,"3K-RGP reference (unlabelled)"
"B096",0.0138249836116702,-0.00722301020445875,5.9005780153336e-05,0.00251728930069916,"3K-RGP reference (unlabelled)"
"B097",0.0147134722745949,-0.00619260181683772,0.000572640576218149,0.00164228834737596,"3K-RGP reference (unlabelled)"
"B100",-0.0282999640387957,-0.00495044095554041,0.0270524281511175,-0.00336096685822949,"3K-RGP reference (unlabelled)"
"B101",-0.0196087178504179,-0.00557520458419662,0.0312999793579691,-0.00330772835821648,"3K-RGP reference (unlabelled)"
"B102",-0.0286741559908654,-0.00477565763639203,0.0273870727937856,-0.00319982508251243,"3K-RGP reference (unlabelled)"
"B103",-0.025033618158758,-0.00525011807919911,0.0287825716578567,-0.00405020203717254,"3K-RGP reference (unlabelled)"
"B104",0.0144555011257734,-0.00915830746500374,0.00362158339332981,0.00364054674019148,"3K-RGP reference (unlabelled)"
"B105",0.0126090853039205,-0.00850483446847452,0.00165167124142602,9.16281851685661e-05,"3K-RGP reference (unlabelled)"
"B106",0.0143277742620764,-0.005774343998472,0.000703992176183874,-4.10415538131393e-05,"3K-RGP reference (unlabelled)"
"B107",0.0147056924319623,-0.00736936399983657,0.000534375189263691,-0.000204617650844325,"3K-RGP reference (unlabelled)"
"B108",0.0126012168306731,-0.00351527959489261,0.00155272162014912,0.00206403801167697,"3K-RGP reference (unlabelled)"
"B109",-0.0251526677609141,-0.00366840742650774,0.0159907682682426,-0.00378371622928433,"3K-RGP reference (unlabelled)"
"B110",-0.0264918275131484,-0.00525251327905709,0.0275952914017044,-0.00368935330500456,"3K-RGP reference (unlabelled)"
"B111",-0.0270076639701009,-0.00525445227377572,0.0280122705861891,-0.00368436344747442,"3K-RGP reference (unlabelled)"
"B112",0.0137208983510934,-0.00923979131063046,0.003392989568635,0.00399373863814193,"3K-RGP reference (unlabelled)"
"B113",0.0142775958549662,-0.00920068005184926,0.00162549065203705,0.00113273447464798,"3K-RGP reference (unlabelled)"
"B114",0.0141556290107676,-0.00980477743889296,0.00350574447329537,0.00358818744093009,"3K-RGP reference (unlabelled)"
"B115",0.0139008350404209,-0.0095163241657658,0.00263793065158184,0.00225911970006195,"3K-RGP reference (unlabelled)"
"B116",0.0146388638967064,-0.00531114759663169,0.00146908747416166,0.00130177830839508,"3K-RGP reference (unlabelled)"
"B117",-0.0273207049441018,-0.00543524184083007,0.0351035565382814,-0.00203556375097935,"3K-RGP reference (unlabelled)"
"B118",0.0123517590205201,-0.00872568860095168,0.00312432858720898,0.000775758157652406,"3K-RGP reference (unlabelled)"
"B119",0.0128873519837254,-0.00918170406715516,0.00394144637617457,0.00360298705540401,"3K-RGP reference (unlabelled)"
"B120",0.012313004072348,-0.00876003307231158,0.00212176350821427,0.000837600124584632,"3K-RGP reference (unlabelled)"
"B121",0.01400275067478,-0.00923943856300075,0.00362505223637701,0.00397900800476939,"3K-RGP reference (unlabelled)"
"B122",-0.0288711889652937,-0.0063023120319831,0.0475433358598362,0.00064127634317763,"3K-RGP reference (unlabelled)"
"B123",0.0112918047764322,-0.00796726205007803,0.00285051173143081,0.00160067499310708,"3K-RGP reference (unlabelled)"
"B124",-0.015344222437761,-0.00623190180310522,0.0306098814520667,0.00063495973291778,"3K-RGP reference (unlabelled)"
"B125",0.0121275057955901,-0.00856428114453958,0.00396936796480292,0.00202594492584785,"3K-RGP reference (unlabelled)"
"B126",0.012517417928582,-0.00881732094214078,0.00520647831364317,0.00296789783272844,"3K-RGP reference (unlabelled)"
"B127",0.0129973193448421,-0.00893119494441035,0.00500662101971244,0.00303941130774103,"3K-RGP reference (unlabelled)"
"B128",0.00708394301229973,-0.00809927989240529,0.0020324922307424,0.00306044624003171,"3K-RGP reference (unlabelled)"
"B129",0.0128141090331698,-0.0082719872995717,0.00200008249470027,0.000632625473450643,"3K-RGP reference (unlabelled)"
"B130",0.0103311648088665,-0.00758492718953179,0.0037091416127561,0.00271084335534104,"3K-RGP reference (unlabelled)"
"B131",0.012744370666101,-0.00759621581645878,0.00216927088594457,-0.000975063243313961,"3K-RGP reference (unlabelled)"
"B132",0.00835590772560671,-0.00737195933688129,0.00563576869642827,-0.00104712895376449,"3K-RGP reference (unlabelled)"
"B133",0.0112666148068502,-0.00537593259655845,0.00198472162191375,0.00112027300339724,"3K-RGP reference (unlabelled)"
"B134",-0.0272313041959703,-0.00416743408326336,0.00507151761572704,-0.0029460928261748,"3K-RGP reference (unlabelled)"
"B135",0.0120091779950189,-0.00772706494664567,0.00315732026425824,-0.000963991529959438,"3K-RGP reference (unlabelled)"
"B136",-0.0274627857690245,-0.004956146417306,0.0250069262575393,-0.00363725839116062,"3K-RGP reference (unlabelled)"
"B137",0.0102125067101867,-0.00809698052656498,0.00356227125695793,0.00175726726831448,"3K-RGP reference (unlabelled)"
"B138",0.00954920410856241,-0.00661039434369661,-0.00100972894826425,0.00313829348722753,"3K-RGP reference (unlabelled)"
"B139",0.00919352281167121,-0.00807714508609483,0.00517093015964596,0.00118903932876194,"3K-RGP reference (unlabelled)"
"B140",0.0133322974445289,-0.00829758900769021,0.00227845612547704,0.00379626556826798,"3K-RGP reference (unlabelled)"
"B141",-0.00537002973125994,-0.00752200574689795,0.0203149123354524,0.00164584031367323,"3K-RGP reference (unlabelled)"
"B142",-0.0132860617960087,-0.00746775161481308,0.0335722765558959,0.00101755021490984,"3K-RGP reference (unlabelled)"
"B143",-0.0151722505486888,-0.00718729048608607,0.0346789566444111,0.00204735496451077,"3K-RGP reference (unlabelled)"
"B144",-0.022873158016442,-0.00523525317937098,0.0153117449877103,0.00248469252200173,"3K-RGP reference (unlabelled)"
"B145",0.00855561204531514,-0.00668915552210533,0.00464971822281124,0.000678351429288507,"3K-RGP reference (unlabelled)"
"B146",0.0123042427511203,-0.00875070291177735,0.00248376685181814,0.00232249547585391,"3K-RGP reference (unlabelled)"
"B147",0.0107038685113638,-0.00836102804707309,0.00457649543892917,0.00258226926692295,"3K-RGP reference (unlabelled)"
"B148",-0.0268083131793663,-0.00472991943647294,0.0251306934868495,-0.00468220831049551,"3K-RGP reference (unlabelled)"
"B149",0.0143020895298021,-0.00866235388158336,0.00193975964886597,0.00265127805629393,"3K-RGP reference (unlabelled)"
"B150",0.011271300999893,-0.00807940930682133,0.00542723279542256,0.00195848613724108,"3K-RGP reference (unlabelled)"
"B151",0.0129260711575352,-0.00857146478080839,0.00186677939494997,0.00183780917682112,"3K-RGP reference (unlabelled)"
"B152",-0.0153791395494797,-0.0049942860683305,0.0319254505189929,-0.00159379396903291,"3K-RGP reference (unlabelled)"
"B153",0.00934465499022609,-0.0076218292895169,0.00341602114995342,0.00192364904923555,"3K-RGP reference (unlabelled)"
"B154",-0.0264093295547985,-0.00627510410369958,0.0456003396642473,0.000556952962802405,"3K-RGP reference (unlabelled)"
"B155",0.00842076855781316,-0.00691646629547697,-0.00168836111045214,0.00307243775447138,"3K-RGP reference (unlabelled)"
"B156",0.0137016788672168,-0.00838130529199488,0.00237860185674867,0.0028743607074815,"3K-RGP reference (unlabelled)"
"B157",0.0139408408828443,-0.00876125743979654,0.00320084113869053,0.00286228044380729,"3K-RGP reference (unlabelled)"
"B158",-0.00605616737938236,-0.00760793072653845,0.0224196424243021,0.00176698365511746,"3K-RGP reference (unlabelled)"
"B159",0.0124376177278394,-0.00922304929438728,0.00268691581435552,0.00281571986138318,"3K-RGP reference (unlabelled)"
"B160",-0.0305005629799765,-0.00636034682611042,0.0535608651751279,-4.8593718668104e-05,"3K-RGP reference (unlabelled)"
"B161",-0.0285272448049416,-0.0051418531824045,0.0330298149109152,-0.00385087608543517,"3K-RGP reference (unlabelled)"
"B162",-0.0284220344435231,-0.00569339921076544,0.044949581758118,-0.00487670347565633,"3K-RGP reference (unlabelled)"
"B163",0.0113543664179698,-0.00624321952643378,0.00243215177175265,0.00252251885398092,"3K-RGP reference (unlabelled)"
"B164",0.00420644113790545,0.0504608046878067,0.00315079782419946,0.0158112733038831,"3K-RGP reference (unlabelled)"
"B165",0.0118814518347979,-0.00615822936844226,0.000333984942472968,0.000618641403879423,"3K-RGP reference (unlabelled)"
"B166",-0.0266948329800623,-0.00544928479926868,0.0418109345715216,-0.000709278855590483,"3K-RGP reference (unlabelled)"
"B167",-0.0299847766973672,-0.00585368368250425,0.0457569377181213,-0.000591037597681778,"3K-RGP reference (unlabelled)"
"B168",-0.0281198761059484,-0.00584165858734001,0.0252901160317825,0.00323917525289812,"3K-RGP reference (unlabelled)"
"B169",-0.0294514998584436,-0.00630897510996579,0.050580439749238,0.000458247166497488,"3K-RGP reference (unlabelled)"
"B170",-0.0297625690220133,-0.00649723543529016,0.0443927521868256,0.00355545650560283,"3K-RGP reference (unlabelled)"
"B171",-0.0297335189447871,-0.00619037768972366,0.0523874544746116,0.000313960193017452,"3K-RGP reference (unlabelled)"
"B173",-0.00148567362390249,-0.000444715060153129,-0.0117521117720227,-0.0130160715023565,"3K-RGP reference (unlabelled)"
"B176",0.00691236177688066,-0.00632038712875421,-0.00418511198827727,0.00350246963571314,"3K-RGP reference (unlabelled)"
"B179",-0.0296032053573215,-0.00503753922883101,0.0401170724246546,-0.00304232890076488,"3K-RGP reference (unlabelled)"
"B180",0.0136084255683802,-0.00722395975053124,0.000334083237602065,0.000532620571462001,"3K-RGP reference (unlabelled)"
"B181",0.0099997812504857,-0.00872763725908085,0.00422105726750057,0.00309801873192345,"3K-RGP reference (unlabelled)"
"B182",-0.0301892885958702,-0.00598885598189423,0.0478001635520804,-0.000188226787098245,"3K-RGP reference (unlabelled)"
"B183",-0.0302921856913455,-0.00645011866503748,0.0522456715328599,0.000375918868451776,"3K-RGP reference (unlabelled)"
"B184",0.009342424246665,-0.00649094283292631,0.000519529805819476,-0.00160757372795162,"3K-RGP reference (unlabelled)"
"B185",0.0115512229676249,-0.00643649418888136,0.00393191224457323,0.00291378804184698,"3K-RGP reference (unlabelled)"
"B187",0.0115305916718309,0.000377228527685619,0.00276515749110875,0.0024460354743775,"3K-RGP reference (unlabelled)"
"B188",-0.0284240001856721,-0.00515283949483655,-0.0392180230030651,0.0206655267699772,"3K-RGP reference (unlabelled)"
"B189",-0.0281898560856104,-0.0040655356361409,-0.035562068789267,0.0161486216588107,"3K-RGP reference (unlabelled)"
"B190",-0.0282825570867967,-0.00544154337038675,-0.0391033167156039,0.0212898196888001,"3K-RGP reference (unlabelled)"
"B191",-0.0271618037457957,-0.00615684861923309,-0.00678867667554672,0.0154330870244864,"3K-RGP reference (unlabelled)"
"B192",-0.00418255655571052,-0.000440458193822595,-0.0111796866389153,0.0124487826712584,"3K-RGP reference (unlabelled)"
"B193",0.0123513196794023,-0.00952202229503416,0.0010790547566706,0.000916712294119577,"3K-RGP reference (unlabelled)"
"B194",0.0123179088690387,-0.00920227364136176,0.00213158043829599,0.00169244476074386,"3K-RGP reference (unlabelled)"
"B195",0.0126142429017928,-0.00776693205254458,0.00152609177147366,-0.0010257976966294,"3K-RGP reference (unlabelled)"
"B196",-0.0250668223073846,-0.00598899333413714,-0.011458429068631,0.00904807609670741,"3K-RGP reference (unlabelled)"
"B197",0.0147177240236536,-0.00571476337643875,0.00138295893100184,0.00123286331890647,"3K-RGP reference (unlabelled)"
"B198",0.0126270545322994,-0.00679374202082642,0.00315137685933419,0.00314937091817469,"3K-RGP reference (unlabelled)"
"B199",-0.026880858320681,-0.00465020431113058,0.0358042509173476,-0.00560515349336591,"3K-RGP reference (unlabelled)"
"B200",0.0120213265805296,-0.00624961623129052,0.002589203589779,0.00167640667135129,"3K-RGP reference (unlabelled)"
"B201",0.0105674115280404,-0.00852175832594513,0.00120921767094535,0.00312921780008655,"3K-RGP reference (unlabelled)"
"B202",0.00976772591078758,-0.00604288671627433,0.00333600927071903,0.00176960200702416,"3K-RGP reference (unlabelled)"
"B203",0.00962115467515348,-0.00535064951493223,0.00263206896922425,0.000351394768009092,"3K-RGP reference (unlabelled)"
"B204",-0.0296613690001767,-0.0053027834096571,0.0381050483996314,-0.00356310754974457,"3K-RGP reference (unlabelled)"
"B205",-0.0277709170706759,-0.00455779939424616,0.0157402192128975,-0.0038103607636688,"3K-RGP reference (unlabelled)"
"B207",0.0106797511438337,-0.0077293346040857,0.00152861684936202,0.000128362807486125,"3K-RGP reference (unlabelled)"
"B208",0.0150752558345724,-0.00878702663049345,0.00278549005881782,0.00364964152376334,"3K-RGP reference (unlabelled)"
"B210",0.0136000275183223,-0.00568752656829182,0.000718601817754477,0.00248595094901809,"3K-RGP reference (unlabelled)"
"B212",-0.0241090814616427,-0.00408513593720333,0.0318783487576868,-0.00516371913710513,"3K-RGP reference (unlabelled)"
"B213",0.0129360357038809,-0.00788315676539918,0.00340746253028542,0.00291475797772134,"3K-RGP reference (unlabelled)"
"B214",0.0141426108728778,-0.0098581908364549,0.00124947703221936,0.00227651865422251,"3K-RGP reference (unlabelled)"
"B215",-0.029291144775268,-0.0054058355748392,0.0440922756040691,-0.00485189844027355,"3K-RGP reference (unlabelled)"
"B216",0.012738693809648,-0.00657972751882215,0.00356425881372929,0.00196695775575868,"3K-RGP reference (unlabelled)"
"B217",0.0142154881689255,-0.00922036265970323,0.00296332283815053,0.00243647726602363,"3K-RGP reference (unlabelled)"
"B218",-0.0292458156868738,-0.00561532633131104,0.038691277283236,-0.00260719540252302,"3K-RGP reference (unlabelled)"
"B219",0.0135080702679429,-0.00667389354362984,0.000574997065011897,0.00140897358675403,"3K-RGP reference (unlabelled)"
"B221",0.00959540515096195,0.018469738004792,0.00216401906134362,0.00915886637571306,"3K-RGP reference (unlabelled)"
"B222",0.0133321093619238,-0.00597208221017607,0.00165540230865948,0.00252112624248058,"3K-RGP reference (unlabelled)"
"B223",-0.0274131417489852,-0.00486404688602551,0.0248032251398502,-0.00386806831423913,"3K-RGP reference (unlabelled)"
"B224",0.0127275445796444,-0.00468937686495005,0.00101167545516451,0.00153601781722879,"3K-RGP reference (unlabelled)"
"B225",-0.0276151486235086,-0.00512688595696311,0.0307425647452109,-0.00432349768487411,"3K-RGP reference (unlabelled)"
"B226",-0.0302523660527764,-0.00518148477042352,0.0430415850608977,-0.0040850972914814,"3K-RGP reference (unlabelled)"
"B227",0.00857233178362826,-0.00699298522847263,0.00301075400806525,0.000886632410777888,"3K-RGP reference (unlabelled)"
"B228",-0.0274419927778629,-0.00418433208347073,0.0170993198828792,-0.00295322517048169,"3K-RGP reference (unlabelled)"
"B229",0.0127964666165501,-0.00590489916543386,0.000548181050157207,0.00223469039638597,"3K-RGP reference (unlabelled)"
"B230",-0.0275307280863843,-0.00400607650832409,0.0185462560351476,-0.0037071051026624,"3K-RGP reference (unlabelled)"
"B231",0.012430518244206,-0.00705101808256686,0.00165580428947576,0.000577949751776613,"3K-RGP reference (unlabelled)"
"B232",0.0129842498469899,-0.00727928826701502,0.00313727615986299,0.00147185483114923,"3K-RGP reference (unlabelled)"
"B233",0.0143864367518653,-0.00673788043251812,0.00281715599776234,0.00215261024122225,"3K-RGP reference (unlabelled)"
"B234",0.0139202476810265,-0.00958927467166934,0.00398509361252127,0.00347686827227112,"3K-RGP reference (unlabelled)"
"B235",-0.0286981139212021,-0.0063747532055512,0.0521136377245523,-0.000648719843034109,"3K-RGP reference (unlabelled)"
"B236",-0.0301490626181408,-0.0061521228527531,0.0490793595758513,0.000586889329903425,"3K-RGP reference (unlabelled)"
"B238",0.0115921545774608,-0.00760140634545506,0.00107183942345137,0.000818182404976707,"3K-RGP reference (unlabelled)"
"B239",0.0117172252982408,-0.00584763707915846,0.00241389853451087,0.00289319321090558,"3K-RGP reference (unlabelled)"
"B240",-0.0298720370666027,-0.00608421328083049,0.0511388599452205,-0.00235014763271129,"3K-RGP reference (unlabelled)"
"B241",-0.027088181607781,-0.0037302354110771,-0.0032708302289452,-0.00266617875666322,"3K-RGP reference (unlabelled)"
"B242",0.00994653570199462,-0.00725938118338909,-0.00174959471950211,0.00351482670405848,"3K-RGP reference (unlabelled)"
"B243",0.00444028184609855,0.0534806522200908,0.0030824834996908,0.0166149019527171,"3K-RGP reference (unlabelled)"
"B244",0.0106449989829638,-0.00676956572550314,0.00402136184202012,0.00290275775488375,"3K-RGP reference (unlabelled)"
"B245",-0.0283152860998252,-0.00427111006000665,0.00811329540348494,-0.0032437356809449,"3K-RGP reference (unlabelled)"
"B246",0.0135594540946248,-0.00666656870869296,0.000561266558033024,0.00158109914417581,"3K-RGP reference (unlabelled)"
"B247",0.0136152771286334,-0.00637164517872155,1.54380939510002e-05,0.00182339070881919,"3K-RGP reference (unlabelled)"
"B248",0.0138858438159996,-0.008335820894231,0.00256578994690911,0.00307038441550807,"3K-RGP reference (unlabelled)"
"B249",0.0143736480106044,-0.00910892424201187,0.0024822994806545,0.00381936307100616,"3K-RGP reference (unlabelled)"
"B250",-0.0302793293410861,-0.00594042155875293,0.0474072259639811,-0.000609221368171378,"3K-RGP reference (unlabelled)"
"B252",0.0119220896283252,-0.00745598603206315,0.0030092255847473,0.00253939872500586,"3K-RGP reference (unlabelled)"
"B253",0.0132794843822455,-0.00783364960483689,0.00330347801075471,0.0026458617796518,"3K-RGP reference (unlabelled)"
"B254",0.0135124507458798,-0.00780760784317298,0.00311740014715277,0.00274134870445195,"3K-RGP reference (unlabelled)"
"B255",0.01198212565531,-0.00683141167209342,0.00111092079349023,0.00275866141665728,"3K-RGP reference (unlabelled)"
"B258",-0.0293508102011172,-0.00481627033100843,0.0372409708962784,-0.00356447323652842,"3K-RGP reference (unlabelled)"
"B259",0.0139464756131351,-0.00786593341541835,0.00324903377181232,0.00285558639122349,"3K-RGP reference (unlabelled)"
"B260",0.012443440519256,-0.00715816034725919,0.00268046019982618,0.00281854432715237,"3K-RGP reference (unlabelled)"
"B261",0.0151211764120739,-0.0086182768861779,0.00215510237410478,0.00246593730345933,"3K-RGP reference (unlabelled)"
"B263",-0.0306195524463408,-0.00646195244930916,0.0531311391790015,0.000581064639747065,"3K-RGP reference (unlabelled)"
"B264",0.0141067867107429,-0.00841623554162663,0.00208774295719636,0.0039351836130276,"3K-RGP reference (unlabelled)"
"B265",0.0139810457463953,-0.00786325659141826,0.00191346453991234,-0.000365572852315639,"3K-RGP reference (unlabelled)"
"B266",-0.0273606721139886,-0.00426495067730588,-0.00391388042282786,-0.0052192820567767,"3K-RGP reference (unlabelled)"
"B267",0.0125753908620326,-0.00864644734667737,0.00186495275785958,0.00217570044313169,"3K-RGP reference (unlabelled)"
"B268",0.0125555947973505,-0.00268343558142136,0.000870430215628519,0.00179231724074145,"3K-RGP reference (unlabelled)"
"B269",-0.0308156705463733,-0.00635460777965419,0.0544040575632674,0.000323194031830492,"3K-RGP reference (unlabelled)"
"CX2",0.0122184895527358,-0.0098314136679317,0.00316901130379409,0.00177466175089089,"3K-RGP reference (unlabelled)"
"CX3",0.0153338582443165,-0.00857611225853699,0.00131789620984076,0.00191100869487832,"3K-RGP reference (unlabelled)"
"CX4",-0.00501951274467405,-0.00723440025107528,0.0178134338846555,0.00159737292216715,"3K-RGP reference (unlabelled)"
"CX5",0.00770923296229038,-0.00913937533237449,0.007215907823614,0.000346758864741089,"3K-RGP reference (unlabelled)"
"CX6",-0.0107698918810355,-0.0083856704667122,0.0270489426919414,0.00367264769624036,"3K-RGP reference (unlabelled)"
"CX8",0.00902139469128228,-0.00800313238326437,-0.00115484223554929,0.00388135100681093,"3K-RGP reference (unlabelled)"
"CX9",0.00996565235538515,-0.0087671113378108,0.00261641302738526,0.00156272620766858,"3K-RGP reference (unlabelled)"
"CX10",0.0125756762101815,-0.00882905992676359,0.00548847832735907,0.00348905222936121,"3K-RGP reference (unlabelled)"
"CX11",-0.0151659564493512,-0.00664827670588326,0.0101363508811312,0.00741448958206015,"3K-RGP reference (unlabelled)"
"CX12",0.00982137748026028,-0.00524344873491428,0.00197441365957265,0.00214001022132688,"3K-RGP reference (unlabelled)"
"CX13",0.00231435834722876,-0.0036054699693411,0.0127106615983822,0.00217281424362763,"3K-RGP reference (unlabelled)"
"CX14",-0.0293992188740579,-0.00611622479652082,0.0515756678896181,-0.00247332632257805,"3K-RGP reference (unlabelled)"
"CX15",0.00586451301903606,-0.0078185986686166,-0.00124403576000189,0.00411533704742967,"3K-RGP reference (unlabelled)"
"CX16",-0.0274319538167812,-0.00620608056282,0.0489260015537183,-0.00384373896435619,"3K-RGP reference (unlabelled)"
"CX17",0.0124917960077678,-0.00883164499172948,0.00213508706127342,0.00207969244537903,"3K-RGP reference (unlabelled)"
"CX18",0.0116196403801398,-0.00782797199835328,0.00490600008621598,0.00258769457707104,"3K-RGP reference (unlabelled)"
"CX19",0.0122039682238504,-0.00780753940705664,0.00258761372276568,0.00208210174329431,"3K-RGP reference (unlabelled)"
"CX20",0.010884816749338,-0.0084950538791504,0.00248020229762847,0.0018201766473626,"3K-RGP reference (unlabelled)"
"CX21",0.0130565976611286,-0.00862475392287811,0.000520900056791868,0.00108483999928823,"3K-RGP reference (unlabelled)"
"CX22",0.0123918762971192,-0.00901293730857698,0.00260104601647135,0.00265355969422,"3K-RGP reference (unlabelled)"
"CX23",0.0139073501569271,-0.00886486671225652,-0.000857933697744681,-0.000181486630353183,"3K-RGP reference (unlabelled)"
"CX24",0.0129036579439043,0.000763448385853805,0.00297417182084256,0.00208748874037517,"3K-RGP reference (unlabelled)"
"CX25",0.0140473109144149,-0.00967507980534111,0.00123689621131707,0.000207787961654746,"3K-RGP reference (unlabelled)"
"CX26",0.0129454037831041,-0.0048599398255501,0.00223649536188414,-0.000396453901732504,"3K-RGP reference (unlabelled)"
"CX27",0.012222846330431,-0.00832480860588258,0.000530107361563162,-7.27102871714078e-05,"3K-RGP reference (unlabelled)"
"CX28",0.00765116283927634,-0.00934746198536033,0.00860003643579434,0.00288815459773915,"3K-RGP reference (unlabelled)"
"CX29",-0.00730577666364419,-0.00678038110864491,0.0218705920906293,0.000369392186952578,"3K-RGP reference (unlabelled)"
"CX30",0.011422934954549,-0.00880772544226394,0.00479532878438381,0.000353475595146604,"3K-RGP reference (unlabelled)"
"CX31",0.013092612437549,-0.00800231232057315,0.00279796349789168,0.000439926730336004,"3K-RGP reference (unlabelled)"
"CX32",-0.0186369428254764,-0.00314165557709713,-0.0145758154234922,-0.00241250795394574,"3K-RGP reference (unlabelled)"
"CX33",0.0142724428646604,-0.0081715711750957,0.00311608819255722,0.00256818198780732,"3K-RGP reference (unlabelled)"
"CX34",0.0128414169778285,-0.00453947889026359,0.00115032696113928,0.000302440162965309,"3K-RGP reference (unlabelled)"
"CX35",0.0139783285231635,-0.00948261650478343,0.00130639226973446,0.00125250662759237,"3K-RGP reference (unlabelled)"
"CX37",0.0130897145650473,-0.00802425862491038,0.00241833551367287,0.000460890389585106,"3K-RGP reference (unlabelled)"
"CX42",0.0127420508979453,-0.00789222408351242,0.00237057036091679,0.00205495931981695,"3K-RGP reference (unlabelled)"
"CX43",0.0133734153796285,-0.00742807083402969,0.0010483204298812,0.00211959621316761,"3K-RGP reference (unlabelled)"
"CX44",0.0129914074726887,-0.00756853937277817,0.00188180033876803,0.000223449770308327,"3K-RGP reference (unlabelled)"
"CX45",0.014919372957799,-0.0094342688422196,-8.9044325874075e-05,0.00129694033072811,"3K-RGP reference (unlabelled)"
"CX46",-0.00090430220768361,0.00681113886261274,-0.0101455838234976,-0.0505528587777014,"3K-RGP reference (unlabelled)"
"CX47",-0.0290951608957231,-0.00619534534227736,0.0384371002739244,0.00270934667064746,"3K-RGP reference (unlabelled)"
"CX48",0.0122533919586117,-0.00844352717900898,-0.000372878817928403,0.00275581728614979,"3K-RGP reference (unlabelled)"
"CX49",-0.0159849236272367,-0.00604450550091428,0.0235692941982348,-4.25280744301135e-06,"3K-RGP reference (unlabelled)"
"CX50",0.0127077179332628,-0.00786837766764029,0.00345334027362769,0.00233119286039932,"3K-RGP reference (unlabelled)"
"CX51",0.0071331634879411,-0.00536515415366532,0.00441512718303448,0.00160373314768498,"3K-RGP reference (unlabelled)"
"CX52",0.013556087628421,-0.0081590832662136,0.000310415137260122,0.000436227869834563,"3K-RGP reference (unlabelled)"
"CX53",0.014622484077711,-0.00976940940989829,0.00196009893006818,0.0013340837491989,"3K-RGP reference (unlabelled)"
"CX54",0.0140218221645228,-0.00858320818479954,0.000834333220754686,0.000203411911243712,"3K-RGP reference (unlabelled)"
"CX55",0.0139499977023032,-0.00845425532309381,0.00317723440081885,0.00357655692654739,"3K-RGP reference (unlabelled)"
"CX56",-0.0294718272174022,-0.00596952481859189,0.0428243408427933,0.000455246096224591,"3K-RGP reference (unlabelled)"
"CX57",-0.0229169924812102,-0.00636527934215998,0.0398402043232279,0.000371770140032245,"3K-RGP reference (unlabelled)"
"CX58",-0.0295351415092916,-0.00596412219096782,0.0362605433203579,0.000874662126446543,"3K-RGP reference (unlabelled)"
"CX59",-0.0153905140232624,0.01819213265939,-0.0207686135286747,-0.115320183441602,"3K-RGP reference (unlabelled)"
"CX60",0.00895791048129866,-0.00563979727422572,0.00410239100305557,-0.00173743813648711,"3K-RGP reference (unlabelled)"
"CX61",0.012504603057568,-0.00715092654897283,0.00351452737203354,0.000186281146123459,"3K-RGP reference (unlabelled)"
"CX63",0.00355804528108338,0.0664234715375959,0.00468365334503645,0.0129208373690919,"3K-RGP reference (unlabelled)"
"CX64",0.0114995998357717,-0.00836300854347998,-0.00342922969305198,0.00154786518778528,"3K-RGP reference (unlabelled)"
"CX65",-0.018033231911592,0.0184328310596761,-0.0199866105025702,-0.116485095739872,"3K-RGP reference (unlabelled)"
"CX66",-0.0182465485830062,0.0182973119838722,-0.0201090521035333,-0.117433269530937,"3K-RGP reference (unlabelled)"
"CX67",-0.0180973322981312,0.0177457519974834,-0.0191533420939069,-0.11380399382793,"3K-RGP reference (unlabelled)"
"CX68",0.01367633315671,-0.00891864432585166,0.000553273530418822,-0.000998828242857572,"3K-RGP reference (unlabelled)"
"CX69",0.00404753187871034,-0.00180864054156095,-0.00373622518962666,-0.0245381716653376,"3K-RGP reference (unlabelled)"
"CX70",0.0131377680144015,-0.0080542988643629,-1.87306560847401e-05,-0.000498699264315332,"3K-RGP reference (unlabelled)"
"CX71",0.0139330231385786,-0.00915593665953186,-0.000507094364587098,-0.00303270099180874,"3K-RGP reference (unlabelled)"
"CX72",-0.00724162331275738,0.01796013474925,-0.0156539557817428,-0.0838538975841668,"3K-RGP reference (unlabelled)"
"CX73",0.0140586318141099,-0.00982013742529849,-4.10748662769099e-05,0.00208800263184583,"3K-RGP reference (unlabelled)"
"CX74",-0.0302555571645844,-0.00622427492452838,0.0513280714437081,0.000542169777062965,"3K-RGP reference (unlabelled)"
"CX75",0.0128846229492695,-0.00702101728257565,0.00190409641307097,0.00164417594049135,"3K-RGP reference (unlabelled)"
"CX76",0.0132050261460259,-0.00689392909703122,0.00138928804778872,0.00127863159122872,"3K-RGP reference (unlabelled)"
"CX77",-0.0270471973036595,-0.00569326921952055,-0.0208519596343219,0.0174997628995738,"3K-RGP reference (unlabelled)"
"CX78",-0.029018962001929,-0.00595159661466314,0.0266741989998849,0.00681564636286161,"3K-RGP reference (unlabelled)"
"CX79",0.0144071828779862,-0.00833666503622051,0.00165392285284272,0.000613651228149679,"3K-RGP reference (unlabelled)"
"CX80",0.0150456087497594,-0.00917099860950869,0.00174693894169884,0.000851393668997167,"3K-RGP reference (unlabelled)"
"CX82",0.0136830021494627,-0.0084880786948593,0.00147514105936862,-0.000419349193085236,"3K-RGP reference (unlabelled)"
"CX83",0.0143526596713355,-0.00925530077507647,0.000516183129043702,0.000798160757506473,"3K-RGP reference (unlabelled)"
"CX84",0.0139214237867345,-0.00907537083430408,0.00151811184204341,0.00165104201963154,"3K-RGP reference (unlabelled)"
"CX85",0.0145257430724959,-0.00686477148093266,0.00138368478929955,-0.000343617830982571,"3K-RGP reference (unlabelled)"
"CX86",0.0107867401824476,-0.0086286678800136,0.00481158267507272,0.00239005279257532,"3K-RGP reference (unlabelled)"
"CX87",0.0124559726234916,-0.00877595805634283,0.00351991100244304,0.00270185842756437,"3K-RGP reference (unlabelled)"
"CX88",0.0130803094059051,-0.00713995258478527,0.00312697151103497,0.0026144461127092,"3K-RGP reference (unlabelled)"
"CX89",0.0104107247255339,-0.00697282001154019,-0.000216495503577366,0.00288978823321671,"3K-RGP reference (unlabelled)"
"CX90",0.00610318058045744,-0.0079648851670305,-0.00467273290481254,0.00503494112414656,"3K-RGP reference (unlabelled)"
"CX91",0.0131542520237992,-0.00727382115193642,0.000991522070664544,0.000861414220160803,"3K-RGP reference (unlabelled)"
"CX92",0.0142260138079167,-0.00854287053870984,0.00131080149843728,0.00036269240198331,"3K-RGP reference (unlabelled)"
"CX93",0.011329344519088,-0.00708221300760558,0.00266373162873147,0.00216878740852522,"3K-RGP reference (unlabelled)"
"CX94",0.0148361302046736,-0.00769769286415396,0.000379117182089666,-0.00218916611525491,"3K-RGP reference (unlabelled)"
"CX96",0.0144429672072348,-0.00624537084641468,0.00222453655470465,0.000362807448362812,"3K-RGP reference (unlabelled)"
"CX97",0.0159879120404073,-0.00969352593384443,0.00259226208325457,0.00103861634666428,"3K-RGP reference (unlabelled)"
"CX98",0.0135516987681972,0.0102773405073885,0.000751091694636119,0.00216433131838265,"3K-RGP reference (unlabelled)"
"CX99",0.0137500355710081,0.00353037845060309,0.000116786008449454,-0.00135825413755701,"3K-RGP reference (unlabelled)"
"CX100",0.00571323996855842,-0.00790520141406286,-0.00453252825161401,0.00480981213494392,"3K-RGP reference (unlabelled)"
"CX101",0.0141479443638027,-0.00760213030381636,0.00192014258024278,0.00322232009757763,"3K-RGP reference (unlabelled)"
"CX102",0.0148833314020705,-0.00814282262560379,0.00117728861930016,0.00215458445318122,"3K-RGP reference (unlabelled)"
"CX103",0.00154932852142548,0.00271732802887185,0.0155028836454394,0.00203927238257378,"3K-RGP reference (unlabelled)"
"CX104",-0.0181187799550968,0.0153509428109032,-0.0191774350167255,-0.112849416714665,"3K-RGP reference (unlabelled)"
"CX106",-0.0278311251772863,-0.00538454308537755,-0.036451357781206,0.0185564324772606,"3K-RGP reference (unlabelled)"
"CX107",0.0148790500969506,-0.0106187642378844,-0.00132458607158456,-0.000835144688521043,"3K-RGP reference (unlabelled)"
"CX108",0.00749718100564207,0.0314356313729663,0.00518193075221969,0.0109671400371806,"3K-RGP reference (unlabelled)"
"CX109",-0.0248751516633575,-0.00351931885155267,0.0148601457099304,0.00826195145937788,"3K-RGP reference (unlabelled)"
"CX110",-0.017413419536712,0.0176394625372481,-0.0161458812067199,-0.101132525755337,"3K-RGP reference (unlabelled)"
"CX111",-0.0291176338910317,-0.00563615140217183,-0.0362720505977917,0.0205693372769643,"3K-RGP reference (unlabelled)"
"CX112",-0.0153520245360452,0.0228387741016625,-0.0194358589913548,-0.0546430522446714,"3K-RGP reference (unlabelled)"
"CX113",-0.027833320622665,-0.00398798916967705,-0.0386817368061201,0.0167547387906166,"3K-RGP reference (unlabelled)"
"CX114",0.0145892588941396,-0.00927191324599023,0.00342151876047865,0.00346160845334899,"3K-RGP reference (unlabelled)"
"CX115",0.00958503122584579,-0.004464408079663,0.0048508081674309,0.0021430513058767,"3K-RGP reference (unlabelled)"
"CX116",-0.0305569185843775,-0.00643055475530715,0.051022818089662,0.000966977599573464,"3K-RGP reference (unlabelled)"
"CX117",0.01468424826897,-0.00821602723874724,0.00256270830973452,0.00258577096355347,"3K-RGP reference (unlabelled)"
"CX118",0.0143228742332697,-0.00629485926969638,0.00198099317510329,0.00136741517645631,"3K-RGP reference (unlabelled)"
"CX119",0.0135417909507282,-0.00814792147392783,0.00236640111969246,0.00147080704781789,"3K-RGP reference (unlabelled)"
"CX120",0.00961310323121625,-0.00697440431120776,-0.00754620559515032,0.00368308307287841,"3K-RGP reference (unlabelled)"
"CX121",0.0124297902820562,-0.00664745893823268,0.00147940188038261,0.00170539235322951,"3K-RGP reference (unlabelled)"
"CX122",0.0116854425099296,-0.00693654850796003,0.000754659357136913,0.00168448023035759,"3K-RGP reference (unlabelled)"
"CX123",0.0140245522181735,-0.00680441305946505,0.0022006625281758,0.0033700650660689,"3K-RGP reference (unlabelled)"
"CX124",0.0100732815916584,-0.00778559399168828,-0.00230451561262696,0.00068631700920711,"3K-RGP reference (unlabelled)"
"CX125",0.0138993295790008,-0.00846734987213621,0.00131483909243312,0.000387772155107268,"3K-RGP reference (unlabelled)"
"CX126",0.0119892802551359,-0.00581701092979133,0.00268979060603628,0.00262769041950876,"3K-RGP reference (unlabelled)"
"CX128",0.0138003421778057,-0.00918285400659714,0.00120337815379686,0.000661668994413004,"3K-RGP reference (unlabelled)"
"CX129",-0.0239974478316026,-0.00349853341974514,-0.0265737519476519,0.00705023113979073,"3K-RGP reference (unlabelled)"
"CX130",0.010078388304771,-0.000217409436854988,0.00452549178198347,0.000305302756702929,"3K-RGP reference (unlabelled)"
"CX131",0.0138046635333484,-0.0080687394257685,0.0017421851576266,0.00309414269138045,"3K-RGP reference (unlabelled)"
"CX132",-0.0283413528809443,-0.00560860204699833,-0.0343710280785813,0.0196608229282624,"3K-RGP reference (unlabelled)"
"CX133",0.0126355495773963,-0.00917444646406147,0.00520297066138018,0.00393313678764744,"3K-RGP reference (unlabelled)"
"CX134",0.0129097287057774,-0.00743300184930856,0.00173117257043281,0.00215334891454895,"3K-RGP reference (unlabelled)"
"CX138",-0.0231047707229483,-0.00612049866140005,0.0301266665906215,-0.000503250263185058,"3K-RGP reference (unlabelled)"
"CX139",-0.0244137849053885,-0.00351263432507139,0.0149464568647682,0.00808543911298439,"3K-RGP reference (unlabelled)"
"CX140",-0.0303792695428141,-0.00618620221479727,0.0526411145444993,7.18671379930458e-05,"3K-RGP reference (unlabelled)"
"CX141",0.0139734411728084,-0.00868269943561192,-0.00130074078741645,2.01371894267583e-05,"3K-RGP reference (unlabelled)"
"CX142",-0.0301753275555188,-0.00634067089475693,0.0226589903709267,0.00908307927357673,"3K-RGP reference (unlabelled)"
"CX143",-0.0167871103412628,0.0164172700597831,-0.0216787880631207,-0.12264964184521,"3K-RGP reference (unlabelled)"
"CX144",0.0134860437528317,-0.00775685445716932,0.00136104622367881,0.000380239891125022,"3K-RGP reference (unlabelled)"
"CX145",0.0118569680129936,-0.00846377265154266,-0.000107638215092976,0.00267589789764688,"3K-RGP reference (unlabelled)"
"CX146",0.013807715468747,-0.00594735118373393,0.000737460715814966,-0.00107627443033567,"3K-RGP reference (unlabelled)"
"CX147",0.0139966814559229,-0.00828399195667553,-0.000883128241309988,-0.00103099188289829,"3K-RGP reference (unlabelled)"
"CX148",0.0134473760872496,-0.0083584946296314,-0.00205229700083388,-0.00240635356097435,"3K-RGP reference (unlabelled)"
"CX149",-0.0142017087408051,0.0275714323387248,-0.0207449909208129,-0.106039656851911,"3K-RGP reference (unlabelled)"
"CX150",0.0138456132333562,-0.00887902925317609,-0.00123559410748423,0.0013577310444802,"3K-RGP reference (unlabelled)"
"CX151",-0.0268846607956474,-0.00380915692288549,-0.0395607539467916,0.0176468017443192,"trop"
"CX152",0.0152722461254772,-0.00975146267172187,0.0013981730290063,0.000696186554915911,"3K-RGP reference (unlabelled)"
"CX153",0.0118507585464287,-0.0022769974419348,0.00246750675280653,-0.0020871837404273,"3K-RGP reference (unlabelled)"
"CX154",0.0145837129877404,-0.01036085277199,4.57241411228977e-05,-0.00077208786533169,"3K-RGP reference (unlabelled)"
"CX155",0.0138711698831901,0.00710409965641087,0.000532652285928419,0.00054405755311166,"3K-RGP reference (unlabelled)"
"CX156",0.0150653922515396,-0.00859163893954329,0.000788126332932122,0.000580762809632386,"3K-RGP reference (unlabelled)"
"CX157",0.0122629165821573,0.00583594021031812,0.000151276240489486,-0.00170836442758436,"3K-RGP reference (unlabelled)"
"CX158",0.0151066116116894,-0.00884696819990837,-0.00154538312945799,-0.000428951336418687,"3K-RGP reference (unlabelled)"
"CX160",0.0117180560584767,0.0151278414313972,0.00150483256496975,0.001841550215614,"3K-RGP reference (unlabelled)"
"CX161",0.0117821681853644,-0.00616949030746505,0.00203389115806883,-0.000478984464932777,"3K-RGP reference (unlabelled)"
"CX162",0.0137160603192999,-0.00958731966666456,0.00280420118094498,0.00321042011314474,"3K-RGP reference (unlabelled)"
"CX165",-0.0289898046449382,-0.00632218998577912,0.0506084671192211,-0.000371295126884868,"3K-RGP reference (unlabelled)"
"CX182",0.0139563182660849,-0.00818961460030828,0.000338017271355532,0.000436262864775753,"3K-RGP reference (unlabelled)"
"CX205",-0.025293936634754,-0.00497125416868967,-0.00224908860087083,0.00602718234740678,"3K-RGP reference (unlabelled)"
"CX206",0.0136793988888863,-0.00756380783448623,0.00184711151016256,0.00206912112457959,"3K-RGP reference (unlabelled)"
"CX207",0.0122641470239887,-0.00773974157999049,0.00331491148086808,0.00168249472068492,"3K-RGP reference (unlabelled)"
"CX210",-0.00345969500312038,-0.00738775866831346,0.013259148917354,0.00110281345413741,"3K-RGP reference (unlabelled)"
"CX211",-0.029564012131839,-0.00604556779259624,0.0494028309061828,-0.00114053239662314,"3K-RGP reference (unlabelled)"
"CX212",-0.0283215767022975,-0.00612268341718687,0.0488336735914939,-0.000136180451798989,"3K-RGP reference (unlabelled)"
"CX213",-0.0262674341886609,-0.00572794267567102,0.0324305493394892,-0.00091706092010636,"3K-RGP reference (unlabelled)"
"CX214",-0.026780733831362,-0.00501737825711315,-0.0369740657788974,0.0193675131405271,"3K-RGP reference (unlabelled)"
"CX218",0.0122731869970131,-0.00949821036950538,0.00492282992374796,0.00255995941000529,"3K-RGP reference (unlabelled)"
"CX219",0.0143884438164414,-0.00602174468637683,0.00141623718037022,0.000841086218421853,"3K-RGP reference (unlabelled)"
"CX220",-0.0276853969678015,-0.00450572716914624,-0.0315488178990166,0.0187048908335082,"3K-RGP reference (unlabelled)"
"CX221",0.0146798260795586,-0.00857792215663587,0.00294938962737965,0.00245461379152461,"3K-RGP reference (unlabelled)"
"CX225",0.0131255052417435,-0.00546696299418725,0.000711754964596743,-0.00148922759328,"3K-RGP reference (unlabelled)"
"CX226",0.0125110029168232,-0.0076411802403932,-1.64334616718749e-05,0.000869407521345446,"3K-RGP reference (unlabelled)"
"CX227",0.0072751298021613,0.0407801006988673,0.00241227458602823,0.00836532262143018,"3K-RGP reference (unlabelled)"
"CX228",0.008402080062107,0.0199232550011493,0.00367894929039219,0.00720510158015196,"3K-RGP reference (unlabelled)"
"CX230",0.0146688974191306,-0.00822764496777765,0.00255678336479834,0.000687260429054897,"3K-RGP reference (unlabelled)"
"CX231",0.0131921635638675,-0.00996768487409917,0.000498875454212764,1.14642440822182e-05,"3K-RGP reference (unlabelled)"
"CX232",0.0116912557002206,-0.00872631689259497,-0.00143157735999082,0.00146674189100589,"3K-RGP reference (unlabelled)"
"CX233",0.0134400965864154,-0.00938401224288163,0.000156490466848501,-0.000267789068445535,"3K-RGP reference (unlabelled)"
"CX234",0.013025148901301,-0.005463186346333,0.000216047004438892,5.71913679420654e-06,"3K-RGP reference (unlabelled)"
"CX235",0.0138664817683032,-0.00891508403175885,-0.00209306259141909,0.00168956284697339,"3K-RGP reference (unlabelled)"
"CX236",0.0101066150024974,0.0117942281176875,-6.90275949869631e-05,0.00624436908160991,"3K-RGP reference (unlabelled)"
"CX237",0.0119154154151516,-0.00735276306628591,0.00138077376484507,-0.00241164705855797,"3K-RGP reference (unlabelled)"
"CX238",0.0123044117704833,-0.00767542513722799,0.00117597050459409,-0.00212362288483225,"3K-RGP reference (unlabelled)"
"CX240",0.0142375442728533,-0.00988031086094299,-0.00260149475624439,0.000610739825603625,"3K-RGP reference (unlabelled)"
"CX241",-0.0281184458157367,-0.00486613352865743,-0.0384834974635766,0.019786947140992,"3K-RGP reference (unlabelled)"
"CX242",-0.00686041790176235,-0.00759839486965105,-0.019090686801443,0.00963454979286018,"3K-RGP reference (unlabelled)"
"CX243",-0.0171982571499428,-0.00561413248323838,-0.026499167315557,0.0135936851207928,"3K-RGP reference (unlabelled)"
"CX247",0.0103802349911025,-0.00868600343826339,0.000704749517236389,0.00324597907781396,"3K-RGP reference (unlabelled)"
"CX248",-0.0263514670702488,-0.0044524151579215,-0.0361513116133837,0.016628477912975,"3K-RGP reference (unlabelled)"
"CX249",0.00657140345223037,-0.00721104608799908,0.00446827044477787,0.00306751244265416,"3K-RGP reference (unlabelled)"
"CX250",0.0133615146428829,-0.00891068522432442,0.00215693586932947,0.00241728180557416,"3K-RGP reference (unlabelled)"
"CX251",-0.0294113683012384,-0.00546291197854412,0.0520522900868288,-0.00165659892680595,"3K-RGP reference (unlabelled)"
"CX262",-0.0264002998326239,-0.00515498133825065,-0.0373397589335559,0.0190482070460981,"3K-RGP reference (unlabelled)"
"CX263",0.0122687331565853,-0.00868809465175874,0.000591676615352735,0.00172661807069203,"3K-RGP reference (unlabelled)"
"CX265",0.01206585300427,-0.00815885428014819,0.00318067031024466,0.00128169205911101,"3K-RGP reference (unlabelled)"
"CX266",-0.0255630808162245,-0.00450111689457427,-0.032706402191267,0.0157727019802479,"3K-RGP reference (unlabelled)"
"CX267",0.0130569734345561,-0.00224872744182893,0.00296075943185718,0.00290721722512294,"3K-RGP reference (unlabelled)"
"CX268",0.0105107058379756,-0.00730923707707955,0.00253865653060954,0.00181727160937817,"3K-RGP reference (unlabelled)"
"CX269",-0.0283626654326984,-0.005307470445377,-0.0393582668876021,0.020333557878555,"3K-RGP reference (unlabelled)"
"CX270",0.010710856718522,-0.00862844064918467,0.00203861009901495,0.00294820840150738,"3K-RGP reference (unlabelled)"
"CX273",0.0137279129880086,-0.0100813549314888,0.000325477068011764,1.2025628205223e-06,"3K-RGP reference (unlabelled)"
"CX274",0.0136262591807121,-0.0100682704813369,0.000337902612667772,1.50679825933192e-05,"3K-RGP reference (unlabelled)"
"CX275",0.0132543432954084,-0.00987463794923456,0.000511273433207114,0.000119396173215038,"3K-RGP reference (unlabelled)"
"CX276",0.014598991915678,-0.00689602705612661,0.000665369146346901,0.00120021733674918,"3K-RGP reference (unlabelled)"
"CX277",-0.0237774789600563,-0.00618246577598668,0.0317516105738032,-0.00041042801116534,"3K-RGP reference (unlabelled)"
"CX278",0.0059152021456221,-0.00441607028050428,-0.000165513480439597,-0.00951267062637428,"3K-RGP reference (unlabelled)"
"CX280",-0.00864373661029067,-0.00618735203587386,-0.0167802041058729,0.0105535289040097,"3K-RGP reference (unlabelled)"
"CX281",0.0139004361013013,-0.00749328212674884,0.000752053475721564,0.00213734911260347,"3K-RGP reference (unlabelled)"
"CX282",-0.0114567242526933,-0.0052856574530102,0.0118295693228023,-0.00208644011335323,"3K-RGP reference (unlabelled)"
"CX284",-0.0136287241616854,-0.00620288491709104,0.0140757444003687,0.000323440004343542,"3K-RGP reference (unlabelled)"
"CX285",-0.0256021978246752,-0.00583235914784087,-0.00904642296213986,0.00911567553398508,"3K-RGP reference (unlabelled)"
"CX286",-0.015160384598023,-0.00725298660772746,0.0306370695749665,0.00320978268577366,"3K-RGP reference (unlabelled)"
"CX287",-0.0240340664222103,-0.00649833493574641,0.0446820365662843,-0.000560449470379348,"3K-RGP reference (unlabelled)"
"CX288",0.0113558793113891,-0.00884951232370504,0.00202773876125682,0.00396820077574878,"3K-RGP reference (unlabelled)"
"CX290",0.0128714058963497,-0.00823336911264308,-0.000774304504916222,0.00289173589057622,"3K-RGP reference (unlabelled)"
"CX291",0.012390304583689,-0.00857363829779324,-0.000355760005685045,0.00274322560334779,"3K-RGP reference (unlabelled)"
"CX296",0.0143206305267762,-0.00786314338182492,0.00238778369866822,0.00180680824179025,"3K-RGP reference (unlabelled)"
"CX303",0.011725920032827,-0.00889290136954984,0.00248950181917246,0.00293185802148142,"3K-RGP reference (unlabelled)"
"CX304",0.0127591146191245,-0.00975577622671276,-0.00218363518900637,0.00112933423850315,"3K-RGP reference (unlabelled)"
"CX305",0.012195171964753,-0.00851506668818787,0.000891655923416741,0.00230548653095868,"3K-RGP reference (unlabelled)"
"CX306",-0.0301200043628554,-0.0058953296635452,0.0487620717227755,-0.00141599934893862,"3K-RGP reference (unlabelled)"
"CX307",-0.0237309277035359,-0.00558409888557256,0.0235037748697016,0.00497610815314454,"3K-RGP reference (unlabelled)"
"CX313",0.0107282821598626,-0.00837905041905099,-0.00158413166336979,0.00302370863624464,"3K-RGP reference (unlabelled)"
"CX314",0.0121433509489598,-0.00891915468136826,0.0021254422101448,0.00229987376370579,"3K-RGP reference (unlabelled)"
"CX315",-0.0270066814260268,-0.00565571099539629,0.0425903070208343,-0.00460220359164254,"3K-RGP reference (unlabelled)"
"CX316",-0.0118031656984922,-0.00829137074553055,0.0283440285379449,0.00361193454519642,"3K-RGP reference (unlabelled)"
"CX317",-0.0200027545096729,-0.00711412553305394,0.0350493159931126,0.00442068900165583,"3K-RGP reference (unlabelled)"
"CX318",0.0137549457000893,-0.00791354838625532,0.00327103859756989,0.00164686352759878,"3K-RGP reference (unlabelled)"
"CX319",0.0136869227245356,-0.00817146463455164,0.000329714432602864,0.00040818764176693,"3K-RGP reference (unlabelled)"
"CX328",0.0139512227475032,-0.00917430629799659,0.00418992251158228,0.00356877341896206,"3K-RGP reference (unlabelled)"
"CX329",-0.0300949511045592,-0.00645605651266938,0.0540263581412799,0.000416209321235025,"3K-RGP reference (unlabelled)"
"CX330",-0.0300879270781184,-0.00650118037434129,0.0540298398171149,0.000436362308898436,"3K-RGP reference (unlabelled)"
"CX340",0.0103830395059336,-0.00919813742812128,0.00503539475577608,0.00269502809908409,"3K-RGP reference (unlabelled)"
"CX341",0.0139356835886405,-0.00933657454729005,0.00147520800276575,0.000732753474274035,"3K-RGP reference (unlabelled)"
"CX342",0.00956835942088827,-0.00873971896002716,0.000707244315579598,0.00250468682580267,"3K-RGP reference (unlabelled)"
"CX343",0.00610655891089353,-0.00831162785019446,0.00175618401228943,0.00229197105327148,"3K-RGP reference (unlabelled)"
"CX344",-0.0290587551498185,-0.00625919347091423,0.0447981677442724,0.000119356340753753,"3K-RGP reference (unlabelled)"
"CX345",-0.0285106325751666,-0.00479764420874879,0.0407022565814197,0.000781802026552337,"3K-RGP reference (unlabelled)"
"CX346",0.0130644426308697,-0.00792622478000883,0.00238357500747536,0.00199260379106879,"3K-RGP reference (unlabelled)"
"CX347",0.00919224887401261,-0.00827827113850238,0.0021281606254436,0.00400445226934731,"3K-RGP reference (unlabelled)"
"CX348",0.014533301584305,-0.00991807722610666,0.00188699232011705,0.00155421457979536,"3K-RGP reference (unlabelled)"
"CX349",0.014225759349398,-0.00847936416143889,0.000787606905818801,0.00132727198386344,"3K-RGP reference (unlabelled)"
"CX350",-0.0271572430189072,-0.00644698805341416,0.0431944980270455,0.000224136728401779,"3K-RGP reference (unlabelled)"
"CX351",-0.0251312162502171,-0.00650004098813736,0.0394497903636662,0.000210766486998409,"3K-RGP reference (unlabelled)"
"CX352",-0.0239649857982376,-0.00532907301091021,-0.0249484903788609,0.0150753148852548,"3K-RGP reference (unlabelled)"
"CX353",-0.0239246208706068,-0.00629817007773465,0.0106604169288873,0.0106206959750351,"3K-RGP reference (unlabelled)"
"CX354",-0.0261677879651503,-0.00523055268049861,0.0220910539963448,-0.00241131876703359,"3K-RGP reference (unlabelled)"
"CX355",-0.0230479567060684,-0.00407492586267676,-0.0315750752879944,0.0174197698101766,"3K-RGP reference (unlabelled)"
"CX356",-0.0292941743945356,-0.00541705195892393,0.051768286379066,-0.00184193906261261,"3K-RGP reference (unlabelled)"
"CX357",0.0130590498155326,-0.00693808591341312,0.00185252076655008,0.000502090659011649,"3K-RGP reference (unlabelled)"
"CX358",0.0130452767284823,-0.00749763641838772,0.00168411324235364,0.000141652228502034,"3K-RGP reference (unlabelled)"
"CX359",-0.0255865860994241,-0.00399516821056658,-0.0362758682434941,0.0176136638418735,"3K-RGP reference (unlabelled)"
"CX360",0.0119341539568259,-0.00836894368922301,0.00214503074512167,0.00183172800916573,"3K-RGP reference (unlabelled)"
"CX361",0.0113908427074177,-0.00904196349112077,0.00251199573378125,0.00183620751296305,"3K-RGP reference (unlabelled)"
"CX362",0.012440808566546,-0.00843439312341157,-0.000161935167685243,0.00177864055744338,"3K-RGP reference (unlabelled)"
"CX363",0.0113012489138553,-0.0085715490529704,-9.38836318398199e-05,0.00206481384332566,"3K-RGP reference (unlabelled)"
"CX364",0.014178757279029,-0.00647050283801784,0.00184937022867106,-0.00221701876857477,"3K-RGP reference (unlabelled)"
"CX365",-0.00328744270235197,-0.00614711658330548,0.00939356369138632,-0.00491581128138537,"3K-RGP reference (unlabelled)"
"CX366",0.0115167814971165,-0.00832227349993706,0.00286737225649259,0.000629439767180202,"3K-RGP reference (unlabelled)"
"CX367",-0.0162537585358887,0.0130238112466874,-0.0240447347774968,0.0162509204160361,"3K-RGP reference (unlabelled)"
"CX368",0.00267025902400877,0.0604572959499454,0.00498752731352887,0.0153724955927895,"3K-RGP reference (unlabelled)"
"CX369",0.0110663412026478,-0.00696185209738493,0.00250836254753542,0.00192469846352734,"3K-RGP reference (unlabelled)"
"CX370",0.00983577457945124,-0.00826661860239276,0.000413045001951387,0.00351850344365368,"3K-RGP reference (unlabelled)"
"CX371",-0.02097304875087,-0.00399207334678765,-0.027087145839717,0.0146471698747246,"3K-RGP reference (unlabelled)"
"CX372",-0.0206745964267601,-0.00328814530804427,-0.0251731264587363,0.0121084326312932,"3K-RGP reference (unlabelled)"
"CX373",-0.0248447167701873,-0.00279432804329934,-0.0327825506360245,0.0178639412938811,"3K-RGP reference (unlabelled)"
"CX374",-0.02655519754873,-0.00278230710605708,-0.0367902947212383,0.0197059008731804,"3K-RGP reference (unlabelled)"
"CX375",0.0119049059391182,-0.0075472114645837,0.00225394582863794,0.000639900112315161,"3K-RGP reference (unlabelled)"
"CX376",0.0111273480214588,-0.00848664904282907,0.002281102139155,0.00109631303023326,"3K-RGP reference (unlabelled)"
"CX377",0.0115978699904505,-0.00745618730800733,0.00295188443039354,0.000492262485476956,"3K-RGP reference (unlabelled)"
"CX378",0.0118539042928087,-0.00830493795860332,0.00318920283937711,0.00176849497447634,"3K-RGP reference (unlabelled)"
"CX379",0.0114100104434989,-0.00568402517385606,0.00341142208164434,-0.000434442187414297,"3K-RGP reference (unlabelled)"
"CX380",-0.0270110378855161,-0.00610429713778606,0.0451333937477054,-0.000900086927354228,"3K-RGP reference (unlabelled)"
"CX381",0.0132102858257856,-0.00516286118947945,0.00292717525952977,0.000223893197079641,"3K-RGP reference (unlabelled)"
"CX382",0.0123074945730556,-0.0104108119616263,0.000563872938229317,0.00111074540608664,"3K-RGP reference (unlabelled)"
"CX383",-0.0288051291101676,-0.00503252020877386,0.0330903921665859,-0.0011393132778889,"3K-RGP reference (unlabelled)"
"CX384",-0.026164522314461,-0.00467134890960963,0.0303319523134669,-0.00116583817953434,"3K-RGP reference (unlabelled)"
"CX385",0.0121049555768762,-0.00830676625553958,0.00256674445274423,0.00103620744036864,"3K-RGP reference (unlabelled)"
"CX386",0.0101103279188888,-0.00737545047733312,0.00355229941864972,0.00168752703876433,"3K-RGP reference (unlabelled)"
"CX387",0.0113371979779963,-0.00859897294193888,0.00252957685080871,0.00188500990993212,"3K-RGP reference (unlabelled)"
"CX388",0.0122782408508575,-0.00743289940906595,0.00194520623584654,0.00223536305257733,"3K-RGP reference (unlabelled)"
"CX389",-0.0216014841890718,-0.00691601223254514,0.0435998529672239,0.000531553895934097,"3K-RGP reference (unlabelled)"
"CX390",0.0122406491728579,-0.00475834159718148,0.00125135371798794,0.00203631437557347,"3K-RGP reference (unlabelled)"
"CX391",-0.0287593973802089,-0.00484618572131632,0.0412951244451859,0.000875614597298736,"3K-RGP reference (unlabelled)"
"CX392",0.0155466456810472,-0.0110010287386598,0.000862201238359206,0.00134336298593502,"3K-RGP reference (unlabelled)"
"CX393",0.0138504880503247,-0.00993548465076627,0.00208514923578608,0.00150052820053675,"3K-RGP reference (unlabelled)"
"CX394",0.0137020353118737,-0.00979763453455103,0.00183751952501081,0.0012541631706974,"3K-RGP reference (unlabelled)"
"CX395",-0.00806091272677343,-0.00560501371888974,-0.011281102776403,0.00964123080755733,"3K-RGP reference (unlabelled)"
"CX396",-0.0299923422871574,-0.00559300063480859,0.0526059348744704,0.000682837353134204,"3K-RGP reference (unlabelled)"
"CX397",-0.0295863902952457,-0.00631306685662053,0.0496764337526734,0.000341635848590878,"3K-RGP reference (unlabelled)"
"CX399",0.0128406569648644,-0.00584335486662459,0.00160756672648759,0.000515442633397865,"3K-RGP reference (unlabelled)"
"CX400",-0.00447674004071626,0.000103412012982192,0.00210064990746535,-0.00319128805352177,"3K-RGP reference (unlabelled)"
"CX401",0.00389190556709793,0.000768801461616662,0.00286971659765385,-0.00502260893372482,"3K-RGP reference (unlabelled)"
"CX402",-0.0084665517104234,0.00990445379041713,0.00458604076144278,-0.0119323544943963,"3K-RGP reference (unlabelled)"
"CX403",0.0144889096640933,-0.00814796616236226,0.00230546634179042,0.000290869891862388,"3K-RGP reference (unlabelled)"
"CX408",0.0129874095660952,-0.0076099080402237,0.00166509183669267,0.00218672355461223,"3K-RGP reference (unlabelled)"
"CX409",0.014055698909115,-0.00946115881752648,0.00208942986514469,0.00131118878074967,"3K-RGP reference (unlabelled)"
"CX410",0.0131952967579571,-0.00948338503425626,0.00170194965347493,0.00191594549051271,"3K-RGP reference (unlabelled)"
"CX411",0.0132059783590295,-0.00960228168618304,0.00174378923150504,0.00198461897084511,"3K-RGP reference (unlabelled)"
"CX413",0.0125488537673709,-0.0094288595568395,0.00182642809738486,0.00207757796071945,"3K-RGP reference (unlabelled)"
"CX414",0.013224957452096,-0.00935457386133011,0.00204828070484032,0.00185387707682832,"3K-RGP reference (unlabelled)"
"CX416",0.0131045576645906,-0.00861890245225808,0.00208337994404818,0.00202495666958491,"3K-RGP reference (unlabelled)"
"CX417",0.0135488159683166,-0.00947167576287068,0.00197242416410058,0.00186020763066138,"3K-RGP reference (unlabelled)"
"CX418",0.0130689913767097,-0.00505492328643715,0.00268119171293719,0.00282613375930622,"3K-RGP reference (unlabelled)"
"CX419",0.012930271163981,-0.00722046851419848,0.00198220270216355,0.00268022766964584,"3K-RGP reference (unlabelled)"
"CX420",0.0128226275782707,-0.00853508110848054,0.00184209824080672,0.00216339498754674,"3K-RGP reference (unlabelled)"
"CX421",0.0127643663952177,-0.00697867768689834,0.00186870557328853,0.00231986290893018,"3K-RGP reference (unlabelled)"
"CX422",0.0129552328021142,-0.00739478899160311,0.00217734266769735,0.00206074005688385,"3K-RGP reference (unlabelled)"
"CX423",0.0130062360692615,-0.00719412003055651,0.00201750930156187,0.00224708800281028,"3K-RGP reference (unlabelled)"
"CX424",0.0126839708489871,-0.00519277847618833,0.00187601359711187,0.00271811635487519,"3K-RGP reference (unlabelled)"
"CX425",0.0128675183356113,-0.00617692107901351,0.0025458894197236,0.00261962352074378,"3K-RGP reference (unlabelled)"
"CX426",0.00863616706179102,-0.00729269532231024,0.00808242489090275,0.000414089557623138,"3K-RGP reference (unlabelled)"
"CX427",-0.0263641819440045,-0.00627017270508327,0.0414893335747188,0.00115485573285245,"3K-RGP reference (unlabelled)"
"CX428",-0.0292842662504749,-0.00617427438990756,0.0339586932099586,0.00330749280626456,"3K-RGP reference (unlabelled)"
"CX429",-0.0296187756542424,-0.00625599297204491,0.0449075158542006,0.00198450556218103,"3K-RGP reference (unlabelled)"
"CX431",0.0125319765376614,-0.00832171104031439,0.00108108638070622,0.00203497683573447,"3K-RGP reference (unlabelled)"
"CX534",-0.027589486662222,-0.00628017546952158,0.0484712356488529,6.53138325172138e-05,"3K-RGP reference (unlabelled)"
"CX542",0.0086894293013163,0.00335460440311634,0.00414835609187723,0.00448064164207417,"3K-RGP reference (unlabelled)"
"CX548",0.0106950044903925,-0.00859528741860561,0.00360176792890948,0.00297834695258554,"3K-RGP reference (unlabelled)"
"CX561",0.0138391732126744,-0.00769878069080749,0.00284872089947722,0.000481129017354547,"3K-RGP reference (unlabelled)"
"CX578",-0.0230352158172792,-0.00653639318840021,0.0382038848074574,0.000935313665575257,"3K-RGP reference (unlabelled)"
"CX579",-0.0153033487424554,-0.00712645292297925,0.0303268608308018,0.00154172496646744,"3K-RGP reference (unlabelled)"
"IRIS_313-7620",0.0154480323581227,-0.00979447349123056,-0.00120301532592217,-0.000595556164284909,"3K-RGP reference (unlabelled)"
"IRIS_313-7635",0.0136164458020676,-0.0089929131454932,0.0020508577189182,0.00238894273809357,"3K-RGP reference (unlabelled)"
"IRIS_313-7636",0.0132831670434571,-0.00917901770713845,0.000550046903490636,0.00226763033751457,"3K-RGP reference (unlabelled)"
"IRIS_313-7638",0.0117490093168308,0.00130873578583754,-0.00230446863827602,0.00178846916769824,"3K-RGP reference (unlabelled)"
"IRIS_313-7641",0.0122435225379554,-0.00963936495635791,-0.00202354258885558,0.00115978670050829,"3K-RGP reference (unlabelled)"
"IRIS_313-7646",-0.00288846996801521,0.0108221493147601,-0.0138103394164826,0.00953749305878762,"3K-RGP reference (unlabelled)"
"IRIS_313-7650",0.00790499388412238,0.020078408944584,-0.00151959851230691,0.00522842547884926,"3K-RGP reference (unlabelled)"
"IRIS_313-7651",0.00895495508150708,0.0202351936321131,-0.00131716657329438,0.00413599772175335,"3K-RGP reference (unlabelled)"
"IRIS_313-7654",0.0136003208240891,-0.00933848562562617,-0.000783546492833275,0.0014132675892781,"3K-RGP reference (unlabelled)"
"IRIS_313-7664",0.0138193795302286,-0.00842473864418548,0.000277974173018013,0.00166716233561933,"3K-RGP reference (unlabelled)"
"IRIS_313-7665",0.012902301880744,-0.0074982529294618,-0.000956659889239136,0.00178750328540637,"3K-RGP reference (unlabelled)"
"IRIS_313-7668",0.012169740526935,-0.00795249586269031,-0.00157098513738827,0.000817624943914061,"3K-RGP reference (unlabelled)"
"IRIS_313-7681",0.0152434022911544,-0.00712475071618851,-0.000739009604421304,-0.00137380119930015,"3K-RGP reference (unlabelled)"
"IRIS_313-7684",0.013973174113006,-0.00395693197620466,0.00155993968371101,0.00108801624619457,"3K-RGP reference (unlabelled)"
"IRIS_313-7685",0.0145496274724684,-0.00357948506168858,0.00184922968151347,0.000246817765406551,"3K-RGP reference (unlabelled)"
"IRIS_313-7688",0.0156033519829911,-0.00651269344670801,0.0022561281093908,0.000676142897135432,"3K-RGP reference (unlabelled)"
"IRIS_313-7689",0.0144445888505264,-0.00504294239999162,0.00220674200710153,-0.000230881187150874,"3K-RGP reference (unlabelled)"
"IRIS_313-7690",0.0117484510418372,-0.00207035658456879,0.000651394071718276,0.00105067503643803,"3K-RGP reference (unlabelled)"
"IRIS_313-7691",0.0141155903821566,-0.00494244611573,0.00157772665412102,0.00150521162721025,"3K-RGP reference (unlabelled)"
"IRIS_313-7696",0.0136564145124177,-0.0090166319797746,-0.00210785244122773,0.000999660033410881,"3K-RGP reference (unlabelled)"
"IRIS_313-7698",0.0132471031463274,-0.00920941704660996,-0.00153577682535695,0.00179277408815589,"3K-RGP reference (unlabelled)"
"IRIS_313-7699",0.0130439645720401,-0.00939893188054371,-0.00187207801045079,0.00081807673896956,"3K-RGP reference (unlabelled)"
"IRIS_313-7719",0.0160130760613027,-0.00864973499030754,-0.000359783424672419,-0.000764860897027389,"3K-RGP reference (unlabelled)"
"IRIS_313-7720",0.0117849098623235,0.0145755762786859,-0.000438841786813061,0.00333008461035074,"3K-RGP reference (unlabelled)"
"IRIS_313-7722",-0.00532762254381502,0.00939764601402512,-0.0158011841933672,0.0123721368770657,"3K-RGP reference (unlabelled)"
"IRIS_313-7725",0.00857086129305968,-0.00146525165678037,-0.00631322430845289,0.00154466704879264,"3K-RGP reference (unlabelled)"
"IRIS_313-7728",0.0119959778704295,0.0151303606022735,0.000226932665942947,0.00383264995825678,"3K-RGP reference (unlabelled)"
"IRIS_313-7736",0.0135321198166644,0.00073628695794542,0.000689677184616799,-0.00550034285347326,"3K-RGP reference (unlabelled)"
"IRIS_313-7758",0.00730274679233258,0.0195576329108231,-0.00227811076749329,0.00504320971469719,"3K-RGP reference (unlabelled)"
"IRIS_313-7766",0.0135707600976789,-0.00485611150815216,0.00163945739110638,-0.000500891410038992,"3K-RGP reference (unlabelled)"
"IRIS_313-7769",0.0128020805422875,-0.00771623432111003,-0.0014538155642673,0.00109727159755069,"3K-RGP reference (unlabelled)"
"IRIS_313-7770",0.0144079159585345,-0.00851523878307776,0.00292524797829643,0.00170115813590446,"3K-RGP reference (unlabelled)"
"IRIS_313-7773",0.0140973430496066,-0.00954848329378921,0.000337425498946533,0.000782828660216225,"3K-RGP reference (unlabelled)"
"IRIS_313-7778",0.0147638837137507,-0.00920962579959995,0.000344179713055256,0.000681618814848979,"3K-RGP reference (unlabelled)"
"IRIS_313-7780",0.0138458341867513,-0.00791737264149094,0.00130976202105685,-0.00116366883389083,"3K-RGP reference (unlabelled)"
"IRIS_313-7792",0.0140242085152523,-0.0075678806462728,0.00122767910174075,-0.000990867170789236,"3K-RGP reference (unlabelled)"
"IRIS_313-7793",0.0150833520414114,-1.62690111758425e-05,-0.000205566601845482,-0.00247446158113613,"3K-RGP reference (unlabelled)"
"IRIS_313-7795",0.0155836433664274,-0.000561593803322705,-0.000332999783178594,-0.00261080651485249,"3K-RGP reference (unlabelled)"
"IRIS_313-7797",0.0136512926855503,-0.00752836097023104,-0.00114007935193982,0.00178196967253842,"3K-RGP reference (unlabelled)"
"IRIS_313-7799",0.0102679079419865,0.0207409665941721,-0.000740390676970395,0.00583398591347454,"3K-RGP reference (unlabelled)"
"IRIS_313-7807",0.0145726261545702,-0.00621761869467692,0.00189682281635143,0.000725776648116711,"3K-RGP reference (unlabelled)"
"IRIS_313-7808",0.0138273639453569,-0.00928179665669793,-0.00174047242092793,0.00197793950323174,"3K-RGP reference (unlabelled)"
"IRIS_313-7809",0.0129355904449771,-0.00653616977873884,-2.28744889771842e-05,-0.00488449445445297,"3K-RGP reference (unlabelled)"
"IRIS_313-7815",0.0134551841419337,-0.0104440995896766,0.000892338186335932,0.00285170791895401,"3K-RGP reference (unlabelled)"
"IRIS_313-7816",0.0146178917520388,-0.00636834881815357,0.00153586510420075,-0.000249576350866167,"3K-RGP reference (unlabelled)"
"IRIS_313-7819",0.014757095494987,-0.00669134670370171,0.000742480182561493,0.00143836283895333,"3K-RGP reference (unlabelled)"
"IRIS_313-7820",0.0146945399155422,-0.00854094192266855,0.00188270458188993,0.000376475614866779,"3K-RGP reference (unlabelled)"
"IRIS_313-7824",0.0138029344178406,-0.00470850764951145,0.0014672043602904,0.00120558959941508,"3K-RGP reference (unlabelled)"
"IRIS_313-7826",0.0141080975788211,-0.00820719946526268,0.00057357140938998,0.00226810882209875,"3K-RGP reference (unlabelled)"
"IRIS_313-7832",0.0140065205967073,-0.00789751763656656,0.0024458644416626,0.000526119878984874,"3K-RGP reference (unlabelled)"
"IRIS_313-7838",-0.0280809875186455,-0.00400890305845188,-0.0398642544271516,0.0218593830133538,"3K-RGP reference (unlabelled)"
"IRIS_313-7850",-0.0274689764616108,-0.00446777677300063,-0.00823216012185651,0.0130225650713321,"3K-RGP reference (unlabelled)"
"IRIS_313-7856",-0.0247473513436445,-0.00289572312689744,-0.0132561750544671,-0.00116919074285751,"3K-RGP reference (unlabelled)"
"IRIS_313-7859",-0.0279668092534192,-0.00469204373745358,-0.0217406151990213,0.0049633977205344,"3K-RGP reference (unlabelled)"
"IRIS_313-7863",-0.0273327331052746,-0.00431356438788011,-0.0324457709711441,0.0186487559443993,"3K-RGP reference (unlabelled)"
"IRIS_313-7866",-0.0187323202406045,-0.00326688281116017,-0.0251542832179563,0.0147117483255388,"3K-RGP reference (unlabelled)"
"IRIS_313-7868",-0.0252580162452257,-0.00492489705832735,-0.0348320363937437,0.0189186457088087,"3K-RGP reference (unlabelled)"
"IRIS_313-7870",-0.0270971624521908,-0.00423321944979231,-0.0231767311900062,0.00458194576858559,"3K-RGP reference (unlabelled)"
"IRIS_313-7876",-0.0268736783935934,-0.00447609846085321,-0.0354608282576957,0.0169113400822271,"3K-RGP reference (unlabelled)"
"IRIS_313-7883",-0.0271107222621229,-0.00438552916246909,-0.0278890084365699,0.0139666057693359,"3K-RGP reference (unlabelled)"
"IRIS_313-7885",-0.0253486242610703,-0.00330011880352837,-0.0263392941993088,0.011722081327046,"3K-RGP reference (unlabelled)"
"IRIS_313-7902",-0.0256478652655956,-0.00482169359135969,-0.0350924044586396,0.0181747153507814,"3K-RGP reference (unlabelled)"
"IRIS_313-7907",-0.0220470397028345,-0.00444341355353709,-0.029487871842571,0.0143992535612615,"3K-RGP reference (unlabelled)"
"IRIS_313-7909",-0.0219844354903478,-0.00532691918182334,-0.0354662207458365,0.0168647534199172,"3K-RGP reference (unlabelled)"
"IRIS_313-7911",0.0155330530294071,-0.00933199143745696,-0.000295114524966921,0.00106134290623217,"3K-RGP reference (unlabelled)"
"IRIS_313-7912",-0.0285114806331653,-0.00466358182657371,-0.041270088095551,0.0212795405552161,"3K-RGP reference (unlabelled)"
"IRIS_313-7914",-0.0289114996398299,-0.00431862010954957,-0.0407227573175081,0.0219514021056839,"3K-RGP reference (unlabelled)"
"IRIS_313-7922",-0.0292379748034872,-0.00519282887415658,-0.0399160498064209,0.020333666655766,"3K-RGP reference (unlabelled)"
"IRIS_313-7924",-0.0178642692233792,-0.00400854005935917,-0.0291936889459783,0.0170233780424369,"3K-RGP reference (unlabelled)"
"IRIS_313-7933",-0.0206533329482444,0.0106055676822088,-0.00317472841536934,-0.0267247714610572,"3K-RGP reference (unlabelled)"
"IRIS_313-7959",-0.0256438290015566,-0.00266214770169149,-0.0358206326481666,0.0148053745133859,"3K-RGP reference (unlabelled)"
"IRIS_313-7992",-0.0277221599915512,-0.00319367359410442,-0.0384414324456774,0.0198533307810131,"3K-RGP reference (unlabelled)"
"IRIS_313-7993",-0.0238453391644527,-0.000726701148144572,-0.0328507869339574,0.0177735312869859,"3K-RGP reference (unlabelled)"
"IRIS_313-7994",-0.0277319725872771,-0.00534237790967207,-0.0358202779688272,0.0174780394152408,"3K-RGP reference (unlabelled)"
"IRIS_313-8003",-0.0280781472923209,-0.00520451533753828,-0.0390992032809582,0.0188576315992151,"3K-RGP reference (unlabelled)"
"IRIS_313-8010",-0.0262838244159704,-0.00495530062422406,-0.0386166971554342,0.0196894243917919,"3K-RGP reference (unlabelled)"
"IRIS_313-8011",-0.0280709708734008,-0.00442223962639211,0.000710545053522076,-0.00363067097836378,"3K-RGP reference (unlabelled)"
"IRIS_313-8023",-0.029600754531414,-0.00643229297562147,0.0121777150077392,0.0105859149444223,"3K-RGP reference (unlabelled)"
"IRIS_313-8024",-0.0301049602702893,-0.00640275749736588,0.0251667784675843,0.0086560823265417,"3K-RGP reference (unlabelled)"
"IRIS_313-8025",-0.0304508714809504,-0.00628514685977897,0.0224557551499127,0.00733088461655929,"3K-RGP reference (unlabelled)"
"IRIS_313-8026",-0.0302142593633539,-0.00600803459095007,0.0211231762022907,0.00548114688670788,"3K-RGP reference (unlabelled)"
"IRIS_313-8027",-0.0288725363965755,-0.00613059780508927,0.0094620191045856,0.010515242927557,"3K-RGP reference (unlabelled)"
"IRIS_313-8029",-0.0295497521408688,-0.00622403315610959,0.00730478055960753,0.0125186527689504,"3K-RGP reference (unlabelled)"
"IRIS_313-8031",-0.0294300432253193,-0.0064120513288922,0.0207769385404467,0.00691883168761967,"3K-RGP reference (unlabelled)"
"IRIS_313-8032",-0.0297244379247062,-0.00618320643338508,0.0226870647789095,0.00598403236871556,"3K-RGP reference (unlabelled)"
"IRIS_313-8033",-0.0307965736305893,-0.00623272195022131,0.0350518996851201,0.00418712561979481,"3K-RGP reference (unlabelled)"
"IRIS_313-8037",-0.0298007505540963,-0.0058785040974325,0.00640665228821299,0.0108050467656603,"3K-RGP reference (unlabelled)"
"IRIS_313-8039",-0.0298390339144761,-0.00629312304785268,0.0239936890300805,0.00677489472539041,"3K-RGP reference (unlabelled)"
"IRIS_313-8041",-0.0285600763244333,-0.00564196727078465,-0.00118512614213819,0.0138199140389787,"3K-RGP reference (unlabelled)"
"IRIS_313-8044",-0.0269679978470489,-0.00566546144103949,-0.0349481112045149,0.0211058542152255,"3K-RGP reference (unlabelled)"
"IRIS_313-8046",-0.0264702710579196,-0.00500980705145572,-0.0323286344641786,0.0193323660273943,"3K-RGP reference (unlabelled)"
"IRIS_313-8048",-0.0294885811387113,-0.00644669900334104,0.021601364629757,0.00687127179869747,"3K-RGP reference (unlabelled)"
"IRIS_313-8049",-0.0296674795533011,-0.00644997800267574,0.0142123061767343,0.0107104874698395,"3K-RGP reference (unlabelled)"
"IRIS_313-8050",-0.0290867370524439,-0.00580504196664664,0.0174469405801876,0.00955285902826863,"3K-RGP reference (unlabelled)"
"IRIS_313-8052",-0.0300971076088367,-0.00668590795708846,0.022978868464081,0.00946225205659461,"3K-RGP reference (unlabelled)"
"IRIS_313-8053",-0.0294396762652206,-0.00647243370996755,0.0152467895522713,0.0107458979202538,"3K-RGP reference (unlabelled)"
"IRIS_313-8057",-0.0247916190189423,-0.00535682335811898,-0.0226964337646303,0.0175045733750693,"3K-RGP reference (unlabelled)"
"IRIS_313-8058",-0.0244993473853118,-0.00540303405998026,-0.0246050056568664,0.0158227870170086,"3K-RGP reference (unlabelled)"
"IRIS_313-8060",-0.0249784567922172,-0.00620964625608556,-0.0147727163068086,0.0189637844469711,"3K-RGP reference (unlabelled)"
"IRIS_313-8061",-0.0268254565276366,-0.00620876174533901,-0.0117242364381759,0.0160998402667487,"3K-RGP reference (unlabelled)"
"IRIS_313-8062",-0.0262158011002799,-0.00546300108936596,-0.0172027094356841,0.0163437361668514,"3K-RGP reference (unlabelled)"
"IRIS_313-8063",-0.0289339290474217,-0.00564906335667711,-0.0139362055446145,0.0146932273454109,"3K-RGP reference (unlabelled)"
"IRIS_313-8064",-0.0270846771335318,-0.00634460869876312,-0.0113775593472204,0.016074538220188,"3K-RGP reference (unlabelled)"
"IRIS_313-8065",-0.0287303631479346,-0.00566085815325399,-0.0106070097762852,0.0145669975690111,"3K-RGP reference (unlabelled)"
"IRIS_313-8066",-0.0299864012046237,-0.00590051258329473,0.0364235876096188,0.00323974114968383,"3K-RGP reference (unlabelled)"
"IRIS_313-8067",0.00173337536278855,-0.00618275695680933,-0.00424932430056611,0.00312800937484227,"3K-RGP reference (unlabelled)"
"IRIS_313-8068",0.0131271498481153,-0.00752331629560668,-0.000885508547285326,0.00180173010769626,"3K-RGP reference (unlabelled)"
"IRIS_313-8069",0.0133366855762886,-0.00931782545192111,-0.00267048918758695,0.00151543251452095,"3K-RGP reference (unlabelled)"
"IRIS_313-8072",-0.0282012345279505,-0.00360155933123913,-0.0397361674309154,0.0214312530550122,"3K-RGP reference (unlabelled)"
"IRIS_313-8073",0.00481906722475662,0.0651302525344897,0.0051375471736447,0.0177487887373913,"3K-RGP reference (unlabelled)"
"IRIS_313-8074",-0.0280998817954604,-0.00584658906190203,-0.0183945929608781,0.0177350525462632,"3K-RGP reference (unlabelled)"
"IRIS_313-8075",-0.029617280436994,-0.00648668331169368,0.0321099901261928,0.00756120411734538,"3K-RGP reference (unlabelled)"
"IRIS_313-8076",-0.0287999383562492,-0.0056896474177994,-0.00757183954611694,0.0161885329207622,"3K-RGP reference (unlabelled)"
"IRIS_313-8084",-0.0303007725384307,-0.00608047677926893,0.0306554507638561,0.00644758933230324,"3K-RGP reference (unlabelled)"
"IRIS_313-8085",-0.0310963983721931,-0.00638166687700185,0.0366746327478006,0.00732858309187954,"3K-RGP reference (unlabelled)"
"IRIS_313-8087",-0.0308385125731578,-0.0063765256060445,0.0535186270250024,0.000378314229249251,"3K-RGP reference (unlabelled)"
"IRIS_313-8090",-0.030573660045228,-0.00636681513596245,0.0270755623256674,0.0097301565006306,"3K-RGP reference (unlabelled)"
"IRIS_313-8095",-0.0301021530384106,-0.00656787148093607,0.0279252378233656,0.0093465889072833,"3K-RGP reference (unlabelled)"
"IRIS_313-8096",-0.0303864908109799,-0.00661977854653465,0.0293564619996415,0.00918694861258701,"3K-RGP reference (unlabelled)"
"IRIS_313-8097",-0.027694070888179,-0.00614839813437783,0.0317984319077031,0.00565681135100508,"3K-RGP reference (unlabelled)"
"IRIS_313-8099",-0.0296628770009065,-0.00654294590029238,0.0310661371849819,0.00697850490098977,"3K-RGP reference (unlabelled)"
"IRIS_313-8102",-0.0272683180878345,-0.00548329035805588,-0.0388735824061474,0.0207809962709542,"3K-RGP reference (unlabelled)"
"IRIS_313-8105",-0.0302014362022963,-0.00593975159742447,0.0373156038167283,0.00467961444093063,"3K-RGP reference (unlabelled)"
"IRIS_313-8109",-0.0307382570222858,-0.00601307875629087,0.0440150839583018,0.000179316715552837,"3K-RGP reference (unlabelled)"
"IRIS_313-8111",-0.0311281675261822,-0.00607518628422725,0.0516886071315138,0.000424578304146198,"3K-RGP reference (unlabelled)"
"IRIS_313-8112",-0.0304669974137505,-0.00621373915340936,0.0316708754353058,0.00629820355304677,"3K-RGP reference (unlabelled)"
"IRIS_313-8113",-0.0310356123256782,-0.00588018956613397,0.0468437100748594,-0.000936632451109835,"3K-RGP reference (unlabelled)"
"IRIS_313-8114",-0.0287772388193985,-0.00530906269530687,0.023313069536542,0.00840278490043773,"3K-RGP reference (unlabelled)"
"IRIS_313-8115",-0.0298910239072963,-0.0063447474157461,0.0152674385890013,0.0118901897092564,"3K-RGP reference (unlabelled)"
"IRIS_313-8116",-0.0293523590242341,-0.00570997535491935,0.0189672741001053,0.00856113685073424,"3K-RGP reference (unlabelled)"
"IRIS_313-8118",-0.0290715136758848,-0.00609938454786873,0.0241262892689473,0.00523413315833359,"3K-RGP reference (unlabelled)"
"IRIS_313-8119",-0.0303294414960332,-0.00631633347213851,0.0457350363906489,0.00208068283442198,"3K-RGP reference (unlabelled)"
"IRIS_313-8121",-0.0277384784057924,-0.00518119489887711,0.0114088430470773,0.00920693302999657,"3K-RGP reference (unlabelled)"
"IRIS_313-8123",-0.0303900111344714,-0.00633157993294016,0.0299384852300458,0.00613964097369554,"3K-RGP reference (unlabelled)"
"IRIS_313-8124",-0.0293888099764404,-0.0060974508256526,0.0259482470484006,0.00545548528494931,"3K-RGP reference (unlabelled)"
"IRIS_313-8125",-0.0303984463385552,-0.00602384548608164,0.033591585198461,0.00225673242478381,"3K-RGP reference (unlabelled)"
"IRIS_313-8126",-0.031152360647524,-0.00631543473751289,0.0331582550346805,0.00510892388825114,"3K-RGP reference (unlabelled)"
"IRIS_313-8127",-0.0292790317481196,-0.00586148315064203,0.0161961582317558,0.00653140602454331,"3K-RGP reference (unlabelled)"
"IRIS_313-8128",-0.0305273420302486,-0.00538591701365957,0.0359607720663186,-3.43845829469416e-05,"3K-RGP reference (unlabelled)"
"IRIS_313-8129",-0.0307103467909933,-0.00614579427725889,0.0431401442183636,0.00133115804037299,"3K-RGP reference (unlabelled)"
"IRIS_313-8132",-0.0303204079370572,-0.00609168855306413,0.0417581364813994,0.00298075009362441,"3K-RGP reference (unlabelled)"
"IRIS_313-8134",-0.0295314164589924,-0.00644183757044007,0.0391541393217123,0.00437575191657905,"3K-RGP reference (unlabelled)"
"IRIS_313-8135",-0.0306343140715319,-0.00616190117725866,0.0399852559069857,0.00350482862659432,"3K-RGP reference (unlabelled)"
"IRIS_313-8136",-0.029846785174917,-0.00599784319529157,0.0245987475882522,0.00684483206771292,"3K-RGP reference (unlabelled)"
"IRIS_313-8137",-0.0287931041658563,-0.00578880406594035,0.0203816190312869,0.00847591589360507,"3K-RGP reference (unlabelled)"
"IRIS_313-8138",-0.0309230943308738,-0.00601941419935044,0.0428701795760614,0.0030895701868272,"3K-RGP reference (unlabelled)"
"IRIS_313-8139",-0.0274437362592115,-0.00572208845872665,0.0163501247174818,0.00788638827136791,"3K-RGP reference (unlabelled)"
"IRIS_313-8140",-0.0300212787482839,-0.00661769471511639,0.0432148321182127,0.00386749419920144,"3K-RGP reference (unlabelled)"
"IRIS_313-8141",-0.0307011330474425,-0.00665765658981211,0.0317782737151561,0.00790931443692325,"3K-RGP reference (unlabelled)"
"IRIS_313-8142",-0.0297495829219284,-0.00609322412721222,0.0304683584734492,0.00193511512064889,"3K-RGP reference (unlabelled)"
"IRIS_313-8143",-0.0297896046701781,-0.00630008230957768,0.0153483829672135,0.0117637577519206,"3K-RGP reference (unlabelled)"
"IRIS_313-8145",-0.0292416982212346,-0.00568797069896657,0.019943299652604,0.00899498760148446,"3K-RGP reference (unlabelled)"
"IRIS_313-8147",-0.0297196670722064,-0.00584810920182154,0.0288429448954274,0.00483735984695498,"3K-RGP reference (unlabelled)"
"IRIS_313-8148",-0.030628443120198,-0.00596233029531698,0.0483345157472315,-0.000554126513398399,"3K-RGP reference (unlabelled)"
"IRIS_313-8149",-0.0307729968273998,-0.00624252567766857,0.040289195458765,0.0048117377838058,"3K-RGP reference (unlabelled)"
"IRIS_313-8151",-0.0297124366869866,-0.00565726860882168,0.0306057041516346,0.00607292341584424,"3K-RGP reference (unlabelled)"
"IRIS_313-8154",-0.0296300523585293,-0.00564414985157096,0.0147334115929136,0.0072025146188548,"3K-RGP reference (unlabelled)"
"IRIS_313-8155",-0.0298681580435501,-0.00628456602229517,0.02304681661435,0.00932495424460072,"3K-RGP reference (unlabelled)"
"IRIS_313-8158",-0.0300759901087991,-0.00579778103504193,0.00990001826561992,0.0106894196077752,"3K-RGP reference (unlabelled)"
"IRIS_313-8159",-0.030063014037614,-0.00580960886913871,0.0099011553395225,0.0106571433831492,"3K-RGP reference (unlabelled)"
"IRIS_313-8160",-0.0296223182915447,-0.00576369993790053,0.0244177359106393,0.00538573993919811,"3K-RGP reference (unlabelled)"
"IRIS_313-8161",0.013681238053608,-0.00799478938439979,0.00221941522466128,0.00185552059426081,"3K-RGP reference (unlabelled)"
"IRIS_313-8162",-0.0307710318575045,-0.00625581288388133,0.0515824996165126,-6.59332555415505e-05,"3K-RGP reference (unlabelled)"
"IRIS_313-8164",-0.0269620317620525,-0.00611208944081749,0.0301309620020909,0.00511293740186167,"3K-RGP reference (unlabelled)"
"IRIS_313-8165",-0.0309651979926639,-0.00588013106331385,0.0491202226671675,0.00118872288692987,"3K-RGP reference (unlabelled)"
"IRIS_313-8166",-0.0303557126141216,-0.00611948531302298,0.0207107627336777,0.00933616845923279,"3K-RGP reference (unlabelled)"
"IRIS_313-8167",-0.0300886895177585,-0.00620584853101747,0.0240625620043204,0.00834882364641117,"3K-RGP reference (unlabelled)"
"IRIS_313-8168",-0.0302877364016941,-0.00621160847813283,0.0212901877940541,0.00983499019963556,"3K-RGP reference (unlabelled)"
"IRIS_313-8170",-0.0296768577724325,-0.00594262437605388,0.0109127637422713,0.0116063752147964,"3K-RGP reference (unlabelled)"
"IRIS_313-8171",-0.0302454182465718,-0.00527295294824406,0.0362729436432914,-0.000722427813849459,"3K-RGP reference (unlabelled)"
"IRIS_313-8172",-0.0198176365803493,-0.00203845669668973,0.00610178457095185,-0.00513651601511042,"3K-RGP reference (unlabelled)"
"IRIS_313-8173",-0.0237821900498471,-0.00245118549961685,-0.0244600369147517,0.00548181416009947,"3K-RGP reference (unlabelled)"
"IRIS_313-8177",-0.0298322559917738,-0.006087498134812,0.0216303296988458,0.00948492119686315,"3K-RGP reference (unlabelled)"
"IRIS_313-8180",-0.0272737071542193,-0.00571967732360744,-0.0360311821792016,0.0215930935229869,"3K-RGP reference (unlabelled)"
"IRIS_313-8183",-0.0257752973665036,-0.00512816690814552,-0.0350302156939635,0.0191818710435205,"3K-RGP reference (unlabelled)"
"IRIS_313-8184",-0.0105297579162037,0.00559835066271046,-0.0115018384799669,-0.0258780224941551,"3K-RGP reference (unlabelled)"
"IRIS_313-8185",-0.0267135849028339,-0.00554847532058895,-0.00992781540785803,0.0150030510405205,"3K-RGP reference (unlabelled)"
"IRIS_313-8186",-0.0272994443469836,-0.00580361694402622,-0.0178049615710177,0.0172806006041927,"3K-RGP reference (unlabelled)"
"IRIS_313-8192",-0.0246820436997938,-0.00536672646018164,-0.0236155209710096,0.0164465380977302,"3K-RGP reference (unlabelled)"
"IRIS_313-8193",-0.0256071906861619,-0.00518672370628126,-0.0326869006053896,0.0198966708058986,"3K-RGP reference (unlabelled)"
"IRIS_313-8195",-0.0298499011715452,-0.00640180521705387,0.020873162483898,0.0106088621581583,"3K-RGP reference (unlabelled)"
"IRIS_313-8200",-0.029162136780529,-0.00613200012382503,0.0231561300184338,0.00804158562965145,"3K-RGP reference (unlabelled)"
"IRIS_313-8202",-0.0233773650634557,-0.00489340836969473,-0.0310706175435036,0.0171464029092657,"3K-RGP reference (unlabelled)"
"IRIS_313-8204",-0.0300988322044979,-0.00621951568958066,0.0412610876715193,0.00409147995939782,"3K-RGP reference (unlabelled)"
"IRIS_313-8205",-0.0277867179715918,-0.00600659471518854,-0.001444677323887,0.0136088221022476,"3K-RGP reference (unlabelled)"
"IRIS_313-8208",-0.0284151456348568,-0.00546807645181978,0.0294052541870527,0.00584064241719489,"3K-RGP reference (unlabelled)"
"IRIS_313-8209",-0.0255936041611372,-0.00470865305947537,-0.0172829052978984,0.0130155248364654,"3K-RGP reference (unlabelled)"
"IRIS_313-8212",0.0131018273742195,-0.00516079702912082,0.00384156933355367,0.00182888631977153,"3K-RGP reference (unlabelled)"
"IRIS_313-8213",-0.0281182953762218,-0.00584344187367892,-0.0102255192608338,0.0140486296388474,"3K-RGP reference (unlabelled)"
"IRIS_313-8214",-0.0298222346541567,-0.00590951347316625,0.0189564031404822,0.0104172952257383,"3K-RGP reference (unlabelled)"
"IRIS_313-8215",0.0128044116149075,-0.0089117976542207,0.00313981910347365,0.00110737989755784,"3K-RGP reference (unlabelled)"
"IRIS_313-8216",-0.0295266259069622,-0.0063410074671618,0.0300407342290725,0.00683258177206589,"3K-RGP reference (unlabelled)"
"IRIS_313-8217",-0.0303989982162705,-0.00622104388354133,0.045470411379839,0.0024555601880858,"3K-RGP reference (unlabelled)"
"IRIS_313-8218",-0.029863464307372,-0.00623780064195826,0.0448432771546776,0.00222809084820611,"3K-RGP reference (unlabelled)"
"IRIS_313-8232",-0.0207974576738656,-0.00434793166509166,-0.0351221970971483,0.0158430487606912,"3K-RGP reference (unlabelled)"
"IRIS_313-8244",0.0142710158393933,0.00304267170493642,0.00125345690338517,0.00105158133426329,"3K-RGP reference (unlabelled)"
"IRIS_313-8252",0.00299538256444961,0.0685596680145498,0.0040949087360863,0.00805547109072948,"3K-RGP reference (unlabelled)"
"IRIS_313-8253",0.0144211482439155,-0.0101768794528743,-0.000517412456613024,-0.000836469827095135,"3K-RGP reference (unlabelled)"
"IRIS_313-8256",-0.0259984558588453,0.00110117045542066,0.0163524076022934,-0.0348725818915225,"3K-RGP reference (unlabelled)"
"IRIS_313-8265",0.0137983432683566,-0.00181884045909745,0.0022901002979625,0.00193496190359717,"3K-RGP reference (unlabelled)"
"IRIS_313-8268",-0.015407973763797,0.0141579387554375,-0.0172496570776215,-0.0899730151360774,"3K-RGP reference (unlabelled)"
"IRIS_313-8277",-0.0281246184415596,-0.00409987325965142,-0.0394164616266822,0.0176152394597551,"3K-RGP reference (unlabelled)"
"IRIS_313-8279",-0.0249157081958736,-0.00430767600761134,-0.0319269021706755,0.0153955648211591,"3K-RGP reference (unlabelled)"
"IRIS_313-8283",0.00389760708933013,0.0550149013574845,0.00397869576747545,-0.00106113938104092,"3K-RGP reference (unlabelled)"
"IRIS_313-8285",-0.0239097978115475,-0.00528491258523562,-0.0352541100097276,0.0195959677684405,"3K-RGP reference (unlabelled)"
"IRIS_313-8288",0.0101306163641051,0.00429019999311492,-0.00099239160968211,0.00280228956257124,"3K-RGP reference (unlabelled)"
"IRIS_313-8291",0.0153941717915427,-0.00910967129115804,-0.00173846470785958,-0.00105591975113511,"3K-RGP reference (unlabelled)"
"IRIS_313-8292",0.0137365586987686,-0.00874959775774323,-0.00077115947909166,0.000555685987476282,"3K-RGP reference (unlabelled)"
"IRIS_313-8293",0.0148422011809181,-0.0079739194131756,-0.00217057061485638,-0.00190225171395613,"3K-RGP reference (unlabelled)"
"IRIS_313-8302",-0.0118998141084241,0.0270305330574037,0.000444879048687797,0.00507312189281636,"3K-RGP reference (unlabelled)"
"IRIS_313-8303",0.0129745417428752,-0.00246136400568323,0.00082102245996402,-0.000897996971748268,"3K-RGP reference (unlabelled)"
"IRIS_313-8305",0.0155075665371124,0.00538879750634433,0.00092119061519015,0.000339777098699151,"3K-RGP reference (unlabelled)"
"IRIS_313-8306",0.0143244866742528,0.00297977824803263,0.000211911190240364,-0.00111312890775264,"3K-RGP reference (unlabelled)"
"IRIS_313-8312",0.0149935471550694,-0.0089174328529368,-0.00244961788340636,-0.000416383620337683,"3K-RGP reference (unlabelled)"
"IRIS_313-8314",-0.0243431597648683,-0.0039512711887359,-0.026983112682342,0.0084929458941247,"3K-RGP reference (unlabelled)"
"IRIS_313-8315",0.013827195245427,-0.00811432412889328,-0.000499575578887636,8.80774998788768e-05,"3K-RGP reference (unlabelled)"
"IRIS_313-8316",0.0137364715049677,-0.00948749281479898,-0.00231283478266351,-0.00136616194643565,"3K-RGP reference (unlabelled)"
"IRIS_313-8321",0.00518608551847382,0.0621117498572073,0.00351770411565186,0.00161246353647189,"3K-RGP reference (unlabelled)"
"IRIS_313-8323",-0.0274519820352321,-0.00471974017375837,-0.0399188833524158,0.0202495360095694,"3K-RGP reference (unlabelled)"
"IRIS_313-8324",-0.00148474980198065,-0.00576510578891426,-0.00799256551339018,0.00216446426840587,"3K-RGP reference (unlabelled)"
"IRIS_313-8326",-0.0189993769096211,0.0124125914688925,-0.0183110869802382,-0.0916219821877502,"3K-RGP reference (unlabelled)"
"IRIS_313-8332",0.0143993988367656,-0.00317870710986384,0.000649225542728104,0.00234395278082397,"3K-RGP reference (unlabelled)"
"IRIS_313-8339",-0.0278485165926549,-0.00528864194717042,-0.0372808704252765,0.0207124133031158,"3K-RGP reference (unlabelled)"
"IRIS_313-8341",0.0156012377410509,-0.00805450608796039,0.000421641889554232,0.00120520289704246,"3K-RGP reference (unlabelled)"
"IRIS_313-8342",0.00474339510518441,0.0540242730165082,0.00396346587202445,0.0157213677761612,"3K-RGP reference (unlabelled)"
"IRIS_313-8349",0.0137536170033481,-0.00159982883786933,-0.000598848057717077,-0.00734582284977793,"3K-RGP reference (unlabelled)"
"IRIS_313-8356",-0.027516112759885,-0.00406094775585469,-0.031432098577965,0.0137355642635862,"3K-RGP reference (unlabelled)"
"IRIS_313-8368",0.0140778738287454,-0.00937926303101761,-0.00114457521445707,0.000234460087406075,"3K-RGP reference (unlabelled)"
"IRIS_313-8380",0.0139782399513201,-0.00746982475985957,0.00302538552827928,0.00260829503540709,"3K-RGP reference (unlabelled)"
"IRIS_313-8381",-0.0251711353082111,-0.00373802254739889,-0.032385729270767,0.0155159098713664,"3K-RGP reference (unlabelled)"
"IRIS_313-8382",0.00517285113936359,0.0270162786438733,0.00158719263763065,0.00853772215734435,"3K-RGP reference (unlabelled)"
"IRIS_313-8383",0.0128035714858491,-0.00820755910666631,0.000963180595797806,-0.000235796691543441,"3K-RGP reference (unlabelled)"
"IRIS_313-8385",-0.0188849884845824,0.0118961017683883,-0.0171927110145841,-0.0889141088547357,"3K-RGP reference (unlabelled)"
"IRIS_313-8386",0.0154947526192984,-0.00681746323776351,0.000471756313379118,0.000461208942484598,"3K-RGP reference (unlabelled)"
"IRIS_313-8387",-0.0286465742509511,-0.00505799338013239,0.0400859499322794,-0.00407550602768463,"3K-RGP reference (unlabelled)"
"IRIS_313-8390",0.00392811594919319,0.0653216005314274,0.0049462201421628,0.0177010136827886,"3K-RGP reference (unlabelled)"
"IRIS_313-8391",0.0150937588673017,-0.0017037615016261,-0.000464865520396758,-0.00115326677311221,"3K-RGP reference (unlabelled)"
"IRIS_313-8392",0.012077132978403,-0.00685301943007587,-2.50357196094901e-05,0.00150021726866037,"3K-RGP reference (unlabelled)"
"IRIS_313-8398",0.00314485414510725,0.0748243140742651,0.00524271006284074,0.0126861859368185,"3K-RGP reference (unlabelled)"
"IRIS_313-8399",-0.0303965994208191,-0.00650965404426011,0.0413417675264827,0.00512574848398844,"3K-RGP reference (unlabelled)"
"IRIS_313-8400",-0.0257838350763574,-0.00578856299653216,-0.00847753740892467,0.00884768405350858,"3K-RGP reference (unlabelled)"
"IRIS_313-8401",0.0121604264094341,-0.00555712252136425,-0.000115829382057294,0.000568875918574171,"3K-RGP reference (unlabelled)"
"IRIS_313-8405",0.0116668911449933,-0.00771366839397436,0.00302058906840231,-0.000692230848885598,"3K-RGP reference (unlabelled)"
"IRIS_313-8407",0.0149781621199624,-0.00966894044001238,-0.00211264424692771,-0.00230310603315169,"3K-RGP reference (unlabelled)"
"IRIS_313-8409",0.0127076698141735,-0.00812728762757036,0.00164213318720896,0.00056807530477471,"3K-RGP reference (unlabelled)"
"IRIS_313-8410",0.00431013479419063,0.06763812542881,0.00351536065683394,0.0199487364830036,"3K-RGP reference (unlabelled)"
"IRIS_313-8412",0.013381909798473,-0.00696784444775999,0.00237049244369397,0.00105388211372605,"3K-RGP reference (unlabelled)"
"IRIS_313-8414",0.00962725757052252,-0.00372582935829478,0.00374041218460465,-0.000680628753697761,"3K-RGP reference (unlabelled)"
"IRIS_313-8431",-0.0283787127462556,-0.00441129943522151,-0.0301609068677079,0.0138204129311628,"3K-RGP reference (unlabelled)"
"IRIS_313-8433",0.0146946040646577,-0.0101921863960804,0.00275262157661791,0.00321203776324856,"3K-RGP reference (unlabelled)"
"IRIS_313-8434",-0.0272173647466399,-0.00507504367889274,-0.036813256254021,0.0200771286069481,"3K-RGP reference (unlabelled)"
"IRIS_313-8435",0.0142276583715238,-0.00772433532408224,0.00300840254847443,0.00238084551670644,"3K-RGP reference (unlabelled)"
"IRIS_313-8436",-0.0235744045672689,-0.00346682035301817,-0.0302714168483016,0.00510281487889241,"3K-RGP reference (unlabelled)"
"IRIS_313-8437",0.0148640895962603,-0.00729090348635565,-0.000223266892363498,-0.00229155841739634,"3K-RGP reference (unlabelled)"
"IRIS_313-8439",-0.0257837216668868,-0.00483370907449505,-0.0373129659161761,0.0190510559101535,"3K-RGP reference (unlabelled)"
"IRIS_313-8444",-0.02881055447263,-0.00554243875521375,0.0234445366830437,0.00817925689764934,"3K-RGP reference (unlabelled)"
"IRIS_313-8450",0.0135599340897132,0.00617578774278668,0.000424532130261038,-0.00161710617492065,"3K-RGP reference (unlabelled)"
"IRIS_313-8453",0.015292979973079,-0.00610008724845315,0.000947612183401355,-0.000207439102208085,"3K-RGP reference (unlabelled)"
"IRIS_313-8454",0.0159572117685206,-0.00899450138348664,0.00209765127295112,0.00386751753302996,"3K-RGP reference (unlabelled)"
"IRIS_313-8457",0.0103391186341467,-0.00738101434722966,0.000831985506322348,-0.000992226799900284,"3K-RGP reference (unlabelled)"
"IRIS_313-8458",0.0139077904960965,-0.00311184544438667,0.00096188178755388,0.000596478261643035,"indx"
"IRIS_313-8466",0.0145646152229179,-0.00943369112037043,-0.00145710911671906,-0.00149063549641319,"3K-RGP reference (unlabelled)"
"IRIS_313-8468",0.0136485382518008,-0.00956782939443908,-0.0016157662888403,-0.00203257223951877,"3K-RGP reference (unlabelled)"
"IRIS_313-8474",0.0121082963507316,-0.00898239853229947,0.000848662985658815,-0.000869248889190408,"3K-RGP reference (unlabelled)"
"IRIS_313-8481",-0.0306284142551044,-0.00636937792131566,0.0521377672625562,0.000218963090507325,"3K-RGP reference (unlabelled)"
"IRIS_313-8485",0.014570326875621,-0.0104624545359168,-0.0015546778305078,-0.00118982910638618,"3K-RGP reference (unlabelled)"
"IRIS_313-8486",-0.0258876841335522,-0.00201332408553805,-0.0038581711210155,-0.00947690548578898,"3K-RGP reference (unlabelled)"
"IRIS_313-8492",0.0141675420353004,-0.00928762272024228,-0.0010392802401063,-0.000438538045575721,"3K-RGP reference (unlabelled)"
"IRIS_313-8493",0.0157161597917238,-0.00913259545688723,-0.00181572510513675,-0.000926608405586566,"3K-RGP reference (unlabelled)"
"IRIS_313-8498",-0.0104472468204673,0.00599864720567654,-0.0106802765228386,-0.0691463611834717,"3K-RGP reference (unlabelled)"
"IRIS_313-8502",-0.0265321383805813,-0.00603717861752665,0.0345721345102763,0.00404689004017079,"3K-RGP reference (unlabelled)"
"IRIS_313-8509",0.0147238928666724,0.00097493486671222,0.00158732492547909,-0.00215642152649964,"3K-RGP reference (unlabelled)"
"IRIS_313-8514",0.0133089386701622,-0.00884578697352033,0.00279326128746129,0.00102461194462762,"3K-RGP reference (unlabelled)"
"IRIS_313-8519",-0.0259691040287781,-0.00192983500108853,-0.00371446696203272,-0.00695188798069759,"3K-RGP reference (unlabelled)"
"IRIS_313-8523",-0.0284792752751433,-0.0051434918451014,-0.0403617356672065,0.0209133487774895,"3K-RGP reference (unlabelled)"
"IRIS_313-8530",0.0135605269903431,-0.000622811697873096,-0.00196677658395295,-0.00216004013684621,"3K-RGP reference (unlabelled)"
"IRIS_313-8536",0.01423795541894,-0.00964241976881159,-0.00190510934457468,-0.00193242585764371,"3K-RGP reference (unlabelled)"
"IRIS_313-8554",0.00274952269006006,0.0557135706460674,0.00350042609224647,0.0188463912829357,"3K-RGP reference (unlabelled)"
"IRIS_313-8557",0.0152113696782264,-0.0102280467464946,-0.00232668647469049,-0.000972074728967549,"3K-RGP reference (unlabelled)"
"IRIS_313-8559",0.0128893189201247,-0.000875644842262419,0.00193648573631237,0.000705633487382275,"3K-RGP reference (unlabelled)"
"IRIS_313-8565",-0.0257248744396746,-0.004545295120276,-0.00448530207575531,-0.00561443076163494,"3K-RGP reference (unlabelled)"
"IRIS_313-8567",0.0149198914812903,-0.00944727566512223,-0.000588956174939114,-0.000135526740042684,"3K-RGP reference (unlabelled)"
"IRIS_313-8568",0.0131438586800718,0.00569577841687442,9.59307580657206e-05,0.00126821255180864,"3K-RGP reference (unlabelled)"
"IRIS_313-8571",0.0143348294983847,-0.00905158631884916,-0.00103657127073941,-0.000307468084381136,"3K-RGP reference (unlabelled)"
"IRIS_313-8572",-0.0280057993542559,-0.00434587014450854,-0.0310804710131728,0.0143437867234587,"3K-RGP reference (unlabelled)"
"IRIS_313-8578",-0.0272677084227262,-0.00414990059757226,-0.00781226038340418,-0.00534657283859473,"3K-RGP reference (unlabelled)"
"IRIS_313-8580",-0.0263569295770299,-0.0040083710508709,-0.00438831208289096,-0.00324118294835559,"3K-RGP reference (unlabelled)"
"IRIS_313-8585",0.0146948280270823,-0.00757944195418957,-4.85563315220953e-05,-0.000148044660464019,"3K-RGP reference (unlabelled)"
"IRIS_313-8586",0.0155898441854289,-0.00947756450901206,-0.000536915776613491,-0.000254453018677879,"3K-RGP reference (unlabelled)"
"IRIS_313-8591",0.0131512152685921,-0.00988127560648252,-0.00204085707142956,-0.00213709515521926,"3K-RGP reference (unlabelled)"
"IRIS_313-8594",-0.0270559772872024,-0.00402745049858143,-0.0374642391425503,0.017471926719444,"3K-RGP reference (unlabelled)"
"IRIS_313-8595",0.00844583489376654,0.0176469178060649,-0.00142718815961224,0.00638883199323801,"3K-RGP reference (unlabelled)"
"IRIS_313-8599",-0.0275140981564788,-0.00344244009937069,-0.00776278525891435,-0.00570258533528329,"3K-RGP reference (unlabelled)"
"IRIS_313-8603",0.0131037330239189,-0.00695321615040453,0.000535041065250148,0.00124794848567172,"3K-RGP reference (unlabelled)"
"IRIS_313-8606",0.0151883521870813,-0.00999272423236356,-0.00274327100956554,-0.00174870390055124,"3K-RGP reference (unlabelled)"
"IRIS_313-8608",0.0142418499941288,-0.00931165618777214,-0.00158554835902788,-5.11910210828166e-07,"3K-RGP reference (unlabelled)"
"IRIS_313-8614",0.0137433080876744,-0.00210447401178887,0.000693784734895101,-0.00101203362830472,"3K-RGP reference (unlabelled)"
"IRIS_313-8616",0.0154601227911949,-0.00654164174293583,0.00252275611579823,0.00079889022619533,"3K-RGP reference (unlabelled)"
"IRIS_313-8621",0.0146421262739401,-0.00806417471322261,0.00187203997221732,-0.000971683751608293,"ind1B"
"IRIS_313-8622",0.0120528273743812,0.00750980106498795,0.00140686855761608,-1.54571682775825e-05,"3K-RGP reference (unlabelled)"
"IRIS_313-8626",-0.026373044187146,-0.00403488533869939,-0.034709650124561,0.015052746514042,"3K-RGP reference (unlabelled)"
"IRIS_313-8627",-0.0286083390144,-0.0057932440831612,-0.018445501275282,0.0178993439041603,"3K-RGP reference (unlabelled)"
"IRIS_313-8631",0.0133167681881354,0.000742107084957146,0.00199731800850321,0.0010538396339243,"3K-RGP reference (unlabelled)"
"IRIS_313-8632",0.0124308331755349,-0.00133704130836462,-0.000213140393045555,-0.00595633005829199,"3K-RGP reference (unlabelled)"
"IRIS_313-8637",-0.0258247214885204,-0.00206733482102173,-0.00559173877496699,-0.00765150004561278,"3K-RGP reference (unlabelled)"
"IRIS_313-8638",0.0147257132751508,-0.0096478825805628,-0.00101728640982948,-0.000843964669850287,"3K-RGP reference (unlabelled)"
"IRIS_313-8641",0.00477595400344379,0.0616857560212215,0.00312464211319482,0.0170543869811064,"3K-RGP reference (unlabelled)"
"IRIS_313-8643",0.0144203145626738,-0.00897727867898014,-0.00229773799936232,-0.00103555692506049,"3K-RGP reference (unlabelled)"
"IRIS_313-8645",0.0146080820356343,-0.00747690409128463,0.00328876779894165,0.00282763335602558,"3K-RGP reference (unlabelled)"
"IRIS_313-8647",0.0135202397937925,0.00257593689509077,0.0018281325727757,0.000782516916052155,"3K-RGP reference (unlabelled)"
"IRIS_313-8655",0.004001024075309,0.062056783868222,0.00479569277230947,0.00847384849980006,"3K-RGP reference (unlabelled)"
"IRIS_313-8656",-0.014390583728525,0.0249376842920754,-0.0199463731036673,-0.1070817815381,"3K-RGP reference (unlabelled)"
"IRIS_313-8657",0.0126819228858862,-0.000107749587115141,-0.000190961382319632,-0.00323758182172116,"3K-RGP reference (unlabelled)"
"IRIS_313-8658",-0.0286705922120939,-0.00632259546380673,0.000835177277163266,0.0137911271648894,"3K-RGP reference (unlabelled)"
"IRIS_313-8659",0.014832804644343,-0.00569187724762098,-0.000833673158199115,-0.00128508590632674,"3K-RGP reference (unlabelled)"
"IRIS_313-8660",0.0142849875633953,0.00425248912069446,0.00162892189302159,0.0021606960761244,"3K-RGP reference (unlabelled)"
"IRIS_313-8664",-0.0246238746041803,-0.00334537652667433,-0.0354440505258347,0.0135645704545531,"3K-RGP reference (unlabelled)"
"IRIS_313-8665",-0.0299463000520933,-0.00574116482707914,0.0309642031427323,0.00555858212862701,"3K-RGP reference (unlabelled)"
"IRIS_313-8669",-0.026810353753114,-0.00273996435440291,-0.0165629401502539,0.0017516824112654,"3K-RGP reference (unlabelled)"
"IRIS_313-8674",0.0143438794440868,-0.00901105666748214,-0.000479119838969419,-0.00032787581425729,"3K-RGP reference (unlabelled)"
"IRIS_313-8679",0.014784358658027,-0.010201661452867,-0.000430928932604259,-0.000856846598302426,"3K-RGP reference (unlabelled)"
"IRIS_313-8681",0.0145715265433205,-0.0098197544273579,-0.00242380230388578,-0.0015130954676081,"3K-RGP reference (unlabelled)"
"IRIS_313-8683",0.0142623863976585,-0.00414942678407019,4.47612386328469e-05,-0.0040469747418463,"3K-RGP reference (unlabelled)"
"IRIS_313-8687",-0.0277056704179799,-0.00542943684652792,-0.0384321492938769,0.0200836580834576,"3K-RGP reference (unlabelled)"
"IRIS_313-8690",-0.0251546804492601,-0.00463143446033321,0.026125654816734,-0.00598274159183974,"3K-RGP reference (unlabelled)"
"IRIS_313-8694",-0.0286996204650573,-0.0051674201537863,-0.0422712227155254,0.0210775408713777,"3K-RGP reference (unlabelled)"
"IRIS_313-8697",0.0152812471237615,-0.00952720070755389,-0.00107574970117739,-0.00144027987561592,"3K-RGP reference (unlabelled)"
"IRIS_313-8699",0.012736709302571,-0.00208380210881972,-0.00155219043170995,0.000745765027058494,"3K-RGP reference (unlabelled)"
"IRIS_313-8702",0.0151311373279253,-0.00985677710995494,-0.000948023885056134,-0.000910447020868067,"3K-RGP reference (unlabelled)"
"IRIS_313-8703",0.0152450780845487,-0.00361595158112983,-8.48858556637255e-05,-0.00257965938352759,"3K-RGP reference (unlabelled)"
"IRIS_313-8704",0.0120253397906078,0.00825816708831426,0.00233620708066289,-0.000346306385711127,"3K-RGP reference (unlabelled)"
"IRIS_313-8712",-0.0187610032160748,0.0120523927364181,-0.020710061031469,-0.098023274113879,"3K-RGP reference (unlabelled)"
"IRIS_313-8713",0.0142470537055183,-0.00936889043350511,-0.00184045809019578,-0.00157068543107092,"3K-RGP reference (unlabelled)"
"IRIS_313-8717",0.0148902611185925,-0.000677310629161429,0.000454906498758458,-0.000982895329889784,"3K-RGP reference (unlabelled)"
"IRIS_313-8721",0.00380871270522746,0.0690443178225015,0.0034369546437008,0.00727259294398466,"3K-RGP reference (unlabelled)"
"IRIS_313-8722",0.0148707876138406,-0.010132372730906,-0.000724098662977261,-0.000977733913516879,"3K-RGP reference (unlabelled)"
"IRIS_313-8723",0.0126488559305691,-0.00901674755929548,-0.00173383523951032,-0.0022077165745619,"3K-RGP reference (unlabelled)"
"IRIS_313-8725",0.0147266609543365,-0.0102851872171322,-0.00264479008033218,-0.0025444608886317,"3K-RGP reference (unlabelled)"
"IRIS_313-8727",0.0134165770232304,0.00130601120172764,0.00122725734637691,0.00013677615039647,"3K-RGP reference (unlabelled)"
"IRIS_313-8731",0.0124509179627321,-0.00164753416152575,0.00102296010282507,0.000370210167412419,"ind2"
"IRIS_313-8732",0.0135180814100134,-0.00945237385057137,0.00221449535843648,0.00201850494775701,"3K-RGP reference (unlabelled)"
"IRIS_313-8733",0.0145766079989506,0.00193998563017497,0.000480147175914834,-0.00248257287967944,"3K-RGP reference (unlabelled)"
"IRIS_313-8735",-0.0253504111457956,-0.00418720744941518,0.0256744903355621,-0.00646895996361365,"3K-RGP reference (unlabelled)"
"IRIS_313-8737",0.0135539333661446,0.000465977852089566,0.000813286897505799,-0.000696918232473478,"3K-RGP reference (unlabelled)"
"IRIS_313-8739",0.00504942041984139,0.0161617953500122,-0.00403744921006811,0.00578044103297624,"3K-RGP reference (unlabelled)"
"IRIS_313-8743",0.0132229158558866,-0.00711796609022218,0.000797090557294902,0.00142943066651248,"3K-RGP reference (unlabelled)"
"IRIS_313-8744",0.0127813548199858,-0.00888902753230403,-0.00174134040687312,-0.000764664632402772,"3K-RGP reference (unlabelled)"
"IRIS_313-8745",-0.028144170328273,-0.00554456100506064,-0.0389018486670558,0.0206322554811976,"3K-RGP reference (unlabelled)"
"IRIS_313-8747",-0.0165167152661941,0.0203894283847797,-0.0121754349143282,-0.0947148211355459,"3K-RGP reference (unlabelled)"
"IRIS_313-8751",0.0158303230908248,-0.0106151636233458,-0.00158360963774485,-0.00100214409410997,"3K-RGP reference (unlabelled)"
"IRIS_313-8754",0.0140270248149785,0.00299001363475854,0.00200413363840623,0.00164224649928627,"ind2"
"IRIS_313-8755",-0.0307752929813519,-0.00622146406702645,0.052216997377469,0.000449380009423657,"3K-RGP reference (unlabelled)"
"IRIS_313-8757",0.0133054022189263,0.000371673998591566,0.000448999393179977,-0.000680977657001079,"3K-RGP reference (unlabelled)"
"IRIS_313-8765",-0.0155117166833051,0.0143383533619853,-0.0162738408012054,-0.0966763637971219,"3K-RGP reference (unlabelled)"
"IRIS_313-8767",0.0142319103727114,-0.00953641765162702,-0.0011232946679454,-0.00101550582790245,"3K-RGP reference (unlabelled)"
"IRIS_313-8768",-0.0277436224136457,-0.00546227189281312,-0.0386215660147368,0.0202206801848995,"3K-RGP reference (unlabelled)"
"IRIS_313-8769",-0.0279938389140271,-0.0045596295644456,-0.0389826123125349,0.0164977584313099,"3K-RGP reference (unlabelled)"
"IRIS_313-8771",0.00422348441788996,0.0644625297078193,0.00454506926244733,0.0140696375695632,"3K-RGP reference (unlabelled)"
"IRIS_313-8778",-0.0277736878568518,-0.00446180799646672,-0.0350442205367251,0.0185379198562721,"3K-RGP reference (unlabelled)"
"IRIS_313-8781",0.0107858969691599,-0.00927802943384983,-0.00486382765133668,1.52873911414577e-05,"3K-RGP reference (unlabelled)"
"IRIS_313-8783",0.00818024468002804,0.0192369029264985,0.00351085369812595,0.00843821488129432,"3K-RGP reference (unlabelled)"
"IRIS_313-8785",0.0153115932947843,-0.00970489034281732,-0.00107875883841355,-0.00186813596902513,"3K-RGP reference (unlabelled)"
"IRIS_313-8789",0.00390003189238092,0.0656072278857608,0.00415342075816914,0.0155598620568307,"3K-RGP reference (unlabelled)"
"IRIS_313-8791",0.013749271571017,-0.00967476373221524,-0.00198682105394425,-0.00135307452654272,"3K-RGP reference (unlabelled)"
"IRIS_313-8793",0.0125537541508202,-0.00879946849042621,6.74023034773546e-05,-4.5405183628724e-05,"3K-RGP reference (unlabelled)"
"IRIS_313-8796",0.0126918719351664,-0.00112102208380065,0.000744859355386988,0.000946031030040954,"3K-RGP reference (unlabelled)"
"IRIS_313-8803",-0.0279371436922159,-0.00545406754581311,-0.040359282349044,0.0224879906208777,"3K-RGP reference (unlabelled)"
"IRIS_313-8811",0.0126061938793479,-0.00935377662806889,-0.00289541892210588,-0.00220299059216465,"3K-RGP reference (unlabelled)"
"IRIS_313-8812",0.0133609694248538,-0.0101887399371249,-0.00129706233924111,-0.000703152263191911,"3K-RGP reference (unlabelled)"
"IRIS_313-8813",-0.0162452306732898,0.0164488314464544,-0.0198880747409066,-0.105578759964734,"3K-RGP reference (unlabelled)"
"IRIS_313-8814",-0.0154850974508553,0.0169070553615832,-0.0184217261358113,-0.0984478725048026,"3K-RGP reference (unlabelled)"
"IRIS_313-8815",-0.0261156080893323,-0.00233831578341973,-0.00367776516586703,-0.00782388784540781,"3K-RGP reference (unlabelled)"
"IRIS_313-8822",0.00228882605746583,0.043982556755843,0.00278756097658528,0.0123283707367838,"3K-RGP reference (unlabelled)"
"IRIS_313-8831",0.0141203420759434,-0.00987311395142928,-0.0012711081702065,-0.00066913116481046,"3K-RGP reference (unlabelled)"
"IRIS_313-8833",0.0147744404237861,-0.00862671465095395,-0.0013759603760975,-0.00120711997439462,"3K-RGP reference (unlabelled)"
"IRIS_313-8844",0.0143006891580674,-0.00383139061509825,0.00111527267283812,-0.00129096408651859,"3K-RGP reference (unlabelled)"
"IRIS_313-8846",0.0152778904122199,-0.004933933516819,0.00125159264106526,-0.000969170131042055,"3K-RGP reference (unlabelled)"
"IRIS_313-8850",0.0125345032533216,0.00623203227167984,0.000837199686843382,-0.000967670507630859,"3K-RGP reference (unlabelled)"
"IRIS_313-8854",0.0127182210168178,-0.00615136914168554,0.000109164432459342,-0.00332490403839152,"3K-RGP reference (unlabelled)"
"IRIS_313-8856",-0.0302526812490115,-0.00605694686693233,0.0374890071276731,0.00460670788303196,"3K-RGP reference (unlabelled)"
"IRIS_313-8857",-0.0258374012830058,-0.00193383384846173,-0.00377911664316055,-0.00853661362961018,"3K-RGP reference (unlabelled)"
"IRIS_313-8859",0.00876111734727568,-0.00685435670490021,0.00379426927842612,0.00254528981527425,"3K-RGP reference (unlabelled)"
"IRIS_313-8864",0.00550360039586173,0.0726450470255191,0.00534926979186294,0.01870837598616,"3K-RGP reference (unlabelled)"
"IRIS_313-8865",-0.0254661797530631,-0.00460754084324733,-0.0336087256922172,0.0146051458605426,"3K-RGP reference (unlabelled)"
"IRIS_313-8870",0.014705663782235,-0.00983305617558941,-0.00151608352926778,-0.00219169436767438,"3K-RGP reference (unlabelled)"
"IRIS_313-8872",-0.0153662444074496,-0.00326453648404264,-0.0045395447802515,-0.00215957286111453,"3K-RGP reference (unlabelled)"
"IRIS_313-8873",-0.0121692902625445,-0.00745090605979379,0.028970673548749,-0.000442904262488663,"3K-RGP reference (unlabelled)"
"IRIS_313-8876",-0.0274783051971156,-0.00425817742597013,-0.0383638943439652,0.0179974379947754,"3K-RGP reference (unlabelled)"
"IRIS_313-8880",0.00047967986997668,-0.00568702407278135,0.00204560003462138,0.00102935728980177,"3K-RGP reference (unlabelled)"
"IRIS_313-8883",-0.0248693349465914,-0.00450697352539175,0.025429550761966,-0.00624288540897437,"3K-RGP reference (unlabelled)"
"IRIS_313-8884",-0.0266477194777066,-0.00407588307730925,-0.0153096967790035,-0.00136145486507258,"3K-RGP reference (unlabelled)"
"IRIS_313-8889",0.0116965866464451,-0.00789141858480668,0.0020993583059859,-0.000604819543077129,"3K-RGP reference (unlabelled)"
"IRIS_313-8890",-0.0298607152013042,-0.00523692707705932,0.042023944751083,-0.00391297924323539,"3K-RGP reference (unlabelled)"
"IRIS_313-8894",-0.0267743533371845,-0.00447940755952215,-0.0362812146596288,0.0145225755536284,"3K-RGP reference (unlabelled)"
"IRIS_313-8895",0.0120802447797014,-0.00948868739979503,-0.000583197375808074,-0.0025923980247462,"3K-RGP reference (unlabelled)"
"IRIS_313-8900",0.0146496402131826,-0.00264025682072981,0.000879894011706615,-0.00199081572663837,"3K-RGP reference (unlabelled)"
"IRIS_313-8903",0.0112666391336687,-0.00811110087264967,-0.00341445279954515,0.00118631353416256,"3K-RGP reference (unlabelled)"
"IRIS_313-8909",0.0155603133715898,-0.00939602169124588,-0.00106929038084556,-0.000345017877648577,"3K-RGP reference (unlabelled)"
"IRIS_313-8911",-0.00537437906465434,-0.00323109694857423,-0.0172622886049776,0.00595112712164274,"3K-RGP reference (unlabelled)"
"IRIS_313-8914",0.0127734904519409,-0.00696317684404563,0.00461237949533333,0.00149057106458365,"3K-RGP reference (unlabelled)"
"IRIS_313-8920",0.0141979290883119,-0.000286453574650299,-0.000298258420619819,-0.00313715013065145,"3K-RGP reference (unlabelled)"
"IRIS_313-8921",-3.42063848139158e-05,-5.84560189338849e-05,0.000103077560204994,4.75020338296916e-06,"3K-RGP reference (unlabelled)"
"IRIS_313-8922",0.0136930956582506,-0.00273664425262453,-0.000477273286419866,-0.00324130093516776,"3K-RGP reference (unlabelled)"
"IRIS_313-8923",-0.0279892086643551,-0.00579808625370282,-0.0195796929891077,0.0194179202208329,"3K-RGP reference (unlabelled)"
"IRIS_313-8924",0.0142712508231873,0.000460259459007094,0.000366306862058822,-0.0014573182730452,"ind2"
"IRIS_313-8925",0.0143221139020209,0.00224670663780372,0.00120939765003425,0.000892704358015686,"3K-RGP reference (unlabelled)"
"IRIS_313-8927",-0.0276345233516787,-0.00421350860333657,0.00611424570788764,-0.00454907912715595,"3K-RGP reference (unlabelled)"
"IRIS_313-8930",0.0154764210927171,-0.00843490129527394,0.000250842202142789,0.00135306939303833,"3K-RGP reference (unlabelled)"
"IRIS_313-8932",0.0137299121751705,-0.00945093010573057,0.000260815638943837,-0.00199427072093285,"3K-RGP reference (unlabelled)"
"IRIS_313-8935",0.00705339901434958,-0.00838226961295156,-0.0046231106544888,0.00504013552289165,"3K-RGP reference (unlabelled)"
"IRIS_313-8940",0.0153486700204189,-0.010057102660948,0.00325250680990919,0.00344322226321114,"3K-RGP reference (unlabelled)"
"IRIS_313-8946",0.0130457942989798,-0.00734155223187919,-2.9401855349347e-05,-0.00193249723695065,"3K-RGP reference (unlabelled)"
"IRIS_313-8948",0.015762306438604,-0.00927346755013467,-0.000420255399367682,-0.0010135156445041,"3K-RGP reference (unlabelled)"
"IRIS_313-8955",-0.0256953362839374,-0.00401024914153948,-0.0335054005843509,0.0130341318221796,"3K-RGP reference (unlabelled)"
"IRIS_313-8956",0.0121395579718283,-0.00853192054314883,-0.00145749649225487,-0.00112419409026139,"3K-RGP reference (unlabelled)"
"IRIS_313-8957",0.0149739084687898,-0.0029995135932429,0.00030992685614945,-0.0023208897257563,"3K-RGP reference (unlabelled)"
"IRIS_313-8960",-0.0272072405278784,-0.00549864053001582,-0.0388520021281548,0.0207129315793332,"3K-RGP reference (unlabelled)"
"IRIS_313-8963",0.00445195730608035,0.0711245213791119,0.00457056262320329,0.0145872479105402,"3K-RGP reference (unlabelled)"
"IRIS_313-8967",0.0150200834774298,-0.00845450615008664,0.000467441249722533,0.00106379861623018,"3K-RGP reference (unlabelled)"
"IRIS_313-8968",0.0140579284209215,0.00444714698441045,0.00162664980405428,0.00139774645153007,"3K-RGP reference (unlabelled)"
"IRIS_313-8976",-0.0272621221708134,-0.00543360076484957,-0.0378908126075296,0.0207408826730179,"3K-RGP reference (unlabelled)"
"IRIS_313-8978",0.0147818876432382,-0.00916117491692938,-0.00256188433073229,-0.000988819262839375,"3K-RGP reference (unlabelled)"
"IRIS_313-8980",0.0152558579597949,-0.0102518661815579,-0.000920952535462965,-0.000996574575071258,"3K-RGP reference (unlabelled)"
"IRIS_313-8982",0.0133937638727543,0.00529030683827646,0.00152830168779533,0.00261052997534319,"indx"
"IRIS_313-8985",0.0157141518053604,-0.00981015031187534,-0.000524521030413681,-0.00144318474961017,"3K-RGP reference (unlabelled)"
"IRIS_313-8986",0.0123526962660909,0.0111205150673884,0.000490025688191605,0.00322625889460416,"3K-RGP reference (unlabelled)"
"IRIS_313-8987",0.0130888712267596,0.000521878317087529,0.00207660955823072,0.00111401897250641,"3K-RGP reference (unlabelled)"
"IRIS_313-8988",0.0154662570890175,0.000833652725898672,0.000724449162324678,1.82681386647121e-05,"3K-RGP reference (unlabelled)"
"IRIS_313-8994",0.0142570537583657,-0.00588556436224643,-0.000721920388196119,-0.000437189214324452,"3K-RGP reference (unlabelled)"
"IRIS_313-8996",0.0151117226811872,-0.0096274446168799,-0.00119753416678102,0.000517885471649211,"3K-RGP reference (unlabelled)"
"IRIS_313-8998",-0.0257613210721382,-0.00349018636541904,-0.0353704593903419,0.014171231987378,"3K-RGP reference (unlabelled)"
"IRIS_313-8999",-0.0260480222476236,-0.00254918781940011,-0.00943485126946136,-0.00859687708851759,"3K-RGP reference (unlabelled)"
"IRIS_313-9002",-0.0304390428315301,-0.00625356502908775,0.0519592488607791,0.000461038403782294,"3K-RGP reference (unlabelled)"
"IRIS_313-9005",0.0148846880548756,-0.0091435431237256,-0.00194288929974231,-0.00153469174004254,"3K-RGP reference (unlabelled)"
"IRIS_313-9006",0.0147955795627999,-0.00972120079292193,3.8535733017952e-05,0.000119766813909231,"3K-RGP reference (unlabelled)"
"IRIS_313-9017",0.0155308307385255,-0.00751243618925778,0.00069597799381528,-0.000193454286088895,"3K-RGP reference (unlabelled)"
"IRIS_313-9019",0.0156075771901349,-0.0101631204594196,-0.00105328553738656,-0.000482611003650988,"3K-RGP reference (unlabelled)"
"IRIS_313-9020",0.0155964424985423,-0.00997649847772953,-0.00166778802724074,-0.00270219377366788,"3K-RGP reference (unlabelled)"
"IRIS_313-9023",0.0139086959721325,-0.00381773627514056,0.00118645044328109,-6.39161757547608e-06,"indx"
"IRIS_313-9032",0.0131549065912016,-0.00902489135082839,-0.000608674938420031,0.00247849670164773,"3K-RGP reference (unlabelled)"
"IRIS_313-9039",0.013715327462859,0.000649137862238414,3.7141949477946e-05,-0.00435161046902125,"3K-RGP reference (unlabelled)"
"IRIS_313-9044",0.0125855282958769,-0.00614121615902673,0.0016659666185811,-0.000415206561821176,"3K-RGP reference (unlabelled)"
"IRIS_313-9048",-0.0256816422409684,-0.0020046779272484,-0.00613426226413838,-0.00755535311282726,"3K-RGP reference (unlabelled)"
"IRIS_313-9049",0.0123583275811343,-0.000572694319248501,-0.000662000427599455,-0.0110109915560886,"3K-RGP reference (unlabelled)"
"IRIS_313-9050",-0.0262306899272901,-0.00453836157754145,-0.0369702437491559,0.018986063863428,"3K-RGP reference (unlabelled)"
"IRIS_313-9053",-0.0211460604649913,0.00786661518502317,-0.0152681409658396,-0.0527862135997995,"3K-RGP reference (unlabelled)"
"IRIS_313-9054",0.0151622286752599,-0.00881908596819894,-0.00137548794781974,-0.000374891224703521,"3K-RGP reference (unlabelled)"
"IRIS_313-9062",0.0143507595153934,-0.00896122481268141,-0.000860763813659105,0.000146101565420428,"3K-RGP reference (unlabelled)"
"IRIS_313-9065",0.0130595883996264,-0.00875125802967598,0.00456247062945742,0.00416956454106927,"3K-RGP reference (unlabelled)"
"IRIS_313-9066",0.00562857450616106,-0.00841978115520724,-0.00633440653897695,0.00442745634194128,"3K-RGP reference (unlabelled)"
"IRIS_313-9067",0.0140236911244666,0.0016718786303397,-0.000172418066866823,-0.00305123755613295,"3K-RGP reference (unlabelled)"
"IRIS_313-9070",0.0143563448964682,-0.00938074899539906,-0.00201601443923364,-0.00188814678162028,"3K-RGP reference (unlabelled)"
"IRIS_313-9072",0.0148412531771523,0.000485076039380603,0.00129723058168479,-0.00279018516787731,"3K-RGP reference (unlabelled)"
"IRIS_313-9081",-0.0298571248475725,-0.00577167510706955,0.0492151913875603,-0.000659504811322604,"3K-RGP reference (unlabelled)"
"IRIS_313-9083",-0.0152492536975684,0.0212121320920213,-0.0201713086887474,-0.111838912896912,"3K-RGP reference (unlabelled)"
"IRIS_313-9091",0.0119871163598403,-0.000844531980619154,0.000275419862829591,-0.000626911360013512,"3K-RGP reference (unlabelled)"
"IRIS_313-9097",0.0145959757960799,-0.00858796346783599,-0.000745441049600409,-0.00107783404278787,"3K-RGP reference (unlabelled)"
"IRIS_313-9098",0.0144710760818633,-0.00858811666113409,-0.00209900411799489,-0.000964922299067666,"3K-RGP reference (unlabelled)"
"IRIS_313-9101",-0.00859949026814358,-0.00514482901883671,-0.0170322352357645,0.00818399427513456,"3K-RGP reference (unlabelled)"
"IRIS_313-9102",0.0132637043231966,-0.00909705749715533,-0.00285610490648487,-0.0017555938006888,"3K-RGP reference (unlabelled)"
"IRIS_313-9108",0.00743890649706985,-0.00303939111091824,0.00188360410701126,-0.00490367233546982,"3K-RGP reference (unlabelled)"
"IRIS_313-9111",0.0138764409764488,-0.00707807923090504,0.00242095741265164,0.00246095520880175,"3K-RGP reference (unlabelled)"
"IRIS_313-9112",0.0155351504904183,-0.0108339675236158,-0.00135841763726881,7.58945807949756e-05,"3K-RGP reference (unlabelled)"
"IRIS_313-9114",0.0145802177901475,-0.00780618125850493,-0.000256058505951211,-0.000765596873319345,"3K-RGP reference (unlabelled)"
"IRIS_313-9115",0.014192479961533,-0.0105661745476757,-0.0015925697325456,-0.00057550719166279,"3K-RGP reference (unlabelled)"
"IRIS_313-9116",0.0154910380855623,-0.0109556423389246,-0.00198301439822642,-0.000485656771558622,"3K-RGP reference (unlabelled)"
"IRIS_313-9117",0.0144415027556602,-0.00888968226037197,-0.00236299114777467,-0.00193555941606392,"3K-RGP reference (unlabelled)"
"IRIS_313-9119",0.0143736312867224,-0.0106430824770895,-0.00162319898451105,-0.000520398449657302,"3K-RGP reference (unlabelled)"
"IRIS_313-9120",-5.56591991891526e-06,0.00606082075432669,-0.00795726434184524,-0.0487124347283363,"3K-RGP reference (unlabelled)"
"IRIS_313-9121",0.0157631624041008,0.000468054527086076,0.000691985816182382,-0.000455258432668954,"3K-RGP reference (unlabelled)"
"IRIS_313-9123",-0.0254535637793012,-0.0037492272898974,-0.0125909257294741,-0.00289936447800374,"3K-RGP reference (unlabelled)"
"IRIS_313-9129",-0.0262898795294606,-0.00421507717512661,-0.029589909586527,0.0134080767511342,"3K-RGP reference (unlabelled)"
"IRIS_313-9131",0.0154193301336109,-0.00891091450814618,-0.00165090048324219,-0.00162167911212679,"3K-RGP reference (unlabelled)"
"IRIS_313-9137",0.0037853073674057,0.043941456133413,0.00138450020622273,0.014598976435933,"3K-RGP reference (unlabelled)"
"IRIS_313-9139",0.0139995883906197,-0.00106529953604298,0.000668476653718397,-0.00184147685348217,"3K-RGP reference (unlabelled)"
"IRIS_313-9140",-0.024538860903924,-0.00685827912740403,0.0452711179636731,-0.000461599015371138,"3K-RGP reference (unlabelled)"
"IRIS_313-9148",0.0135489681970773,0.00640477521919544,0.000619797452051266,-0.00236272574731542,"3K-RGP reference (unlabelled)"
"IRIS_313-9156",0.0151379323128076,-0.00285969770015306,-0.000159875264936424,-0.00135538562524116,"3K-RGP reference (unlabelled)"
"IRIS_313-9160",0.0150295620965907,-0.00861510336575787,-0.00185694359489973,-0.00107810972277,"3K-RGP reference (unlabelled)"
"IRIS_313-9170",-0.0172277665550929,0.0109312761361159,-0.0170292541993228,-0.0933274157580417,"3K-RGP reference (unlabelled)"
"IRIS_313-9172",-0.0184002964349781,0.0130841711112254,-0.018462560880781,-0.0999366190780098,"3K-RGP reference (unlabelled)"
"IRIS_313-9174",0.0143349033774383,-0.00465952805476116,-3.80104872504342e-06,-0.00277505274692377,"3K-RGP reference (unlabelled)"
"IRIS_313-9176",-0.0274737951249943,-0.00389642405859439,-0.0158397128219794,0.00143816068925548,"3K-RGP reference (unlabelled)"
"IRIS_313-9182",0.0141643056832072,-0.00563003069875929,-0.00107127698849967,0.000281142561520827,"3K-RGP reference (unlabelled)"
"IRIS_313-9184",0.0124679042352751,-0.00797050543716356,0.00300380171514734,-0.000233860581043663,"3K-RGP reference (unlabelled)"
"IRIS_313-9187",0.00143575272465043,-0.00148803179907701,-0.0112251173487661,0.00478166186050781,"3K-RGP reference (unlabelled)"
"IRIS_313-9188",0.0137093770210854,-0.0092616370605423,-0.000902861862924201,-0.000403156692261627,"3K-RGP reference (unlabelled)"
"IRIS_313-9190",0.0144287123785981,-0.00585571775936079,-7.99274889158709e-05,-0.00294717717365031,"3K-RGP reference (unlabelled)"
"IRIS_313-9193",-0.0295606546789245,-0.00617604445322046,0.0156128484996785,0.00815935229907223,"3K-RGP reference (unlabelled)"
"IRIS_313-9197",0.0134341429020772,-0.00883265837329388,-0.00195535785131652,-0.000639486528726996,"3K-RGP reference (unlabelled)"
"IRIS_313-9198",0.0154748457397131,-0.00909240513133678,0.000107613408359805,-0.000305468032649688,"3K-RGP reference (unlabelled)"
"IRIS_313-9201",-0.0266719181573642,-0.00546600244586797,-0.0102566069722955,0.00850824711876354,"3K-RGP reference (unlabelled)"
"IRIS_313-9204",0.0126071524127932,-0.00739371382058191,0.00176009386918945,0.00295175400139306,"3K-RGP reference (unlabelled)"
"IRIS_313-9208",0.0129032446190992,-0.00821709248308013,-0.00172010157656002,3.92129624506708e-05,"3K-RGP reference (unlabelled)"
"IRIS_313-9209",0.0143393695442875,-0.00961338238096081,-0.000943729223260484,-0.000663648882563849,"3K-RGP reference (unlabelled)"
"IRIS_313-9210",0.0139283643539863,-0.00940885324247039,-0.00267543559825791,-0.00203078586299365,"3K-RGP reference (unlabelled)"
"IRIS_313-9218",0.0137923126618778,-0.00500741265044789,0.000782036224757935,-0.00365735252860372,"3K-RGP reference (unlabelled)"
"IRIS_313-9227",0.0141500262927777,-0.00970320299074663,0.00241926993046792,0.00270522630043387,"3K-RGP reference (unlabelled)"
"IRIS_313-9228",-0.0307012814008079,-0.00639877745011742,0.0528008376339765,7.5634788566221e-06,"3K-RGP reference (unlabelled)"
"IRIS_313-9233",-0.0292799438897383,-0.00591622422851952,0.0494991433054541,0.000351742226602196,"3K-RGP reference (unlabelled)"
"IRIS_313-9239",-0.0257198263470553,-0.00435331032055466,-0.0319357539368423,0.0133729996631617,"3K-RGP reference (unlabelled)"
"IRIS_313-9242",-0.00493311293856178,-0.00602657389992423,-0.0171731392664864,0.0042985739525324,"3K-RGP reference (unlabelled)"
"IRIS_313-9243",0.0133558101929532,-0.0076648344011684,-0.000943304465583161,0.00194683409174255,"3K-RGP reference (unlabelled)"
"IRIS_313-9249",-0.0277795678037724,-0.00566368996336756,0.0427148672391089,-0.00456093644053596,"3K-RGP reference (unlabelled)"
"IRIS_313-9251",0.0123033934615828,-0.00888465442457452,-0.00134437514764917,-0.00151190962573843,"3K-RGP reference (unlabelled)"
"IRIS_313-9253",0.0109877505483374,-0.00869198977099831,0.00627101223002208,0.00263704604318285,"3K-RGP reference (unlabelled)"
"IRIS_313-9256",0.0113287926456707,0.00747609439565189,0.000794467124727442,-0.00178934154590057,"3K-RGP reference (unlabelled)"
"IRIS_313-9258",0.0136866517530269,-0.000631493444057931,0.000959273157185771,-0.00224399584288876,"3K-RGP reference (unlabelled)"
"IRIS_313-9259",0.0110415730437374,-0.0025894969549139,0.00355610892518219,-0.00156683531582747,"3K-RGP reference (unlabelled)"
"IRIS_313-9262",0.0154624256058126,-0.00197455567785316,0.000309007884103078,-0.00076792271844794,"3K-RGP reference (unlabelled)"
"IRIS_313-9267",-0.0285039590652958,-0.00553878525471618,-0.0373775881708754,0.0208209867855251,"3K-RGP reference (unlabelled)"
"IRIS_313-9271",0.0149255098788032,-0.000773824714811267,0.00115008484177197,-0.00152434011333151,"3K-RGP reference (unlabelled)"
"IRIS_313-9273",0.0138935766645496,-0.00941724797652942,-0.00280313511036011,-0.00169472916539423,"3K-RGP reference (unlabelled)"
"IRIS_313-9281",0.014342985110905,-0.00948448296490866,-0.00118759031513109,-0.000632155236702298,"3K-RGP reference (unlabelled)"
"IRIS_313-9283",0.00333442713816848,0.0686511803185923,0.00528193847215074,0.0141310427475572,"3K-RGP reference (unlabelled)"
"IRIS_313-9285",0.0138026233405946,-0.00763640663240049,-0.000302844975530184,-0.000523506289859622,"3K-RGP reference (unlabelled)"
"IRIS_313-9286",0.0145561041028687,-0.0102866451539866,-0.000985194105124506,-0.00143442976728224,"3K-RGP reference (unlabelled)"
"IRIS_313-9287",0.013896548643504,-0.00120095836489958,-0.000354506548796046,-0.000629219626268367,"3K-RGP reference (unlabelled)"
"IRIS_313-9288",0.0151172440354939,-0.00987904516126554,-0.000802419070375427,-0.000545173646190152,"3K-RGP reference (unlabelled)"
"IRIS_313-9294",0.0154783015817099,-0.00501298731132964,-0.00109611014486456,-0.00108060970677367,"3K-RGP reference (unlabelled)"
"IRIS_313-9297",-0.0274756585105362,-0.00503430788569497,-0.0376897125845161,0.0159376326388613,"3K-RGP reference (unlabelled)"
"IRIS_313-9301",-0.0231480288618003,-0.00376366047636197,-0.0328412680376999,0.00715200515611849,"3K-RGP reference (unlabelled)"
"IRIS_313-9302",0.015528127725157,-0.00993284364516787,-0.000873180596341121,-0.000368947158992484,"3K-RGP reference (unlabelled)"
"IRIS_313-9310",0.0147333153485773,-0.00853017868656833,-0.000767647517634368,-0.00053905716866192,"3K-RGP reference (unlabelled)"
"IRIS_313-9313",0.0109770901968451,0.0134386571509538,0.00103706419010225,0.00358764766537957,"3K-RGP reference (unlabelled)"
"IRIS_313-9314",0.0147605808561603,-0.0100219494445791,-0.00126597611296836,-0.000770882395948417,"3K-RGP reference (unlabelled)"
"IRIS_313-9317",0.013995063961108,-0.0082469333534397,0.00144919366473867,0.000283652488909636,"3K-RGP reference (unlabelled)"
"IRIS_313-9320",0.0139200770701856,-0.00967839469351651,-0.00184676886518578,-0.0013859684642812,"3K-RGP reference (unlabelled)"
"IRIS_313-9324",0.0144006385046477,-0.00917952753401931,0.00211077791138178,0.00183898996962482,"3K-RGP reference (unlabelled)"
"IRIS_313-9325",0.013830630629975,-0.00741371734644945,0.000594725417909208,0.000151236974333599,"3K-RGP reference (unlabelled)"
"IRIS_313-9329",0.014193510950347,-0.0100497249997798,-0.00206863954927563,-0.00216891104625882,"3K-RGP reference (unlabelled)"
"IRIS_313-9342",0.0159184808172448,-0.00951596425749447,-0.00110441795670443,-0.00078423194634542,"3K-RGP reference (unlabelled)"
"IRIS_313-9346",-0.0296630207772521,-0.00620301277661656,0.0485138198737396,0.00143045782934005,"3K-RGP reference (unlabelled)"
"IRIS_313-9347",0.0112730297776766,-0.00495272426122947,0.00148145227918104,-0.000694061587025715,"3K-RGP reference (unlabelled)"
"IRIS_313-9348",0.0105706531968576,-0.0009364452428819,-8.51127794811377e-05,-0.0102294822240281,"3K-RGP reference (unlabelled)"
"IRIS_313-9351",0.0128662057363451,0.00494932342906603,0.00189398033627007,0.00156135356814019,"ind2"
"IRIS_313-9357",0.0157562729024756,-0.0104124783262008,-0.000812593396845617,-0.000942023120395871,"3K-RGP reference (unlabelled)"
"IRIS_313-9360",0.0143436134299925,-0.00173885203084531,0.000729875873027959,-0.00222769792930553,"3K-RGP reference (unlabelled)"
"IRIS_313-9363",-0.0257256505129635,-0.00506941943052249,-0.0346493039186224,0.0180209514225096,"3K-RGP reference (unlabelled)"
"IRIS_313-9366",-0.0298866831393871,-0.00623659693664074,9.16350435037055e-05,0.0136771649923962,"3K-RGP reference (unlabelled)"
"IRIS_313-9368",0.00454575707276796,0.0694613718046649,0.00529986078995655,0.019314404686289,"3K-RGP reference (unlabelled)"
"IRIS_313-9372",0.0147202804485892,-0.0078761109715323,0.00275521091379584,0.00349584668326392,"3K-RGP reference (unlabelled)"
"IRIS_313-9375",-0.0267723937634876,-0.00473980540428825,-0.0372137324412909,0.0170836289151041,"3K-RGP reference (unlabelled)"
"IRIS_313-9379",-0.0300638774139835,-0.00524391070320562,0.0428565958435981,-0.0027646687278129,"3K-RGP reference (unlabelled)"
"IRIS_313-9384",0.0137789773350634,0.00452483627866588,0.000414736756422995,0.00104948577405401,"3K-RGP reference (unlabelled)"
"IRIS_313-9388",0.00871998156115471,0.0224779221435813,0.00149501364602769,0.0060629351803881,"3K-RGP reference (unlabelled)"
"IRIS_313-9389",-0.0271319876696378,-0.00398807987801817,-0.0374295201135946,0.0174650025266132,"3K-RGP reference (unlabelled)"
"IRIS_313-9391",0.014664601330343,-0.00604613010305727,0.000395415174843121,-0.00501145271479054,"3K-RGP reference (unlabelled)"
"IRIS_313-9392",-0.008004524913266,-0.00496357610374437,-0.00240713465584615,-1.59076564691215e-05,"3K-RGP reference (unlabelled)"
"IRIS_313-9397",0.014092955625623,-0.00143453285812216,0.000257301092980085,-0.00424623990362604,"3K-RGP reference (unlabelled)"
"IRIS_313-9400",0.00295469617445265,0.00228532236424034,-0.00493727814136387,-0.0360960438230714,"indx"
"IRIS_313-9402",0.0152035197666041,-0.0063412882325297,-0.000630099405109579,-0.000648986936050787,"3K-RGP reference (unlabelled)"
"IRIS_313-9403",0.0142599230500047,0.010698585654691,0.00143800611770219,0.000457267170304871,"3K-RGP reference (unlabelled)"
"IRIS_313-9404",-0.00614767939066736,-0.00533206834461429,-0.00126671743295912,-0.00373573311065516,"3K-RGP reference (unlabelled)"
"IRIS_313-9405",-0.0263116327877822,-0.00376129539722009,-0.0259922891972249,0.00864153272136283,"3K-RGP reference (unlabelled)"
"IRIS_313-9406",0.0157210147781779,-0.00956397092230896,-0.00127424555352218,-0.00204166636593316,"3K-RGP reference (unlabelled)"
"IRIS_313-9409",0.0144917578186867,-0.0090552733264244,-0.00243270269068313,-0.00160588525408846,"3K-RGP reference (unlabelled)"
"IRIS_313-9410",-0.0306241904249972,-0.00616901284265555,0.0450188791038868,0.00267935522811836,"3K-RGP reference (unlabelled)"
"IRIS_313-9415",0.0155068716015751,-0.00906944223610789,-0.000671124437290202,-0.000477652602391734,"3K-RGP reference (unlabelled)"
"IRIS_313-9422",0.00539298475742907,0.0693339329201707,0.00491875651090594,0.0108480514578164,"3K-RGP reference (unlabelled)"
"IRIS_313-9423",-0.0264149344942175,-0.00404028190406237,-0.0331254577882071,0.015414310026137,"3K-RGP reference (unlabelled)"
"IRIS_313-9424",0.0148168420895837,-0.00579923181992543,-0.000198710648168788,0.000904871727212418,"3K-RGP reference (unlabelled)"
"IRIS_313-9427",0.0151168047413468,-0.00666221420999296,-0.000406296073037916,-0.00168224517552825,"3K-RGP reference (unlabelled)"
"IRIS_313-9429",0.0140366290707591,-0.00769839481894175,0.000743647779534009,-0.0031312067665175,"3K-RGP reference (unlabelled)"
"IRIS_313-9433",0.0143937943307391,-0.00529542755898353,-0.000234682194824421,-0.00376503052480275,"3K-RGP reference (unlabelled)"
"IRIS_313-9438",-0.0260770541034046,-0.00558411129823008,0.0492987511986027,-0.000220234423938029,"3K-RGP reference (unlabelled)"
"IRIS_313-9445",-0.0156466862424146,0.0105757436405797,-0.0127154861832018,-0.0650747699685808,"3K-RGP reference (unlabelled)"
"IRIS_313-9449",0.00395894604986466,0.0638146638958665,0.00327426522028041,0.0134331208882336,"3K-RGP reference (unlabelled)"
"IRIS_313-9451",0.0144865431108296,-0.00817841256315302,-7.41529994271843e-07,0.000522403784161778,"3K-RGP reference (unlabelled)"
"IRIS_313-9452",-0.0278606978553452,-0.00535043039190042,-0.0319109031065008,0.019298015982756,"3K-RGP reference (unlabelled)"
"IRIS_313-9461",0.0138767808748065,-0.00633779158770774,-0.00157047808958403,-0.00220657147222139,"3K-RGP reference (unlabelled)"
"IRIS_313-9463",-0.0307191782039922,-0.00649050435714615,0.0535732961367829,0.00147775260670665,"3K-RGP reference (unlabelled)"
"IRIS_313-9464",-0.00349942486614232,-0.00517232249576049,-0.0165620539471212,0.0110143005783813,"3K-RGP reference (unlabelled)"
"IRIS_313-9468",-0.0293104959897554,-0.00602861031151981,0.0493626316986062,-0.00271593110954676,"3K-RGP reference (unlabelled)"
"IRIS_313-9469",0.0148526044792841,-0.00916352726795777,0.00250920128457593,0.00334651814702228,"3K-RGP reference (unlabelled)"
"IRIS_313-9470",-0.0261589696677543,-0.00432902664832772,-0.0356280601931141,0.0135744840141928,"3K-RGP reference (unlabelled)"
"IRIS_313-9472",0.0146980000674566,-0.00457222147135287,-0.000527425579164277,0.000412667647294671,"3K-RGP reference (unlabelled)"
"IRIS_313-9482",0.0133934267865793,-0.0068563307639426,0.00241311544924836,-6.26372477788356e-05,"3K-RGP reference (unlabelled)"
"IRIS_313-9484",0.0138620790399092,-0.0046654831942352,0.000332884624159559,-9.9056386279673e-05,"3K-RGP reference (unlabelled)"
"IRIS_313-9491",-0.027207178235123,-0.00559742430624457,-0.0355741518761148,0.0205722018630872,"3K-RGP reference (unlabelled)"
"IRIS_313-9492",0.0148237027491407,0.000717711714712942,0.000897695876817476,-0.000184703417208375,"3K-RGP reference (unlabelled)"
"IRIS_313-9503",0.0125614775653735,-0.00748687341969929,-0.000734519884485053,0.00170907334337286,"3K-RGP reference (unlabelled)"
"IRIS_313-9505",0.0145569385580934,-0.00824210646349944,0.00246541592495026,0.00384341848791433,"3K-RGP reference (unlabelled)"
"IRIS_313-9506",-0.00135001584187203,0.00051063505655557,-0.000550389289003337,-0.00884509942719384,"3K-RGP reference (unlabelled)"
"IRIS_313-9516",0.00922975327245286,0.00905777917599383,0.00264208597102207,0.00114838832046035,"3K-RGP reference (unlabelled)"
"IRIS_313-9519",-0.027584768082612,-0.00568288292310607,-0.0372943927948673,0.0198002984409645,"3K-RGP reference (unlabelled)"
"IRIS_313-9522",0.0121559446251494,-0.00398273178253474,0.00240433945688469,-0.000965824546013695,"indx"
"IRIS_313-9523",-0.0293206598695,-0.00580273696212949,0.0246128704050469,0.00293991698629735,"3K-RGP reference (unlabelled)"
"IRIS_313-9529",-0.0252942661406939,-0.00179565536345308,-0.00412623301627592,-0.00861290054488766,"3K-RGP reference (unlabelled)"
"IRIS_313-9533",0.0151337191875385,-0.00864019275708344,-0.00121231036893912,-0.0011588503120913,"3K-RGP reference (unlabelled)"
"IRIS_313-9539",-0.0299871053968444,-0.00573745686566832,0.0302111711079831,0.00558041065831515,"3K-RGP reference (unlabelled)"
"IRIS_313-9547",0.0152434094924879,-0.00151624239466307,0.000570509312179493,0.000275321778598679,"3K-RGP reference (unlabelled)"
"IRIS_313-9550",-0.027459344749462,-0.0054291883427733,-0.0402757104191156,0.0218199119803509,"3K-RGP reference (unlabelled)"
"IRIS_313-9551",0.0151103872801695,0.000121646641646453,-0.000186765241953503,-0.00163564125028489,"3K-RGP reference (unlabelled)"
"IRIS_313-9555",0.0144780187519944,-0.0081836696393763,0.00124012273831383,0.000589036057862999,"3K-RGP reference (unlabelled)"
"IRIS_313-9557",0.0126407307392543,0.00302033298289755,0.000340391976371977,-0.00332510998254158,"3K-RGP reference (unlabelled)"
"IRIS_313-9558",-0.0259723530195699,-0.00470056394024001,-0.0331274988967928,0.0133285900282262,"3K-RGP reference (unlabelled)"
"IRIS_313-9560",0.014495667472798,-0.00725433159666513,-3.63558283374213e-05,0.000662209907002329,"3K-RGP reference (unlabelled)"
"IRIS_313-9566",0.0145682449521723,-0.00515256576363199,0.00325127662198017,0.00165519016484857,"3K-RGP reference (unlabelled)"
"IRIS_313-9567",0.0148217932030642,-0.00979888125939103,-0.00151427188878433,-0.00239030160939996,"3K-RGP reference (unlabelled)"
"IRIS_313-9568",-0.0249277105899113,-0.00333897072606379,-0.0330554610695968,0.012306095765319,"3K-RGP reference (unlabelled)"
"IRIS_313-9570",0.0124726838293336,-0.00905431990307383,0.000816528062245007,0.0034461836657665,"3K-RGP reference (unlabelled)"
"IRIS_313-9572",0.0115795767715566,0.00822710767390115,0.00124747810084457,0.00369993187959591,"3K-RGP reference (unlabelled)"
"IRIS_313-9574",0.0149375494436505,-0.00810847239821642,-0.000406304363264994,-0.00109084359482041,"3K-RGP reference (unlabelled)"
"IRIS_313-9575",0.0113576083049334,-0.00919592538336732,0.000581159704816489,-0.000788186528562475,"3K-RGP reference (unlabelled)"
"IRIS_313-9582",0.0138968382983584,-0.00940477971898618,-0.0020795788122551,-0.00201383233480245,"3K-RGP reference (unlabelled)"
"IRIS_313-9590",0.0140749069029176,-0.00942525485423572,-0.00248428420308746,-0.000847370448697438,"3K-RGP reference (unlabelled)"
"IRIS_313-9593",0.0158086703379484,-0.00740507662545901,0.000123025300503562,5.50615272586494e-05,"3K-RGP reference (unlabelled)"
"IRIS_313-9594",0.0153121877110819,-0.0073315649416439,-0.000383691608136505,-0.00231662961672087,"3K-RGP reference (unlabelled)"
"IRIS_313-9600",-0.00111056880080769,-0.00533004023177342,-0.0137081265745881,0.00752102721228085,"3K-RGP reference (unlabelled)"
"IRIS_313-9601",-0.0144259823971864,0.0213524322339082,-0.018176836985198,-0.104961309740298,"3K-RGP reference (unlabelled)"
"IRIS_313-9602",0.0149484619425935,-0.00766946188955318,0.000195618907118718,0.000562902506233151,"3K-RGP reference (unlabelled)"
"IRIS_313-9604",0.0133494111101921,-0.00249401958123758,0.00164036008454364,0.00307858749486265,"indx"
"IRIS_313-9605",0.0153203341613265,-0.00923175771805917,0.00261975199250082,0.00320653178806315,"ind1A"
"IRIS_313-9606",0.0150551672641202,-0.0055300091838993,0.000169464907677391,-0.00327003002582383,"3K-RGP reference (unlabelled)"
"IRIS_313-9609",0.0137080470446767,-0.00538015988195651,0.000542702120531043,0.00035380317224027,"3K-RGP reference (unlabelled)"
"IRIS_313-9610",0.00285723910775645,0.0667053733995702,0.00489198767427997,0.0148872972271077,"3K-RGP reference (unlabelled)"
"IRIS_313-9611",0.0144346331020936,-0.00234793607672944,0.000561337773884432,0.000450343309523872,"ind2"
"IRIS_313-9616",-0.0271539408589756,-0.00423365228042779,-0.0349896121707463,0.0170370731711467,"3K-RGP reference (unlabelled)"
"IRIS_313-9617",0.0141512621415242,-0.00165951818618994,-0.000168121628911483,-0.00176784256911134,"3K-RGP reference (unlabelled)"
"IRIS_313-9619",0.0147964635466528,-0.00565036502444625,-0.000157947598971797,-0.00270383396993883,"3K-RGP reference (unlabelled)"
"IRIS_313-9623",0.0141620342335507,-0.00661405094128832,0.00203128286120793,-0.000337002292880648,"3K-RGP reference (unlabelled)"
"IRIS_313-9626",0.00491033935941464,0.0749907708062398,0.00533741492383062,0.015965504939058,"3K-RGP reference (unlabelled)"
"IRIS_313-9629",-0.0165958040564561,0.0183293184650779,-0.0216142422728969,-0.121267822946642,"3K-RGP reference (unlabelled)"
"IRIS_313-9634",0.0128078063568841,-0.00391625936512509,-0.000859900342012363,0.000424021953695951,"3K-RGP reference (unlabelled)"
"IRIS_313-9636",-0.000649375757950925,0.059822957280816,0.00301567665330562,0.00175258699400795,"3K-RGP reference (unlabelled)"
"IRIS_313-9637",0.0116954775150988,-0.00515754870047066,-0.000259070075900439,-0.00130750250864301,"3K-RGP reference (unlabelled)"
"IRIS_313-9641",0.00177634070619773,0.0571376304097546,0.00450635337214495,0.0133884637826664,"3K-RGP reference (unlabelled)"
"IRIS_313-9648",-0.00312360624470491,0.0064338690056254,-0.0142265031453439,0.0100585507757172,"3K-RGP reference (unlabelled)"
"IRIS_313-9661",0.00528710687352564,0.0685765767186739,0.00468698802548589,0.0139129049382618,"3K-RGP reference (unlabelled)"
"IRIS_313-9669",0.0149044194676511,-0.00953494683084051,-0.00040040101665333,-0.000667228583513877,"3K-RGP reference (unlabelled)"
"IRIS_313-9682",-0.0166926401976395,0.0103477808640256,-0.0164028880236617,-0.0867376234243912,"3K-RGP reference (unlabelled)"
"IRIS_313-9685",0.0119884826115883,-0.00683921959085856,0.000739966845830458,-0.00236000017132915,"3K-RGP reference (unlabelled)"
"IRIS_313-9687",0.0145937992972782,-0.00618662527933015,-0.000332920686411231,-0.00118843682601728,"3K-RGP reference (unlabelled)"
"IRIS_313-9691",-0.0253420703022552,-0.00374512063758412,-0.033614431137885,0.0122988493683659,"3K-RGP reference (unlabelled)"
"IRIS_313-9694",0.0138146108227597,-0.0100692130735668,-0.00187381112770565,-0.0018530970862441,"3K-RGP reference (unlabelled)"
"IRIS_313-9695",0.00805170007954553,0.0399417032189455,0.00292537064554791,0.00775695107153897,"3K-RGP reference (unlabelled)"
"IRIS_313-9696",0.0146934676688997,-0.00705116080403455,0.00037380350863888,-0.000911646796846378,"3K-RGP reference (unlabelled)"
"IRIS_313-9697",0.0153845008736703,-0.00919476120910756,-0.00110388138667125,-0.001082157840924,"3K-RGP reference (unlabelled)"
"IRIS_313-9698",-0.0304300783317841,-0.0061088634227878,0.0504307423636234,-0.000198121994670653,"3K-RGP reference (unlabelled)"
"IRIS_313-9699",0.014369900510485,-0.009051552481452,-0.00198882031490347,-0.00114356813050704,"3K-RGP reference (unlabelled)"
"IRIS_313-9701",-0.0308101638373579,-0.00643783546055374,0.0545446080479231,0.000580418830886474,"3K-RGP reference (unlabelled)"
"IRIS_313-9702",-0.0295850129295364,-0.00624946908173029,0.0490054830810878,0.00103416537902791,"3K-RGP reference (unlabelled)"
"IRIS_313-9703",-0.0292476791720943,-0.00622233415587088,0.0509558586203703,-0.0012105571563158,"3K-RGP reference (unlabelled)"
"IRIS_313-9705",0.0141731235941235,-0.00937340281972406,0.00268361596630125,0.00268893042093646,"3K-RGP reference (unlabelled)"
"IRIS_313-9706",0.0141042930586683,-0.00884880100455685,0.00245809802959175,0.00216347899899446,"3K-RGP reference (unlabelled)"
"IRIS_313-9708",0.0133296707817133,-0.0086964972941583,0.00276872733086275,0.00290406573139214,"3K-RGP reference (unlabelled)"
"IRIS_313-9709",0.0147338938775796,-8.03149261282192e-05,-0.000122636564654516,-0.00245042484967226,"3K-RGP reference (unlabelled)"
"IRIS_313-9723",0.0135583049734717,-0.00740062266026793,0.00311980070378932,0.00291020009397977,"3K-RGP reference (unlabelled)"
"IRIS_313-9724",-0.0285589274024082,-0.00584160475277438,0.0450077954925907,-0.00453632304500756,"3K-RGP reference (unlabelled)"
"IRIS_313-9725",-0.0281318683898775,-0.00568692187676775,0.0433171747255493,-0.00485919978921888,"3K-RGP reference (unlabelled)"
"IRIS_313-9727",0.0103240681513844,0.0143637203995259,0.00282662076390864,0.00656517924428483,"3K-RGP reference (unlabelled)"
"IRIS_313-9730",0.0146763858069606,-0.00771516023951731,0.00297434931761255,0.00368670759105609,"3K-RGP reference (unlabelled)"
"IRIS_313-9732",0.0115346665133156,0.0148757174689981,0.000376237230241759,0.00385656238033111,"3K-RGP reference (unlabelled)"
"IRIS_313-9740",0.00531705597525267,0.0175807487067246,-0.00287544892740409,0.00708072840432589,"3K-RGP reference (unlabelled)"
"IRIS_313-9742",-0.0289631039173655,-0.00473026573796778,-0.037745582743499,0.0169531775161332,"3K-RGP reference (unlabelled)"
"IRIS_313-9745",-0.0277400273266542,-0.00518412904256881,-0.0367795027869708,0.0175321319465267,"3K-RGP reference (unlabelled)"
"IRIS_313-9758",0.0138453667815799,-0.00784156337968412,0.00339645904907296,0.00340238549157677,"3K-RGP reference (unlabelled)"
"IRIS_313-9759",-0.030261177752303,-0.00606180612934294,0.04060489298269,0.00421787159059071,"3K-RGP reference (unlabelled)"
"IRIS_313-9767",0.00482212550755511,-0.00865623229627213,-0.00929150815872545,0.00576810463096863,"3K-RGP reference (unlabelled)"
"IRIS_313-9769",-0.0307253516887325,-0.00610956419979673,0.0349076200833477,0.00368859878156658,"3K-RGP reference (unlabelled)"
"IRIS_313-9770",-0.030076489157166,-0.00642614030126419,0.0360102599553297,0.00542826700336869,"3K-RGP reference (unlabelled)"
"IRIS_313-9771",-0.0308208839575242,-0.00643919028744842,0.0532923846118465,0.000494273312674314,"3K-RGP reference (unlabelled)"
"IRIS_313-9774",-0.0290374211525585,-0.0056548454908841,0.0153533982819865,0.00758651015250595,"3K-RGP reference (unlabelled)"
"IRIS_313-9778",0.00841386775534121,0.0331646806478967,0.0011667132324425,0.00483894264396657,"3K-RGP reference (unlabelled)"
"IRIS_313-9782",-0.0309214766291866,-0.00639211339873172,0.0529777684735713,0.000841165469921554,"3K-RGP reference (unlabelled)"
"IRIS_313-9783",-0.00578437282596957,0.0467034516739567,-0.00571906217486329,-0.0394244668486725,"3K-RGP reference (unlabelled)"
"IRIS_313-9789",-0.025082948277527,-0.00590495199982214,-0.0154489648828088,0.00981403365166421,"3K-RGP reference (unlabelled)"
"IRIS_313-9790",-0.0298578960442843,-0.00639934784885662,0.0377151169781028,0.0046144591187114,"3K-RGP reference (unlabelled)"
"IRIS_313-9791",0.0145668755281327,-0.00375776663823281,0.00185729972045827,0.000565168650394,"3K-RGP reference (unlabelled)"
"IRIS_313-9795",0.00988188163068351,-0.00144163170684204,0.00725966304756044,-0.000160303744663626,"3K-RGP reference (unlabelled)"
"IRIS_313-9800",-0.0259646874770181,-0.00563014269888878,-0.0151592639612776,0.00961190748185538,"3K-RGP reference (unlabelled)"
"IRIS_313-9809",0.0151873448286824,-0.00890031780887086,-0.00062789732327318,-0.000467065682218311,"3K-RGP reference (unlabelled)"
"IRIS_313-9811",-0.0304700936415732,-0.00569912550629307,0.0454048349541758,-0.00220300129807361,"3K-RGP reference (unlabelled)"
"IRIS_313-9813",-0.0300949779620089,-0.0052298680587608,0.0426960438427101,-0.00272750959297091,"3K-RGP reference (unlabelled)"
"IRIS_313-9814",-0.0288168688259896,-0.00508114515997443,0.0306842495449873,-0.00277403273925418,"3K-RGP reference (unlabelled)"
"IRIS_313-9817",-0.000588166688314068,0.00358317201883461,-0.0133034224531835,0.00532697428859716,"3K-RGP reference (unlabelled)"
"IRIS_313-9818",-0.00168332013227774,-0.00716423143400208,-0.0146440073591359,0.00629568531342607,"3K-RGP reference (unlabelled)"
"IRIS_313-9822",0.0140406490641794,-0.00770123617625497,0.00295934959036867,0.00239894773663495,"3K-RGP reference (unlabelled)"
"IRIS_313-9825",0.0137579643319379,-0.00337902695448947,0.000419099606558723,-0.00147743092954494,"3K-RGP reference (unlabelled)"
"IRIS_313-9831",0.0140894067678382,-0.000290134326438485,0.00124374472422609,0.000921558334662222,"3K-RGP reference (unlabelled)"
"IRIS_313-9832",0.0111689978267017,-0.000953756055417095,0.00124734916892257,-0.00304006965311031,"3K-RGP reference (unlabelled)"
"IRIS_313-9838",-0.030510402355329,-0.00552368613765705,0.0442465748582303,-0.000329852300023356,"3K-RGP reference (unlabelled)"
"IRIS_313-9839",-0.0303595109071606,-0.00599739332221746,0.0479501360918027,0.000228241550252624,"3K-RGP reference (unlabelled)"
"IRIS_313-9841",0.00345317583793449,-0.00424578049876229,-0.00693640589222016,0.0043884930559818,"3K-RGP reference (unlabelled)"
"IRIS_313-9851",-0.0277321985524816,-0.00488975956451434,-0.0379605316902089,0.0185003952713132,"3K-RGP reference (unlabelled)"
"IRIS_313-9861",0.00319078751342026,0.0606851266897582,0.00352361586929168,0.00703073791642518,"3K-RGP reference (unlabelled)"
"IRIS_313-9862",0.013265312652878,0.00325094107100638,0.00121668808867719,4.23067755934817e-05,"3K-RGP reference (unlabelled)"
"IRIS_313-9867",0.0150717969625987,-0.00820580120699136,-0.000497355531549339,0.000582547175035876,"3K-RGP reference (unlabelled)"
"IRIS_313-9880",-0.0300388897779466,-0.00506978220988777,0.040918804646457,-0.00380465773295268,"3K-RGP reference (unlabelled)"
"IRIS_313-9882",0.0137960347211577,-0.00735855146700105,0.000984041261490244,0.000734211652791399,"3K-RGP reference (unlabelled)"
"IRIS_313-9884",-0.0305367764094255,-0.00609881667406177,0.0513531701877393,-7.50070162205877e-05,"3K-RGP reference (unlabelled)"
"IRIS_313-9886",-0.0296492683138003,-0.00532152795271599,0.0428307367216118,-0.00271100507468644,"3K-RGP reference (unlabelled)"
"IRIS_313-9887",-0.0295925366832144,-0.00487377674499078,0.0429488160084271,-0.00228878585081381,"3K-RGP reference (unlabelled)"
"IRIS_313-9890",-0.0297942722851858,-0.00485838146569132,0.0395615876800176,-0.00219850754976277,"3K-RGP reference (unlabelled)"
"IRIS_313-9891",-0.0306199490020849,-0.00620405039541289,0.0509750278823619,-0.00119088805674925,"3K-RGP reference (unlabelled)"
"IRIS_313-9897",-0.0277925256600979,-0.00442413871133146,-0.0338227662381341,0.0161552332772542,"3K-RGP reference (unlabelled)"
"IRIS_313-9898",0.0147059686387152,-0.0100336931512412,-0.00109242014287585,-0.00100912696919098,"3K-RGP reference (unlabelled)"
"IRIS_313-9917",0.0151156811370912,-0.00497448711086121,0.000525618662069885,0.000718962658928204,"3K-RGP reference (unlabelled)"
"IRIS_313-9922",0.0117372709480325,-0.00928829910267216,0.00484039704613809,0.00155896261243705,"3K-RGP reference (unlabelled)"
"IRIS_313-9924",0.0147826920237516,-0.00962586349776667,0.00112373288132526,0.000917477241504559,"3K-RGP reference (unlabelled)"
"IRIS_313-9925",0.011864569306665,-0.00583856671052068,0.00527577364502487,0.00192760573154829,"3K-RGP reference (unlabelled)"
"IRIS_313-9926",0.0142124478743629,-0.00315598652171537,-0.000675844865955653,-0.00417860387601402,"3K-RGP reference (unlabelled)"
"IRIS_313-9928",-0.0243362732277056,-0.00362443746933708,-0.0343981983857701,0.00980899312573284,"3K-RGP reference (unlabelled)"
"IRIS_313-9929",-0.0263401885073111,-0.00467941640495148,-0.0381530358266307,0.0194838857342883,"3K-RGP reference (unlabelled)"
"IRIS_313-9935",0.0142870824021012,-4.01765520395157e-05,-0.000666776554249584,-0.00367313055391957,"3K-RGP reference (unlabelled)"
"IRIS_313-9936",0.0156170208061675,-0.00697886494945641,-0.000430892788584603,-0.0024473983607558,"3K-RGP reference (unlabelled)"
"IRIS_313-9937",-0.0309243116429769,-0.00649025882370524,0.0254438222354545,0.00940771966650797,"3K-RGP reference (unlabelled)"
"IRIS_313-9939",-0.00414937620478417,-0.00500346309886624,-0.0169067694382834,0.0102047352732762,"3K-RGP reference (unlabelled)"
"IRIS_313-9940",0.0141362976702457,-0.00973268546410468,1.651787507468e-05,0.00163033625754586,"3K-RGP reference (unlabelled)"
"IRIS_313-9944",0.0134906901921729,0.00119237518583171,0.00017976739598325,7.48698400996928e-05,"3K-RGP reference (unlabelled)"
"IRIS_313-9949",-0.0224539485923358,0.0054308271996681,-0.0248184962583947,-0.00132291396053598,"3K-RGP reference (unlabelled)"
"IRIS_313-9953",0.0150922543967597,-0.0101970540079444,0.000213724129436039,0.00030750042849173,"3K-RGP reference (unlabelled)"
"IRIS_313-9961",-0.0294132325424486,-0.00523865532229887,0.0425057379300461,-0.00236580106903723,"3K-RGP reference (unlabelled)"
"IRIS_313-9963",0.00388387989694733,0.0725179755708121,0.00462603930690044,0.0196685994895745,"3K-RGP reference (unlabelled)"
"IRIS_313-9964",-0.0305483469834486,-0.00505750712882148,0.0413171612545145,-0.00315416902326384,"3K-RGP reference (unlabelled)"
"IRIS_313-9966",0.0148890293697875,-0.00993701917214275,-0.000230510889752566,0.0022257753002114,"3K-RGP reference (unlabelled)"
"IRIS_313-9968",0.0151583684242363,-0.00652119988168819,0.00111169085950662,0.00129687795379586,"3K-RGP reference (unlabelled)"
"IRIS_313-9969",0.0137805490318503,-0.00556526134639262,-0.000488617761122941,-0.00118192315667903,"3K-RGP reference (unlabelled)"
"IRIS_313-9970",0.0147782165806148,0.00378323501446109,0.00160081171440991,0.00162458415497874,"3K-RGP reference (unlabelled)"
"IRIS_313-9974",-0.029893006377146,-0.0054557660079086,0.0437178539894362,-0.00182985761342408,"3K-RGP reference (unlabelled)"
"IRIS_313-9976",0.0144460621862094,-0.00936399066177535,0.002781091642982,0.00269060142972179,"3K-RGP reference (unlabelled)"
"IRIS_313-9978",-0.0170539955903094,0.0209098735567589,-0.0207170218141561,-0.113833606785234,"3K-RGP reference (unlabelled)"
"IRIS_313-9980",-0.0299771321271194,-0.00633887236296042,-0.000203883426094256,0.0135466721102413,"3K-RGP reference (unlabelled)"
"IRIS_313-9986",0.0145726492199922,-0.00599185060277798,-0.00154478085826311,-0.00214760423355298,"3K-RGP reference (unlabelled)"
"IRIS_313-9989",0.0155743443682789,-0.0100317991168358,-0.00123280199783624,-0.000471097172617206,"3K-RGP reference (unlabelled)"
"IRIS_313-9995",-0.0251141291281065,-0.00593936586764036,-0.0148405280377015,0.00989059611112919,"3K-RGP reference (unlabelled)"
"IRIS_313-9996",-0.0297888133727394,-0.00626461172969218,0.0508528507335362,3.74165048904151e-05,"3K-RGP reference (unlabelled)"
"IRIS_313-10000",0.0115632189256849,-0.0101078662651315,0.00496698004996106,0.00208765471047909,"3K-RGP reference (unlabelled)"
"IRIS_313-10001",0.0143000905513582,-0.00724431397319634,0.000666463725322823,0.000527734497117376,"3K-RGP reference (unlabelled)"
"IRIS_313-10002",0.0114132115606462,-0.00768030073639591,0.00180712946638818,1.63419372025865e-05,"3K-RGP reference (unlabelled)"
"IRIS_313-10007",0.0136007002229558,-0.00733538856414421,-0.000634540876920269,-0.000110402355419254,"3K-RGP reference (unlabelled)"
"IRIS_313-10010",0.014801331305506,-0.000241624919481076,-0.000234229243310857,-0.000886349916366427,"3K-RGP reference (unlabelled)"
"IRIS_313-10014",-0.0300489983430541,-0.00656226159197773,0.0294044886058265,0.00847220881273257,"3K-RGP reference (unlabelled)"
"IRIS_313-10016",0.0137233788222943,-0.00984833946202982,0.00173296781308602,-0.000241395353184298,"3K-RGP reference (unlabelled)"
"IRIS_313-10020",-0.00024761319443312,0.0602672336456615,0.00258461490770397,0.00236459170740615,"3K-RGP reference (unlabelled)"
"IRIS_313-10025",-0.0217526723607511,0.0077792833862382,-0.00160952776454395,-0.0196973170355795,"3K-RGP reference (unlabelled)"
"IRIS_313-10026",0.00999855700239425,0.0115197565680181,4.53069729491645e-05,0.00405692478471832,"3K-RGP reference (unlabelled)"
"IRIS_313-10030",0.0100776835688468,0.0180831390905439,7.22083576378567e-05,0.00642634674633726,"3K-RGP reference (unlabelled)"
"IRIS_313-10032",-0.0169334363075995,0.0212632691112691,-0.0214906267104891,-0.115465529868037,"3K-RGP reference (unlabelled)"
"IRIS_313-10034",0.0141079822656245,-0.00869604885341583,0.00117311770969238,0.000646846405513009,"3K-RGP reference (unlabelled)"
"IRIS_313-10035",0.00313415391481435,-0.00205035853768978,0.00144571550982999,-0.000494982145172913,"3K-RGP reference (unlabelled)"
"IRIS_313-10040",0.0118452729592346,-0.00892880544779664,0.00453865163436072,0.00196944720711285,"3K-RGP reference (unlabelled)"
"IRIS_313-10041",-0.027165236506105,-0.00535480918550064,-0.0399630201976836,0.0219345137872937,"3K-RGP reference (unlabelled)"
"IRIS_313-10045",0.0143143815981543,-0.00557367115607494,-0.000771188688255126,-0.00180157992368323,"3K-RGP reference (unlabelled)"
"IRIS_313-10046",0.0143861338863681,-0.00661651782694441,0.00137719912440314,0.00155548650550405,"3K-RGP reference (unlabelled)"
"IRIS_313-10047",0.0138003813010812,-0.00956504607078487,0.00256457787780477,0.00323075468217408,"3K-RGP reference (unlabelled)"
"IRIS_313-10048",0.0111040661891471,0.00973755013340988,-0.000898141145353746,0.00287193274744371,"3K-RGP reference (unlabelled)"
"IRIS_313-10050",0.0137919024213115,0.00268773671461099,-0.000235072651958363,0.00189578266448146,"3K-RGP reference (unlabelled)"
"IRIS_313-10051",-0.0279060227596744,-0.0052876791940504,-0.0374349161996163,0.0186194639358985,"3K-RGP reference (unlabelled)"
"IRIS_313-10054",0.00932721722076006,-0.00794573764623323,-0.00211663974387213,0.00239242362181834,"3K-RGP reference (unlabelled)"
"IRIS_313-10056",-0.0265775938617072,-0.00350036966584865,-0.00988390611924867,-0.00155236860444491,"3K-RGP reference (unlabelled)"
"IRIS_313-10057",-0.0279594620484165,-0.00591069864078211,0.0481357248368956,6.50113533103367e-05,"3K-RGP reference (unlabelled)"
"IRIS_313-10059",-0.0289415664124558,-0.00536332884947635,0.0502977045104944,-8.44484189632911e-05,"3K-RGP reference (unlabelled)"
"IRIS_313-10061",-0.0241092961305585,-0.0035764783570003,0.00320524251816335,0.00987435828461935,"3K-RGP reference (unlabelled)"
"IRIS_313-10062",-0.0284049110365822,-0.00575104070613937,-0.00633872221486294,0.0143725327935901,"3K-RGP reference (unlabelled)"
"IRIS_313-10065",-0.0253364689553683,-0.00596606040230917,-0.0116492156337859,0.009155730527638,"3K-RGP reference (unlabelled)"
"IRIS_313-10067",-0.0250087195182631,-0.00590883267106186,-0.0111511261260073,0.00944613194988859,"3K-RGP reference (unlabelled)"
"IRIS_313-10071",-0.0255358858579132,-0.00571089685615069,-0.013405788773842,0.00970621275900298,"3K-RGP reference (unlabelled)"
"IRIS_313-10073",-0.0250440836143598,-0.00595229076323066,-0.0173944299422535,0.0103447829511503,"3K-RGP reference (unlabelled)"
"IRIS_313-10074",-0.0252159039815273,-0.00581842579309402,-0.0123406141622623,0.00967465381980662,"3K-RGP reference (unlabelled)"
"IRIS_313-10075",-0.0254736968189525,-0.00597567033428605,-0.0131016480969031,0.00947354670703817,"3K-RGP reference (unlabelled)"
"IRIS_313-10076",-0.0248714072402726,-0.00596993747794972,-0.00999562257070812,0.00907020882480861,"3K-RGP reference (unlabelled)"
"IRIS_313-10077",0.0152712278334379,-0.00601987014466251,8.38644018332927e-05,-0.0019316219455315,"3K-RGP reference (unlabelled)"
"IRIS_313-10078",-0.0250061273308616,-0.00595599977229409,-0.0114818504226458,0.00967329934801801,"3K-RGP reference (unlabelled)"
"IRIS_313-10079",-0.0250844387625945,-0.00593439273626326,-0.0109916810326163,0.00955247116428434,"3K-RGP reference (unlabelled)"
"IRIS_313-10080",-0.0251879793264226,-0.00597306742787463,-0.0173462721321181,0.0102766870288495,"3K-RGP reference (unlabelled)"
"IRIS_313-10082",-0.0259025016718657,-0.0060311071887741,-0.00866110192829764,0.00943097921474135,"3K-RGP reference (unlabelled)"
"IRIS_313-10083",-0.0304395132335871,-0.00635800197998524,0.0201265083684167,0.0104258217878955,"3K-RGP reference (unlabelled)"
"IRIS_313-10084",-0.0309186289670672,-0.00621670666729324,0.0390769248324711,0.0060359554966639,"3K-RGP reference (unlabelled)"
"IRIS_313-10089",-0.0306442241017414,-0.00592290595358279,0.0367413740446606,0.00171800031613914,"3K-RGP reference (unlabelled)"
"IRIS_313-10092",-0.0301268166038954,-0.006024843349763,0.0499332183315877,-0.00022063087786309,"3K-RGP reference (unlabelled)"
"IRIS_313-10093",-0.0304576108103266,-0.00633873386991859,0.0538374772333148,0.000106694515087024,"3K-RGP reference (unlabelled)"
"IRIS_313-10094",-0.0245705203680674,-0.00584856232225705,-0.0121326769019,0.00975148340519076,"3K-RGP reference (unlabelled)"
"IRIS_313-10096",-0.0255815622066877,-0.00598127709203066,0.0141520588255097,0.00447471697526092,"3K-RGP reference (unlabelled)"
"IRIS_313-10097",-0.0300831342834139,-0.00552311922536033,0.0451405514392116,-0.00163338245306844,"3K-RGP reference (unlabelled)"
"IRIS_313-10099",-0.0269121004716834,-0.00443402625971029,-0.0335595829361285,0.0155371808403379,"3K-RGP reference (unlabelled)"
"IRIS_313-10102",0.0110115334912791,0.0159928799885542,0.000495615807640569,0.00369485183779413,"3K-RGP reference (unlabelled)"
"IRIS_313-10103",0.0101386661383339,-0.00529155515342138,0.00403883107779539,0.00228372441237947,"3K-RGP reference (unlabelled)"
"IRIS_313-10109",0.0147768134153153,-0.00949478942523541,-0.00140445046104839,-0.00178523666092362,"3K-RGP reference (unlabelled)"
"IRIS_313-10111",-0.0289792208668828,-0.00628362994098788,0.0182770943735075,0.007110140179583,"3K-RGP reference (unlabelled)"
"IRIS_313-10113",0.0133410273197671,-0.0091316988677226,-0.0024032562896348,0.00167776182965552,"3K-RGP reference (unlabelled)"
"IRIS_313-10114",0.00739953167388744,0.0197749072717593,-0.00309244129773535,0.00547106221585216,"3K-RGP reference (unlabelled)"
"IRIS_313-10119",-0.0296783276402569,-0.0064285323704157,0.0204060229605089,0.00702908390524042,"3K-RGP reference (unlabelled)"
"IRIS_313-10124",-0.0295456853836807,-0.00504731075875422,0.0417594322804777,-0.0039734241896016,"3K-RGP reference (unlabelled)"
"IRIS_313-10129",0.0139029737744038,-0.00763007291452791,0.00303905298788032,0.0028104320680127,"3K-RGP reference (unlabelled)"
"IRIS_313-10134",0.0151410156886282,-0.0086259484127014,-0.00103667248557385,-0.000583806935258012,"3K-RGP reference (unlabelled)"
"IRIS_313-10147",0.0153292924882245,-0.0106996550743923,-0.00177566493325499,-0.00122252997170981,"3K-RGP reference (unlabelled)"
"IRIS_313-10148",0.0140470138405029,-0.00676730140053156,0.00165303526707392,0.00176527722457831,"indx"
"IRIS_313-10150",0.00335571352255886,0.0584469186398856,0.00525618076841542,0.0157412987962369,"aus"
"IRIS_313-10151",0.014972533462275,-0.0103094598263805,-0.000556980096935965,-0.00079622326527578,"3K-RGP reference (unlabelled)"
"IRIS_313-10152",-0.02667255394807,-0.00448541391164271,-0.0335883754202977,0.0151049879840285,"3K-RGP reference (unlabelled)"
"IRIS_313-10154",0.0144551804446346,-0.0091829487438529,0.00290674107702437,0.00319686766485419,"3K-RGP reference (unlabelled)"
"IRIS_313-10158",0.00865828240898044,-0.00488320211080133,-0.00509057893691119,0.00465224708919764,"3K-RGP reference (unlabelled)"
"IRIS_313-10161",0.0141987746757988,-0.0103002046088147,0.000337204203237494,0.0022657848945974,"3K-RGP reference (unlabelled)"
"IRIS_313-10164",-0.0304480129247775,-0.00632399038110114,0.0522892695185766,-0.000293939765470162,"3K-RGP reference (unlabelled)"
"IRIS_313-10167",0.0145264695548072,-0.00695044175953452,0.0013378211566996,-0.000352182945982282,"3K-RGP reference (unlabelled)"
"IRIS_313-10168",0.0151694751148076,-0.00880725233725705,0.00146236303077984,0.00174083221804386,"3K-RGP reference (unlabelled)"
"IRIS_313-10170",0.0145711425647457,-0.0094733731031251,0.00285322734953553,0.00408896191990088,"3K-RGP reference (unlabelled)"
"IRIS_313-10171",0.01338829710023,-0.00805060414340993,0.0017928921795553,0.00122701351436701,"3K-RGP reference (unlabelled)"
"IRIS_313-10176",-0.0271947331877997,-0.00403142039685723,-0.00226202509613936,-0.00327968837815791,"3K-RGP reference (unlabelled)"
"IRIS_313-10177",0.0147517707584698,-0.0087729362469439,0.000593377224292197,-0.000109033444031724,"3K-RGP reference (unlabelled)"
"IRIS_313-10178",0.0126712388220464,-0.00660630978182599,0.00306251949820015,0.00220092796667875,"3K-RGP reference (unlabelled)"
"IRIS_313-10179",0.0150520270220871,-0.00889873359758072,0.000886149404975719,0.000602815968314463,"3K-RGP reference (unlabelled)"
"IRIS_313-10189",0.0141576357229563,-0.00831859727398491,0.00230244279429085,0.00278418780514813,"3K-RGP reference (unlabelled)"
"IRIS_313-10190",0.0133188126114124,-0.00603686743990497,0.00253638314533265,0.00236717504953936,"3K-RGP reference (unlabelled)"
"IRIS_313-10191",0.0140798098673939,-0.00814481253448492,0.0013929869023563,0.00242752294059788,"3K-RGP reference (unlabelled)"
"IRIS_313-10196",-0.0254839390292866,-0.00459834844909753,-0.0248605917008681,0.0175726954648015,"3K-RGP reference (unlabelled)"
"IRIS_313-10211",0.014955202447526,-0.00831814240018851,0.00213016106359762,0.0036343787721859,"3K-RGP reference (unlabelled)"
"IRIS_313-10220",0.0142426849173209,-0.0084502191386247,3.09225957498124e-05,0.00161837414133095,"3K-RGP reference (unlabelled)"
"IRIS_313-10221",0.0143513276724997,-0.00887050260286768,0.00130024341654893,-0.000628627327822369,"3K-RGP reference (unlabelled)"
"IRIS_313-10224",0.0140342590722807,-0.00801790178645416,0.00291449617692684,0.00203800864385668,"3K-RGP reference (unlabelled)"
"IRIS_313-10226",0.0130542693142608,-0.00800518907151352,0.00162622051267297,-0.00189131481933726,"3K-RGP reference (unlabelled)"
"IRIS_313-10228",-0.0256648309688776,-0.00442782035553942,0.0300932852391062,-0.00643314475325484,"3K-RGP reference (unlabelled)"
"IRIS_313-10234",0.0133706159312141,-0.00766077442403515,0.00138038195796276,0.000493443318451457,"3K-RGP reference (unlabelled)"
"IRIS_313-10235",0.0147183270848575,-0.00601057540101607,0.000677719535005528,0.000528775168448238,"3K-RGP reference (unlabelled)"
"IRIS_313-10237",0.0143355205664452,-0.00798078796085048,0.00180193123951536,0.00072346182494321,"3K-RGP reference (unlabelled)"
"IRIS_313-10238",0.0137802685485348,-0.00788490880014175,0.00172208193292904,0.000676093708399378,"3K-RGP reference (unlabelled)"
"IRIS_313-10239",0.0134026767311971,-0.00779523668573101,0.000678591104935537,-0.00114887499666336,"3K-RGP reference (unlabelled)"
"IRIS_313-10242",-0.0291321390081951,-0.00570173831199179,0.034649650871147,0.00066886851968155,"3K-RGP reference (unlabelled)"
"IRIS_313-10247",0.0118747955453715,-0.00907515455248977,-3.17972698851594e-05,0.00351431939714001,"3K-RGP reference (unlabelled)"
"IRIS_313-10257",0.0102522122900005,-0.00830009535039123,-0.00084506183195225,0.00252510496068912,"3K-RGP reference (unlabelled)"
"IRIS_313-10258",-0.0301246706715628,-0.00557492231667703,0.0203107436813022,0.0057010605840016,"3K-RGP reference (unlabelled)"
"IRIS_313-10260",0.0140990690536637,-0.00842113221587131,-5.96141623420126e-06,0.00176495502344152,"3K-RGP reference (unlabelled)"
"IRIS_313-10263",0.00736894974200588,-0.00696623003731435,-0.00434504870781693,0.00329080501220431,"3K-RGP reference (unlabelled)"
"IRIS_313-10268",0.00707467913861335,-0.00863415901875895,-0.00277744867362353,0.00394387316227026,"3K-RGP reference (unlabelled)"
"IRIS_313-10271",0.0141644436853066,-0.010067204621726,-0.000890244928224221,0.00217179397413834,"3K-RGP reference (unlabelled)"
"IRIS_313-10272",-0.0175089105456991,-0.00570821060869796,-0.0143124882534431,0.0127891599349676,"3K-RGP reference (unlabelled)"
"IRIS_313-10274",0.0115345666061595,-0.00798081219997197,0.00250453903803877,0.00189282499126881,"3K-RGP reference (unlabelled)"
"IRIS_313-10275",0.0128127510391232,-0.00965027456958197,0.000954294189640433,0.00120693959921365,"3K-RGP reference (unlabelled)"
"IRIS_313-10279",0.0154519686010873,-0.0110189168249783,0.000690300426859648,0.00121741195270595,"3K-RGP reference (unlabelled)"
"IRIS_313-10285",0.0115350209458437,-0.00831527223934234,0.00260547029933725,0.00194299646153147,"3K-RGP reference (unlabelled)"
"IRIS_313-10287",0.00974242400408312,-0.00862618534889596,0.00209836667317671,0.00181049817063754,"3K-RGP reference (unlabelled)"
"IRIS_313-10289",0.0128501885856873,-0.00788343445532672,0.00259249165740741,-0.000155544609947909,"3K-RGP reference (unlabelled)"
"IRIS_313-10290",0.0148165063748188,-0.00669635268248039,0.00255088730475657,0.000820856451104909,"3K-RGP reference (unlabelled)"
"IRIS_313-10293",0.0121322504957665,-0.008800312134282,-0.000253775905069955,0.0035510292589145,"3K-RGP reference (unlabelled)"
"IRIS_313-10294",0.0129523904294691,-0.00641036062810613,0.00076154082795276,-0.000212927955860015,"3K-RGP reference (unlabelled)"
"IRIS_313-10295",-0.0212479978564495,0.0104683721609925,0.00261564266355093,-0.014843650420961,"3K-RGP reference (unlabelled)"
"IRIS_313-10298",0.0134825849145415,-0.00711644350043046,0.00219756654772716,0.000472292419179108,"3K-RGP reference (unlabelled)"
"IRIS_313-10300",0.00684647321835642,-0.00871242261855247,0.000940344172386163,0.00393021117783912,"3K-RGP reference (unlabelled)"
"IRIS_313-10301",0.00848642194002958,-0.00850176236731301,-0.00499272051478367,0.00173592424751264,"3K-RGP reference (unlabelled)"
"IRIS_313-10307",0.0155707380627808,-0.0107523475805504,0.00192786649224433,0.00134703115360393,"3K-RGP reference (unlabelled)"
"IRIS_313-10314",0.0138886788883739,-0.0101227443609633,0.00145204849706058,0.00253111108693956,"3K-RGP reference (unlabelled)"
"IRIS_313-10318",0.00807523095044175,-0.00542685989563248,-0.00277543770130062,0.0034680825730592,"3K-RGP reference (unlabelled)"
"IRIS_313-10325",0.00956852627304771,-0.0078486132104119,-0.00291287519571716,0.00462421081841634,"3K-RGP reference (unlabelled)"
"IRIS_313-10327",-0.028058186794911,-0.00578305889562231,-0.0387513899077829,0.0205249023994746,"3K-RGP reference (unlabelled)"
"IRIS_313-10332",0.0151127085412507,-0.0086782201137263,0.000103641787215512,-0.000241113737269659,"3K-RGP reference (unlabelled)"
"IRIS_313-10333",0.0135121548152102,-0.00769445894989105,0.000987286547220578,-0.00247673424159423,"3K-RGP reference (unlabelled)"
"IRIS_313-10334",0.0118301986303578,-0.00740991200784024,0.00138460610548274,-0.00237993766085242,"3K-RGP reference (unlabelled)"
"IRIS_313-10336",-0.0270190960259967,-0.00425888686160267,-0.0386562567334743,0.0193080577575653,"3K-RGP reference (unlabelled)"
"IRIS_313-10337",0.0134176390653807,-0.00946854784592512,-0.00222063522467803,0.00157536082520446,"3K-RGP reference (unlabelled)"
"IRIS_313-10340",0.01490879461789,-0.00703964806689775,-9.18025505796871e-05,9.27922211804932e-05,"3K-RGP reference (unlabelled)"
"IRIS_313-10341",0.0123994243392008,-0.00579464914013904,0.00172445462245977,0.000252312188863434,"3K-RGP reference (unlabelled)"
"IRIS_313-10348",0.0101712853525292,-0.00150893779497912,0.00214728053800363,-0.00187730823899667,"3K-RGP reference (unlabelled)"
"IRIS_313-10349",0.0121980188400113,-0.00510517827830728,0.00129984459259983,-0.000343451669214526,"3K-RGP reference (unlabelled)"
"IRIS_313-10352",0.0106203158663735,-0.00528794097258422,-0.00156683150483005,0.00329326932742289,"3K-RGP reference (unlabelled)"
"IRIS_313-10353",0.0121941476053852,-0.00538735684296796,0.00361052038609967,0.00280652658963857,"3K-RGP reference (unlabelled)"
"IRIS_313-10355",0.0128616101409986,-0.00414028063751263,0.00137071097835469,-0.00019230382519966,"3K-RGP reference (unlabelled)"
"IRIS_313-10357",0.014216169744711,-0.00515477816464916,0.00124579699460651,-0.000383316136104413,"3K-RGP reference (unlabelled)"
"IRIS_313-10359",0.011030813694484,0.0138399173277945,0.00293299597729284,0.00300199597773667,"3K-RGP reference (unlabelled)"
"IRIS_313-10360",0.0130687408285124,-0.00525629689483144,0.000461285914748577,0.000571637591365052,"3K-RGP reference (unlabelled)"
"IRIS_313-10361",0.0142029721464142,-0.0033103907624645,0.00255535017941739,0.00222413184151615,"3K-RGP reference (unlabelled)"
"IRIS_313-10366",0.0134443522868685,0.0064820492882349,0.00298436628180943,0.00280662424928762,"3K-RGP reference (unlabelled)"
"IRIS_313-10371",0.0118651043691115,0.0071974605027153,0.00108076362713058,0.000547687653933825,"3K-RGP reference (unlabelled)"
"IRIS_313-10373",-0.0302316009290883,-0.00622628374799372,0.0528731107517642,0.000440319017861836,"3K-RGP reference (unlabelled)"
"IRIS_313-10374",0.0120566341013268,-0.00583309284604284,0.00139229689208193,-0.000441536867537256,"3K-RGP reference (unlabelled)"
"IRIS_313-10375",0.0119835260510011,0.00775718350804752,0.00152102667306074,0.000897165427493905,"3K-RGP reference (unlabelled)"
"IRIS_313-10379",-0.0305533188542328,-0.00654003037590308,0.0537161248555621,0.000337739583750283,"3K-RGP reference (unlabelled)"
"IRIS_313-10380",0.00319559607292902,0.0481633691112212,0.0031083510229223,0.0111476738045223,"3K-RGP reference (unlabelled)"
"IRIS_313-10385",0.0132677769644433,-0.00641205985159377,0.000727311565935223,-0.000405087980896017,"3K-RGP reference (unlabelled)"
"IRIS_313-10392",0.0127446000277906,-0.00723429455846743,0.00112909420107113,-0.000235452595376677,"3K-RGP reference (unlabelled)"
"IRIS_313-10394",0.0127856876962972,-0.00779724305672724,-0.00157151943692664,0.00105345963351696,"3K-RGP reference (unlabelled)"
"IRIS_313-10396",0.0124133691712458,-0.00536760433301374,0.00136389086797431,0.000169766570794226,"3K-RGP reference (unlabelled)"
"IRIS_313-10397",0.0142565875483927,-0.0091426731769883,0.000705253542541986,0.00183882991118748,"3K-RGP reference (unlabelled)"
"IRIS_313-10398",0.0140219509243872,-0.00954468038636669,0.000755571334927574,0.00184013089115409,"3K-RGP reference (unlabelled)"
"IRIS_313-10399",0.0138150487836624,-0.00995891975725845,-0.000405027458709737,-0.00102651332849426,"3K-RGP reference (unlabelled)"
"IRIS_313-10400",0.0117900092004161,-0.0103872553124915,0.00107539223225127,0.00158112668795428,"3K-RGP reference (unlabelled)"
"IRIS_313-10401",0.013056350631266,-0.00932554955980731,0.00117146383771886,0.00180800864606554,"3K-RGP reference (unlabelled)"
"IRIS_313-10402",0.0143951240710223,-0.00957316182965525,-0.000240968973934955,0.00207222508509098,"3K-RGP reference (unlabelled)"
"IRIS_313-10403",0.0146129314318182,-0.01057154965487,0.000569930416490848,0.00209562495401548,"3K-RGP reference (unlabelled)"
"IRIS_313-10404",0.0145449188808035,-0.00834068693426204,0.0030962330361857,0.00272378909878745,"3K-RGP reference (unlabelled)"
"IRIS_313-10412",0.0128235651387289,-0.00839401339118634,0.000763347822797235,-0.000632547323545571,"3K-RGP reference (unlabelled)"
"IRIS_313-10417",0.0140990586408537,-0.0104352782345089,0.00319662257528762,0.00266194094833211,"3K-RGP reference (unlabelled)"
"IRIS_313-10421",0.0141277854913221,-0.00846431276214021,0.000235817191809027,-0.000669107100803887,"3K-RGP reference (unlabelled)"
"IRIS_313-10422",0.0130775449451156,-0.00544279889736661,-9.75083082286358e-05,-0.00159306371717441,"3K-RGP reference (unlabelled)"
"IRIS_313-10423",0.0127945278757576,-0.00971726609063149,-0.00225236326570171,0.00112146956730945,"3K-RGP reference (unlabelled)"
"IRIS_313-10428",0.0135422358206416,-0.00927601550549264,-0.00158942597843675,-0.00128146334495809,"3K-RGP reference (unlabelled)"
"IRIS_313-10429",-0.0300000411701287,-0.00626142733688665,0.0491052945811038,0.00144671193102061,"3K-RGP reference (unlabelled)"
"IRIS_313-10430",-0.0305287669572216,-0.00638818588768122,0.0531260277329444,0.000115038815227343,"3K-RGP reference (unlabelled)"
"IRIS_313-10433",0.014229030045121,-0.00778739731985235,-0.000316859682622198,-0.000967597631855599,"3K-RGP reference (unlabelled)"
"IRIS_313-10437",-0.0306042532889996,-0.00650002344291544,0.0534912519986629,0.000631647715627982,"3K-RGP reference (unlabelled)"
"IRIS_313-10440",-0.0265602536601665,-0.00479815140642219,0.0276272618572422,-0.00717332161602381,"3K-RGP reference (unlabelled)"
"IRIS_313-10441",0.00956355635739299,-0.00801555949261522,0.00507023909189429,0.00022405525147463,"3K-RGP reference (unlabelled)"
"IRIS_313-10444",-0.0110333949199656,-0.00633964404409171,-0.0230182244895895,0.0125856594722168,"3K-RGP reference (unlabelled)"
"IRIS_313-10448",0.0144294577719418,-0.00838029494032666,-0.00026139066301394,-4.71977277519237e-05,"3K-RGP reference (unlabelled)"
"IRIS_313-10449",0.00645760818384317,-0.00747686267009952,0.0120702373085805,0.00297538748965549,"3K-RGP reference (unlabelled)"
"IRIS_313-10450",0.0115588983973702,-0.00750114413469037,0.00244850160000041,0.00345816201513309,"3K-RGP reference (unlabelled)"
"IRIS_313-10452",0.0124221423971161,-0.00872112128509337,0.00312740151971485,0.00208250822066259,"3K-RGP reference (unlabelled)"
"IRIS_313-10453",-0.0285523300108164,-0.00545394557848069,0.00536000465886746,0.00508247664152686,"3K-RGP reference (unlabelled)"
"IRIS_313-10458",0.0147122534808972,-0.00743690090228516,0.0022898078728525,0.00290497279069107,"3K-RGP reference (unlabelled)"
"IRIS_313-10459",-0.0209115669745882,-0.00538542065522589,0.0115060646723836,0.00731175171949126,"3K-RGP reference (unlabelled)"
"IRIS_313-10469",-0.0306275202319886,-0.00608430039939523,0.0503166765292985,-0.000500735831959852,"3K-RGP reference (unlabelled)"
"IRIS_313-10476",0.0136506708390978,0.00371438669588339,0.00203578239323003,0.00151877288659694,"3K-RGP reference (unlabelled)"
"IRIS_313-10477",0.0113765106188505,-0.00770911890424384,0.00109021648815184,0.000102117073932689,"3K-RGP reference (unlabelled)"
"IRIS_313-10480",0.0151938714570396,-0.00772596538661835,-0.000214898150648634,-0.000640270390002323,"3K-RGP reference (unlabelled)"
"IRIS_313-10484",-0.00134477169562585,-0.0069257210360746,-0.00802919856523158,0.00715733656760638,"3K-RGP reference (unlabelled)"
"IRIS_313-10485",-0.0269463475566396,-0.00521850184197193,-0.0377381778238284,0.0190480922945192,"3K-RGP reference (unlabelled)"
"IRIS_313-10489",-0.0258346150746189,-0.00457865433829639,-0.034383093880968,0.0162472203301565,"3K-RGP reference (unlabelled)"
"IRIS_313-10497",0.0121502716158674,-0.00865206539807289,0.0030306126217697,0.00234757629994197,"3K-RGP reference (unlabelled)"
"IRIS_313-10502",0.0138886150194271,-0.0073740573739098,0.00237423705460454,0.00300572924801643,"3K-RGP reference (unlabelled)"
"IRIS_313-10503",0.0139069910347605,-0.00841017616535251,0.00146386692412634,0.0020268491443375,"3K-RGP reference (unlabelled)"
"IRIS_313-10504",0.0135120204288535,-0.0073584786099048,0.00343118149300941,0.00255473780202187,"3K-RGP reference (unlabelled)"
"IRIS_313-10506",0.0145049862526691,-0.00959498798946705,-0.000382578540417134,-0.000244793819687774,"3K-RGP reference (unlabelled)"
"IRIS_313-10507",-0.0241198048103566,-0.00573761445795324,-0.0113895631094051,0.00925624205487925,"3K-RGP reference (unlabelled)"
"IRIS_313-10509",0.0153806537587723,-0.00850789367559302,-0.00146547511244916,8.41576955393039e-05,"3K-RGP reference (unlabelled)"
"IRIS_313-10510",0.0099252260104387,-0.00757867417395724,-0.00333588527264994,0.00185858592227978,"3K-RGP reference (unlabelled)"
"IRIS_313-10511",0.0164971070551373,-0.00992032368339267,-0.00122365891799581,-0.000803336245609077,"3K-RGP reference (unlabelled)"
"IRIS_313-10513",0.0124327494109284,-0.00779412636324199,0.000626796532763205,0.00050132389613167,"3K-RGP reference (unlabelled)"
"IRIS_313-10514",0.0149614880165249,-0.00779607083771218,0.00012073092567229,-3.24890237610629e-05,"3K-RGP reference (unlabelled)"
"IRIS_313-10515",0.0146500018445355,-0.00879656686303304,0.00230404092366145,0.00309910160781949,"3K-RGP reference (unlabelled)"
"IRIS_313-10516",0.0140200505890919,-0.00550053666943895,-0.00140786607574438,-1.98569817262202e-05,"3K-RGP reference (unlabelled)"
"IRIS_313-10517",0.0141806341233463,-0.008841387504841,-0.00177894439846487,-0.000868772523876351,"3K-RGP reference (unlabelled)"
"IRIS_313-10518",0.0143438640029125,-0.00778956295006969,-0.000401329319427543,-0.000801361053830567,"3K-RGP reference (unlabelled)"
"IRIS_313-10519",0.014559900398882,0.0053372941047221,0.00117097214469867,0.00205059809999176,"3K-RGP reference (unlabelled)"
"IRIS_313-10520",0.0142327558177722,-0.00469248137189752,-0.000548335932406985,-0.000823844226328763,"3K-RGP reference (unlabelled)"
"IRIS_313-10521",-0.0158585239793173,0.0170744672469515,-0.0204170333560182,-0.110144900911223,"3K-RGP reference (unlabelled)"
"IRIS_313-10522",-0.00650980229652565,-0.00157453757558596,-0.0159888946910075,0.00486305932592132,"3K-RGP reference (unlabelled)"
"IRIS_313-10523",0.0112578313006704,0.00458183527019043,0.00134153251438745,-0.00228160240170194,"3K-RGP reference (unlabelled)"
"IRIS_313-10524",0.015244230779796,-0.0098321195568533,-0.00136698849432325,-0.00257476908891569,"3K-RGP reference (unlabelled)"
"IRIS_313-10525",0.0150936184180141,-0.00953807902662989,-0.00118925042679397,-0.000344815578551415,"3K-RGP reference (unlabelled)"
"IRIS_313-10526",0.0139786959236936,0.000120436564587944,-0.000161562059652496,-0.00379108630441931,"3K-RGP reference (unlabelled)"
"IRIS_313-10527",0.0127635214904929,0.00530759590834886,0.00169528460734308,0.000870940966337569,"3K-RGP reference (unlabelled)"
"IRIS_313-10531",0.000774154712937838,0.0103353255464545,-0.00826941919212926,-0.0474089553108537,"admix"
"IRIS_313-10534",0.00512239160379229,0.0700899441324359,0.00478836446510154,0.00997184991310183,"aus"
"IRIS_313-10536",0.0123453947818104,0.0083675563361592,0.000857141823330045,0.00201964018877041,"3K-RGP reference (unlabelled)"
"IRIS_313-10537",-0.0152768492780882,0.0101463316829078,-0.0104778609192868,-0.0604760618024564,"3K-RGP reference (unlabelled)"
"IRIS_313-10539",0.00937440342882022,-0.000589441207640947,0.00170831683420213,-0.00215965195988876,"3K-RGP reference (unlabelled)"
"IRIS_313-10541",-0.0276210041893073,-0.00507477920607985,-0.0386972718829787,0.0201286304491162,"3K-RGP reference (unlabelled)"
"IRIS_313-10542",0.0126424362485054,0.0041773761460838,0.00182672524698127,0.00170151278050943,"3K-RGP reference (unlabelled)"
"IRIS_313-10543",0.00256446950676057,0.0652227566334962,0.00563911343371357,0.0100851726367044,"aus"
"IRIS_313-10544",0.0143231734035905,0.00327776509737165,0.00170272270749419,0.00251900527889827,"ind2"
"IRIS_313-10545",0.00318795742459579,0.052897542969762,0.00398155684118038,0.00548740233001349,"3K-RGP reference (unlabelled)"
"IRIS_313-10547",0.0152543640557056,-0.00470239650489317,-0.000150143304956133,-0.0020433091854669,"3K-RGP reference (unlabelled)"
"IRIS_313-10549",0.00260727185422738,0.0609792996517082,0.00470479593565963,0.0117125314368483,"3K-RGP reference (unlabelled)"
"IRIS_313-10550",0.0153860688641396,-0.00689399644746476,9.49491431553179e-05,0.000799308243310733,"3K-RGP reference (unlabelled)"
"IRIS_313-10552",-0.0277638923980841,-0.00567411920131876,-0.0381954136350998,0.0197306135301161,"3K-RGP reference (unlabelled)"
"IRIS_313-10554",0.0152004531991021,-0.00859526451063951,-0.000508500816395987,-0.000195011596174727,"3K-RGP reference (unlabelled)"
"IRIS_313-10555",0.0143207230350525,-0.00960803329511064,-0.00020540825813345,-0.00115013458499009,"3K-RGP reference (unlabelled)"
"IRIS_313-10556",0.0141286316773246,-0.00963998464837075,-0.00167452367355143,-0.00223661069879373,"3K-RGP reference (unlabelled)"
"IRIS_313-10557",0.0149999287551464,-0.00921901853868103,-0.00147331350119046,-0.00168197158419549,"3K-RGP reference (unlabelled)"
"IRIS_313-10558",-0.0284147490614873,-0.00521619291981358,0.0440187704475475,-0.00362435741593166,"3K-RGP reference (unlabelled)"
"IRIS_313-10559",-0.0284047613412848,-0.00556029743319978,0.0435660512468186,-0.00471313106891205,"3K-RGP reference (unlabelled)"
"IRIS_313-10560",0.0134656704430856,-0.00817456854133239,0.00377474855767981,0.00372010359881119,"3K-RGP reference (unlabelled)"
"IRIS_313-10561",0.0147691149120372,-0.00866964233647196,0.0024556865132761,0.00376301906024091,"3K-RGP reference (unlabelled)"
"IRIS_313-10562",-0.0191791266045093,-0.0021786474683242,0.0183151956620108,-0.00737504917551432,"3K-RGP reference (unlabelled)"
"IRIS_313-10563",-0.0301996916384465,-0.0050226805665878,0.0409571637510453,-0.00299975707013209,"3K-RGP reference (unlabelled)"
"IRIS_313-10564",-0.0299584422608661,-0.00643220449730883,0.0523505282678215,-9.62909257031769e-05,"3K-RGP reference (unlabelled)"
"IRIS_313-10565",0.0140015675017508,-0.00802847285543533,0.000212694774125624,0.000665215491764308,"3K-RGP reference (unlabelled)"
"IRIS_313-10566",0.0146558064447241,-0.00813613612539051,-0.000107734017957555,0.000319991153284166,"3K-RGP reference (unlabelled)"
"IRIS_313-10567",-0.030324942344767,-0.00624885883026118,0.0520033586405427,0.000480376015945091,"3K-RGP reference (unlabelled)"
"IRIS_313-10568",-0.0302875183811256,-0.00633832173662727,0.0533276739000088,0.00045152172924521,"3K-RGP reference (unlabelled)"
"IRIS_313-10569",-0.0306938408812722,-0.0063988432384848,0.0528187149172425,0.00100339303504128,"3K-RGP reference (unlabelled)"
"IRIS_313-10570",-0.0305364774752459,-0.00639861741421579,0.0516417018420508,0.000282183332853378,"3K-RGP reference (unlabelled)"
"IRIS_313-10572",0.0100446614181975,-0.00346290452128967,0.00180661809306042,-0.00165553299854662,"3K-RGP reference (unlabelled)"
"IRIS_313-10573",0.0135198575253639,-0.00468757722926081,0.000865659362514587,-0.00304321397338297,"3K-RGP reference (unlabelled)"
"IRIS_313-10574",0.0127445729033859,-0.00484589972294625,0.00146795908823073,-0.0027658463217094,"3K-RGP reference (unlabelled)"
"IRIS_313-10575",0.0117562192958666,-0.00730977186771083,0.000352672100208781,-0.000934702433194489,"3K-RGP reference (unlabelled)"
"IRIS_313-10576",0.015573067193309,-0.00140046710209095,0.000262625736351791,-0.000646730088031052,"3K-RGP reference (unlabelled)"
"IRIS_313-10577",-0.0282418007459905,-0.0044246395463903,-0.0317704536705609,0.0145525385899113,"3K-RGP reference (unlabelled)"
"IRIS_313-10578",-0.0266887939211084,-0.00417368541574466,-0.0386783203712386,0.0183626913634517,"3K-RGP reference (unlabelled)"
"IRIS_313-10580",-0.0257153429516481,-0.00441449031866314,-0.0346259410096096,0.0177385651723326,"3K-RGP reference (unlabelled)"
"IRIS_313-10581",-0.0229385148575109,-0.00407923884034386,-0.0311112541215879,0.0136215817345402,"3K-RGP reference (unlabelled)"
"IRIS_313-10582",-0.0282071809470184,-0.00440401360224864,-0.0303268972943634,0.0137963696547266,"3K-RGP reference (unlabelled)"
"IRIS_313-10583",-0.0265392730098786,-0.00525196615387753,0.0411302371237216,-0.00424268704719965,"3K-RGP reference (unlabelled)"
"IRIS_313-10585",-0.00319975718251606,-0.0078423209612539,0.0211049285868922,4.47217417885369e-05,"3K-RGP reference (unlabelled)"
"IRIS_313-10587",0.00332770621972552,0.0674568078087276,0.00583372219158872,0.0182084117465701,"3K-RGP reference (unlabelled)"
"IRIS_313-10592",0.00295171300267477,0.0684232728188681,0.00556185197968499,0.0184236289716542,"3K-RGP reference (unlabelled)"
"IRIS_313-10593",0.00291501846695359,0.0643095600307507,0.00519869637055563,0.0133322618494267,"3K-RGP reference (unlabelled)"
"IRIS_313-10594",0.0029854247405121,0.0606009454553665,0.00528720636316852,0.0156514277731684,"3K-RGP reference (unlabelled)"
"IRIS_313-10595",0.00280747647336333,0.0642030271154206,0.00622186903785756,0.0174947428013825,"3K-RGP reference (unlabelled)"
"IRIS_313-10598",0.00310882857555873,0.0690491419652551,0.00568958742499939,0.0174672508470706,"3K-RGP reference (unlabelled)"
"IRIS_313-10600",0.00281484091840936,0.0611327006607762,0.00554011470980837,0.0174740318149495,"3K-RGP reference (unlabelled)"
"IRIS_313-10602",0.00507901465207132,0.0667022047703335,0.00492772058285127,0.0177241266251821,"3K-RGP reference (unlabelled)"
"IRIS_313-10603",0.00487900910820296,0.0739848705190782,0.00462155680109341,0.016082762301389,"3K-RGP reference (unlabelled)"
"IRIS_313-10604",0.00366555897523782,0.0653733447282735,0.00572299935290186,0.017986009098758,"3K-RGP reference (unlabelled)"
"IRIS_313-10605",0.00457541299238573,0.0709157586380706,0.00344764768619091,0.0102605955885006,"3K-RGP reference (unlabelled)"
"IRIS_313-10606",0.00258492905181485,0.0618027872534827,0.00582633261161792,0.0179111466083228,"3K-RGP reference (unlabelled)"
"IRIS_313-10608",0.00215195753446639,0.0635209915011064,0.00423231400304857,0.0163050749136084,"aus"
"IRIS_313-10609",0.0118468004554454,0.00905670032363107,0.000322853671186544,-0.00359765304604099,"3K-RGP reference (unlabelled)"
"IRIS_313-10610",0.0144006424980831,0.00142628381131272,0.00110310693024547,5.35062578087051e-05,"3K-RGP reference (unlabelled)"
"IRIS_313-10614",0.0105230924995308,-0.00640082610983976,0.00177529895543207,0.000414300160968861,"3K-RGP reference (unlabelled)"
"IRIS_313-10617",-0.0288789735103354,-0.0035989954374989,0.0306476097157515,-0.00535337297772255,"3K-RGP reference (unlabelled)"
"IRIS_313-10618",-0.0310712011289929,-0.00656204631263205,0.0544920913950518,0.00148722200224771,"3K-RGP reference (unlabelled)"
"IRIS_313-10619",-0.0274321393210386,-0.0049288766749973,-0.0387121210292549,0.0188212362239105,"3K-RGP reference (unlabelled)"
"IRIS_313-10620",-0.0272424251261976,-0.0047448579652072,-0.0406353649264802,0.0195543964964792,"3K-RGP reference (unlabelled)"
"IRIS_313-10623",0.00551056827004072,0.0682674373189231,0.00454532449876941,0.0103506810461861,"3K-RGP reference (unlabelled)"
"IRIS_313-10628",0.0153399026619529,-0.00187031979771303,0.000253554057024102,-0.00150010230064847,"3K-RGP reference (unlabelled)"
"IRIS_313-10631",-0.0302393830132872,-0.0063693475576927,0.0497781816109399,0.00145626020803416,"3K-RGP reference (unlabelled)"
"IRIS_313-10640",0.0129569178013151,-0.00240200215895838,0.000172076778818697,-0.00251048267783349,"3K-RGP reference (unlabelled)"
"IRIS_313-10642",-0.0299300467966636,-0.0061251340106028,0.0518514792687289,0.000175106156439608,"3K-RGP reference (unlabelled)"
"IRIS_313-10644",-0.0275275703274037,-0.00443581990650854,-0.0332654166696301,0.0148107336324404,"3K-RGP reference (unlabelled)"
"IRIS_313-10645",-0.0279482813866651,-0.0044636806319288,-0.0305206337651748,0.0140224831095586,"3K-RGP reference (unlabelled)"
"IRIS_313-10648",0.015278063967555,-0.00959526021084366,-0.000800573243991652,-7.50832922601995e-05,"3K-RGP reference (unlabelled)"
"IRIS_313-10649",-0.0246792225292375,-0.00398552718197122,-0.0343020238794029,0.00942900437677428,"3K-RGP reference (unlabelled)"
"IRIS_313-10650",0.0144750130364974,-0.00915334452982371,-0.00219091092835431,-0.00244648253249387,"3K-RGP reference (unlabelled)"
"IRIS_313-10651",0.0140694915589573,-0.00806189324061496,0.000300035018753381,-4.96037493526991e-05,"3K-RGP reference (unlabelled)"
"IRIS_313-10652",0.0158406496879873,-0.00952675198925805,-0.00154933356516613,-0.000237656507732407,"3K-RGP reference (unlabelled)"
"IRIS_313-10653",-0.026625786547113,-0.00411527093293797,-0.00968689978270567,-0.00431284433564702,"3K-RGP reference (unlabelled)"
"IRIS_313-10654",0.0138242576159742,-0.00622536827012525,-0.000841820672566969,0.000590691731853638,"3K-RGP reference (unlabelled)"
"IRIS_313-10655",0.0134427039209219,-0.00544769885330062,-0.00127467647663532,0.000763804895956973,"3K-RGP reference (unlabelled)"
"IRIS_313-10656",-0.0265222569353953,-0.00427974785440558,-0.0114806594264097,-0.00356848055429471,"3K-RGP reference (unlabelled)"
"IRIS_313-10657",-0.0268833190727567,-0.00434335694598961,-0.00697502583749518,-0.00222387078541333,"3K-RGP reference (unlabelled)"
"IRIS_313-10659",0.0143901890770215,-0.00913531641380645,-0.000791307878702266,-0.00132941612430708,"3K-RGP reference (unlabelled)"
"IRIS_313-10660",-0.0269721934186215,-0.00453612644913164,-0.00854259096630981,-0.00347632698314786,"3K-RGP reference (unlabelled)"
"IRIS_313-10661",0.0136226372121597,0.00185402383108838,0.000856575726802629,-0.000193480004672904,"3K-RGP reference (unlabelled)"
"IRIS_313-10662",0.0133933695181552,0.00546461719469045,0.00204796318362068,0.00245877226753507,"3K-RGP reference (unlabelled)"
"IRIS_313-10664",0.0156304605986237,-6.71745637559893e-05,0.000938735517013349,-0.000176778408546728,"3K-RGP reference (unlabelled)"
"IRIS_313-10666",0.0159559528686279,-0.00788845964917662,-9.29666846689256e-05,0.000697796807009376,"indx"
"IRIS_313-10667",0.0126095852779266,0.00450125959264704,0.000115956470684978,-0.000817069117899463,"3K-RGP reference (unlabelled)"
"IRIS_313-10668",0.0146878417075073,-0.00166407808997941,-2.38053171930088e-05,-0.00224918664329781,"3K-RGP reference (unlabelled)"
"IRIS_313-10670",-0.017794929398126,0.0133699094169713,-0.0199783615924965,-0.111122574389212,"3K-RGP reference (unlabelled)"
"IRIS_313-10671",0.0116282564445698,0.00890270416990453,4.53158922062201e-05,0.00315426385563193,"indx"
"IRIS_313-10673",0.00494826187033479,0.0700561930632864,0.00516033255434471,0.0109243935536773,"3K-RGP reference (unlabelled)"
"IRIS_313-10674",0.0146297722937118,-0.00677411835013497,-0.000295401783783646,-0.000915940659528992,"3K-RGP reference (unlabelled)"
"IRIS_313-10675",0.013850475034427,0.00202415343094311,0.000867346679445805,0.0015738175470337,"indx"
"IRIS_313-10676",0.00941558523380342,0.0211061250104398,0.00136594864665915,0.00519741682148865,"admix"
"IRIS_313-10677",-0.0305269364073262,-0.00625080931292922,0.0514816120425616,2.98078424322374e-05,"3K-RGP reference (unlabelled)"
"IRIS_313-10678",0.014934898784231,-0.000583146064969101,-9.0669660305181e-05,-0.00265303955731453,"3K-RGP reference (unlabelled)"
"IRIS_313-10679",-0.0276149083347899,-0.00399633852483077,-0.00528590920324605,-0.00487044035527508,"3K-RGP reference (unlabelled)"
"IRIS_313-10680",0.0143455435066546,-0.00891775774238452,0.000212162755803803,-0.00051018728266925,"3K-RGP reference (unlabelled)"
"IRIS_313-10681",0.0137409326804345,-0.00957428196023786,-0.000918617419631432,-0.00051937406423301,"3K-RGP reference (unlabelled)"
"IRIS_313-10682",0.0155498964392432,-0.00852561222172968,-0.000872203931586525,8.70864007570287e-05,"3K-RGP reference (unlabelled)"
"IRIS_313-10683",0.015116794517342,-0.00844342143178326,-0.000665080882436855,6.24842445253649e-05,"3K-RGP reference (unlabelled)"
"IRIS_313-10684",0.0131285187487331,-0.00850443489220735,-0.00166928936486593,-0.000306612249364443,"3K-RGP reference (unlabelled)"
"IRIS_313-10687",0.0148283337056661,-0.0097059990702018,-0.00276642858392074,-0.0017846512146225,"3K-RGP reference (unlabelled)"
"IRIS_313-10688",0.0147933914762635,-0.00995651382599952,-0.00176577596006049,-0.000943360860082062,"3K-RGP reference (unlabelled)"
"IRIS_313-10689",-0.0255017323773367,-0.00382372171091146,-0.0330617793355935,0.0096661819717976,"3K-RGP reference (unlabelled)"
"IRIS_313-10690",0.00760310190262204,-0.00793991736409604,-0.00505677238748033,-2.98298574429952e-05,"3K-RGP reference (unlabelled)"
"IRIS_313-10692",0.0140631688612505,-0.00927957825074985,-0.00169906749645611,-0.000940823560919276,"3K-RGP reference (unlabelled)"
"IRIS_313-10693",-0.025825112987713,-0.00348866845989139,-0.0337605511781294,0.00886760898881252,"3K-RGP reference (unlabelled)"
"IRIS_313-10694",0.0126275895461918,-0.00931297510377487,-0.000702614866002991,-0.000477406539015382,"3K-RGP reference (unlabelled)"
"IRIS_313-10695",0.0150173891576481,-0.0100768790007679,-0.00130670445864961,-0.00120210699782387,"3K-RGP reference (unlabelled)"
"IRIS_313-10697",0.014136713095857,-0.00952241128034938,-0.00271773712915318,-0.00187930073220639,"3K-RGP reference (unlabelled)"
"IRIS_313-10698",0.0148590344334031,-0.00965757698050365,-0.00187598489236346,-0.00169179522373536,"3K-RGP reference (unlabelled)"
"IRIS_313-10699",0.0136805991169053,-0.00925435026557465,-0.00220378846744029,-0.00121143604024983,"3K-RGP reference (unlabelled)"
"IRIS_313-10700",0.0128016652802137,-0.00914178988304882,-0.00116299419717341,-0.00235572942323602,"3K-RGP reference (unlabelled)"
"IRIS_313-10701",0.0142420129693936,-0.00979488843725368,-0.00219919341036569,-0.00178358332990526,"3K-RGP reference (unlabelled)"
"IRIS_313-10702",0.0140753678226843,-0.00939879842854097,-0.00147431691727488,-0.00161688937916102,"3K-RGP reference (unlabelled)"
"IRIS_313-10703",-0.0254884890713772,-0.00380636981680505,-0.0340536900955286,0.0157755921026145,"3K-RGP reference (unlabelled)"
"IRIS_313-10704",-0.0252730999319786,-0.00436580431053076,-0.0320992944682979,0.0157732930176707,"3K-RGP reference (unlabelled)"
"IRIS_313-10705",0.00438180161993136,-0.00207847365346461,-0.0074490224506246,0.00143866335975815,"3K-RGP reference (unlabelled)"
"IRIS_313-10706",0.0153865188016389,-0.00938000010702254,-0.00231910329568209,-0.00242348893772017,"3K-RGP reference (unlabelled)"
"IRIS_313-10707",0.0148068032070888,-0.00954111793876043,-0.00234290165104742,-0.00195738271528968,"3K-RGP reference (unlabelled)"
"IRIS_313-10708",-0.027517229271644,-0.0057032705313024,-0.0381360351362215,0.0223313149244406,"3K-RGP reference (unlabelled)"
"IRIS_313-10710",-0.0275356668862264,-0.00529018383206513,-0.0378651484828684,0.0182244141424762,"3K-RGP reference (unlabelled)"
"IRIS_313-10711",-0.0253657068042233,-0.00469605512469637,-0.0347184980105135,0.0172135105909941,"3K-RGP reference (unlabelled)"
"IRIS_313-10712",-0.0276423916320844,-0.00389101196700549,-0.0379218536381397,0.0162615436283899,"3K-RGP reference (unlabelled)"
"IRIS_313-10715",0.0117290317156856,0.00648537187585507,0.000710239582667866,-0.00128695348569679,"3K-RGP reference (unlabelled)"
"IRIS_313-10716",0.0141065791803744,0.00308883804376302,0.00139066342572081,0.00168033357312015,"3K-RGP reference (unlabelled)"
"IRIS_313-10717",0.0142298651052688,0.00726856433248512,0.000928252388646839,0.000936297961542284,"3K-RGP reference (unlabelled)"
"IRIS_313-10718",-0.00134947537970591,0.0612593141367257,0.00332937075527591,0.0106107728914112,"3K-RGP reference (unlabelled)"
"IRIS_313-10719",0.0136423804958018,0.00262203417638187,0.000904986496716414,0.000712983617307615,"3K-RGP reference (unlabelled)"
"IRIS_313-10720",0.00952287315706122,-0.00243794983330464,-0.000264594960176831,0.000266501236159315,"3K-RGP reference (unlabelled)"
"IRIS_313-10721",0.0124304277916678,0.00396794587991894,0.00190839556343688,0.00242584152266622,"3K-RGP reference (unlabelled)"
"IRIS_313-10722",-0.0259728394878804,-0.00351644454899908,-0.0329148845258839,0.0114176064668771,"3K-RGP reference (unlabelled)"
"IRIS_313-10723",0.0130475828967134,-0.00426197966959497,5.99683510403596e-05,-0.00581959859644882,"3K-RGP reference (unlabelled)"
"IRIS_313-10724",0.0154847311362942,-0.00785789446963941,-0.00130227092282651,-0.000532540257105769,"3K-RGP reference (unlabelled)"
"IRIS_313-10725",0.0156459074290356,-0.00287788923912289,-0.000511005716469751,-0.00111295967919653,"3K-RGP reference (unlabelled)"
"IRIS_313-10726",0.0150852136565777,-0.00782144706435992,-0.00206841663814576,-0.00217807078987795,"3K-RGP reference (unlabelled)"
"IRIS_313-10727",0.0139193951108982,-0.00495005361302834,-0.000330513486627235,-0.00113996130023364,"3K-RGP reference (unlabelled)"
"IRIS_313-10728",0.0158476001038526,-0.00395843776935577,-0.000426202984321499,-0.00157602636228348,"3K-RGP reference (unlabelled)"
"IRIS_313-10729",-0.00859219721368725,0.00969315659273673,0.00453169776327034,-0.0120260297594555,"3K-RGP reference (unlabelled)"
"IRIS_313-10730",-0.0276890505531971,-0.00502483063406154,-0.0335643617591179,0.0122347518631447,"3K-RGP reference (unlabelled)"
"IRIS_313-10731",0.013252070520795,-0.0072082459566021,0.00279782432012902,0.00293455080088449,"3K-RGP reference (unlabelled)"
"IRIS_313-10732",-0.0166583781156275,0.0175851584156554,-0.0223612341162394,-0.123982713186594,"3K-RGP reference (unlabelled)"
"IRIS_313-10733",0.0150936053408915,-0.00696069499002121,-0.000280123220220344,0.000108273630474492,"3K-RGP reference (unlabelled)"
"IRIS_313-10734",0.00439000357291558,0.0623707638463261,0.00471216185975223,0.0170708953460875,"3K-RGP reference (unlabelled)"
"IRIS_313-10735",0.00497987279668566,0.0627231440844914,0.00467953510132556,0.0159380254843951,"3K-RGP reference (unlabelled)"
"IRIS_313-10736",0.00275797217897958,0.0669253568326141,0.00465400677553302,0.0163219090169633,"3K-RGP reference (unlabelled)"
"IRIS_313-10737",0.00315126864738396,0.052531315766776,0.00329335653634659,0.0140070808633355,"3K-RGP reference (unlabelled)"
"IRIS_313-10738",-0.0075146529951975,-0.00701086411807456,-0.0170346393755255,0.00310055104992887,"3K-RGP reference (unlabelled)"
"IRIS_313-10739",-0.000121476000623409,-0.0068054830470463,-0.00778387938930718,0.00390145315410967,"3K-RGP reference (unlabelled)"
"IRIS_313-10740",-0.0239061614481779,-0.00296098534873261,-0.0353986013995773,0.00507952406872643,"3K-RGP reference (unlabelled)"
"IRIS_313-10741",-0.0239445418961884,-0.00297340010649836,-0.0348466870540553,0.00490012966570712,"3K-RGP reference (unlabelled)"
"IRIS_313-10742",0.0136422977665176,-0.00941788346303822,-0.00165249262788808,-7.10788267643584e-05,"3K-RGP reference (unlabelled)"
"IRIS_313-10743",-0.0261699581302581,-0.00425935337008103,-0.0314249177798632,0.0117013373812944,"3K-RGP reference (unlabelled)"
"IRIS_313-10744",-0.024301056609789,-0.00353859730767064,-0.034441831278331,0.00753850973384844,"3K-RGP reference (unlabelled)"
"IRIS_313-10745",-0.0236222532810106,-0.00315948886273642,-0.0338586424685862,0.00564046958447092,"3K-RGP reference (unlabelled)"
"IRIS_313-10746",-0.0242400281282703,-0.00321390642731403,-0.028729856936057,0.00625539679020997,"3K-RGP reference (unlabelled)"
"IRIS_313-10747",-0.0264470344092039,-0.00442249315494161,-0.0342262264430662,0.0127958585317455,"3K-RGP reference (unlabelled)"
"IRIS_313-10748",0.0156906506328312,-0.00811877330274278,0.000197682455651113,0.000331519813990596,"3K-RGP reference (unlabelled)"
"IRIS_313-10749",0.015656826761108,-0.00957149707696126,-0.00127700887599313,-0.00233258419361585,"3K-RGP reference (unlabelled)"
"IRIS_313-10750",0.01428473544761,-0.00898427638860878,-0.000343171797025869,-0.0018357608867636,"3K-RGP reference (unlabelled)"
"IRIS_313-10751",0.0129156665754331,-0.00599863217508956,-0.000441376198103214,-0.00133308604095017,"3K-RGP reference (unlabelled)"
"IRIS_313-10752",-0.0278984705824179,-0.00541920550310999,-0.0300907121486483,0.0187421519622629,"3K-RGP reference (unlabelled)"
"IRIS_313-10753",0.0124964023260111,-0.00948534409280938,0.00571562875327067,0.00167616341889474,"3K-RGP reference (unlabelled)"
"IRIS_313-10754",0.0145512458317116,-0.00939655630701864,0.00160375012863696,0.00197768186680513,"indx"
"IRIS_313-10755",0.0146899121959044,-0.00956730298295432,-0.000622853513158284,-0.00201760114303567,"3K-RGP reference (unlabelled)"
"IRIS_313-10756",0.0141020395829733,-0.000568158393979472,0.000406147515140787,-0.0029657855838428,"3K-RGP reference (unlabelled)"
"IRIS_313-10757",0.013783540738436,-0.00934969363282271,-0.00193900481072289,-0.00287473413307139,"3K-RGP reference (unlabelled)"
"IRIS_313-10758",-0.0255920379965074,-0.0040067459150095,-0.029937175813108,0.00916520453774916,"3K-RGP reference (unlabelled)"
"IRIS_313-10759",-0.0243133200550447,-0.00380546101119783,-0.0306642847302503,0.00603015407766055,"3K-RGP reference (unlabelled)"
"IRIS_313-10760",0.0145125317558395,-0.00817194139971924,-0.00136407065777512,-0.00144594777898332,"3K-RGP reference (unlabelled)"
"IRIS_313-10761",-0.0255583141304995,-0.00348399793364203,-0.0325017006901655,0.00967866614239456,"3K-RGP reference (unlabelled)"
"IRIS_313-10762",0.0147413003547283,-0.00947128933830494,-0.00258541128542844,-0.00154636407939546,"3K-RGP reference (unlabelled)"
"IRIS_313-10765",-0.0244602000276992,-0.00349680328450695,-0.0297893034380176,0.00741949894687224,"3K-RGP reference (unlabelled)"
"IRIS_313-10766",-0.0249132708807145,-0.00350671929563933,-0.032837693176125,0.00843718765667439,"3K-RGP reference (unlabelled)"
"IRIS_313-10767",-0.0254502215872416,-0.00372908689673325,-0.0337875240985553,0.00874819999431186,"3K-RGP reference (unlabelled)"
"IRIS_313-10768",0.011834557390796,-0.00887307067287359,-0.00245093472102862,-0.000597638158805522,"3K-RGP reference (unlabelled)"
"IRIS_313-10769",0.0150432809489998,-0.00813797748172139,-0.00017178251233057,-0.000125922489473514,"3K-RGP reference (unlabelled)"
"IRIS_313-10770",-0.0241186437786146,-0.00352906859762884,-0.0370778133382337,0.00919563413764568,"3K-RGP reference (unlabelled)"
"IRIS_313-10771",-0.0110408055554571,-0.00630680119566323,-0.0209146005170155,0.0067073728216557,"3K-RGP reference (unlabelled)"
"IRIS_313-10772",0.0149706439549134,-0.00992180294276676,-0.00107410296176056,-9.84628479819697e-05,"3K-RGP reference (unlabelled)"
"IRIS_313-10773",-0.024948185838535,-0.00347144918955488,-0.0313171874544835,0.00852070040381955,"3K-RGP reference (unlabelled)"
"IRIS_313-10774",0.0152449143202955,-0.00802419198939091,-0.000556044373562311,0.00014185028158935,"3K-RGP reference (unlabelled)"
"IRIS_313-10775",0.0148841359297317,-0.0062135560875358,-0.000888828663843245,0.000685095754789334,"3K-RGP reference (unlabelled)"
"IRIS_313-10776",-0.0257010437972939,-0.00414605518375434,-0.0326746003062747,0.0141491760463957,"3K-RGP reference (unlabelled)"
"IRIS_313-10777",0.0137394499573232,-0.0102064431514532,-0.00141758883130306,0.000297282382805991,"3K-RGP reference (unlabelled)"
"IRIS_313-10778",0.0137403227952307,-0.00852664182767645,-0.00296547198563977,-0.000450765681638919,"3K-RGP reference (unlabelled)"
"IRIS_313-10779",0.0138972503539829,-0.00900495241523075,-0.00161144935271298,-0.000317928516455846,"3K-RGP reference (unlabelled)"
"IRIS_313-10780",-0.0260617473799176,-0.00418943978108329,-0.0283472765527721,0.00904096172371751,"3K-RGP reference (unlabelled)"
"IRIS_313-10781",-0.0244244544141116,-0.00374733864041126,-0.032542096642798,0.00849750590004447,"3K-RGP reference (unlabelled)"
"IRIS_313-10782",0.0131365573072276,-0.00896493894525624,-0.00249626144778915,-0.00266190792630538,"3K-RGP reference (unlabelled)"
"IRIS_313-10783",-0.0238272769824843,-0.00330714442161817,-0.0298733302008745,0.00372933822184936,"3K-RGP reference (unlabelled)"
"IRIS_313-10784",-0.0239297700477359,-0.00325439437403131,-0.033647556654577,0.00701612034245759,"3K-RGP reference (unlabelled)"
"IRIS_313-10785",-0.0232723253282808,-0.0030603838225736,-0.0357285517866849,0.00505903177076164,"3K-RGP reference (unlabelled)"
"IRIS_313-10786",0.00448843660583653,-0.00812675209325546,-0.00569110992544291,0.000578818404919706,"3K-RGP reference (unlabelled)"
"IRIS_313-10787",-0.00178224379696486,-0.00687015646542642,-0.0115250766092625,0.00189210004668614,"3K-RGP reference (unlabelled)"
"IRIS_313-10788",-0.0246186396179982,-0.00342713209725708,-0.0298604652827166,0.00762204110357383,"3K-RGP reference (unlabelled)"
"IRIS_313-10789",-0.0246608467287515,-0.00331519882124082,-0.0328910105054329,0.00846413493347606,"3K-RGP reference (unlabelled)"
"IRIS_313-10790",-0.0229788410831314,-0.0027516467857241,-0.0289965634059133,0.00440377445391198,"3K-RGP reference (unlabelled)"
"IRIS_313-10791",0.0147426005582859,-0.0105446411053869,-0.00225260348609815,-0.000708992398094271,"3K-RGP reference (unlabelled)"
"IRIS_313-10792",0.0143105910572192,-0.0093886303255467,-0.000990070224364138,-0.000754388262509398,"3K-RGP reference (unlabelled)"
"IRIS_313-10793",-0.0253658618015929,-0.00447155980401031,-0.033189182962007,0.00999105765669328,"3K-RGP reference (unlabelled)"
"IRIS_313-10794",-0.0267221370636673,-0.00489303620294401,-0.0318393780970207,0.0117998811671034,"3K-RGP reference (unlabelled)"
"IRIS_313-10795",-0.0265241731916709,-0.00475931676013938,-0.0327027770406515,0.0129570528417486,"3K-RGP reference (unlabelled)"
"IRIS_313-10796",-0.0250945999220858,-0.00414068789988709,-0.0307077464663835,0.0108788893478208,"3K-RGP reference (unlabelled)"
"IRIS_313-10797",0.0137774849139646,-0.00974480752516546,-0.00245045945620543,-0.00236692951578762,"3K-RGP reference (unlabelled)"
"IRIS_313-10798",-0.0265700287369637,-0.00427834107694122,-0.0345994235330488,0.0145959288986095,"3K-RGP reference (unlabelled)"
"IRIS_313-10799",-0.0259223616418053,-0.00475560621313495,-0.0319249660049089,0.0144886264615879,"3K-RGP reference (unlabelled)"
"IRIS_313-10800",-0.0240688817024553,-0.00363391121144288,-0.0357206369928882,0.00651644074028111,"3K-RGP reference (unlabelled)"
"IRIS_313-10801",-0.0253937815738229,-0.00358553672178294,-0.0267578125553904,0.00737174975539455,"3K-RGP reference (unlabelled)"
"IRIS_313-10802",-0.025019687885337,-0.00339425231684345,-0.0345074989877395,0.00960915483239465,"3K-RGP reference (unlabelled)"
"IRIS_313-10803",-0.0244029974532476,-0.00350920540903045,-0.0305097610341292,0.00847383920513472,"3K-RGP reference (unlabelled)"
"IRIS_313-10804",0.0133988464166035,-0.00904994789969552,-0.00205357499084203,-0.00126726803808476,"3K-RGP reference (unlabelled)"
"IRIS_313-10805",-0.0244757030438609,-0.00361333386656008,-0.0354614809714315,0.00994019230340146,"3K-RGP reference (unlabelled)"
"IRIS_313-10806",0.0144983898169343,-0.00861959475826442,-0.00225160566101102,-0.00155087649740317,"3K-RGP reference (unlabelled)"
"IRIS_313-10807",0.01340940748437,-0.0099369763881674,-0.0026140278468184,-0.0018563042139663,"3K-RGP reference (unlabelled)"
"IRIS_313-10808",-0.024029872496723,-0.00393565333192423,-0.0347998814957245,0.00981746424960275,"3K-RGP reference (unlabelled)"
"IRIS_313-10809",-0.0213301516108958,-0.00413041723366914,-0.02841546980513,0.0061636727626522,"3K-RGP reference (unlabelled)"
"IRIS_313-10810",0.0138284569580758,-0.00948344082413493,-0.00194365448211245,-0.000748495563321826,"3K-RGP reference (unlabelled)"
"IRIS_313-10811",0.0150143837129153,-0.00661950464588883,-0.000438275002367468,0.000288904225630789,"3K-RGP reference (unlabelled)"
"IRIS_313-10812",0.014948207998819,-0.0101364674760607,-0.00158732846945265,-0.000518720172964429,"3K-RGP reference (unlabelled)"
"IRIS_313-10813",0.0137854351975769,-0.00867993450270086,-0.00315850312069523,-0.00169228672916816,"3K-RGP reference (unlabelled)"
"IRIS_313-10814",0.0131666578209842,-0.00979589402224788,-0.00288723228389585,-0.0019622625912755,"3K-RGP reference (unlabelled)"
"IRIS_313-10815",-0.0244630922062069,-0.00311687440700111,-0.033059355692057,0.00724361728164075,"3K-RGP reference (unlabelled)"
"IRIS_313-10816",-0.023122341145747,-0.00302073870260497,-0.0343705768746931,0.00789189398496175,"3K-RGP reference (unlabelled)"
"IRIS_313-10817",-0.0230204781673856,-0.00310919175025839,-0.0325648416214593,0.00126962384719851,"3K-RGP reference (unlabelled)"
"IRIS_313-10818",0.0133330613755774,-0.00880992124596202,-0.00259662017451123,-0.00156691804210754,"3K-RGP reference (unlabelled)"
"IRIS_313-10819",0.0130777496106944,-0.00805848228134602,-0.00162360570942446,-0.00063479352419249,"3K-RGP reference (unlabelled)"
"IRIS_313-10820",0.0134417660717263,-0.00931655386083051,-0.00339088511767932,-8.39557347322335e-05,"3K-RGP reference (unlabelled)"
"IRIS_313-10821",0.0139725778790981,-0.00895815365428557,-0.00255769049549,-0.00104186888168977,"3K-RGP reference (unlabelled)"
"IRIS_313-10822",0.0137773404811486,-0.00781728824556929,-0.00141682324691677,-0.00241373126762483,"3K-RGP reference (unlabelled)"
"IRIS_313-10823",0.0137973774290443,-0.00803791818627049,-0.00132772173820111,0.000316613894059885,"3K-RGP reference (unlabelled)"
"IRIS_313-10824",0.0149884126309591,-0.0105780582793739,-0.00125528913033041,-0.000212100483202539,"3K-RGP reference (unlabelled)"
"IRIS_313-10825",0.014545456543152,-0.00427495666269504,-0.001145975932696,-0.00122296530477719,"3K-RGP reference (unlabelled)"
"IRIS_313-10827",-0.0270151745640458,-0.00459840566967005,-0.0377457822310055,0.0151096584482893,"3K-RGP reference (unlabelled)"
"IRIS_313-10828",-0.0270221452126087,-0.00441749298162985,-0.0361763223672565,0.0154903975023742,"3K-RGP reference (unlabelled)"
"IRIS_313-10829",-0.0262225244899957,-0.00414015140476472,-0.0367248701091598,0.0153145111664726,"3K-RGP reference (unlabelled)"
"IRIS_313-10830",-0.0265167891015154,-0.00464957782274345,-0.0371433052284338,0.0143762055301675,"3K-RGP reference (unlabelled)"
"IRIS_313-10831",-0.0267288662929754,-0.0041841907239461,-0.039776294235743,0.0150129022510412,"3K-RGP reference (unlabelled)"
"IRIS_313-10832",-0.0269994890332175,-0.0046702979008087,-0.0357890561934239,0.0157715778281827,"3K-RGP reference (unlabelled)"
"IRIS_313-10833",0.0140175472576116,-0.000677672002503845,0.0018957256610585,0.00120496568951448,"ind2"
"IRIS_313-10834",-0.0264074390441274,-0.00240292216705486,-0.00261073618861021,-0.00727197177357427,"subtrop"
"IRIS_313-10835",0.0145254151896517,0.00101569801265573,0.00215116859541334,0.00186816905873743,"ind2"
"IRIS_313-10836",0.0148134359268647,-0.000929770274064456,0.00200461416651784,0.0024796158567466,"ind2"
"IRIS_313-10837",-0.0296700227472141,-0.0052477623300583,0.0414329994010321,-0.00112194756975277,"3K-RGP reference (unlabelled)"
"IRIS_313-10838",-0.0296844544615778,-0.00552270442772806,0.044897457796353,-0.00227738461918141,"3K-RGP reference (unlabelled)"
"IRIS_313-10839",-0.0304503526898027,-0.00639388260921471,0.0523052943664078,0.000179363741044553,"3K-RGP reference (unlabelled)"
"IRIS_313-10840",-0.0299883383342201,-0.00541457777981877,0.0441471854112383,-0.0024808902834417,"3K-RGP reference (unlabelled)"
"IRIS_313-10841",-0.0239790906645177,-0.00357349998602418,-0.0338058888915415,0.00595454072477713,"3K-RGP reference (unlabelled)"
"IRIS_313-10842",0.0143943344784748,-0.00880488282082697,-0.00181150858811081,-0.00039521427837306,"3K-RGP reference (unlabelled)"
"IRIS_313-10844",0.0135760581641665,-0.00957685069639583,-0.00184262736468067,-0.00149301069581917,"3K-RGP reference (unlabelled)"
"IRIS_313-10845",0.00600085236781735,0.0607066249302087,0.00356005165007272,0.00486903517702041,"3K-RGP reference (unlabelled)"
"IRIS_313-10847",0.0158174457652075,-0.00613893916702804,0.000489358643016632,-0.000178287112794896,"3K-RGP reference (unlabelled)"
"IRIS_313-10848",-0.0244053517847578,-0.000849423338943769,-0.0055319134700951,-0.00467992764752134,"3K-RGP reference (unlabelled)"
"IRIS_313-10849",0.00480860058925088,0.0676017555857964,0.00410936561620803,0.018631796976785,"aus"
"IRIS_313-10850",-0.00824762209038833,0.00843174093111209,-0.0154625752667454,0.00935262938306317,"admix"
"IRIS_313-10851",-0.0148395308419466,0.0115744394681781,-0.019229946338731,-0.0959756380660172,"3K-RGP reference (unlabelled)"
"IRIS_313-10852",0.00353669571492981,0.0707981688725262,0.00477747540123669,0.0183501234685434,"aus"
"IRIS_313-10853",-0.026799147114418,-0.0037817934797684,-0.0180782206359458,0.00232363701349979,"japx"
"IRIS_313-10854",0.00356732849072769,0.0482126543108652,0.00161462393735927,0.0161982711912172,"3K-RGP reference (unlabelled)"
"IRIS_313-10855",0.0141211921735225,-0.00170808662345262,4.90311579093832e-05,-0.000469298972159823,"3K-RGP reference (unlabelled)"
"IRIS_313-10856",0.00918116886255621,0.0171605726086366,0.00224743683786661,0.00608108260898146,"3K-RGP reference (unlabelled)"
"IRIS_313-10857",0.00951820354342145,0.019080245325709,0.000546239725939462,0.00393907076950995,"admix"
"IRIS_313-10858",0.0132679862669324,0.00418314610589066,-0.000318470295353716,0.00292616569788798,"3K-RGP reference (unlabelled)"
"IRIS_313-10859",0.0112025730010833,0.0135731596597304,0.000226434125401999,0.00401281997925923,"indx"
"IRIS_313-10861",0.00366644486782169,0.0517642622830831,0.00148787170581168,0.0170297529056039,"aus"
"IRIS_313-10862",-0.026572976843724,-0.00376930061132768,-0.0176242516001476,0.00192127946270735,"japx"
"IRIS_313-10863",0.0160073660388182,-0.00269180976306078,0.000726020622813831,0.00069307453487073,"3K-RGP reference (unlabelled)"
"IRIS_313-10864",-0.0218856136840181,0.00491161480028834,-0.0186199671924219,-0.0462128683192749,"3K-RGP reference (unlabelled)"
"IRIS_313-10865",-0.0258107172225241,-0.00295041917913634,-0.00858165717877638,-0.00327024694530602,"subtrop"
"IRIS_313-10866",-0.0264803563572872,-0.00337156192231459,-0.0100096571668582,-0.00289735000820194,"subtrop"
"IRIS_313-10867",-0.026462413825221,-0.00381347873616357,-0.0117922190824514,-0.00215104802013339,"subtrop"
"IRIS_313-10868",-0.0168669969012521,0.0165695158150825,-0.0208370325614918,-0.119364497581924,"3K-RGP reference (unlabelled)"
"IRIS_313-10869",0.00251344424381928,0.0557965211673809,0.00297197445627935,0.0166551472343178,"aus"
"IRIS_313-10870",-0.0257858365600716,-0.00257959407725997,-0.0147430773251769,-0.00190053823454277,"subtrop"
"IRIS_313-10871",0.00256510010560602,0.0544118092188367,0.00281970142760552,0.0174502288232862,"aus"
"IRIS_313-10872",-0.0180489930019048,-0.00458303632923246,-0.00896988161840341,-0.00185045962400769,"japx"
"IRIS_313-10873",-0.00122315366945558,0.0485991344378184,0.000947826637785399,0.0123897699488141,"aus"
"IRIS_313-10874",-0.0262546388678919,-0.0034666390381031,-0.0107487719175986,-0.00201159617339727,"3K-RGP reference (unlabelled)"
"IRIS_313-10875",0.00310757822724577,0.064322503926661,0.00359498774060584,0.018496518167987,"aus"
"IRIS_313-10876",0.00234103132466113,0.0518984613116596,0.00269805833546525,0.0174105422610892,"aus"
"IRIS_313-10877",0.00185585638137995,0.0495796516334167,0.00319074790630678,0.0167154140989434,"aus"
"IRIS_313-10878",0.0018869192439633,0.0503218178122459,0.00318002650368582,0.0168594523419599,"aus"
"IRIS_313-10879",0.00686338254138128,0.0303295399877195,0.00192013240451552,0.0100212939767858,"admix"
"IRIS_313-10880",0.015420322091797,-0.00439838188413632,0.000443126993146511,-0.00106949689625829,"3K-RGP reference (unlabelled)"
"IRIS_313-10881",-0.00891011629399975,0.0186599279392125,-0.00396709605085013,0.00604965565418153,"3K-RGP reference (unlabelled)"
"IRIS_313-10882",0.00344278102259175,0.044612903908646,0.00244046770275425,0.0136620496599524,"3K-RGP reference (unlabelled)"
"IRIS_313-10883",-0.0117849534935063,0.0147102997520278,-0.00789722324040677,0.00409153456221216,"admix"
"IRIS_313-10884",-0.024185367184948,-0.00259542053471827,-0.0114005898779749,-0.00480270959651237,"3K-RGP reference (unlabelled)"
"IRIS_313-10885",0.0145454092729036,-0.00533956872117221,0.000242017629390844,-0.00267182902813295,"3K-RGP reference (unlabelled)"
"IRIS_313-10886",-0.0259936247189881,-0.00287271608013071,-0.0101692647727228,-0.00404224098181839,"3K-RGP reference (unlabelled)"
"IRIS_313-10887",0.0147103687186317,-0.00802349653003704,0.000109468127360353,-8.45939773983493e-05,"3K-RGP reference (unlabelled)"
"IRIS_313-10888",-0.0265259488703425,-0.00364404479045571,-0.0138355543414589,-0.00249038681317614,"subtrop"
"IRIS_313-10889",-0.0262266798324055,-0.00282934683869692,-0.00937529487048638,-0.00114469048939403,"3K-RGP reference (unlabelled)"
"IRIS_313-10890",-0.0268685242659015,-0.00305329897747218,-0.00963566758795718,-0.00453876873001311,"3K-RGP reference (unlabelled)"
"IRIS_313-10891",0.00477661396107871,0.040371530731681,0.000986142668279874,0.0136794548415249,"3K-RGP reference (unlabelled)"
"IRIS_313-10892",0.00394945399258285,0.0440874733529731,0.00278846538033909,0.0152279538375202,"3K-RGP reference (unlabelled)"
"IRIS_313-10893",-0.0261900828841551,-0.00262856303229492,-0.0123047540895644,-0.00226839022930538,"subtrop"
"IRIS_313-10894",0.00426216938868505,0.028448531117393,-0.000979956663116474,0.0118579498071087,"admix"
"IRIS_313-10895",-0.0270379769355624,-0.00332965180681169,-0.0149911170666709,-0.00216789824937806,"subtrop"
"IRIS_313-10896",0.0037728027072018,0.0234133399247024,-0.000295407673585909,0.00967232249610682,"3K-RGP reference (unlabelled)"
"IRIS_313-10897",0.0148211046221552,-0.00995259625991153,-0.00163927288309412,-0.00266769030331344,"ind3"
"IRIS_313-10898",0.0146917782705769,-0.0089775685145273,-0.000268353966488171,-0.00206926378280236,"3K-RGP reference (unlabelled)"
"IRIS_313-10899",0.0148388490762528,-0.00908565490876116,-0.000701351774154115,-0.00126987306326934,"3K-RGP reference (unlabelled)"
"IRIS_313-10900",0.0157194716204616,-0.00925307210253144,-0.00107587686605935,-0.00123585219633052,"3K-RGP reference (unlabelled)"
"IRIS_313-10901",0.0145065987087603,-0.00938955140232798,-0.000774375740481613,-0.00171438432777692,"3K-RGP reference (unlabelled)"
"IRIS_313-10902",0.0152650964403515,-0.00978264393713649,-0.00119842098907051,-0.0018205544963579,"3K-RGP reference (unlabelled)"
"IRIS_313-10903",0.014043801621186,-0.00790471718778856,-0.000135632812859394,-0.000418147086146126,"3K-RGP reference (unlabelled)"
"IRIS_313-10904",0.0147805286507912,-0.00921176823374268,-0.000727553912162682,-0.00161778302006615,"3K-RGP reference (unlabelled)"
"IRIS_313-10905",0.0141839578161295,-0.00909459540644535,-0.00107793093240696,-0.0019178381932763,"3K-RGP reference (unlabelled)"
"IRIS_313-10906",0.0127994699370609,-0.00932310050430779,-0.00219534701174928,-0.00139658761684787,"3K-RGP reference (unlabelled)"
"IRIS_313-10907",0.0139786855347634,-0.00880361121464396,6.15932872436017e-05,-0.00123469092361864,"3K-RGP reference (unlabelled)"
"IRIS_313-10908",0.0147033515676241,-0.00904225994425927,-0.000895739621666679,-0.00185632048303299,"3K-RGP reference (unlabelled)"
"IRIS_313-10909",0.0153134921632312,-0.00917052962210033,-0.00119410966958777,-0.00184117716205437,"3K-RGP reference (unlabelled)"
"IRIS_313-10910",0.015102690268217,-0.00968005074502995,-0.00100296810027005,-2.32565649630006e-05,"3K-RGP reference (unlabelled)"
"IRIS_313-10911",0.0148691214593464,-0.00964518763352137,-0.000951672375175844,-0.00113814317423686,"3K-RGP reference (unlabelled)"
"IRIS_313-10912",0.0152421450189359,-0.00980675939115922,-0.00180192928226984,-0.00217869399019612,"3K-RGP reference (unlabelled)"
"IRIS_313-10913",0.0151565606963355,-0.0084429306600026,-0.000762655088091728,-0.000994682008813907,"3K-RGP reference (unlabelled)"
"IRIS_313-10915",0.0159135496226779,-0.00988287774082318,-0.000987844122564138,-0.00251902275825687,"3K-RGP reference (unlabelled)"
"IRIS_313-10916",-0.0292217537269845,-0.00604662356190196,0.0235455089356051,0.0056836605523718,"3K-RGP reference (unlabelled)"
"IRIS_313-10917",0.0139463490908833,-0.00467291540487345,0.000659470192494711,0.00033953923006246,"3K-RGP reference (unlabelled)"
"IRIS_313-10918",-0.021151357616185,-0.00495644088955535,-0.0298401702325562,0.0142279816965655,"3K-RGP reference (unlabelled)"
"IRIS_313-10919",-0.0244823043543337,-0.00397233709197847,-0.0325375836646699,0.00907150136864314,"3K-RGP reference (unlabelled)"
"IRIS_313-10920",-0.0242325389340408,-0.00399183886543325,-0.0321997154749012,0.00913609625804145,"3K-RGP reference (unlabelled)"
"IRIS_313-10921",0.0139047881271536,-0.00574353443115393,-0.000705288916943509,0.000223507936957273,"3K-RGP reference (unlabelled)"
"IRIS_313-10922",-0.0267304592752654,-0.00385278106604838,-0.0101152981020331,-0.00526209637906333,"3K-RGP reference (unlabelled)"
"IRIS_313-10923",-0.0275146617485749,-0.00429882401698912,-0.00608484536409312,-0.00620115728076088,"3K-RGP reference (unlabelled)"
"IRIS_313-10924",0.0154683100015384,-0.00753833719345909,9.59369322322337e-05,-0.000329370541930993,"3K-RGP reference (unlabelled)"
"IRIS_313-10925",0.00375422977180303,0.0624362566365471,0.00378218105053685,0.0147149070178506,"3K-RGP reference (unlabelled)"
"IRIS_313-10926",-0.0154894334049458,0.0166905227867025,-0.0185458039482511,-0.100644561808329,"3K-RGP reference (unlabelled)"
"IRIS_313-10927",0.00606785936472299,0.0687794614495683,0.0045221890615929,0.00611328810529211,"3K-RGP reference (unlabelled)"
"IRIS_313-10928",0.0140847010839374,-0.00609981241338319,-0.00012488311056618,0.000208907852580394,"3K-RGP reference (unlabelled)"
"IRIS_313-10929",0.0146709916312947,-0.00220262383263044,0.000155800903717231,-0.000315360337689932,"3K-RGP reference (unlabelled)"
"IRIS_313-10930",0.00394462214177045,0.0721494817758316,0.00458928738110979,0.0175910236373852,"3K-RGP reference (unlabelled)"
"IRIS_313-10931",-0.0279250977396067,-0.00438014171449611,-0.0292198927409363,0.0132105144412522,"3K-RGP reference (unlabelled)"
"IRIS_313-10932",0.0146813491261158,-0.00863394419814371,0.00253879090243542,0.00370395217570899,"3K-RGP reference (unlabelled)"
"IRIS_313-10933",-0.0178856095729101,0.0118080318050234,-0.0178167111308037,-0.0940752213061676,"3K-RGP reference (unlabelled)"
"IRIS_313-10934",0.0145484819886291,-0.00921179791175596,-0.000128823275478456,-0.000626103065448358,"3K-RGP reference (unlabelled)"
"IRIS_313-10935",0.0140470877826138,-0.00948476490985119,-0.00132965572739261,1.19973273618041e-05,"3K-RGP reference (unlabelled)"
"IRIS_313-10936",-0.0242573997387219,-0.00311266046746673,-0.0341922569661412,0.00460643566802786,"3K-RGP reference (unlabelled)"
"IRIS_313-10937",0.0144141146948379,-0.00909729267341693,-0.00244373574989522,-0.00158792773849167,"3K-RGP reference (unlabelled)"
"IRIS_313-10938",0.0147451794622351,-0.00975350159715089,-0.00163700646087299,-0.000696464700960958,"3K-RGP reference (unlabelled)"
"IRIS_313-10940",0.0137127780747803,-0.00924172304407219,-0.0020176848457327,-0.00167822752840027,"3K-RGP reference (unlabelled)"
"IRIS_313-10941",0.0155014183269049,-0.00832155326498074,-0.000421096648586641,0.000170113843436304,"3K-RGP reference (unlabelled)"
"IRIS_313-10942",0.0148751222474658,-0.00902013636353505,-0.00152098906539455,-0.00082224084254755,"3K-RGP reference (unlabelled)"
"IRIS_313-10943",0.013913385591637,-0.00945759552446362,-0.00215770709362383,-0.00165343569557309,"3K-RGP reference (unlabelled)"
"IRIS_313-10944",0.0137560079260433,-0.00280107240650549,-0.000677042429477843,-0.00154460150578361,"3K-RGP reference (unlabelled)"
"IRIS_313-10945",-0.0259724379909493,-0.0045829896982459,-0.0319680683916301,0.0128690431076955,"3K-RGP reference (unlabelled)"
"IRIS_313-10946",-0.0255762216157046,-0.0038475116942377,-0.0309953714287007,0.0100188953777517,"3K-RGP reference (unlabelled)"
"IRIS_313-10947",0.011626817007608,-0.00839543967714266,-0.00311666602603063,-0.000253271393073217,"3K-RGP reference (unlabelled)"
"IRIS_313-10948",-0.00588109334776122,-0.00668009025242969,-0.0163453384513163,0.00556326469367217,"3K-RGP reference (unlabelled)"
"IRIS_313-10949",-0.0253377818259498,-0.0041808307796365,-0.0325515912370333,0.015153792023166,"3K-RGP reference (unlabelled)"
"IRIS_313-10950",-0.02278341358008,-0.0030108489253465,-0.0307158269064376,0.0016508938902008,"3K-RGP reference (unlabelled)"
"IRIS_313-10951",0.0140717897289247,-0.0101413365199082,-0.00192381434208061,-0.00165473383307288,"3K-RGP reference (unlabelled)"
"IRIS_313-10952",-0.0257975103216934,-0.0035115105969884,-0.0339491110507691,0.015189169804518,"3K-RGP reference (unlabelled)"
"IRIS_313-10953",-0.025828467797295,-0.00333452879999417,-0.0321791843152003,0.0115418537128412,"3K-RGP reference (unlabelled)"
"IRIS_313-10954",0.0156712331619327,-0.0106936373666559,-0.00113003547840594,-0.0004312357290429,"3K-RGP reference (unlabelled)"
"IRIS_313-10955",0.013749017799064,-0.00862579155467957,-0.0036118523488327,0.000843267898849308,"3K-RGP reference (unlabelled)"
"IRIS_313-10956",-0.024182579662167,-0.00362367319812903,-0.0336769580174322,0.00953942921347764,"3K-RGP reference (unlabelled)"
"IRIS_313-10957",-0.0256863860973704,-0.00401112535874358,-0.0324763565201398,0.0134558797749989,"3K-RGP reference (unlabelled)"
"IRIS_313-10958",-0.0254807036347201,-0.00367035035256547,-0.032877279229804,0.0123165201696338,"3K-RGP reference (unlabelled)"
"IRIS_313-10959",-0.0253461348428335,-0.00410423654540758,-0.0303795240434523,0.0138690283737339,"3K-RGP reference (unlabelled)"
"IRIS_313-10960",-0.0249028551957662,-0.00390304818418404,-0.0343296980950316,0.0135503322830525,"3K-RGP reference (unlabelled)"
"IRIS_313-10961",0.0145282632639891,-0.00971641221600002,-0.00179974018419753,-0.0012279343393394,"3K-RGP reference (unlabelled)"
"IRIS_313-10962",0.0138009641674995,-0.00928129159424648,-0.0015846652914655,-0.00110251908023354,"3K-RGP reference (unlabelled)"
"IRIS_313-10963",0.0050104051102979,0.067832904818078,0.00458749008991968,0.0178475495687366,"3K-RGP reference (unlabelled)"
"IRIS_313-10964",0.00309838885002013,0.0654878307645104,0.00457346134056733,0.0131183442075911,"3K-RGP reference (unlabelled)"
"IRIS_313-10965",0.00464432263559167,0.0683305012204213,0.00476952161974228,0.0192985414178918,"3K-RGP reference (unlabelled)"
"IRIS_313-10966",0.0138719597328574,-0.00777483665470869,0.000194596343860337,0.000351965484608684,"3K-RGP reference (unlabelled)"
"IRIS_313-10967",-0.0301414322584015,-0.00630583891577372,0.0263315193155518,0.00961154038935315,"3K-RGP reference (unlabelled)"
"IRIS_313-10968",0.0150081595784116,-0.00782532392876412,0.00241339744792037,0.003725931111681,"3K-RGP reference (unlabelled)"
"IRIS_313-10969",0.00432919652423834,0.0710357183380132,0.00553560388885116,0.0174467882379064,"3K-RGP reference (unlabelled)"
"IRIS_313-10970",0.0148967442689439,-0.00972486803230406,-0.00164756162191192,-0.00258245984099756,"3K-RGP reference (unlabelled)"
"IRIS_313-10971",0.0123631422773062,-0.00136693153055552,0.00123059037746212,-0.00214462807177836,"3K-RGP reference (unlabelled)"
"IRIS_313-10972",0.0122925902691243,-0.00234057968899244,7.29986564599969e-05,-0.00213268727101877,"3K-RGP reference (unlabelled)"
"IRIS_313-10973",0.0132870040796248,0.00116252711426403,0.000855733097288802,-0.00383245549946161,"3K-RGP reference (unlabelled)"
"IRIS_313-10974",0.0131858898481672,-0.00207136140440402,-0.00051860334508312,-0.00717231649003701,"3K-RGP reference (unlabelled)"
"IRIS_313-10975",0.0150953135670132,-0.00460993306231306,-0.000815169959648109,-0.0028098426279294,"3K-RGP reference (unlabelled)"
"IRIS_313-10976",0.00515947526878326,0.0713589877434717,0.00346662792520082,0.0138153609759333,"3K-RGP reference (unlabelled)"
"IRIS_313-10977",0.014086014823601,0.000953509680400114,0.000952686898601148,-0.00344975823992684,"3K-RGP reference (unlabelled)"
"IRIS_313-10978",0.013467357662801,0.00263101236288384,0.000606856931603005,-0.00201473559463597,"3K-RGP reference (unlabelled)"
"IRIS_313-10979",0.00524693146298829,0.0560197470404527,0.00359301533327067,0.000328241480534369,"3K-RGP reference (unlabelled)"
"IRIS_313-10980",0.0110567434376026,0.0277523415171982,0.00194159392572824,-0.000627800283728555,"3K-RGP reference (unlabelled)"
"IRIS_313-10981",0.00476289931714603,0.0587249417806792,0.00358128892134064,0.000450346532561565,"3K-RGP reference (unlabelled)"
"IRIS_313-10982",0.0133768678668129,-0.000683811327379416,-6.9034976165212e-05,-0.00124514516674256,"3K-RGP reference (unlabelled)"
"IRIS_313-10983",0.0136401970011596,-0.0055222467679822,0.000384349003303127,-0.00396766163602482,"3K-RGP reference (unlabelled)"
"IRIS_313-10984",0.015089153826315,-0.000190223959308426,-0.00028297005055137,-0.000354252149642276,"3K-RGP reference (unlabelled)"
"IRIS_313-10985",0.0136894583270958,-0.00275019933244556,0.000592648577287316,-0.00325259000210456,"3K-RGP reference (unlabelled)"
"IRIS_313-10986",0.0154170719833539,-0.000859977733159165,0.000267394691903962,-0.00157809317275548,"3K-RGP reference (unlabelled)"
"IRIS_313-10987",0.00573144725679792,0.0602186164212745,0.00270674376763945,0.00466499916075805,"3K-RGP reference (unlabelled)"
"IRIS_313-10988",0.0114512507712638,-0.00605429856315196,-0.00113439786733597,0.000697353570208468,"3K-RGP reference (unlabelled)"
"IRIS_313-10989",0.0150559965313085,-0.00475491563258163,-0.000404708378658085,-0.00400127004649427,"3K-RGP reference (unlabelled)"
"IRIS_313-10990",0.0132936824037899,-0.0079251454977252,-0.00206422296982316,0.00137664951864961,"3K-RGP reference (unlabelled)"
"IRIS_313-10991",-0.0262496780740986,-0.00441811206300534,-0.0362235218950501,0.0167897029127408,"3K-RGP reference (unlabelled)"
"IRIS_313-10992",-0.0261458194456818,-0.00429052390387096,-0.0352751024999007,0.0161768410526408,"3K-RGP reference (unlabelled)"
"IRIS_313-10993",-0.0280114414141707,-0.00432981816280277,-0.0284106246429744,0.0139661625207528,"3K-RGP reference (unlabelled)"
"IRIS_313-10994",-0.0249169581385886,-0.00397641834018877,-0.0346014363097412,0.00952562645333624,"3K-RGP reference (unlabelled)"
"IRIS_313-10995",0.0152122120398591,-0.00862332988018313,-0.000628759573038271,-0.00113060051553854,"3K-RGP reference (unlabelled)"
"IRIS_313-10996",0.012443315035874,-0.00881571715579099,-0.00312400507069669,0.00184158070746625,"3K-RGP reference (unlabelled)"
"IRIS_313-10997",0.0146234175054686,-0.0095355567831778,-0.00139333522607793,0.000497288297833884,"3K-RGP reference (unlabelled)"
"IRIS_313-10998",0.00364861618055329,-0.00799023616624159,-0.00820630586954353,0.0024748893454146,"3K-RGP reference (unlabelled)"
"IRIS_313-10999",-0.0262998155293326,-0.00492908009536777,-0.0367174675663473,0.0175723169263335,"3K-RGP reference (unlabelled)"
"IRIS_313-11000",0.0140068673005661,-0.00840442570494951,-0.00158902134099068,-0.000486169538917312,"3K-RGP reference (unlabelled)"
"IRIS_313-11001",-0.0268016086455228,-0.00440855010230734,-0.0293291868539045,0.0140952674741332,"3K-RGP reference (unlabelled)"
"IRIS_313-11003",-0.0239745524849374,-0.0044996150527372,-0.0270462482381535,0.0129746172272988,"3K-RGP reference (unlabelled)"
"IRIS_313-11004",-0.025377123032199,-0.00454359202426955,-0.0295890593210805,0.0139242372067266,"3K-RGP reference (unlabelled)"
"IRIS_313-11005",-0.0224357790046097,-0.00249671519944516,-0.0304933913645165,0.00158491113853942,"3K-RGP reference (unlabelled)"
"IRIS_313-11006",0.0132157526923231,-0.00975411454252173,-0.00194809325571889,-0.000760680307485367,"3K-RGP reference (unlabelled)"
"IRIS_313-11007",-0.0243310543635122,-0.00353425600326991,-0.0349516849445584,0.00971942623039294,"3K-RGP reference (unlabelled)"
"IRIS_313-11008",-0.0239983731196354,-0.00377117505760034,-0.0313753688687947,0.00838963249055992,"3K-RGP reference (unlabelled)"
"IRIS_313-11009",-0.0260723623213171,-0.0042387616395896,-0.0342918944854874,0.015660332172886,"3K-RGP reference (unlabelled)"
"IRIS_313-11010",0.014261674670919,-0.00981999077365607,-0.00141886336561629,-0.00197239653769382,"3K-RGP reference (unlabelled)"
"IRIS_313-11011",0.0118266267377593,-0.00872214798294783,0.00136377783584701,-0.000740293768929097,"3K-RGP reference (unlabelled)"
"IRIS_313-11012",-0.00637389933550654,-0.00595125129737748,-0.0150581822438596,0.00607436157558421,"3K-RGP reference (unlabelled)"
"IRIS_313-11013",0.00478581361162561,0.0694851415002044,0.00540460502158129,0.0169912898166969,"3K-RGP reference (unlabelled)"
"IRIS_313-11014",0.00404185878583442,0.0699860642627983,0.00455765176021533,0.0143262738434641,"3K-RGP reference (unlabelled)"
"IRIS_313-11015",0.0048499284059972,0.0711832544689511,0.00446776547236619,0.0136169952593902,"3K-RGP reference (unlabelled)"
"IRIS_313-11016",0.00504300584513292,0.0734892591767635,0.00501674869039698,0.0191659752061026,"3K-RGP reference (unlabelled)"
"IRIS_313-11017",0.00530819809797799,0.0715238618192598,0.0053252897066134,0.0200823086022863,"3K-RGP reference (unlabelled)"
"IRIS_313-11018",0.0065906086398621,0.0678173553930305,0.00532985530514711,0.017395496175379,"3K-RGP reference (unlabelled)"
"IRIS_313-11019",0.00475870846249948,0.068850094184216,0.00450512026834605,0.009676424932912,"3K-RGP reference (unlabelled)"
"IRIS_313-11020",0.00385638433382522,0.066516524946078,0.00346630995126015,0.0134802770388883,"3K-RGP reference (unlabelled)"
"IRIS_313-11021",-0.0145242349616907,0.0248153581048337,-0.0197934551676949,-0.104069361028718,"3K-RGP reference (unlabelled)"
"IRIS_313-11022",-0.0137179979428184,0.0239388312476227,-0.0197950785012155,-0.105263723488746,"3K-RGP reference (unlabelled)"
"IRIS_313-11023",-0.0147690811784813,0.0248440540122017,-0.0197393678713648,-0.104090160184724,"3K-RGP reference (unlabelled)"
"IRIS_313-11024",0.00396172899868257,0.0665837888087644,0.00385160652313558,0.0150323708493191,"3K-RGP reference (unlabelled)"
"IRIS_313-11025",0.00278806846503896,0.0734068840037974,0.00515589957670613,0.0119003894772937,"3K-RGP reference (unlabelled)"
"IRIS_313-11026",-0.015598811119924,0.0209852449273356,-0.0209328658969097,-0.11762812253041,"3K-RGP reference (unlabelled)"
"IRIS_313-11027",0.00487843927495402,0.0568333123459731,0.00292416128057966,0.0164675730544027,"3K-RGP reference (unlabelled)"
"IRIS_313-11028",0.0037861477564629,0.0655585870515751,0.00513187512598049,0.0120530731558866,"3K-RGP reference (unlabelled)"
"IRIS_313-11029",0.00454417811152278,0.0637536361226953,0.00451447598244532,0.0122176060586208,"3K-RGP reference (unlabelled)"
"IRIS_313-11030",-0.0105360253322236,0.0314632587648367,-0.014596096891988,-0.0854956698013162,"3K-RGP reference (unlabelled)"
"IRIS_313-11031",0.00614520913359977,0.0451644746765434,0.00342851306249702,0.0095418141249799,"3K-RGP reference (unlabelled)"
"IRIS_313-11032",-0.00788396844044088,0.0280784381765851,-0.0155135427238497,-0.0815980479475974,"3K-RGP reference (unlabelled)"
"IRIS_313-11033",-0.00613837739398776,0.0414943362165784,-0.00896852785722394,-0.0503447372082633,"3K-RGP reference (unlabelled)"
"IRIS_313-11034",0.00411754500721215,0.0637896690616051,0.00356581467176487,0.0105821583862732,"3K-RGP reference (unlabelled)"
"IRIS_313-11035",0.00944910687285721,0.0351822052591029,0.00203045879659781,0.00881429221539079,"3K-RGP reference (unlabelled)"
"IRIS_313-11036",-0.00105524097807876,0.0514401346472736,-0.00351985668750339,-0.0245855603902403,"3K-RGP reference (unlabelled)"
"IRIS_313-11037",0.0045612425417828,0.0681171692827052,0.00375449357138376,0.0185437669111236,"3K-RGP reference (unlabelled)"
"IRIS_313-11038",0.0152173721982924,-0.00874692192099811,0.00244439823354999,0.00378439011800527,"3K-RGP reference (unlabelled)"
"IRIS_313-11039",0.0152032532281414,-0.00924760010743342,0.00341536082392546,0.00340249707232817,"3K-RGP reference (unlabelled)"
"IRIS_313-11040",0.0143009911569563,0.000525345459527338,-0.000312182058168309,-0.00100941547488776,"3K-RGP reference (unlabelled)"
"IRIS_313-11041",0.0138873738978823,0.00478806577580005,0.00210922246877223,0.00147164526404686,"ind2"
"IRIS_313-11042",0.0139595709004823,0.00624085267926445,0.000572774302241975,0.00123461478673045,"3K-RGP reference (unlabelled)"
"IRIS_313-11043",0.0143372307484796,-0.00986409519565721,-0.00200291928173389,-0.00247917776403136,"3K-RGP reference (unlabelled)"
"IRIS_313-11044",-0.0237854977852152,-0.00279766450084095,-0.0263674884736141,0.00531409740181864,"3K-RGP reference (unlabelled)"
"IRIS_313-11045",-0.0256099574001813,-0.00451673641826426,-0.0354981752818252,0.0157114100723524,"3K-RGP reference (unlabelled)"
"IRIS_313-11046",-0.0230898847153498,-0.0029453814811547,-0.029141149439962,0.00686369431755461,"3K-RGP reference (unlabelled)"
"IRIS_313-11047",0.00415750076844319,0.0696088784198313,0.00415225870625691,0.016554577823058,"3K-RGP reference (unlabelled)"
"IRIS_313-11048",0.00509948791024267,0.0729737950253322,0.00498450212643535,0.0200656650994695,"3K-RGP reference (unlabelled)"
"IRIS_313-11049",0.00455440041721383,0.0711719165087824,0.00416702966848762,0.0169057213371144,"3K-RGP reference (unlabelled)"
"IRIS_313-11050",0.00508561111377354,0.0718343587442491,0.00459130528761138,0.0121491015575161,"3K-RGP reference (unlabelled)"
"IRIS_313-11051",0.00444410535993602,0.0724305461290582,0.00358622955465028,0.0103763072679885,"3K-RGP reference (unlabelled)"
"IRIS_313-11052",0.00412596676963784,0.0638228469792041,0.00300392507441415,0.0118334847660238,"3K-RGP reference (unlabelled)"
"IRIS_313-11053",0.00452402829702575,0.0732028251061051,0.00524130569308464,0.0193910420032822,"3K-RGP reference (unlabelled)"
"IRIS_313-11054",0.00459315099282863,0.0709328823470996,0.00347069924045357,0.0101257588728003,"3K-RGP reference (unlabelled)"
"IRIS_313-11055",0.00528485110235108,0.0725832404733622,0.00452094585175612,0.0134254514845962,"3K-RGP reference (unlabelled)"
"IRIS_313-11056",0.00568602049247226,0.0732075182548724,0.00405064428900484,0.0126191307932201,"3K-RGP reference (unlabelled)"
"IRIS_313-11057",0.00467914114700892,0.0714234645603058,0.00337381740394672,0.0101769215688717,"3K-RGP reference (unlabelled)"
"IRIS_313-11058",0.00507790254853919,0.0773467779056178,0.00566116816754491,0.0187871923363629,"3K-RGP reference (unlabelled)"
"IRIS_313-11059",0.00489711323632807,0.074626146846681,0.00496967057372028,0.0176182691740901,"3K-RGP reference (unlabelled)"
"IRIS_313-11060",0.00424785622744224,0.0698932240266266,0.0054228733801326,0.0198957405069457,"3K-RGP reference (unlabelled)"
"IRIS_313-11061",0.00377457256458223,0.0663055460282522,0.00562745219098956,0.0184450785980857,"3K-RGP reference (unlabelled)"
"IRIS_313-11062",-0.0166116446404071,0.0214415968126524,-0.0209129071486146,-0.0686009076843003,"3K-RGP reference (unlabelled)"
"IRIS_313-11063",0.00343741641333108,0.0697772153630517,0.00321183608338525,0.00783728850067638,"3K-RGP reference (unlabelled)"
"IRIS_313-11064",0.00336216352538902,0.0699270374409142,0.00299077347713132,0.00761353533504561,"3K-RGP reference (unlabelled)"
"IRIS_313-11065",0.00280512848939054,0.0661904718404608,0.00346889224667095,0.00721506691886717,"3K-RGP reference (unlabelled)"
"IRIS_313-11066",-0.015805508071184,0.0234134324087132,-0.019813909064409,-0.0555194880755763,"3K-RGP reference (unlabelled)"
"IRIS_313-11067",0.00283291448321858,0.069432509891268,0.00333243551560665,0.00676419844820747,"3K-RGP reference (unlabelled)"
"IRIS_313-11068",-0.0176478005280681,0.0191098181534385,-0.0213771888609834,-0.0738829002913396,"3K-RGP reference (unlabelled)"
"IRIS_313-11069",-0.0161232281737389,0.0221819419191522,-0.019577854021565,-0.0643379210080753,"3K-RGP reference (unlabelled)"
"IRIS_313-11070",-0.0160112406877378,0.0212344126356031,-0.0175590385498389,-0.0551364977115841,"3K-RGP reference (unlabelled)"
"IRIS_313-11071",0.0145874416282907,-0.00746706540300542,0.000256739615901924,0.000427850009882546,"3K-RGP reference (unlabelled)"
"IRIS_313-11072",0.0157160710963981,-0.00970472354166567,-0.000545396708480452,-0.00134472504674131,"3K-RGP reference (unlabelled)"
"IRIS_313-11073",-0.0276288916647509,-0.00448803501364417,0.000966945250797045,-0.00474072173676444,"3K-RGP reference (unlabelled)"
"IRIS_313-11074",0.0152944788813977,-0.0098646032739337,-0.00039532938449632,5.42004184666002e-05,"3K-RGP reference (unlabelled)"
"IRIS_313-11075",-0.0268099173856093,-0.004313049566355,0.00850592027593342,-0.00442902618165025,"3K-RGP reference (unlabelled)"
"IRIS_313-11076",0.0150877159508826,-0.00788529526493069,-0.000206051349100257,-0.00025256304783166,"3K-RGP reference (unlabelled)"
"IRIS_313-11077",-0.0280903330149326,-0.00424066761640521,-0.00655123170795051,-0.00562491306723385,"3K-RGP reference (unlabelled)"
"IRIS_313-11078",0.0144024718887951,-0.00932218590792084,0.0006713074276663,0.00175895785825622,"3K-RGP reference (unlabelled)"
"IRIS_313-11079",0.0156663604887023,-0.0100082636669605,-0.00131258134772711,-0.00163999680460261,"3K-RGP reference (unlabelled)"
"IRIS_313-11080",0.0134436668526717,-0.00557350934977642,-0.000215137287234318,2.80059031705807e-06,"3K-RGP reference (unlabelled)"
"IRIS_313-11081",0.0149175376162917,-0.00901181652005489,-0.000731440746772632,0.000332619629904914,"3K-RGP reference (unlabelled)"
"IRIS_313-11082",0.0134482723486053,-0.00925390413891229,0.000303083633307537,-0.000846761753590833,"3K-RGP reference (unlabelled)"
"IRIS_313-11083",0.0156887534327348,-0.00855328626094552,-0.000888643706976085,9.75792715957516e-05,"3K-RGP reference (unlabelled)"
"IRIS_313-11084",0.0151759622292415,-0.00932214764664186,-0.000788456003528799,-0.000832718457183375,"3K-RGP reference (unlabelled)"
"IRIS_313-11085",0.014129256371237,-0.0054521674979776,-0.00130194421357115,0.000934162209534091,"3K-RGP reference (unlabelled)"
"IRIS_313-11086",0.0129306973106322,-0.00874080682520185,0.000415146309691468,-0.000468565341015681,"3K-RGP reference (unlabelled)"
"IRIS_313-11087",0.0144822580692728,-0.00995311885423818,-0.000831189815523668,-0.00247882290269625,"3K-RGP reference (unlabelled)"
"IRIS_313-11088",0.0144112079094811,-0.00951746687255093,-8.87124042066997e-05,-0.00139239626237624,"3K-RGP reference (unlabelled)"
"IRIS_313-11089",0.0161524813282958,-0.00875339320618493,-0.000256047646400611,-0.000641946982436332,"3K-RGP reference (unlabelled)"
"IRIS_313-11090",0.0130518690480353,-0.00966855614531971,0.00035959556922484,-0.00124687561599336,"3K-RGP reference (unlabelled)"
"IRIS_313-11091",0.0123756128696331,-0.00571931144547404,0.000400401838975073,0.000819472585580699,"3K-RGP reference (unlabelled)"
"IRIS_313-11092",-0.00643927146258013,-0.00527274911999905,-0.00400350795924474,-0.00124071807293721,"3K-RGP reference (unlabelled)"
"IRIS_313-11093",-0.0262822412988468,-0.0041785965032559,-0.00977987591280936,-0.0049370759304967,"3K-RGP reference (unlabelled)"
"IRIS_313-11094",-0.0254904630509346,-0.00434647787390944,-0.0118300347977994,-0.00227446284518614,"3K-RGP reference (unlabelled)"
"IRIS_313-11095",-6.81218961182903e-05,-0.00760324766363777,-0.00287061406515201,-0.00106317755803174,"3K-RGP reference (unlabelled)"
"IRIS_313-11096",0.0136380051044269,-0.00939569681024463,-0.000132120475790154,-0.00228254699274849,"3K-RGP reference (unlabelled)"
"IRIS_313-11097",0.0102197868399264,-0.00769565906770221,-0.00429347684149761,0.00148966924011299,"3K-RGP reference (unlabelled)"
"IRIS_313-11098",0.0142017011365486,-0.00969686818751517,-0.00224429968591992,-0.00148008887223333,"3K-RGP reference (unlabelled)"
"IRIS_313-11099",0.014786766790618,-0.00327351357734763,0.000350811464021772,-0.00185176063870419,"3K-RGP reference (unlabelled)"
"IRIS_313-11100",-0.0278627917698914,-0.00498756200377378,-0.038337004419615,0.0198695806795499,"3K-RGP reference (unlabelled)"
"IRIS_313-11101",0.0148781501274672,-0.0093307354294361,-6.6517609333243e-05,-0.00174349178340387,"3K-RGP reference (unlabelled)"
"IRIS_313-11102",-0.027792580965801,-0.00496047238944202,-0.0404148919964148,0.0173469526407481,"3K-RGP reference (unlabelled)"
"IRIS_313-11103",-0.0288911015721434,-0.00388735187677406,-0.0386828619352547,0.0170411547465275,"3K-RGP reference (unlabelled)"
"IRIS_313-11104",-0.0288201403287782,-0.00385866503397241,-0.0385861103317452,0.0170214400413431,"3K-RGP reference (unlabelled)"
"IRIS_313-11105",-0.0277589006833751,-0.00423582439354597,-0.032532465790608,0.0135632897324652,"3K-RGP reference (unlabelled)"
"IRIS_313-11106",-0.0274729847688921,-0.00499710546716053,-0.0351326454297092,0.017137548875036,"3K-RGP reference (unlabelled)"
"IRIS_313-11107",-0.0274513285163172,-0.00477073812655991,-0.0372103228561608,0.0159603246280859,"3K-RGP reference (unlabelled)"
"IRIS_313-11108",0.0131753127684666,-0.00834559286482717,-0.000791063576278461,-0.000691698679477619,"3K-RGP reference (unlabelled)"
"IRIS_313-11109",-0.0278365464766444,-0.00351572378233737,-0.036735876653784,0.0168257222845797,"3K-RGP reference (unlabelled)"
"IRIS_313-11110",0.0103638326443529,0.00724704933873275,0.00104071543434453,-0.00231603084597403,"3K-RGP reference (unlabelled)"
"IRIS_313-11111",0.00325195137542354,0.0645254839843268,0.00569812568421692,0.0139265843500471,"3K-RGP reference (unlabelled)"
"IRIS_313-11112",0.00576704523462484,0.0568929889611109,0.0035213879218275,0.00128445180092928,"3K-RGP reference (unlabelled)"
"IRIS_313-11113",0.0141998984169405,0.000451881438509601,-0.000385477554750531,-0.00177482954458076,"3K-RGP reference (unlabelled)"
"IRIS_313-11114",0.0147145936907839,-0.00649992068656472,7.97979614686421e-05,-0.00161077620778539,"3K-RGP reference (unlabelled)"
"IRIS_313-11115",0.012842391795061,0.00124455582822198,0.00115186010621849,-0.00362096418760659,"3K-RGP reference (unlabelled)"
"IRIS_313-11116",0.00504925116302997,0.0563486046881911,0.00321613843452115,0.00419091341669049,"3K-RGP reference (unlabelled)"
"IRIS_313-11117",-0.0254093436901799,-0.00451762609086819,-0.0357756311334918,0.0150372481475967,"3K-RGP reference (unlabelled)"
"IRIS_313-11118",0.0162652545695544,-0.00843671753744441,-0.000786004361649063,-0.00187824801722658,"3K-RGP reference (unlabelled)"
"IRIS_313-11119",0.0122170867050293,-0.00528007885501521,0.000414283777236478,-0.000412689722145234,"3K-RGP reference (unlabelled)"
"IRIS_313-11120",0.0132272877735563,-0.0022154022065629,0.00040607281713119,-0.00370998129407171,"3K-RGP reference (unlabelled)"
"IRIS_313-11121",-0.0251753066445105,-0.00324217618443203,-0.030664033882451,0.0166056163134795,"3K-RGP reference (unlabelled)"
"IRIS_313-11122",0.0141679950883541,-0.00527329850145398,0.0022931902244469,0.00105909075830645,"3K-RGP reference (unlabelled)"
"IRIS_313-11123",0.0041293166814762,0.0539234662490757,0.00354695217954714,-0.000708899426138361,"3K-RGP reference (unlabelled)"
"IRIS_313-11124",0.00359090197683752,0.0395041308473619,0.00217393852223646,-0.00494801653054353,"3K-RGP reference (unlabelled)"
"IRIS_313-11125",0.00207926089264281,0.00824087718556005,-0.00432059135867769,-0.0268652780940721,"3K-RGP reference (unlabelled)"
"IRIS_313-11126",0.0142453761642639,-0.00745249707561503,-0.00021305427052099,-6.76273773935371e-05,"3K-RGP reference (unlabelled)"
"IRIS_313-11127",-0.0259266242893759,-0.00408675113320554,-0.00756881981856473,-0.00247647263732482,"3K-RGP reference (unlabelled)"
"IRIS_313-11128",0.0138452865278348,-0.00679682478387019,-0.000613218378441192,-0.000969348992027047,"3K-RGP reference (unlabelled)"
"IRIS_313-11129",0.00949463137058611,-0.00251883366962233,-0.00254569458875959,-0.0156390059341072,"3K-RGP reference (unlabelled)"
"IRIS_313-11130",0.0104082261166583,-0.00632680390886271,0.000712068996622537,-0.00129740385634852,"3K-RGP reference (unlabelled)"
"IRIS_313-11131",0.0113839205122096,0.0101800940067901,0.002241373536251,0.00457973099931019,"3K-RGP reference (unlabelled)"
"IRIS_313-11132",0.014917788550842,-0.00773604763593224,2.49739595944171e-05,-0.00145623037837728,"3K-RGP reference (unlabelled)"
"IRIS_313-11133",0.0142543269226332,-0.00800975342814869,0.000474175226875744,-9.29919814836019e-05,"3K-RGP reference (unlabelled)"
"IRIS_313-11134",0.0133519402997085,-0.0041423958445923,0.000540251517645572,0.000535491179118526,"3K-RGP reference (unlabelled)"
"IRIS_313-11135",0.0150219955860384,-0.0079172783260707,-0.00100386501265719,-0.00279518359898516,"3K-RGP reference (unlabelled)"
"IRIS_313-11136",-0.00270957656776532,-0.000240076251338355,-0.00841833634310704,-0.0424593894416768,"3K-RGP reference (unlabelled)"
"IRIS_313-11137",0.0140526136917606,-0.00554241201887694,0.00027074716790723,0.000887845921590616,"3K-RGP reference (unlabelled)"
"IRIS_313-11138",0.0134915788961553,-0.00755860805981561,-0.000421528866633494,-0.00160674835233802,"3K-RGP reference (unlabelled)"
"IRIS_313-11139",0.0123812303232722,-0.00675011653845343,-0.000503014672270161,-0.00127635938730784,"3K-RGP reference (unlabelled)"
"IRIS_313-11140",0.0143041453747684,-0.00609219431403774,-0.000383966793523331,-0.000893264096934119,"3K-RGP reference (unlabelled)"
"IRIS_313-11141",0.0141015172536768,-0.00637150574662439,0.000120433918454672,-0.00286704153517037,"3K-RGP reference (unlabelled)"
"IRIS_313-11142",0.0141069964545005,-0.00715361563819032,6.03095501132619e-05,-0.000224472890503631,"3K-RGP reference (unlabelled)"
"IRIS_313-11143",0.012777719853381,-0.00389617543139593,-0.000117886225729564,-0.00242136417457773,"3K-RGP reference (unlabelled)"
"IRIS_313-11144",0.0122986236653816,-0.0053457188380118,6.81927787981786e-05,-0.00324692214739412,"3K-RGP reference (unlabelled)"
"IRIS_313-11145",0.0137414217495273,-0.00782085701221041,5.40098925557037e-05,-0.0012702647064612,"3K-RGP reference (unlabelled)"
"IRIS_313-11146",0.0142803606025226,-0.00834138322729618,-0.000165065268556979,-0.00167137878115186,"3K-RGP reference (unlabelled)"
"IRIS_313-11147",0.0143729180149027,-0.00436505505136723,9.72882015825086e-08,-0.00135915720109575,"3K-RGP reference (unlabelled)"
"IRIS_313-11148",0.0137056426748677,-0.00594716703650331,-0.000515329662381389,0.000248527770188595,"3K-RGP reference (unlabelled)"
"IRIS_313-11149",0.014169906130992,-0.00956697228419198,-0.00131569776720247,-0.00259940497172057,"3K-RGP reference (unlabelled)"
"IRIS_313-11150",0.0140805288139697,-0.00957654802178988,-0.000354888022417079,-0.00148906402626614,"3K-RGP reference (unlabelled)"
"IRIS_313-11151",0.0153223601374441,-0.00967325727316104,-0.00126809034131414,-0.000445636337718468,"3K-RGP reference (unlabelled)"
"IRIS_313-11152",0.0129944597526398,-0.00844005092406058,0.00341439697833035,0.00336559416532195,"ind1A"
"IRIS_313-11153",-0.017276403102522,-0.00473648075794283,0.0182779115389625,-0.00296449026588216,"3K-RGP reference (unlabelled)"
"IRIS_313-11154",0.00282252449312961,0.0634227489017748,0.00498850985261174,0.0121640584396476,"3K-RGP reference (unlabelled)"
"IRIS_313-11155",-0.0258187579895494,-0.00601267890281121,0.0355096546222357,0.0019887244831728,"temp"
"IRIS_313-11156",-0.0272896136669007,-0.00603513410359877,0.000920405383473866,0.0129544233025425,"japx"
"IRIS_313-11157",0.0107164364609756,-0.00723693383105843,0.00406356740718786,0.00290979475711129,"3K-RGP reference (unlabelled)"
"IRIS_313-11158",0.0116177198360091,-0.00834287254680751,0.00481626552854724,0.0039699186109195,"3K-RGP reference (unlabelled)"
"IRIS_313-11159",-0.0254756400981543,-0.0030218634303837,-0.0313543905725936,0.0164281698583824,"3K-RGP reference (unlabelled)"
"IRIS_313-11160",0.0125114499080101,-0.00836535789894578,-0.000523831922414904,-0.00118692704300129,"3K-RGP reference (unlabelled)"
"IRIS_313-11161",-0.0270367393760004,-0.00456353307363288,-0.0360298418851845,0.0160372116132216,"trop"
"IRIS_313-11162",0.0140630316053487,-0.00566975459395702,0.00280986100028262,0.00151033230000748,"3K-RGP reference (unlabelled)"
"IRIS_313-11163",0.00362735952788075,0.0697456110780484,0.00424464243092077,0.0110568917330438,"3K-RGP reference (unlabelled)"
"IRIS_313-11164",0.00396532488287359,0.0711490290737221,0.00545946643252552,0.0190510405337276,"aus"
"IRIS_313-11165",0.00836471924523854,0.0406237115671481,0.00306583821991293,0.00907824853304314,"aus"
"IRIS_313-11166",0.00378077726652551,0.0649071782849992,0.00395892263945032,0.010351726752547,"aus"
"IRIS_313-11167",0.012818060689074,0.000279971348271308,0.000933325295794169,-0.000770601097264793,"ind2"
"IRIS_313-11168",0.00157338662918451,0.0589126116280057,0.00554562211767454,0.01560199358675,"aus"
"IRIS_313-11169",0.00448191735269325,0.0657798286835986,0.00501931570127135,0.0171413208813072,"aus"
"IRIS_313-11170",0.00353163757092035,0.0721377569672049,0.00508602796194648,0.0174230571150799,"aus"
"IRIS_313-11171",0.00377120697473532,0.0678283690858111,0.00491403174846472,0.0126417438333981,"aus"
"IRIS_313-11172",0.00349777319865574,0.0625110624527555,0.00454902415131353,0.0175564914413339,"aus"
"IRIS_313-11173",0.00442109095206263,0.0669229614329675,0.00414094718298104,0.0174098837567472,"aus"
"IRIS_313-11174",0.00211028464629264,0.0579529270813911,0.00537982048436696,0.016711861122806,"aus"
"IRIS_313-11175",0.00366715950649576,0.0642542215679012,0.00508362230944333,0.0188728520340188,"aus"
"IRIS_313-11176",0.010073974002341,0.0131195769858852,0.00104761816425652,0.00352884717910789,"indx"
"IRIS_313-11177",0.0115637405548639,-0.00811038930674847,0.000375599381339489,-0.000521865578516037,"3K-RGP reference (unlabelled)"
"IRIS_313-11178",0.0109284613674241,-0.00803100827863273,-0.0020521077797888,-0.00144822529549603,"3K-RGP reference (unlabelled)"
"IRIS_313-11179",0.0140375131458478,-0.00875379604555118,-0.00129299827030364,-0.00146293580246357,"3K-RGP reference (unlabelled)"
"IRIS_313-11180",0.0112885496254289,-0.00909983383035892,-0.000902469424305182,-0.00174736320631177,"3K-RGP reference (unlabelled)"
"IRIS_313-11181",0.0130810043635454,-0.00712644718014444,-0.00140602454199446,-0.00119108102080579,"3K-RGP reference (unlabelled)"
"IRIS_313-11182",0.0137388989799184,-0.0107390248308128,-0.00289746592654302,-0.000807260992692678,"3K-RGP reference (unlabelled)"
"IRIS_313-11183",-0.0271376960419679,-0.00462905082833721,-0.0323155747641104,0.0115612098561096,"3K-RGP reference (unlabelled)"
"IRIS_313-11189",-0.00878876113017195,0.0391337771057159,-0.0101248316187636,-0.0605596372676633,"3K-RGP reference (unlabelled)"
"IRIS_313-11191",-1.27408252927393e-05,0.0630343424354083,0.00197137171528145,0.00186243457645833,"3K-RGP reference (unlabelled)"
"IRIS_313-11192",0.0155683639655033,-0.0102744629965866,0.000823628092830393,-0.000176537248421703,"3K-RGP reference (unlabelled)"
"IRIS_313-11193",0.0134857060585757,-0.00848635218859682,-0.000151683243802226,-0.00103221184462312,"3K-RGP reference (unlabelled)"
"IRIS_313-11194",0.0155133707689141,-0.00977792692364397,-0.00150298218657387,-0.00126228456623531,"3K-RGP reference (unlabelled)"
"IRIS_313-11195",-0.0266872292235155,-0.00360867456125117,-0.0068193174008252,-0.00425040158015142,"3K-RGP reference (unlabelled)"
"IRIS_313-11196",0.0142311555396702,-0.00882080432820847,-0.00063234213141247,0.000287784190087497,"3K-RGP reference (unlabelled)"
"IRIS_313-11197",0.0143466201536246,-0.00736836720319661,0.00164291541980006,0.00239439947728964,"indx"
"IRIS_313-11198",-0.0306107350817184,-0.00612448307496647,0.0506704837346982,0.000276257116689647,"temp"
"IRIS_313-11199",0.0134991580476837,-0.00369539413273308,0.000854195403394247,0.000572337149037405,"3K-RGP reference (unlabelled)"
"IRIS_313-11200",0.0141974955780104,-0.00829088179094493,0.00100800344588951,0.000489009122989181,"ind1B"
"IRIS_313-11201",-0.0299100012170757,-0.00616872834320076,0.0521628459987555,0.000523012952972536,"3K-RGP reference (unlabelled)"
"IRIS_313-11202",-0.0293810142553137,-0.00562365197388413,0.0461420484115615,-0.00385339297661243,"3K-RGP reference (unlabelled)"
"IRIS_313-11203",0.0132057631851478,-0.00645100634260232,0.000655421556565641,-0.00259495222863307,"3K-RGP reference (unlabelled)"
"IRIS_313-11204",0.012302602237891,0.0123987698612752,0.000575724545579489,-0.0022047180727882,"3K-RGP reference (unlabelled)"
"IRIS_313-11205",0.015418167049723,-0.00360689040096671,0.000299244943449266,-0.00308994327338246,"3K-RGP reference (unlabelled)"
"IRIS_313-11206",0.0139776468703882,-0.00508179529935492,-0.000580087171215357,-0.0030978787600421,"3K-RGP reference (unlabelled)"
"IRIS_313-11207",0.0130874096506031,-0.000748122531116935,0.000527706579968774,-0.0038176086427433,"3K-RGP reference (unlabelled)"
"IRIS_313-11208",0.0132347762010411,-0.00299691687655869,-0.000333433252226747,-0.00469605909445627,"3K-RGP reference (unlabelled)"
"IRIS_313-11209",0.0136769007890793,-0.00167387493968805,-3.62523421426481e-05,-0.00218691159691993,"3K-RGP reference (unlabelled)"
"IRIS_313-11210",0.00379570070351742,0.0625826304392361,0.00473770026111568,0.018007572037387,"3K-RGP reference (unlabelled)"
"IRIS_313-11211",0.0139069972394608,0.0019955467907679,0.00143464373507006,-0.00248101141778225,"3K-RGP reference (unlabelled)"
"IRIS_313-11212",0.0134789342466164,0.00118553544547359,0.000812741541074532,-0.00121930242773239,"3K-RGP reference (unlabelled)"
"IRIS_313-11213",0.00401129610466845,0.069463347743421,0.00541229664394922,0.0176537374231363,"3K-RGP reference (unlabelled)"
"IRIS_313-11214",0.00556141149190757,0.0605017179449765,0.00258404624055047,0.00310510064191385,"3K-RGP reference (unlabelled)"
"IRIS_313-11216",0.00451894249201189,0.0570707781507552,0.00375806902348185,0.001612263939019,"3K-RGP reference (unlabelled)"
"IRIS_313-11217",-0.0159039800382708,0.01031953064333,-0.0138660722493107,-0.0689752584262035,"3K-RGP reference (unlabelled)"
"IRIS_313-11218",-0.0173083162392722,0.017200591035946,-0.0214524428460023,-0.102993616825801,"3K-RGP reference (unlabelled)"
"IRIS_313-11219",0.0126188909552772,-0.000287273321896197,0.000976193049438632,-0.00272869559290413,"3K-RGP reference (unlabelled)"
"IRIS_313-11220",0.0153829282694916,0.000126623422237641,0.000811484421891008,-0.000541086097640951,"3K-RGP reference (unlabelled)"
"IRIS_313-11221",0.0151859952674172,-0.00270079392969576,-3.75961963949246e-05,-0.000463628942518086,"3K-RGP reference (unlabelled)"
"IRIS_313-11222",0.0135659949971699,-0.000559206016683857,0.000570292814046999,-0.00423170988457737,"3K-RGP reference (unlabelled)"
"IRIS_313-11223",-0.00525069357493166,0.00710301396972367,-0.0132272136700925,-0.0656975547525291,"3K-RGP reference (unlabelled)"
"IRIS_313-11224",0.014453111958752,-0.00233955696151733,-0.000344390069579012,-0.0026695161251734,"3K-RGP reference (unlabelled)"
"IRIS_313-11225",0.0138247703580255,-0.00339820032409008,-0.000345367271888235,-0.00744203868771719,"3K-RGP reference (unlabelled)"
"IRIS_313-11226",0.0149223405769681,-0.00190824079607373,0.00017717376455116,-0.00076085561985763,"3K-RGP reference (unlabelled)"
"IRIS_313-11227",0.0131252018044888,-0.00100742487115501,2.66191610868551e-05,-0.00298064363957375,"3K-RGP reference (unlabelled)"
"IRIS_313-11228",0.014963235666149,-0.00167700952393033,0.000178056878334531,-0.000971091306861565,"3K-RGP reference (unlabelled)"
"IRIS_313-11229",0.0150174434533352,-0.00145074382999227,9.91420684868499e-05,-0.000859290795352609,"3K-RGP reference (unlabelled)"
"IRIS_313-11230",0.0138955589451228,-0.000985389916617966,-0.00034707703532461,-0.00302247600129116,"3K-RGP reference (unlabelled)"
"IRIS_313-11231",0.0143156111511692,-0.0030411285637605,-0.000326565625587172,-0.00377511248243734,"3K-RGP reference (unlabelled)"
"IRIS_313-11232",0.00374255488580771,0.0519711126163811,0.00358609642369137,0.0128809592966012,"3K-RGP reference (unlabelled)"
"IRIS_313-11233",0.0148531530401977,-0.0106335515554091,0.00180814032870619,0.00188563822941083,"3K-RGP reference (unlabelled)"
"IRIS_313-11234",0.012447626407581,-0.00984212108724654,-0.00358788634592569,0.000632823688437465,"3K-RGP reference (unlabelled)"
"IRIS_313-11235",0.0134730460089242,-0.00327753465514437,-0.000427830953224077,-0.000728791789058374,"3K-RGP reference (unlabelled)"
"IRIS_313-11236",0.0151687071143863,-0.0101100570841751,-0.00115176540449749,-0.00151998535267583,"3K-RGP reference (unlabelled)"
"IRIS_313-11237",0.0122393269485606,-0.00650823069484057,0.00308784655724355,0.00142362770226808,"3K-RGP reference (unlabelled)"
"IRIS_313-11238",-0.0277304002820534,-0.00323592531708224,-0.0384187582316247,0.0198430908017695,"3K-RGP reference (unlabelled)"
"IRIS_313-11239",0.0152950968722239,-0.00947460461925854,-0.000415202233206013,-0.000856761575808318,"3K-RGP reference (unlabelled)"
"IRIS_313-11240",0.0142613014655785,-0.00290018264609639,0.00214560671078017,0.000560119142511277,"3K-RGP reference (unlabelled)"
"IRIS_313-11241",0.0148117477671935,0.00123383266366137,0.00151786580261559,-0.00260936333148744,"3K-RGP reference (unlabelled)"
"IRIS_313-11242",0.0147242501604713,0.0034049891494309,0.00028263623550098,-0.00236935725390312,"3K-RGP reference (unlabelled)"
"IRIS_313-11243",0.00885571314249862,0.0300611683057151,0.00387527155429629,0.0105243847670252,"3K-RGP reference (unlabelled)"
"IRIS_313-11244",0.0154626955402642,-0.008458932842944,0.00123731551087352,0.000752671868134802,"3K-RGP reference (unlabelled)"
"IRIS_313-11245",0.0153820633300953,-0.00976190572818038,0.00115892824017905,0.00141867361614298,"indx"
"IRIS_313-11246",-0.0265245504928644,-0.00480116140575884,0.0449322373509874,0.00056301724024477,"3K-RGP reference (unlabelled)"
"IRIS_313-11247",0.0145315446702823,-0.00524555208061506,0.00184096807329254,0.00292878351287903,"indx"
"IRIS_313-11248",-0.0260830945937142,-0.00365857198048869,-0.0311608320754053,0.00913417307643889,"3K-RGP reference (unlabelled)"
"IRIS_313-11249",0.0149439046753193,-0.00538730232655092,0.00140716136977195,-0.000747470711738853,"3K-RGP reference (unlabelled)"
"IRIS_313-11250",0.0132941181009904,-0.00904384228059949,0.00191473920718853,0.0019891832265098,"3K-RGP reference (unlabelled)"
"IRIS_313-11251",0.0141365480102267,-0.00742258091049572,0.00225175685848265,0.000696637177493137,"3K-RGP reference (unlabelled)"
"IRIS_313-11252",0.0130856606508435,0.00450250836244458,-0.000846479099045575,0.000620558235414427,"3K-RGP reference (unlabelled)"
"IRIS_313-11253",0.00787592444750956,-0.00715320179565867,-0.00470142741443055,0.00512435073564925,"3K-RGP reference (unlabelled)"
"IRIS_313-11254",0.0136046079205329,-0.00894819744137346,-0.000348070877206252,-0.00210792079395651,"3K-RGP reference (unlabelled)"
"IRIS_313-11255",0.0125737499532968,-0.00423720403301192,0.001321741580362,0.00206934336418715,"indx"
"IRIS_313-11256",0.0156404251335451,-0.00460426790469254,0.000938746522990127,-0.00121370567853215,"3K-RGP reference (unlabelled)"
"IRIS_313-11257",0.00348269544755563,-0.00518194878358107,-0.00662274028116873,-0.00074990978530024,"indx"
"IRIS_313-11258",-0.0137154767277945,0.0133493696734585,-0.0188312014994222,-0.112977584173563,"3K-RGP reference (unlabelled)"
"IRIS_313-11259",-0.0174126426334765,0.00953764424139907,-0.0160579910426058,-0.0860759313468209,"3K-RGP reference (unlabelled)"
"IRIS_313-11260",0.0113700589443333,0.00116399158389783,-0.000684749684254186,-0.000278256738330849,"3K-RGP reference (unlabelled)"
"IRIS_313-11261",0.0139144312380852,-0.00757335555428553,-0.000449102616738306,-0.000630704951599978,"3K-RGP reference (unlabelled)"
"IRIS_313-11262",0.0153135245125226,-0.00542258670350882,0.00060363021037858,-0.00181217765347245,"3K-RGP reference (unlabelled)"
"IRIS_313-11263",0.00748271459686591,-0.00318706924029515,-0.00299505903191917,-0.0162170914225779,"3K-RGP reference (unlabelled)"
"IRIS_313-11264",0.0152932201681177,-0.00690309133186496,-0.000400901247097554,0.000253615580867955,"3K-RGP reference (unlabelled)"
"IRIS_313-11265",0.0048886271559912,0.0673899239553028,0.00384865743492902,0.0184012869625588,"aus"
"IRIS_313-11266",0.0155504317870654,-0.00776209877312495,-0.000109557360601276,5.47208619587673e-05,"3K-RGP reference (unlabelled)"
"IRIS_313-11267",0.0149516337445739,-0.00547396119344077,-0.000801392320289022,-0.00350805537398609,"3K-RGP reference (unlabelled)"
"IRIS_313-11268",-0.0183971540173769,0.0122809960786504,-0.017538462495317,-0.0993995713385542,"3K-RGP reference (unlabelled)"
"IRIS_313-11269",-0.000230024968434457,0.00100187829783836,-0.00772039942010109,-0.0425406444069169,"3K-RGP reference (unlabelled)"
"IRIS_313-11270",-0.0088030740517736,0.00677278760704269,-0.0140846249762575,-0.0712809036540376,"3K-RGP reference (unlabelled)"
"IRIS_313-11271",0.0147627288410972,-0.00383753569688531,0.000276322467456814,-0.00151093411269433,"3K-RGP reference (unlabelled)"
"IRIS_313-11272",0.00513434857532585,0.0694930910424329,0.00500924643935861,0.011129697999236,"3K-RGP reference (unlabelled)"
"IRIS_313-11273",0.0165777567314526,-0.00490481574961847,0.000896312591991857,-0.00103121891087088,"3K-RGP reference (unlabelled)"
"IRIS_313-11274",0.00700026166857126,0.0496018341507435,0.00255077395458643,0.0113270757889209,"aus"
"IRIS_313-11275",0.0137318044287735,0.00109669941976362,0.000239216082087911,0.00101057421970293,"indx"
"IRIS_313-11276",0.0100546802328205,-0.00643897635727584,-0.000358811532380854,-0.00598760755395744,"indx"
"IRIS_313-11277",0.00630550987309931,0.0578749137576646,0.00308323685065254,0.000856830764231687,"aus"
"IRIS_313-11278",0.0145699155809502,-0.00614771250472363,0.000261097050269464,-0.000460823215560988,"3K-RGP reference (unlabelled)"
"IRIS_313-11279",0.0105000543832555,-0.00552667511028949,-0.00160624725959944,-0.00613311149804948,"3K-RGP reference (unlabelled)"
"IRIS_313-11280",0.013477761810579,-0.0088351227514827,-0.00130026144311677,0.00135234764208226,"3K-RGP reference (unlabelled)"
"IRIS_313-11281",0.0148740226530528,-0.00784177286432811,0.00266276559102198,0.00366428560420472,"ind1A"
"IRIS_313-11282",0.014192511334675,-0.00227713185268969,0.000269125381587053,-0.00216218402646559,"3K-RGP reference (unlabelled)"
"IRIS_313-11283",0.0119511122113148,-0.00425023488670071,0.00118323763484988,0.000978331856383365,"indx"
"IRIS_313-11284",0.0132799681276835,-0.00575257258450652,-2.86874423401258e-06,-0.00420089370013592,"3K-RGP reference (unlabelled)"
"IRIS_313-11285",0.0124522486417996,0.00179078301435693,-0.00275420145625211,-0.0183372528123604,"3K-RGP reference (unlabelled)"
"IRIS_313-11286",0.0107056030819508,-0.000402844625385635,-0.000736454596202763,0.000434313251746873,"3K-RGP reference (unlabelled)"
"IRIS_313-11287",0.0146150883838653,-0.00691212456242923,-0.000485656355651049,0.000520198262051696,"3K-RGP reference (unlabelled)"
"IRIS_313-11288",0.011204406002355,-0.00190761058545597,-0.00122373455733772,-0.00110394456894128,"3K-RGP reference (unlabelled)"
"IRIS_313-11289",-0.0183793101429719,0.0134328987069079,-0.0217421540758828,-0.106562348570086,"3K-RGP reference (unlabelled)"
"IRIS_313-11290",-0.000460005777473146,0.00144511207877418,-0.00758865156977193,-0.0381776450605076,"admix"
"IRIS_313-11291",0.00431037749587733,0.0573481645131477,0.00359735348530507,0.0163652405178089,"aus"
"IRIS_313-11292",0.014014822033677,-0.0060899666396653,-0.000190237651384305,-3.92461487214121e-05,"3K-RGP reference (unlabelled)"
"IRIS_313-11293",-0.017805664045678,0.0126232461056212,-0.0195758789922942,-0.10035801483066,"3K-RGP reference (unlabelled)"
"IRIS_313-11294",0.0141959598251278,-0.00661625941682768,0.000232936411771874,-0.00172020740618222,"3K-RGP reference (unlabelled)"
"IRIS_313-11295",0.00222695952288185,0.00694815771671878,-0.00336932182457423,0.000660286881141179,"3K-RGP reference (unlabelled)"
"IRIS_313-11296",0.0137197661029268,-0.00526943371095068,0.0012370322237958,0.000248780090106432,"3K-RGP reference (unlabelled)"
"IRIS_313-11297",-0.0222077853905834,0.00566717630252809,-0.0123697676838847,-0.0536884817013604,"3K-RGP reference (unlabelled)"
"IRIS_313-11298",0.00367902994841955,0.0664886443043346,0.00352824754785709,0.0192532537725725,"aus"
"IRIS_313-11299",0.0129344875740503,-0.00545592091138008,0.000245378008853767,0.000786957315818067,"indx"
"IRIS_313-11300",0.012031961704759,0.00475676488047235,-0.000108893753752628,-0.00490942720383353,"3K-RGP reference (unlabelled)"
"IRIS_313-11301",0.0149777106451354,-0.00322408384791113,-6.63679297639545e-05,-0.00208208129742608,"3K-RGP reference (unlabelled)"
"IRIS_313-11302",0.0113560298104682,0.0138763036498866,0.0018531907638364,0.0017635850206249,"indx"
"IRIS_313-11303",0.0129597335013689,-0.000656420553745938,0.00114700803370335,0.000513047696157854,"indx"
"IRIS_313-11304",0.0145133281132191,-0.00827858791342728,0.00014592546099267,-0.000619047459425473,"indx"
"IRIS_313-11305",0.00912631396826285,-0.00511388922578875,-0.00183715774614888,-0.00284764298558003,"3K-RGP reference (unlabelled)"
"IRIS_313-11306",0.0140570363448947,-0.00623795475748814,0.000934194564026967,0.000316599334461689,"indx"
"IRIS_313-11307",0.0145110314272809,-0.00598086962654317,0.000263492825341475,-0.000725721207875821,"3K-RGP reference (unlabelled)"
"IRIS_313-11308",0.0154996837934752,-0.00604112799738228,0.000409601243105462,-0.000586026218613927,"3K-RGP reference (unlabelled)"
"IRIS_313-11309",0.015474430493609,-0.00750571107053565,-7.8367820708007e-05,-5.30243333303734e-05,"indx"
"IRIS_313-11310",0.0144019615972964,-0.00289454250274783,0.000344011675922431,0.000219634588928957,"3K-RGP reference (unlabelled)"
"IRIS_313-11311",-0.0262836749857566,-0.00372474523706047,-0.0264607248385686,0.00891552958798212,"3K-RGP reference (unlabelled)"
"IRIS_313-11312",0.0121741832803775,-0.0089100593854433,-0.000497856547168193,-0.00213877468883463,"3K-RGP reference (unlabelled)"
"IRIS_313-11313",-0.0251766971493816,-0.00360569608669754,-0.0324679871172439,0.0131697259239373,"3K-RGP reference (unlabelled)"
"IRIS_313-11314",-0.0268221449203511,-0.00441676190342886,-0.0330497338087753,0.0152911023024286,"3K-RGP reference (unlabelled)"
"IRIS_313-11315",0.0140027894111368,-0.0094416426428771,-0.00165588648137569,-0.000227550632686957,"3K-RGP reference (unlabelled)"
"IRIS_313-11316",0.0127486583851475,-0.00978522364465269,-0.00127448480820137,-0.00349193225675524,"3K-RGP reference (unlabelled)"
"IRIS_313-11317",0.0140140608764245,-0.00900615360548649,-0.00190783750115088,-0.000421226053090926,"3K-RGP reference (unlabelled)"
"IRIS_313-11318",0.0138508359359505,-0.0084341261416768,-0.00172581868353581,-0.00196955304111216,"3K-RGP reference (unlabelled)"
"IRIS_313-11319",0.0132957911257426,-0.008491920249294,-0.00182889193032991,-0.000443946289488224,"3K-RGP reference (unlabelled)"
"IRIS_313-11320",0.013868952402903,-0.00927223682363053,-0.00243447598938573,-0.001441334397762,"3K-RGP reference (unlabelled)"
"IRIS_313-11321",0.0149887729713552,-0.00337097849039949,-0.000134872799853713,-0.00155316066973865,"3K-RGP reference (unlabelled)"
"IRIS_313-11322",0.00368617337318361,0.0686802120387905,0.00476750222380316,0.0193449977328682,"3K-RGP reference (unlabelled)"
"IRIS_313-11323",0.00509393159255644,0.0700814982592313,0.00345319460063558,0.0144520525592349,"3K-RGP reference (unlabelled)"
"IRIS_313-11324",0.00542236815260841,0.0724962718981478,0.00514787646907176,0.0186827019140278,"3K-RGP reference (unlabelled)"
"IRIS_313-11325",0.0147729898886518,-0.00556337944401377,0.00113335623002237,0.00155311834773579,"3K-RGP reference (unlabelled)"
"IRIS_313-11326",0.0144910804050864,-0.00820765525386232,0.000218439987928263,0.000320947505618983,"3K-RGP reference (unlabelled)"
"IRIS_313-11327",0.0145767755177285,-0.00955345319631913,-0.00101808261345959,-0.000657407450555817,"3K-RGP reference (unlabelled)"
"IRIS_313-11328",-0.0262602284721815,-0.00388636532149111,-0.0342140717764721,0.0131670694673524,"3K-RGP reference (unlabelled)"
"IRIS_313-11329",-0.0260460459007277,-0.00462492473731103,-0.0340316046628813,0.0146554113744364,"3K-RGP reference (unlabelled)"
"IRIS_313-11330",0.0133516444282246,-0.00977364187728422,-0.000191418483527414,6.3731839814686e-05,"3K-RGP reference (unlabelled)"
"IRIS_313-11331",0.0151203425547446,-0.00960421088469353,-3.24718454807662e-05,-0.000267665113745396,"3K-RGP reference (unlabelled)"
"IRIS_313-11334",0.014851840870569,-0.00871220136847278,0.000238985040122045,-0.00171121918044238,"3K-RGP reference (unlabelled)"
"IRIS_313-11335",0.0136626560884,0.000256630661558239,0.000957632095745713,0.00113240377846948,"3K-RGP reference (unlabelled)"
"IRIS_313-11336",-0.0265165631408567,-0.00474180741399706,0.02754353415116,-0.00706717571711839,"3K-RGP reference (unlabelled)"
"IRIS_313-11337",-0.0256491292823637,-0.00459297911807688,-0.038049772808904,0.0184938386599242,"3K-RGP reference (unlabelled)"
"IRIS_313-11338",0.014442981736611,-0.00779774813087688,-0.000351551935192586,0.000698738672080969,"3K-RGP reference (unlabelled)"
"IRIS_313-11339",0.0132051000579703,0.000659058487921645,0.000507965053499168,-0.00234475560048737,"3K-RGP reference (unlabelled)"
"IRIS_313-11340",-0.0261990251613112,-0.00386663578148841,-0.0369038971808282,0.0183437376802168,"3K-RGP reference (unlabelled)"
"IRIS_313-11341",0.0144217037381409,-0.00847127547690239,-0.00033208262189373,-0.0004497037824906,"3K-RGP reference (unlabelled)"
"IRIS_313-11342",0.00434433599399511,-0.00612747667925616,-0.0079316075217816,0.00252197957224909,"3K-RGP reference (unlabelled)"
"IRIS_313-11343",0.0137635681417143,-0.00930205769261133,-0.00114215815393393,-0.00103514110896975,"3K-RGP reference (unlabelled)"
"IRIS_313-11344",0.0127496685739734,-0.00563460506704529,-0.00142282224574471,-0.00120712325973557,"3K-RGP reference (unlabelled)"
"IRIS_313-11345",0.0137323039876111,-0.00709010675981275,-0.00207397703452294,0.00236666815910904,"3K-RGP reference (unlabelled)"
"IRIS_313-11346",0.0148051469893965,-0.00687221987195837,0.00135468489863409,0.00160621135069455,"3K-RGP reference (unlabelled)"
"IRIS_313-11347",0.0132610543233672,-0.00766474891366055,-0.00101813477464233,0.00138956524907959,"3K-RGP reference (unlabelled)"
"IRIS_313-11348",0.0046966222618541,0.067626315956343,0.00358443529180547,0.0134302047252164,"aus"
"IRIS_313-11349",0.0153172433128065,-0.00342067817509965,-0.000161502958576381,-0.00199709413079934,"3K-RGP reference (unlabelled)"
"IRIS_313-11350",-0.0151163378370525,0.0169632069119741,-0.020824285502994,-0.116137346709395,"3K-RGP reference (unlabelled)"
"IRIS_313-11351",0.0160582557313621,-0.00268002098093152,0.000523944021204613,-0.00117085866153911,"3K-RGP reference (unlabelled)"
"IRIS_313-11352",-0.0110811380776438,0.00628352343499723,-0.0139551750206889,-0.0747574114543567,"3K-RGP reference (unlabelled)"
"IRIS_313-11353",0.00573015225935974,0.0595336625906745,0.00268306276492073,0.00499205260079816,"3K-RGP reference (unlabelled)"
"IRIS_313-11354",0.013735554536072,-0.000502985405105388,0.00047696472584565,-0.0030558172957028,"3K-RGP reference (unlabelled)"
"IRIS_313-11355",0.0103660271515909,0.0180885238164986,0.0033878328205091,0.00763952917349963,"indx"
"IRIS_313-11356",-0.0176936740960515,0.0181906751407452,-0.0220512389940353,-0.123880221051506,"3K-RGP reference (unlabelled)"
"IRIS_313-11357",0.0147161199599398,-0.00658461221567366,0.00235153380346939,0.000873599145222447,"3K-RGP reference (unlabelled)"
"IRIS_313-11358",0.0152614762040812,-0.00348382480361237,9.78692466495528e-05,-0.00180809932444038,"ind2"
"IRIS_313-11359",0.0149712906049758,-0.00285939406050451,0.000403904486079554,-0.00334331554822417,"3K-RGP reference (unlabelled)"
"IRIS_313-11360",-0.0154516332648613,0.0108803109140178,-0.0123942322337016,-0.0676934212976903,"3K-RGP reference (unlabelled)"
"IRIS_313-11361",0.0147381519302361,-0.000663824447639789,0.00110686298582809,-0.00163879095731603,"3K-RGP reference (unlabelled)"
"IRIS_313-11362",-0.0163954620316748,0.0186195055189633,-0.0212127855326167,-0.120502653129651,"3K-RGP reference (unlabelled)"
"IRIS_313-11363",0.0147862100330942,-0.00259909277014194,-0.000411207715629284,-0.00179355861742706,"3K-RGP reference (unlabelled)"
"IRIS_313-11364",0.00386769592082164,0.00338030466161482,-0.00729126607190878,-0.0436547128148394,"3K-RGP reference (unlabelled)"
"IRIS_313-11365",0.0159845912232339,-0.0049431616602035,0.00100552795877282,-0.00103988227168684,"3K-RGP reference (unlabelled)"
"IRIS_313-11367",0.0149820977866207,-0.00187835103423192,0.000287933987902536,-0.00228997785254245,"3K-RGP reference (unlabelled)"
"IRIS_313-11368",0.0137582564804797,-0.00491979977728965,-0.000313672176644593,-0.00752226655729861,"3K-RGP reference (unlabelled)"
"IRIS_313-11369",0.014359601628482,-0.00272239745031885,-0.000413227317939858,-0.0024529147746093,"3K-RGP reference (unlabelled)"
"IRIS_313-11370",0.0154945094056239,-0.00257634667624211,0.000701803813296616,-0.000458902817112536,"3K-RGP reference (unlabelled)"
"IRIS_313-11371",0.00512095224916165,0.0693550371670215,0.00497363738204047,0.0170994778044046,"aus"
"IRIS_313-11372",0.0148402158367715,0.000297180420260854,0.00012911707164193,-0.00144673185021175,"3K-RGP reference (unlabelled)"
"IRIS_313-11373",-0.0177252364613219,0.0160710826927704,-0.0229042070539294,-0.115534599892409,"3K-RGP reference (unlabelled)"
"IRIS_313-11374",0.00367872466066841,0.0668028629833225,0.0044743842555918,0.013136721047668,"aus"
"IRIS_313-11375",-0.00684568340341169,0.0101843895301443,-0.0128105754731124,-0.0793869901752041,"3K-RGP reference (unlabelled)"
"IRIS_313-11376",-0.0279128032386787,-0.00325229566563285,-0.0369178652307392,0.0164703850691603,"3K-RGP reference (unlabelled)"
"IRIS_313-11377",0.0124689888988996,-0.00771410286357559,-0.00134398424100141,0.000674345180034678,"3K-RGP reference (unlabelled)"
"IRIS_313-11379",-0.0250487491293911,-0.00407733554918372,-0.0357822784710707,0.0173772088428836,"3K-RGP reference (unlabelled)"
"IRIS_313-11380",-0.0116187764657322,-0.00590627247722248,-0.0228353415783623,0.0111629340406282,"3K-RGP reference (unlabelled)"
"IRIS_313-11381",0.015221039224039,-0.00936649940499576,-9.64629344547014e-05,0.000163725732161027,"3K-RGP reference (unlabelled)"
"IRIS_313-11382",0.0139973466470304,-0.00196638928223374,-0.000863862611705723,-0.0017110197488782,"3K-RGP reference (unlabelled)"
"IRIS_313-11383",0.0114948931657864,-0.00599589713843578,0.00031495771916369,-0.000131057215513265,"3K-RGP reference (unlabelled)"
"IRIS_313-11384",0.0103422297365052,-0.00593915825223165,0.00172846239298223,-0.000297778916902767,"3K-RGP reference (unlabelled)"
"IRIS_313-11385",0.0143935188527229,-0.00590063546313,0.00188766908182956,0.00230661462626771,"3K-RGP reference (unlabelled)"
"IRIS_313-11386",0.0148435149848212,-0.00970368862650364,-0.000784130621183681,-0.00011340594463864,"3K-RGP reference (unlabelled)"
"IRIS_313-11387",0.0129366069021318,-0.00488415139599312,-0.000900652397039656,-0.000570539631100655,"3K-RGP reference (unlabelled)"
"IRIS_313-11388",0.0152391520335496,-0.00921451470161218,-0.000259476942775803,9.89096366717581e-05,"3K-RGP reference (unlabelled)"
"IRIS_313-11389",0.0149366170463686,-0.00938643259722566,-0.00121962049530304,-0.00202931936908754,"3K-RGP reference (unlabelled)"
"IRIS_313-11390",0.0154611934294763,-0.00933793538092238,-0.000488494209120565,0.000357040512646745,"3K-RGP reference (unlabelled)"
"IRIS_313-11391",0.0154658084691577,-0.00900631076102283,-0.000725703427436259,-0.000603201651238748,"3K-RGP reference (unlabelled)"
"IRIS_313-11392",0.015606425146777,-0.00896333667285808,-0.000911372672989144,-0.000602036128424084,"3K-RGP reference (unlabelled)"
"IRIS_313-11393",0.0153400220763794,-0.00966467997372855,-0.000227615438319626,-0.000571849933908359,"3K-RGP reference (unlabelled)"
"IRIS_313-11394",0.0141886800160799,-0.00743134283936918,-0.00044548024419344,-0.000886890833107878,"3K-RGP reference (unlabelled)"
"IRIS_313-11395",0.0140566099114697,-0.00788196968395996,-0.00272237461655274,-0.00100144051934781,"3K-RGP reference (unlabelled)"
"IRIS_313-11396",-0.0248868197127382,-0.00400261661394425,-0.0331403687468756,0.0142056812997998,"3K-RGP reference (unlabelled)"
"IRIS_313-11397",-0.0250547519167942,-0.00336499782579785,-0.0348547535862195,0.0157203733190641,"3K-RGP reference (unlabelled)"
"IRIS_313-11398",0.0148882477382729,-0.00880986933857661,-0.00123125744536125,-0.00156794154157372,"3K-RGP reference (unlabelled)"
"IRIS_313-11399",0.0153031579704438,-0.00480290971017093,-0.000142320151210158,-0.000890670110080285,"3K-RGP reference (unlabelled)"
"IRIS_313-11400",0.0129349259104602,-0.00320360962536865,-0.00146294633832426,-0.00910182391228563,"3K-RGP reference (unlabelled)"
"IRIS_313-11401",-0.018347844257623,0.0123786531260656,-0.0199418724297511,-0.0954809718024282,"3K-RGP reference (unlabelled)"
"IRIS_313-11402",0.0149300076583416,-0.0052711906408492,0.000131159367245713,-0.000219148658187483,"3K-RGP reference (unlabelled)"
"IRIS_313-11403",0.012015887027628,-0.00444334251470564,-9.47134312358701e-05,0.000919222257687322,"3K-RGP reference (unlabelled)"
"IRIS_313-11404",0.0143179074587894,-0.00621095584455051,-0.000291968166370942,-0.000770403642640979,"3K-RGP reference (unlabelled)"
"IRIS_313-11405",0.0130935499413381,-0.00550280063189121,-0.000307791949479632,-0.00296564753521969,"3K-RGP reference (unlabelled)"
"IRIS_313-11406",0.0152126156340227,-0.0103460403152371,-0.00112958120603887,-0.00211343746883609,"3K-RGP reference (unlabelled)"
"IRIS_313-11407",0.013206463310277,-0.00224507369813748,-0.000307200892351531,-0.00974163671570211,"3K-RGP reference (unlabelled)"
"IRIS_313-11408",0.0141570901868946,-0.00137895319269705,0.00111370309501199,0.000287346429245493,"ind2"
"IRIS_313-11409",0.012365503391217,0.00493477042383365,0.00115874814905662,0.000364410242726376,"3K-RGP reference (unlabelled)"
"IRIS_313-11410",0.012662430349808,-3.76002210104543e-05,0.00105958019360953,-0.000867039374164158,"3K-RGP reference (unlabelled)"
"IRIS_313-11411",0.0130954382109524,0.00208948020558652,0.00153523794716527,9.94361844596679e-05,"3K-RGP reference (unlabelled)"
"IRIS_313-11413",-0.00528632231841267,0.0498260061716638,0.00356651847555232,0.00610682189781831,"3K-RGP reference (unlabelled)"
"IRIS_313-11414",0.0136403224548948,0.0013242805508056,0.00163058030804563,0.000684001786206137,"indx"
"IRIS_313-11415",0.00189583444344314,0.00605277191126546,0.00314053605608152,-0.00540937973483755,"3K-RGP reference (unlabelled)"
"IRIS_313-11416",0.0153246647764308,-0.00369392621995213,-0.000383469905669571,-0.00291075685636636,"3K-RGP reference (unlabelled)"
"IRIS_313-11417",-0.00233054682370496,0.0139661561758277,-0.0114125426135341,-0.0506967899747344,"3K-RGP reference (unlabelled)"
"IRIS_313-11418",0.0150546060425112,-0.00125984656512619,6.86238886805227e-05,-0.00155191898700784,"3K-RGP reference (unlabelled)"
"IRIS_313-11419",0.0126747544571762,0.00236664137287584,0.000128939271460271,-0.00196264593349909,"3K-RGP reference (unlabelled)"
"IRIS_313-11420",0.0121966465934583,0.00526132604991928,0.00103331439038402,-0.00061364440182497,"3K-RGP reference (unlabelled)"
"IRIS_313-11421",0.0124394966777236,-9.8437864221482e-05,0.000282092698979121,-0.00582931918151248,"3K-RGP reference (unlabelled)"
"IRIS_313-11422",0.0119057343593356,-0.00743723469786494,0.00367135119600695,0.00283947245519794,"3K-RGP reference (unlabelled)"
"IRIS_313-11423",0.0111549572802578,-0.00822693044403609,0.000350261555072561,0.00122605556750296,"3K-RGP reference (unlabelled)"
"IRIS_313-11424",-0.0250127705461606,-0.00444272923273076,-0.0340767186072621,0.0163636829151756,"3K-RGP reference (unlabelled)"
"IRIS_313-11425",-0.00743213134069257,-0.00509971553761417,-0.0171319397692107,0.00884953044857834,"3K-RGP reference (unlabelled)"
"IRIS_313-11426",-0.0268351091532929,-0.00394307468836569,-0.0379444662441086,0.0188979292703274,"3K-RGP reference (unlabelled)"
"IRIS_313-11427",-0.0271328280544302,-0.00323870806776996,-0.0364252545619913,0.0190922027428012,"3K-RGP reference (unlabelled)"
"IRIS_313-11428",-0.0283550502238629,-0.00511679324497358,-0.0390277202034386,0.0197778496283206,"3K-RGP reference (unlabelled)"
"IRIS_313-11429",-0.0269982233797661,-0.00450408384031475,-0.0390544346414178,0.0184745228845427,"3K-RGP reference (unlabelled)"
"IRIS_313-11431",0.013000549920823,-0.00981501958673994,-0.00370824871677455,0.00131350308836132,"3K-RGP reference (unlabelled)"
"IRIS_313-11432",0.0100206648657347,0.0247814801483918,0.000969066846184657,-0.0011392379693105,"3K-RGP reference (unlabelled)"
"IRIS_313-11433",0.0141283602548417,-0.00784306735213138,0.00210938206921732,0.00232826068800317,"ind1A"
"IRIS_313-11434",-0.02737613829155,-0.00466092776241506,-0.0371090930449288,0.0177029577488987,"3K-RGP reference (unlabelled)"
"IRIS_313-11435",-0.0277933052997426,-0.00441641901036188,-0.0369870288367033,0.018696951025091,"3K-RGP reference (unlabelled)"
"IRIS_313-11436",-0.0277302715285798,-0.00544146796557022,-0.0386539644314607,0.0202141910300414,"3K-RGP reference (unlabelled)"
"IRIS_313-11437",0.0139409498454151,-0.00944363572181289,0.00035297790189183,0.00162745062794337,"3K-RGP reference (unlabelled)"
"IRIS_313-11438",0.0148853024117882,-0.00954856387140027,0.00149544745736337,0.000509345025694524,"3K-RGP reference (unlabelled)"
"IRIS_313-11439",-0.0268526119619262,-0.0047251302837018,-0.0371973895969869,0.0185204784240444,"3K-RGP reference (unlabelled)"
"IRIS_313-11441",-0.0262258963568676,-0.00477429238129198,-0.0368970134065844,0.0167768743821397,"3K-RGP reference (unlabelled)"
"IRIS_313-11442",0.0141775029051945,-0.0069004443868654,2.30274184187121e-05,0.000426777239816715,"3K-RGP reference (unlabelled)"
"IRIS_313-11443",0.0144146029293572,-0.00675291919639622,-0.000479619112721559,0.000142879197898866,"3K-RGP reference (unlabelled)"
"IRIS_313-11445",0.0139160634640188,0.00176175036423766,0.000713266195850774,-0.000470111648682642,"ind2"
"IRIS_313-11446",0.0141976930207092,0.000208923755551487,0.000778944335442434,8.24982551620444e-05,"3K-RGP reference (unlabelled)"
"IRIS_313-11447",0.0159538040459533,-0.00732929638884324,0.000322861643866662,4.93789186485556e-05,"indx"
"IRIS_313-11448",0.0127359529152767,0.00312931052808188,0.000513974275595063,-0.00145914182563557,"3K-RGP reference (unlabelled)"
"IRIS_313-11449",0.0113331013861513,0.0152899331669805,0.00132154992635519,0.00554174646248369,"3K-RGP reference (unlabelled)"
"IRIS_313-11451",-0.0150391123865803,0.0182741563834642,-0.0206443637716615,-0.112121261383942,"3K-RGP reference (unlabelled)"
"IRIS_313-11452",0.00312118863109186,0.0519687562743691,0.00242107219387691,0.0120680732171107,"aus"
"IRIS_313-11453",0.013522325053815,0.0065894093170082,0.000950978416920772,0.00175712757613334,"ind2"
"IRIS_313-11454",0.00350850057705552,0.0648268854461271,0.00439281194535882,0.0174628419349573,"aus"
"IRIS_313-11455",0.00223538815271854,0.064885288111453,0.00312738150350466,0.010122616269984,"aus"
"IRIS_313-11456",0.00417623455509995,0.0621143818646574,0.0045200413222468,0.0162760587635739,"3K-RGP reference (unlabelled)"
"IRIS_313-11458",0.00511936936821881,0.0734487880255679,0.00473796611913905,0.00895604730307271,"aus"
"IRIS_313-11460",0.0144306287214799,0.0116286193696756,0.00158111836430612,-0.000520332001266469,"3K-RGP reference (unlabelled)"
"IRIS_313-11461",0.0153147213030024,2.29712314982825e-05,0.000951322134586586,0.00229484725557799,"3K-RGP reference (unlabelled)"
"IRIS_313-11462",0.00400451648385102,0.061949330257026,0.00355276275331125,0.017740821350144,"aus"
"IRIS_313-11463",0.0131312684566603,-0.0081354652972308,-0.000788012174903934,0.000682909246396224,"3K-RGP reference (unlabelled)"
"IRIS_313-11464",-0.0265672885805562,-0.00460591215671605,-0.0362958737270454,0.0154745132507811,"3K-RGP reference (unlabelled)"
"IRIS_313-11465",-0.0268666306760425,-0.00460831949517512,-0.0319167518166322,0.0155663653041797,"3K-RGP reference (unlabelled)"
"IRIS_313-11467",0.0140704608503802,-0.00972096081410783,-0.0031231829331888,-0.000539805658677337,"3K-RGP reference (unlabelled)"
"IRIS_313-11471",0.0152626648920029,-0.00775850565193738,-1.55385201490764e-05,0.000151036865020957,"3K-RGP reference (unlabelled)"
"IRIS_313-11472",0.014213439768032,-0.00913060304521946,-0.00100704095698044,0.000231499174035396,"3K-RGP reference (unlabelled)"
"IRIS_313-11473",-0.0279207638317789,-0.00430229051272949,-0.0282357650851875,0.0132496610442693,"3K-RGP reference (unlabelled)"
"IRIS_313-11476",0.00318818872699912,0.0434590126407081,0.00121331682729263,0.00944170944955987,"aus"
"IRIS_313-11477",0.0017292866737159,0.0647328946082015,0.00381644328088854,0.0142632405968596,"aus"
"IRIS_313-11478",0.0119257845718405,0.0211133438115522,0.00090687922771049,0.00522563010613351,"3K-RGP reference (unlabelled)"
"IRIS_313-11479",-0.0235953729234197,-0.00371220998853098,-0.0320609611516108,0.00329097563019787,"trop"
"IRIS_313-11480",0.0120077342227643,-0.00885369733356956,0.00247474775543197,0.00267350604321863,"3K-RGP reference (unlabelled)"
"IRIS_313-11481",0.00443676557842372,0.0727201991049242,0.00517591336772089,0.0196358820646048,"3K-RGP reference (unlabelled)"
"IRIS_313-11482",0.00543351862369768,0.0562930832183397,0.0031245080636302,0.00324414707418443,"3K-RGP reference (unlabelled)"
"IRIS_313-11483",0.00497298314686657,0.0716011858277307,0.00577797876736394,0.0194788101939397,"3K-RGP reference (unlabelled)"
"IRIS_313-11484",0.00648475967196346,0.0505557138832771,0.00346847567759915,0.000428628625547046,"3K-RGP reference (unlabelled)"
"IRIS_313-11485",0.0151671450789985,-0.00978625848092365,-0.00102467094957845,-0.000887986989243076,"3K-RGP reference (unlabelled)"
"IRIS_313-11486",0.00907976741539072,0.0201549329302225,0.0018847820049764,-0.000631959031945661,"3K-RGP reference (unlabelled)"
"IRIS_313-11487",0.0132639040627342,0.00682402416291168,0.00103528789951456,-0.00279819319851261,"3K-RGP reference (unlabelled)"
"IRIS_313-11489",0.00438482288478359,0.0476429716713805,0.0017808648907224,0.00792223648192231,"aus"
"IRIS_313-11490",0.0148209315509975,-0.00561562375973288,-0.000803660116292802,-0.00198871359010909,"3K-RGP reference (unlabelled)"
"IRIS_313-11491",0.0147988991240583,-0.000857499135637512,0.000756423175618424,0.000124517752707945,"ind2"
"IRIS_313-11492",0.0058968533355241,0.0679777662767497,0.00423506926761192,0.0061719329665141,"3K-RGP reference (unlabelled)"
"IRIS_313-11493",0.0150938620239307,-0.0074198907486695,-0.000177933962262947,-0.000137890713338242,"indx"
"IRIS_313-11494",-0.0260646213499258,-0.00297075503100427,-0.0157621153573937,-0.003060036206269,"subtrop"
"IRIS_313-11495",-0.0259750839672318,-0.00416439548090777,-0.0339484178865044,0.0142626925883508,"3K-RGP reference (unlabelled)"
"IRIS_313-11496",-0.0253471808799296,-0.00365181323323602,-0.0286794527643746,0.0073460500753547,"3K-RGP reference (unlabelled)"
"IRIS_313-11497",0.0131536147376075,0.0067516926472029,0.000972915076338947,0.000938161172463045,"3K-RGP reference (unlabelled)"
"IRIS_313-11498",-0.0228210609386523,-0.00345422898541188,-0.0316993160760194,0.00423581550717876,"3K-RGP reference (unlabelled)"
"IRIS_313-11499",-0.0260440835871111,-0.00454162921082963,-0.0328472221080834,0.0126027600462264,"3K-RGP reference (unlabelled)"
"IRIS_313-11500",0.014306516998894,-0.00506948061769684,0.000280877942501688,-0.00110443743606127,"3K-RGP reference (unlabelled)"
"IRIS_313-11505",0.0149635723639151,-0.00274103448431729,0.00136279097126165,-0.000319498933303671,"3K-RGP reference (unlabelled)"
"IRIS_313-11506",0.0151865713333988,-0.00505701470511912,0.000393321119427087,0.000118606035819222,"3K-RGP reference (unlabelled)"
"IRIS_313-11507",0.0120527255507536,-0.00800280377874925,-0.000945955069493748,0.00156398786477075,"3K-RGP reference (unlabelled)"
"IRIS_313-11508",0.0154429120000372,-0.00922905253589362,-0.000579196389747808,-0.000258167880679013,"3K-RGP reference (unlabelled)"
"IRIS_313-11509",0.0132488468135992,-0.00894922538954503,-0.00138590502643133,-0.00217273373331813,"3K-RGP reference (unlabelled)"
"IRIS_313-11510",0.0139603373883941,-0.00613852685571356,0.000793618832424859,0.000998579610097544,"3K-RGP reference (unlabelled)"
"IRIS_313-11511",-0.0272535372187484,-0.00416272336107097,-0.0290395160677747,0.0137179992157519,"3K-RGP reference (unlabelled)"
"IRIS_313-11512",0.0152513169430355,-0.00985255485493949,-0.000279712669102607,0.000435226593191754,"3K-RGP reference (unlabelled)"
"IRIS_313-11513",0.0153803992408156,-0.0104705867829357,0.00311309128897378,0.00273840990546428,"3K-RGP reference (unlabelled)"
"IRIS_313-11515",0.0149457235696089,-0.00478772400264184,-0.000309309585631908,0.00107329881524018,"3K-RGP reference (unlabelled)"
"IRIS_313-11516",0.015828827822216,-0.00679355372282663,0.000440984992960874,0.000530697140166522,"3K-RGP reference (unlabelled)"
"IRIS_313-11517",0.0138088284464577,-0.00841036615482903,0.00109760775676821,0.000455932988073012,"3K-RGP reference (unlabelled)"
"IRIS_313-11521",0.0131151278703277,-0.00619414071190073,-0.000422317430771539,-3.78283604639014e-05,"3K-RGP reference (unlabelled)"
"IRIS_313-11522",-0.0276405248378641,-0.00376031931588796,0.0214340454272739,-0.00494753894635045,"3K-RGP reference (unlabelled)"
"IRIS_313-11523",0.0151879021378995,-0.007411119830163,-0.000916133273418396,-0.000585770664175321,"3K-RGP reference (unlabelled)"
"IRIS_313-11524",-0.0267105529504092,-0.0039606303755287,-0.0361242640274938,0.0159129817336028,"3K-RGP reference (unlabelled)"
"IRIS_313-11525",0.0137223626392233,-0.00891087101603781,-0.000285727819134925,-0.000929235073108692,"3K-RGP reference (unlabelled)"
"IRIS_313-11526",-0.0277139950390258,-0.00409128018524303,-0.0389012188415623,0.0172249770994524,"3K-RGP reference (unlabelled)"
"IRIS_313-11527",-0.0286651870484978,-0.0050780863613334,-0.0412069278827202,0.020358570255313,"3K-RGP reference (unlabelled)"
"IRIS_313-11528",0.0155228399371797,-0.00976494418473727,-0.000837957456223098,-0.00071181907151543,"3K-RGP reference (unlabelled)"
"IRIS_313-11530",0.0158458642004844,-0.0096200947568911,-0.00129265896156814,-0.000723921635378339,"3K-RGP reference (unlabelled)"
"IRIS_313-11532",-0.0266039322228134,-0.00489427650716449,-0.0359805441628346,0.0175782654621919,"3K-RGP reference (unlabelled)"
"IRIS_313-11534",0.0138243204838514,-0.00900752582159285,-0.00144598211535076,-0.00207946279350531,"3K-RGP reference (unlabelled)"
"IRIS_313-11535",0.0133899439807487,-0.00864896729849298,-0.000713606084673642,-0.000773801845854102,"3K-RGP reference (unlabelled)"
"IRIS_313-11536",-0.0297624058272224,-0.00485569747903603,0.0407021126694696,-0.00350838050834154,"3K-RGP reference (unlabelled)"
"IRIS_313-11537",-0.0276635273655532,-0.00524945021789876,-0.0125340409336563,0.0130988490944735,"3K-RGP reference (unlabelled)"
"IRIS_313-11538",0.00969478908385857,-0.0091408440983764,0.0077347968836995,0.00163137372589436,"3K-RGP reference (unlabelled)"
"IRIS_313-11539",-0.0280075011268001,-0.00548871491985803,-0.0280784058914651,0.0199124535040389,"3K-RGP reference (unlabelled)"
"IRIS_313-11540",-0.0284061619366086,-0.00401922965481118,-0.0401587336836772,0.0171678192786875,"3K-RGP reference (unlabelled)"
"IRIS_313-11541",0.0150035973652102,-0.00818427450202613,1.98727439882388e-05,0.000552279690672218,"3K-RGP reference (unlabelled)"
"IRIS_313-11542",-0.0152112395491692,0.0102983802701305,-0.0124299998059856,-0.0651267915833406,"3K-RGP reference (unlabelled)"
"IRIS_313-11543",0.0145951619933534,-0.00870535011166219,-0.00164376622013526,-0.0002486555719389,"3K-RGP reference (unlabelled)"
"IRIS_313-11544",0.0148513884719879,-0.00616963812216671,-0.000273417660884209,-0.000257070082205047,"3K-RGP reference (unlabelled)"
"IRIS_313-11545",0.0147125049466053,-0.00616170061318303,-0.000170861476908458,-0.000338773179007847,"3K-RGP reference (unlabelled)"
"IRIS_313-11546",0.0156747036180587,-0.00807041172361847,-0.000361774569897073,0.000188500350548994,"3K-RGP reference (unlabelled)"
"IRIS_313-11547",0.0132791351423199,-0.00933119773215024,-0.00257022714237621,0.000825259961462137,"3K-RGP reference (unlabelled)"
"IRIS_313-11548",0.0144026665040056,-0.0066839234002438,0.000221404346466722,0.000632148321566489,"3K-RGP reference (unlabelled)"
"IRIS_313-11549",0.0137112688311308,-0.00776478130660952,0.000825515371391332,0.00101979499087193,"3K-RGP reference (unlabelled)"
"IRIS_313-11551",0.0114150219147139,-0.00281576920367156,-0.00107132458447958,-0.00320541450079422,"3K-RGP reference (unlabelled)"
"IRIS_313-11554",0.0145215865956209,-0.00881303147217092,-0.00277846301196952,-0.0014757522003017,"3K-RGP reference (unlabelled)"
"IRIS_313-11555",0.0153473990964818,-0.00453730396401925,-0.00139456756465581,-0.00116302230182605,"3K-RGP reference (unlabelled)"
"IRIS_313-11556",0.0136437761739091,-0.00903826465253615,-0.00194755679264722,-0.0017356335242444,"3K-RGP reference (unlabelled)"
"IRIS_313-11557",0.00551816293288105,0.067520749483134,0.00375620911155965,0.0133958776138432,"3K-RGP reference (unlabelled)"
"IRIS_313-11558",0.0140026821212254,-0.002832263385128,-0.00124126798261502,-0.00152055891715694,"3K-RGP reference (unlabelled)"
"IRIS_313-11561",0.013939861555449,0.00438566133629459,0.000710530411138812,-0.00135280782085394,"3K-RGP reference (unlabelled)"
"IRIS_313-11563",0.0129350850746235,0.00392608695362717,0.000869718125004102,-0.00121719706479698,"3K-RGP reference (unlabelled)"
"IRIS_313-11564",-0.0193096048263867,0.0102100619820607,-0.017946953345713,-0.095165474106523,"3K-RGP reference (unlabelled)"
"IRIS_313-11565",0.0133896238769968,0.00741518438244357,0.000540637427458694,-0.0010482144138303,"3K-RGP reference (unlabelled)"
"IRIS_313-11566",0.0148014970257093,-0.000207870029866938,0.000753440657682432,0.00040567175913179,"3K-RGP reference (unlabelled)"
"IRIS_313-11567",-0.016829485479541,0.0177425259633721,-0.0230615798324576,-0.128003924170536,"3K-RGP reference (unlabelled)"
"IRIS_313-11568",0.0150226891920106,-0.00869683882254874,0.00210867358354546,0.00245141587134443,"3K-RGP reference (unlabelled)"
"IRIS_313-11570",0.00867026939764387,-0.00812181518303464,0.00497146175818816,0.00320576229514586,"3K-RGP reference (unlabelled)"
"IRIS_313-11571",-0.0280502883504577,-0.00582536479296135,0.0440761765260008,-0.00488709324214088,"3K-RGP reference (unlabelled)"
"IRIS_313-11572",0.014543537934778,-0.00794169671375267,0.00186143205959168,0.00140458295794534,"3K-RGP reference (unlabelled)"
"IRIS_313-11573",0.0142256956029993,-0.00690096082925444,0.00145595197912876,0.00107121294082557,"3K-RGP reference (unlabelled)"
"IRIS_313-11574",-0.0285083628930058,-0.00573634485726536,0.0455799569736174,-0.00463754370087596,"3K-RGP reference (unlabelled)"
"IRIS_313-11575",-0.0285777669812244,-0.0049600011003675,0.0376566790043295,-0.00593419304395874,"3K-RGP reference (unlabelled)"
"IRIS_313-11576",0.0130717020095865,-0.00776881636831523,0.00256612658613839,-0.000743831938643997,"3K-RGP reference (unlabelled)"
"IRIS_313-11577",0.0140035647919997,-0.00746255703532357,0.00177917899804928,0.000914283740130799,"3K-RGP reference (unlabelled)"
"IRIS_313-11578",-0.0273144852759299,-0.00532352394203151,0.0421753035117476,-0.00470282995907841,"3K-RGP reference (unlabelled)"
"IRIS_313-11579",0.0133011086771484,-0.00772385632106737,0.00291750234947391,0.00306644063866355,"3K-RGP reference (unlabelled)"
"IRIS_313-11580",0.0128803365268633,-0.0080880805077405,0.00244119100184066,-0.000730226776707285,"3K-RGP reference (unlabelled)"
"IRIS_313-11582",-0.0273528937589275,-0.00554304632534807,0.0425484007063698,-0.00477510842608575,"3K-RGP reference (unlabelled)"
"IRIS_313-11584",-0.0278460079381412,-0.0052932165364271,0.0427144772572927,-0.00478072113037229,"3K-RGP reference (unlabelled)"
"IRIS_313-11585",0.0125160321660072,-0.00847836199167486,0.00298433970970214,0.00297171293198856,"3K-RGP reference (unlabelled)"
"IRIS_313-11586",-0.0298356327218672,-0.00601037297990934,0.0521260928846705,-0.00215167994617072,"3K-RGP reference (unlabelled)"
"IRIS_313-11588",0.0130223267861935,-0.00966104889205335,0.000391000189417273,-0.00201999532333206,"3K-RGP reference (unlabelled)"
"IRIS_313-11591",9.85298204354181e-05,-0.00731390460215268,-0.0117758496874728,0.000416410931427999,"3K-RGP reference (unlabelled)"
"IRIS_313-11594",0.014938211496781,-0.00876522941452357,0.000562064382640104,0.000411834669501178,"3K-RGP reference (unlabelled)"
"IRIS_313-11595",0.00142469988068332,0.0584190592856936,0.0054617781653633,0.0149685017728104,"3K-RGP reference (unlabelled)"
"IRIS_313-11596",0.0093825203995296,0.0200115392973156,0.00283816133156148,0.00735520058140388,"indx"
"IRIS_313-11597",0.0128321926036445,0.00174543557372744,0.000881260640317695,0.000334424648454444,"ind2"
"IRIS_313-11598",0.0091490730583877,0.0352890570283215,0.0032751605141274,0.00989067566950282,"3K-RGP reference (unlabelled)"
"IRIS_313-11599",0.0146611763267358,-0.00429818879164028,-0.000103168523755371,-0.00163611672513332,"ind2"
"IRIS_313-11600",0.0133129983866122,-0.00234508572663683,0.000393027838268879,0.000693748451135074,"ind2"
"IRIS_313-11602",0.00353339712553353,0.0636746126498238,0.00485790598433405,0.0146572682014458,"aus"
"IRIS_313-11603",0.00257442112036456,0.0679464939371486,0.00406721956056227,0.0142577815856583,"3K-RGP reference (unlabelled)"
"IRIS_313-11604",0.0042240631934966,0.0647854787973961,0.00428531140768707,0.0151349327386117,"aus"
"IRIS_313-11606",0.0131939223026515,-0.0029373070386542,0.000996263388686294,0.000103703078814839,"3K-RGP reference (unlabelled)"
"IRIS_313-11607",0.0150730645225614,-0.000864917500407977,-0.000142192383687675,-0.000387844818905649,"3K-RGP reference (unlabelled)"
"IRIS_313-11608",0.0121667269992032,-0.00815166060739551,-0.000923626667072112,-0.000732863939112068,"3K-RGP reference (unlabelled)"
"IRIS_313-11609",0.0145311913439708,-0.00944618233216656,-0.00130891875524394,-0.0011143276374237,"3K-RGP reference (unlabelled)"
"IRIS_313-11610",0.0121960861625762,-0.00885555062541777,-0.00090461477345643,-0.0014450473217362,"3K-RGP reference (unlabelled)"
"IRIS_313-11611",-0.0242789838627915,-0.00287088810284557,-0.0341687775186109,0.0125826337563173,"3K-RGP reference (unlabelled)"
"IRIS_313-11615",0.0153315296590248,-0.00705890115753656,-0.00107435314423516,-0.00222166529015701,"3K-RGP reference (unlabelled)"
"IRIS_313-11616",0.00830527494579568,0.0269898482156176,0.000995812910334451,0.00757037747524356,"admix"
"IRIS_313-11617",0.00331325634579766,0.0508415763162348,0.00245160013753042,0.0117586947827749,"3K-RGP reference (unlabelled)"
"IRIS_313-11618",0.00472706684486981,0.0591420126203911,0.00374261111813929,0.0136099540431223,"aus"
"IRIS_313-11619",0.00339107109836467,0.0627775661634197,0.00411376708788986,0.0141367161165953,"3K-RGP reference (unlabelled)"
"IRIS_313-11620",0.00300526236382716,0.0565655521910515,0.0032580193997187,0.0143373966533845,"aus"
"IRIS_313-11621",0.0150385359634943,-0.00918772227333283,0.00036754673121695,-0.000541266803206202,"indx"
"IRIS_313-11622",0.0149712762236476,-0.00814350963906038,0.00315956237375766,0.00289872520198069,"3K-RGP reference (unlabelled)"
"IRIS_313-11623",-0.0266668601956186,-0.00383856066791026,-0.00926657752569333,-0.00358641761484409,"3K-RGP reference (unlabelled)"
"IRIS_313-11624",0.0152961022151021,-0.00862502601895945,0.00259370246510532,0.00349382591481108,"3K-RGP reference (unlabelled)"
"IRIS_313-11625",-0.0119407150965147,0.019734815521662,-0.0162114475249036,-0.0959771571878022,"3K-RGP reference (unlabelled)"
"IRIS_313-11626",-0.0166192325584954,0.0142768566800007,-0.0175539148564889,-0.0871907234268476,"3K-RGP reference (unlabelled)"
"IRIS_313-11627",-0.0158659808395602,0.0173224726321113,-0.017929379154264,-0.0971829254563467,"3K-RGP reference (unlabelled)"
"IRIS_313-11628",-0.000605468239547697,0.0180674286545361,-0.00411943109711817,-0.02807395689987,"3K-RGP reference (unlabelled)"
"IRIS_313-11629",0.00473581460944467,0.0612923197931686,0.00336131345363764,0.0148348601188318,"3K-RGP reference (unlabelled)"
"IRIS_313-11630",-0.0154498382730316,0.0181795739460097,-0.0206690436882903,-0.108863387847501,"3K-RGP reference (unlabelled)"
"IRIS_313-11632",-0.0151500048836157,0.0183985096490045,-0.0201968048963739,-0.106138474347016,"3K-RGP reference (unlabelled)"
"IRIS_313-11635",0.0162066774796479,-0.00927170087273843,-0.000807325770535543,-0.000953948583505026,"3K-RGP reference (unlabelled)"
"IRIS_313-11636",0.00532065039054133,0.0695256092314569,0.00490293882287,0.0171854285065438,"aus"
"IRIS_313-11638",0.0153683965203075,0.00186455044326217,0.000641135485937573,0.000385373238477311,"ind2"
"IRIS_313-11639",0.014244893470489,-0.00496110714892742,0.0012760051854191,0.00182499909224046,"indx"
"IRIS_313-11640",0.0151058898288881,0.00104509864814301,0.000657615417471188,-0.000106528130127872,"3K-RGP reference (unlabelled)"
"IRIS_313-11641",0.0146386817672593,-0.001584431746126,0.00137533572022776,-0.000159642604138716,"ind2"
"IRIS_313-11642",0.015133600315166,-0.00131882467363754,0.000420869545470236,-0.00184751616246564,"3K-RGP reference (unlabelled)"
"IRIS_313-11643",0.0128089050943675,0.0130606832344103,0.00326136257745167,0.00654470998738564,"3K-RGP reference (unlabelled)"
"IRIS_313-11644",0.0130265280213828,0.00736925909764594,0.000906080450421002,0.00015492500029152,"3K-RGP reference (unlabelled)"
"IRIS_313-11645",0.0146633409534324,0.00367009507777587,0.00133869046325752,0.00244889511165372,"3K-RGP reference (unlabelled)"
"IRIS_313-11646",0.0157965678629576,-0.00314275497209928,-0.000388615272759995,-0.000109838312868889,"ind2"
"IRIS_313-11647",0.0138809685657807,0.00426760674690788,0.000964882820607405,0.00215424534439787,"ind2"
"IRIS_313-11648",0.0154177119034606,-0.00119453497175686,-0.000112917230550235,-0.00142582476285222,"ind2"
"IRIS_313-11650",0.00839447984507278,0.00280491872789365,-0.00473941954172192,-0.0279515557429394,"3K-RGP reference (unlabelled)"
"IRIS_313-11651",-0.030304529788252,-0.00609580717747031,0.0378822512110978,0.00244806265416157,"3K-RGP reference (unlabelled)"
"IRIS_313-11652",-0.0286141245093214,-0.00567190925161185,0.0436513287019011,-0.00464453282482108,"3K-RGP reference (unlabelled)"
"IRIS_313-11653",-0.0301188700666933,-0.00634571826469498,0.0454874067268443,0.00118437640231599,"3K-RGP reference (unlabelled)"
"IRIS_313-11654",-0.0301684646438023,-0.00598013820010123,0.0400028835958597,0.00328496478744266,"3K-RGP reference (unlabelled)"
"IRIS_313-11655",-0.0288182546397369,-0.00571202583530393,0.0236941904433012,0.00181839202302011,"3K-RGP reference (unlabelled)"
"IRIS_313-11656",0.0135306627152893,-0.00791995343572513,0.00112053376146049,-0.000413639188386492,"3K-RGP reference (unlabelled)"
"IRIS_313-11657",0.0147554592948031,0.0026317286842181,0.000215915349981718,-0.00132054191529375,"3K-RGP reference (unlabelled)"
"IRIS_313-11658",-0.0285832111405014,-0.00398784167211834,-0.040408189518813,0.0174212809563979,"3K-RGP reference (unlabelled)"
"IRIS_313-11659",-0.0284763746626871,-0.00470944923098561,-0.0409908584879281,0.0176184532509159,"3K-RGP reference (unlabelled)"
"IRIS_313-11660",-0.0276364836130856,-0.00487861659133848,-0.0355035110738838,0.0173540396605613,"3K-RGP reference (unlabelled)"
"IRIS_313-11661",-0.0304342357265479,-0.00666593239164675,0.0454444552264503,0.00347257134778671,"3K-RGP reference (unlabelled)"
"IRIS_313-11663",0.010928569372725,0.0293209438029249,0.00142014942933565,0.00530104703978673,"3K-RGP reference (unlabelled)"
"IRIS_313-11664",0.0155602556921348,-0.00938216877324779,0.000865740152246612,0.00115742581784538,"3K-RGP reference (unlabelled)"
"IRIS_313-11665",0.0151125811176057,-0.00915702307524999,0.002434615004819,0.00256848823260167,"3K-RGP reference (unlabelled)"
"IRIS_313-11666",0.01430348300518,-0.0064081577713547,0.00270116479183298,0.00173693250027418,"3K-RGP reference (unlabelled)"
"IRIS_313-11667",0.015436750807048,-0.00891427839424648,0.00201744451201641,0.00271350104189349,"3K-RGP reference (unlabelled)"
"IRIS_313-11668",0.0137918383127716,-0.00787413142914785,0.00341295911318822,0.00212872150175126,"3K-RGP reference (unlabelled)"
"IRIS_313-11669",0.0111752964966492,-0.00844617335066121,0.00579726013497699,0.000778883559759609,"3K-RGP reference (unlabelled)"
"IRIS_313-11671",0.0151279357287835,0.00672702497460038,0.000746746704982201,0.000838248141151334,"3K-RGP reference (unlabelled)"
"IRIS_313-11672",-0.0300985269810332,-0.00637587307269321,0.0531544746487583,0.000446007459684875,"3K-RGP reference (unlabelled)"
"IRIS_313-11673",-0.0268857073241115,-0.00494222061209342,-0.0385199497633009,0.0183273025888933,"3K-RGP reference (unlabelled)"
"IRIS_313-11674",0.0158353706737501,-0.00874315524231424,-0.00157412978610231,-0.00102461139289843,"3K-RGP reference (unlabelled)"
"IRIS_313-11676",0.0151584326725874,-0.00940466883778006,-0.000595968960234501,-0.00133972893098419,"3K-RGP reference (unlabelled)"
"IRIS_313-11677",0.0144368221927642,-0.00606070352655536,-0.000263754337982772,0.00018359898061383,"3K-RGP reference (unlabelled)"
"IRIS_313-11678",0.0148333870241382,-0.00966000699178247,-0.000496598037226092,-0.000907844876825326,"3K-RGP reference (unlabelled)"
"IRIS_313-11679",0.0158126942178713,-0.0104718303994438,-0.00116463065737377,-0.00113973890157364,"3K-RGP reference (unlabelled)"
"IRIS_313-11680",0.0158624508205782,-0.0101294227737503,-0.000661603330969577,-0.000576035469435105,"3K-RGP reference (unlabelled)"
"IRIS_313-11681",0.0135512171251267,-0.00432270212883617,-0.00160227818147208,-0.00116325876767406,"3K-RGP reference (unlabelled)"
"IRIS_313-11682",0.0144787046746204,-0.00946977235297678,-0.000244530281540235,-0.000864923695100392,"3K-RGP reference (unlabelled)"
"IRIS_313-11683",0.0161404660487361,-0.00993426067311699,-0.00101885248345098,-0.00185150053059583,"3K-RGP reference (unlabelled)"
"IRIS_313-11684",0.0164381315343408,-0.010317660526348,-0.00149424293927248,-0.00136970825101881,"3K-RGP reference (unlabelled)"
"IRIS_313-11685",0.0154385032201356,-0.0102136882206308,-0.00103723623245849,-0.000934697939616129,"3K-RGP reference (unlabelled)"
"IRIS_313-11686",0.0154745324918883,-0.0102412852123249,-0.00090908857969524,-0.00023006505521348,"3K-RGP reference (unlabelled)"
"IRIS_313-11687",0.0163539064185002,-0.00955751679419069,-0.0012366105860585,-0.00146948374520084,"3K-RGP reference (unlabelled)"
"IRIS_313-11688",0.0158243126374546,-0.00972354989924796,-0.000389266250171924,-0.00137924176486773,"3K-RGP reference (unlabelled)"
"IRIS_313-11689",-0.0308740364118287,-0.00652474310721739,0.0541203348796284,0.000792161724552115,"3K-RGP reference (unlabelled)"
"IRIS_313-11690",-0.00715278101009919,-0.00405045459882532,-0.00129197732895108,-0.00524187522742311,"3K-RGP reference (unlabelled)"
"IRIS_313-11691",-0.0264278307345111,-0.00248903719286497,-0.0048434837790063,-0.00821838972919693,"3K-RGP reference (unlabelled)"
"IRIS_313-11692",0.0149884659020833,-0.00894924394477376,0.00263347950894731,0.0025567462904719,"3K-RGP reference (unlabelled)"
"IRIS_313-11693",0.0133788543872245,-0.00655804002127087,0.0011036559951686,0.00127322133596182,"3K-RGP reference (unlabelled)"
"IRIS_313-11694",0.0126382637591551,-0.00623247652712544,0.00175959673626755,0.000858627578557692,"3K-RGP reference (unlabelled)"
"IRIS_313-11695",0.0138443920580224,-0.00900276656626262,0.00257372414802621,0.00182075140650019,"3K-RGP reference (unlabelled)"
"IRIS_313-11698",-0.0174028534215647,0.0152036835675551,-0.0192210282207133,-0.106534531229918,"3K-RGP reference (unlabelled)"
"IRIS_313-11700",0.0154075844652304,-0.00972225585394426,-0.000602172227863223,-0.000252575455899344,"3K-RGP reference (unlabelled)"
"IRIS_313-11702",-0.0296445701029767,-0.00650640927150007,0.0373516640909047,0.00432010460687996,"3K-RGP reference (unlabelled)"
"IRIS_313-11704",0.0136699093440891,-0.00482239705359944,-0.00138125357359448,-0.00122554020963743,"3K-RGP reference (unlabelled)"
"IRIS_313-11705",0.0147877505328308,-0.00976825783119888,-0.00104628305690715,-0.000419911107250987,"3K-RGP reference (unlabelled)"
"IRIS_313-11706",0.013640883855801,-0.00867869232428406,-0.00198757479963709,-0.00477475905700403,"3K-RGP reference (unlabelled)"
"IRIS_313-11707",0.0160478498456038,-0.00924844083794447,-0.00146216627087498,-0.00156332972640147,"3K-RGP reference (unlabelled)"
"IRIS_313-11708",0.0158932484624357,-0.00999090133384166,-0.00153055242909242,-0.00120912850931814,"3K-RGP reference (unlabelled)"
"IRIS_313-11709",0.0154344136924221,-0.00984271938831172,-0.00221647461205159,-0.0022567197867954,"3K-RGP reference (unlabelled)"
"IRIS_313-11710",0.0162411514284408,-0.00988141688049163,-0.0015705790492204,-0.000528620738149906,"3K-RGP reference (unlabelled)"
"IRIS_313-11711",0.0155290335542494,-0.00962443676017053,-0.000758757112992371,-0.000338940004142203,"3K-RGP reference (unlabelled)"
"IRIS_313-11712",0.00555203232482944,0.0684145109218832,0.00509345199190325,0.0185148911780153,"aus"
"IRIS_313-11713",0.0125274694388886,-0.00794054042345431,0.000938661141841506,-0.000228897814483697,"3K-RGP reference (unlabelled)"
"IRIS_313-11714",0.00195081594793354,-0.00635022817645249,-0.00267741465956478,0.00632818765364713,"3K-RGP reference (unlabelled)"
"IRIS_313-11716",0.0132546937595157,-0.00513831127870618,-0.00193360409125312,0.000485240686249982,"3K-RGP reference (unlabelled)"
"IRIS_313-11717",0.0162070663034543,-0.00970427600929427,-0.000310991661453156,-0.000460030064753354,"3K-RGP reference (unlabelled)"
"IRIS_313-11719",0.0160088755947954,-0.00946192879445854,-0.000622572969671966,0.000363590498594693,"3K-RGP reference (unlabelled)"
"IRIS_313-11720",0.0163503120849612,-0.0104491627369521,-0.00122907676730141,-0.00105387758711194,"3K-RGP reference (unlabelled)"
"IRIS_313-11721",0.0154716505728641,-0.00936684305390015,-0.000449864626406609,-0.000598527464736118,"3K-RGP reference (unlabelled)"
"IRIS_313-11722",0.0155201311053925,-0.00838187671567046,0.00107654063398341,0.000662388704166141,"3K-RGP reference (unlabelled)"
"IRIS_313-11723",0.0147654696719902,-0.00227492425685552,-0.000501341189208106,-0.00269401287395519,"3K-RGP reference (unlabelled)"
"IRIS_313-11724",0.0154534513044891,-0.00747080794162008,-0.00170873775770126,-0.00236506873632224,"3K-RGP reference (unlabelled)"
"IRIS_313-11725",-0.0305785578310997,-0.00632402803093029,0.0536561275328024,0.000242297183353156,"3K-RGP reference (unlabelled)"
"IRIS_313-11726",0.0135532947996938,-0.0083734599514954,0.00230854528383365,0.000649256953364128,"3K-RGP reference (unlabelled)"
"IRIS_313-11727",0.0151285012730632,-0.00913768655686304,0.00202018697698995,0.00195911320526138,"3K-RGP reference (unlabelled)"
"IRIS_313-11728",0.0166161691355312,-0.00972827053946838,0.000205160108753288,-0.000317592686250992,"3K-RGP reference (unlabelled)"
"IRIS_313-11729",0.0140747244021324,-0.00826001178666708,0.00172137090188506,0.00173665912781099,"3K-RGP reference (unlabelled)"
"IRIS_313-11730",0.0142474751624302,-0.00918736383223881,0.00223329320335918,0.00187961870646579,"3K-RGP reference (unlabelled)"
"IRIS_313-11731",0.0148034818207727,-0.00934198122437526,0.00224298100979014,0.0010700421290212,"3K-RGP reference (unlabelled)"
"IRIS_313-11732",0.0148544413131694,-0.00889948636434484,0.00268791937661061,0.00182301299081927,"3K-RGP reference (unlabelled)"
"IRIS_313-11733",0.0144660965670971,-0.00966736858678289,0.00250179011735443,0.00290710157705231,"3K-RGP reference (unlabelled)"
"IRIS_313-11734",0.015136898780144,-0.00798453801456463,0.00244565372030676,0.00244098462597001,"3K-RGP reference (unlabelled)"
"IRIS_313-11735",0.0131297642475113,-0.00612493715486523,0.000722646640216387,-0.000134798920353463,"3K-RGP reference (unlabelled)"
"IRIS_313-11736",-0.0275102832838955,-0.004222498235148,-0.039293168437307,0.0195353805378339,"3K-RGP reference (unlabelled)"
"IRIS_313-11737",0.00424660157502233,0.0535925579733379,0.0033951281511464,0.0138483469401354,"aus"
"IRIS_313-11738",0.0147782996337645,0.00138401817741709,0.000599293706837136,0.000429555770161155,"ind2"
"IRIS_313-11739",-0.0278406167347404,-0.00526033814357764,-0.0381205774676028,0.0192138296801175,"3K-RGP reference (unlabelled)"
"IRIS_313-11740",0.0153655371461769,-0.00783517287159883,-0.000172874100138363,0.000405922722879172,"3K-RGP reference (unlabelled)"
"IRIS_313-11741",0.0147701098489911,0.00363823437525981,0.00136067627877855,0.00146422521114002,"3K-RGP reference (unlabelled)"
"IRIS_313-11742",0.00481162004257782,0.0718879540003131,0.00466694328458137,0.0145470399374695,"aus"
"IRIS_313-11743",-0.0161344971613143,0.0136873257800924,-0.0152822674990971,-0.087845978598352,"3K-RGP reference (unlabelled)"
"IRIS_313-11744",0.0136445765375968,-0.00865411714334306,0.00114336206851924,0.000477093363798558,"3K-RGP reference (unlabelled)"
"IRIS_313-11745",0.0152037160275495,-0.00760578925872032,0.00275645880784673,0.00279599046668557,"3K-RGP reference (unlabelled)"
"IRIS_313-11746",0.0148281840957711,-0.00945701880690391,0.00154772867065919,0.00262577947775609,"3K-RGP reference (unlabelled)"
"IRIS_313-11747",0.0156153003773882,-0.00815960254980891,0.0021846657886555,0.00148799536294232,"3K-RGP reference (unlabelled)"
"IRIS_313-11748",0.014045318225483,-0.00837653787800802,0.00187962948091927,-0.000622840550441924,"3K-RGP reference (unlabelled)"
"IRIS_313-11750",0.0158808130892983,-0.00917240726708918,0.0026223947756698,0.00140545099062387,"3K-RGP reference (unlabelled)"
"IRIS_313-11751",0.0140351007043083,-0.00602284925102923,0.00181753953167306,0.00124438799918881,"3K-RGP reference (unlabelled)"
"IRIS_313-11752",0.0150401643141715,-0.00890381742923527,0.00270584160925283,0.0029140689868127,"3K-RGP reference (unlabelled)"
"IRIS_313-11753",0.0144439119773914,-0.00729873099487524,0.00222822231058865,0.00335193067073477,"3K-RGP reference (unlabelled)"
"IRIS_313-11754",-0.0073373291505602,0.0078822162938975,-0.0181308591853772,0.0117226524175835,"3K-RGP reference (unlabelled)"
"IRIS_313-11755",-0.028856151648958,-0.00403386758584635,-0.041441185247867,0.0177101132473007,"3K-RGP reference (unlabelled)"
"IRIS_313-11756",-0.0270713032773767,-0.00357833417853386,-0.0375811238510303,0.0148696735416887,"3K-RGP reference (unlabelled)"
"IRIS_313-11757",0.0150064297488928,-0.00988293330736763,-0.000380372176729596,-0.00186193272285196,"3K-RGP reference (unlabelled)"
"IRIS_313-11758",0.016180487355878,-0.00357921004122491,-0.000249396940456161,-0.00219188648787334,"3K-RGP reference (unlabelled)"
"IRIS_313-11759",-0.0280155517742732,-0.0041243433285944,-0.0398223713010714,0.0175596854632267,"3K-RGP reference (unlabelled)"
"IRIS_313-11760",0.0150854573338312,0.000998476163699456,-0.000913274664389661,-0.00151215039393542,"3K-RGP reference (unlabelled)"
"IRIS_313-11761",0.0150591803424636,0.0067496693765556,0.000224670478461589,0.00199614719032156,"3K-RGP reference (unlabelled)"
"IRIS_313-11762",0.014786894383898,-0.000298874210951284,-0.000338492399435251,-0.000974616410026933,"3K-RGP reference (unlabelled)"
"IRIS_313-11763",0.015042261675952,-0.008759915882953,0.00227123484905024,0.00152527582283603,"3K-RGP reference (unlabelled)"
"IRIS_313-11764",0.0159948395557309,-0.00841683194318032,-0.00117790068516525,-0.00149286553744295,"3K-RGP reference (unlabelled)"
"IRIS_313-11765",-0.0149142087216397,0.0172993404827035,-0.0195524329693508,-0.110501643930558,"3K-RGP reference (unlabelled)"
"IRIS_313-11766",0.00583758204199787,0.0357508463690416,0.00214132700313363,0.0105573272694785,"3K-RGP reference (unlabelled)"
"IRIS_313-11767",0.00336899164979559,0.00283096565174508,-0.00304846905136109,0.00274820664651286,"3K-RGP reference (unlabelled)"
"IRIS_313-11772",0.00914236945654932,0.0191650283162133,-0.000680744620781255,0.0067135115346138,"3K-RGP reference (unlabelled)"
"IRIS_313-11773",0.0150261967670743,-0.00629302677476026,-0.00141716073059044,-0.00192755849581858,"3K-RGP reference (unlabelled)"
"IRIS_313-11779",0.0142864384068873,-0.00972738535072162,-0.00159740495734206,-0.000166677306093051,"3K-RGP reference (unlabelled)"
"IRIS_313-11780",0.0144776007263285,-0.00908271831699458,-0.00101391703455078,-0.000257365851846721,"3K-RGP reference (unlabelled)"
"IRIS_313-11782",0.0119654984211321,0.0117644639193752,-0.000482481067277085,-0.00127032123688165,"3K-RGP reference (unlabelled)"
"IRIS_313-11783",0.0158244338497075,-0.0067832565043148,-0.000237888422688878,-0.000860497104797097,"3K-RGP reference (unlabelled)"
"IRIS_313-11784",0.0121120941162191,-0.00972300156321031,-7.92758486873875e-05,0.00227526482537526,"3K-RGP reference (unlabelled)"
"IRIS_313-11785",0.0138054887159143,-0.00900658478656757,-0.000810587928410787,-0.000291190536064919,"3K-RGP reference (unlabelled)"
"IRIS_313-11786",0.0164759421330472,-0.0108716893837044,-0.00106397190380672,-0.000524903133600928,"3K-RGP reference (unlabelled)"
"IRIS_313-11787",0.0148331656781527,-0.00247410176541107,-0.000788949392214587,-0.00270023111553792,"3K-RGP reference (unlabelled)"
"IRIS_313-11788",-0.0266230686748717,-0.00476170205224051,0.0276246242641493,-0.00722727817423934,"3K-RGP reference (unlabelled)"
"IRIS_313-11789",0.014076953832192,0.00707364103195504,0.000353335162790397,0.000764769713125995,"3K-RGP reference (unlabelled)"
"IRIS_313-11790",-0.0241760598117889,-0.0029501128032206,-0.0346238542174892,0.00622038409886424,"3K-RGP reference (unlabelled)"
"IRIS_313-11791",0.00848746314155598,0.0167232472395403,-0.00183378823917557,0.00570155449824109,"3K-RGP reference (unlabelled)"
"IRIS_313-11792",-0.028320969633555,-0.00532022106891638,-0.0392381786233592,0.0192414227937918,"3K-RGP reference (unlabelled)"
"IRIS_313-11793",0.0126908373445798,0.0111449169341122,0.000653476076839911,0.00159991927716107,"3K-RGP reference (unlabelled)"
"IRIS_313-11794",0.0144859523991706,0.00584877997006408,0.00010668556052836,0.000233065545092656,"3K-RGP reference (unlabelled)"
"IRIS_313-11795",0.0149424848412753,-0.00977464930597953,0.00370213532229626,0.0035206717174977,"3K-RGP reference (unlabelled)"
"IRIS_313-11796",0.0151089827505174,-0.00755470901430407,0.00230692216306553,0.00320818902995793,"3K-RGP reference (unlabelled)"
"IRIS_313-11797",0.0134398442510499,-0.00743990153869976,0.00282161260628845,0.00193074015811788,"3K-RGP reference (unlabelled)"
"IRIS_313-11798",0.0146570768870076,-0.00865610108041086,0.000368760055497953,0.00176539594987262,"3K-RGP reference (unlabelled)"
"IRIS_313-11799",0.0155390491187526,-0.00934249413328402,0.00252626498156022,0.00358322810602544,"3K-RGP reference (unlabelled)"
"IRIS_313-11800",-0.030256778028587,-0.00587391248678923,0.0518200217038198,-0.0028865312383756,"3K-RGP reference (unlabelled)"
"IRIS_313-11801",0.0157566463004176,-0.00699582081154213,0.00262399970522584,0.0012516677767393,"3K-RGP reference (unlabelled)"
"IRIS_313-11802",0.0146453296637224,-0.00718770020547173,0.00284961213167174,0.00247775291655726,"3K-RGP reference (unlabelled)"
"IRIS_313-11803",-0.0284567009783769,-0.00537108292646831,0.0420827060851791,-0.00553961579291182,"3K-RGP reference (unlabelled)"
"IRIS_313-11804",0.0150667488620561,-0.00830976404440638,0.00353815945045503,0.00342034608245892,"3K-RGP reference (unlabelled)"
"IRIS_313-11805",0.0152847495754907,-0.00873000693657914,0.00266094884676619,0.00215606636228493,"3K-RGP reference (unlabelled)"
"IRIS_313-11806",0.014432309370058,-0.00872671093997518,0.00314663371619654,0.00360882789453535,"3K-RGP reference (unlabelled)"
"IRIS_313-11807",0.0108144997845398,-0.00888002952783661,0.000211697679950125,0.00316936436306904,"3K-RGP reference (unlabelled)"
"IRIS_313-11808",0.00859368628019464,-0.00943582999728892,-0.000591218197691348,0.00293498393899362,"3K-RGP reference (unlabelled)"
"IRIS_313-11809",0.00418895162890094,0.0685751488634251,0.00427765931557443,0.0146613872961734,"3K-RGP reference (unlabelled)"
"IRIS_313-11810",0.0155682714725456,-0.00831544317834808,-0.00153450340445458,-0.000233318961306608,"3K-RGP reference (unlabelled)"
"IRIS_313-11811",0.0148092219504994,0.00390645471412383,3.61010096181546e-05,0.00149243890242132,"3K-RGP reference (unlabelled)"
"IRIS_313-11812",0.0161620477695291,-0.0105911117312224,-0.00129836935105063,-0.000957878907341844,"3K-RGP reference (unlabelled)"
"IRIS_313-11813",0.015501246357612,-0.00567828364388361,-0.000747239664409823,0.000986974257845392,"3K-RGP reference (unlabelled)"
"IRIS_313-11814",0.0158440108720372,-0.00980940947217554,-0.00184243831640182,-0.000246684308985082,"3K-RGP reference (unlabelled)"
"IRIS_313-11815",0.0154167683160579,-0.0101786939534151,-0.00166897184605867,-0.00064662414791702,"3K-RGP reference (unlabelled)"
"IRIS_313-11816",0.0143528772702832,-0.00442040426815763,0.000299917479711197,-0.000771248377827317,"3K-RGP reference (unlabelled)"
"IRIS_313-11817",0.0150408703146296,-0.00781853066080075,6.37098859465066e-05,-0.000249873558563173,"3K-RGP reference (unlabelled)"
"IRIS_313-11818",0.0134112068944953,-0.00300276619493423,0.000528182797186202,-0.000971250210251571,"3K-RGP reference (unlabelled)"
"IRIS_313-11819",0.0160092008484232,-0.00955916633942817,-0.000922407922425031,-0.000146502256281607,"3K-RGP reference (unlabelled)"
"IRIS_313-11820",0.0148872653063373,-0.00920087599821392,-0.00115635660876011,-0.000278167011037117,"3K-RGP reference (unlabelled)"
"IRIS_313-11821",0.0147454332884921,0.00115962963753767,-0.000117855459961677,-0.00239678949631298,"3K-RGP reference (unlabelled)"
"IRIS_313-11822",0.0154462259277634,-0.00200438733844585,0.000485810454741907,-0.000231280236243581,"3K-RGP reference (unlabelled)"
"IRIS_313-11823",0.0154277218227543,0.000292358267769338,0.000356576919412995,0.000697953029139587,"3K-RGP reference (unlabelled)"
"IRIS_313-11824",0.01566788774121,-0.00249319412754815,0.000571027050661664,-0.000361583750570387,"3K-RGP reference (unlabelled)"
"IRIS_313-11825",-0.0159336974712003,0.0185456207252707,-0.022597907773468,-0.122682192355825,"3K-RGP reference (unlabelled)"
"IRIS_313-11826",-0.0172087795438476,0.0151732917212267,-0.0214543114300766,-0.110341932949666,"3K-RGP reference (unlabelled)"
"IRIS_313-11827",0.0141550156616734,0.00040881691507631,0.00101579554308568,-0.00156452662200393,"3K-RGP reference (unlabelled)"
"IRIS_313-11828",0.0150433441478957,0.000166636005004091,0.000965792679433753,-4.36303897913755e-05,"ind2"
"IRIS_313-11829",-0.0307436543399195,-0.00626531399119504,0.0520558349932928,0.000499248828403909,"3K-RGP reference (unlabelled)"
"IRIS_313-11830",0.0146414119092472,-0.00946548495419255,-0.00183252257862599,-0.000890055460664272,"3K-RGP reference (unlabelled)"
"IRIS_313-11831",-0.0276628244455943,-0.00434977132741465,-0.00703774508539565,-0.00451684658502028,"3K-RGP reference (unlabelled)"
"IRIS_313-11832",-0.0267300926530814,-0.00390519995889156,-0.0168377509267951,-0.000402174133329479,"3K-RGP reference (unlabelled)"
"IRIS_313-11833",0.0144961903438214,-0.0102577971319642,-0.00211592954166946,-0.0015987335275136,"3K-RGP reference (unlabelled)"
"IRIS_313-11834",-0.0259579923361844,-0.0038245259150271,-0.0126832447996962,-0.00220241857643829,"3K-RGP reference (unlabelled)"
"IRIS_313-11835",0.0146314376651428,-0.0096217758504481,-0.000243651866393952,5.89788595207857e-05,"3K-RGP reference (unlabelled)"
"IRIS_313-11836",0.0159625371093541,-0.00982311100523869,-0.000819097362379778,-0.00120032996739336,"3K-RGP reference (unlabelled)"
"IRIS_313-11837",0.0143784941846841,-0.00908566808293803,-0.00105671216854971,-0.000283555000759811,"3K-RGP reference (unlabelled)"
"IRIS_313-11838",0.0143562303382425,-0.00907361484961163,-0.000529441624741934,-0.000940217699406595,"3K-RGP reference (unlabelled)"
"IRIS_313-11839",0.0145306835545071,-0.00993113858437996,-6.85865254824282e-05,-0.00094416089322081,"3K-RGP reference (unlabelled)"
"IRIS_313-11840",0.0146651162157226,-0.0090501155329065,-0.0018381036610065,-0.000798625116630619,"3K-RGP reference (unlabelled)"
"IRIS_313-11841",0.0156716967967125,-0.0101488877679631,-0.000585133391752888,-0.000159737131189347,"3K-RGP reference (unlabelled)"
"IRIS_313-11842",0.0150629195831247,-0.00906376268661624,-0.00188386316002379,-0.00101434579549997,"3K-RGP reference (unlabelled)"
"IRIS_313-11843",0.0157766919550414,-0.00948921238905004,-0.000535350178229647,-0.00140557353832491,"3K-RGP reference (unlabelled)"
"IRIS_313-11844",0.0143828768531712,-0.0097495587003514,-0.00111569461559428,-0.000290870846950811,"3K-RGP reference (unlabelled)"
"IRIS_313-11845",-0.0260650609246072,-0.00430864085532819,-0.00796506942777242,-0.00288287315690257,"3K-RGP reference (unlabelled)"
"IRIS_313-11846",-0.024865695091357,-0.00390527473583975,-0.0121441546992381,-0.00267354660212371,"3K-RGP reference (unlabelled)"
"IRIS_313-11848",0.0149868069015483,-0.00980275695336978,-0.00182962329292159,-0.00152925731169766,"3K-RGP reference (unlabelled)"
"IRIS_313-11849",0.0127338277405197,-0.007398714042946,-0.00203105475349014,-0.0013928139227437,"3K-RGP reference (unlabelled)"
"IRIS_313-11850",0.0148998029782456,-0.00962727598194473,-0.00217115049264955,-0.00279597622523672,"3K-RGP reference (unlabelled)"
"IRIS_313-11851",-0.0277463379611174,-0.00462757047479171,-0.0300196459682807,0.0136225684431747,"3K-RGP reference (unlabelled)"
"IRIS_313-11852",0.0138269865641419,-0.00615991884850258,0.00301563664490123,0.00233609687357109,"3K-RGP reference (unlabelled)"
"IRIS_313-11853",0.0140119677180722,-0.00662812174262626,0.00215042142515729,0.00272505959885328,"3K-RGP reference (unlabelled)"
"IRIS_313-11854",0.015334589784181,-0.0084984097159892,0.00198556914259686,0.0025831338112606,"3K-RGP reference (unlabelled)"
"IRIS_313-11855",0.013531922924906,-0.00733597688876774,0.00155293085515923,0.00274314731184923,"3K-RGP reference (unlabelled)"
"IRIS_313-11856",0.0140677439399917,-0.00687585942639858,0.00187080523083945,0.00262350989230359,"3K-RGP reference (unlabelled)"
"IRIS_313-11857",0.014096496722816,-0.00739629102505097,0.00181642562324233,0.00296224176402591,"3K-RGP reference (unlabelled)"
"IRIS_313-11858",0.0148176185043458,-0.00946189437767503,0.00311672662059935,0.00190523321350768,"3K-RGP reference (unlabelled)"
"IRIS_313-11859",0.0146475043469476,-0.00768565450351707,0.00283256164607858,0.00297339730032598,"3K-RGP reference (unlabelled)"
"IRIS_313-11860",0.0147693946753426,-0.00866864657951982,0.00256382459962395,0.00250830388526649,"3K-RGP reference (unlabelled)"
"IRIS_313-11861",0.0134540142467906,-0.00779407426628695,0.00249814272087976,0.00212155651892717,"3K-RGP reference (unlabelled)"
"IRIS_313-11862",0.0127342204235103,-0.00778012742737361,0.00267663721342128,0.00277998489427786,"3K-RGP reference (unlabelled)"
"IRIS_313-11863",0.0127499249385313,-0.00705859505825522,0.00185713467260574,0.00217892878627169,"3K-RGP reference (unlabelled)"
"IRIS_313-11865",0.0132918370664973,-0.00834010274503816,0.00479758224191492,0.00333829011058528,"3K-RGP reference (unlabelled)"
"IRIS_313-11866",0.0148980731430854,-0.00899135214156129,0.0046034028499193,0.00443051071061667,"3K-RGP reference (unlabelled)"
"IRIS_313-11867",0.0152650702623545,-0.00776063738226854,0.00200607871895949,0.0030290649964201,"3K-RGP reference (unlabelled)"
"IRIS_313-11868",0.0137030624195681,-0.00786980452346276,0.0014306942218919,0.00286567720624714,"3K-RGP reference (unlabelled)"
"IRIS_313-11869",0.0144354554300676,-0.00903247188268029,0.00243377485739391,0.00254492830001557,"3K-RGP reference (unlabelled)"
"IRIS_313-11870",0.0148083570122175,-0.00805744128996028,0.00333104080308365,0.00386386152552004,"3K-RGP reference (unlabelled)"
"IRIS_313-11871",0.0139869887332202,-0.0077459001331202,0.00246408553282342,0.00196708096072065,"3K-RGP reference (unlabelled)"
"IRIS_313-11872",0.0102670445702268,-0.00548075290548009,0.00161516238319026,0.00222227523697235,"3K-RGP reference (unlabelled)"
"IRIS_313-11875",-0.0301843279580109,-0.00640885108143465,0.0397598941634396,0.00320935647675302,"3K-RGP reference (unlabelled)"
"IRIS_313-11876",0.00784874932662051,-0.00615928213960365,0.0053074530741866,0.00160473053767822,"3K-RGP reference (unlabelled)"
"IRIS_313-11877",0.0152398787988604,-0.00819092034691353,0.00285500467386334,0.00316242419569544,"3K-RGP reference (unlabelled)"
"IRIS_313-11878",0.0145418159951615,-0.00618804123617819,0.00189281400483758,0.00156688292906496,"3K-RGP reference (unlabelled)"
"IRIS_313-11881",0.0131360878469412,-0.00781334741946551,0.00266147070601297,0.00281820060510202,"3K-RGP reference (unlabelled)"
"IRIS_313-11882",0.0141759859243752,-0.00831662353428565,0.00256081344672264,0.00314566509465707,"3K-RGP reference (unlabelled)"
"IRIS_313-11884",0.0146614109550043,-0.00810209279676167,0.00328022171968145,0.00328516945632414,"3K-RGP reference (unlabelled)"
"IRIS_313-11885",0.0144102789796757,-0.00742353606566618,0.00270475055379,0.0036539352138368,"3K-RGP reference (unlabelled)"
"IRIS_313-11886",0.0138224232222452,-0.00655970433168631,0.00124365823948466,0.000706092829485251,"3K-RGP reference (unlabelled)"
"IRIS_313-11887",0.0148735907476267,-0.0074381599298893,0.00163144796882521,-0.0008775875890886,"3K-RGP reference (unlabelled)"
"IRIS_313-11888",0.00377364039142902,0.0653378373286511,0.00482966697674077,0.0130780179747135,"3K-RGP reference (unlabelled)"
"IRIS_313-11889",0.0118978597063678,0.00435613991388932,0.00201296478900637,0.00363305246429097,"3K-RGP reference (unlabelled)"
"IRIS_313-11890",-0.0283474992741838,-0.00608037482196099,0.0489639025927932,0.00126246751431408,"3K-RGP reference (unlabelled)"
"IRIS_313-11892",-0.0268928381644456,-0.00395968388094658,-0.0106955527985742,-0.00345697715730296,"3K-RGP reference (unlabelled)"
"IRIS_313-11893",0.0129581069563122,-0.00677102314013154,-0.000218564192837912,-0.000249175102165182,"3K-RGP reference (unlabelled)"
"IRIS_313-11894",0.0130109031690607,-0.00664845061273301,0.00108284574263646,-0.000274268495284554,"3K-RGP reference (unlabelled)"
"IRIS_313-11895",0.0149264650635871,-0.00944269994451799,-0.00132894771621308,-0.00274040826469745,"3K-RGP reference (unlabelled)"
"IRIS_313-11896",0.0154635022785901,-0.00975366398894222,-0.0013121782808413,-0.00144911927752492,"3K-RGP reference (unlabelled)"
"IRIS_313-11897",-0.0274638159364253,-0.00430516999968024,-0.00693784603713286,-0.00511212570843327,"3K-RGP reference (unlabelled)"
"IRIS_313-11898",0.0143211393743858,-0.00801389763331927,-0.000314428675468075,0.000343119815371098,"3K-RGP reference (unlabelled)"
"IRIS_313-11899",0.0135156546913556,-0.00555816506203829,-0.00159530037838973,0.000520866631516343,"3K-RGP reference (unlabelled)"
"IRIS_313-11900",-0.0279389891905923,-0.00446857900731713,-0.00463118507163599,-0.00644898779917036,"3K-RGP reference (unlabelled)"
"IRIS_313-11901",0.0143998122223178,-0.0102817176103644,-0.00166762769211015,-0.00144743120644299,"3K-RGP reference (unlabelled)"
"IRIS_313-11902",0.0149355534629625,-0.00988955497893385,-0.0016521238378182,-0.00146805467698068,"3K-RGP reference (unlabelled)"
"IRIS_313-11903",-0.0263520539358105,-0.00477686532046243,-0.0386477413741086,0.0196023981005777,"3K-RGP reference (unlabelled)"
"IRIS_313-11904",0.0138708183756104,-0.00972407059765688,-0.00250236303924905,-0.000702524586310267,"3K-RGP reference (unlabelled)"
"IRIS_313-11905",0.0143562745969345,-0.0101198329686526,-0.00219192191962934,-0.00213974713305357,"3K-RGP reference (unlabelled)"
"IRIS_313-11906",-0.0255123956106153,-0.0040375475186429,-0.0344470312223135,0.0130969922543303,"3K-RGP reference (unlabelled)"
"IRIS_313-11907",-0.0260282890400828,-0.00449118066086389,-0.0266378088110763,0.0125716683929781,"3K-RGP reference (unlabelled)"
"IRIS_313-11908",-0.0282529156843614,-0.0049474438600208,0.0327513164578444,-0.00489026559544737,"3K-RGP reference (unlabelled)"
"IRIS_313-11909",0.014086901513172,-0.00798976011476605,0.00343929592530268,0.00351158322091649,"3K-RGP reference (unlabelled)"
"IRIS_313-11910",0.0141281341319202,-0.00613185954520167,0.00125065390736177,-0.000111076935917705,"3K-RGP reference (unlabelled)"
"IRIS_313-11911",0.0138701225184707,-0.00633825673499031,0.00173308448635493,0.00324627480104125,"3K-RGP reference (unlabelled)"
"IRIS_313-11912",0.0147914221863651,-0.00856651374970006,-0.00174633137392361,-0.000633969179867019,"3K-RGP reference (unlabelled)"
"IRIS_313-11913",-0.0265904845028602,-0.0041772105320836,-0.0348971809358881,0.0161998977084259,"trop"
"IRIS_313-11914",0.01120513570848,0.016086437951057,-0.000449921074587642,0.00180804400260236,"3K-RGP reference (unlabelled)"
"IRIS_313-11915",-0.027995091818947,-0.00483630254881154,-0.0306710619566029,0.0164008694787629,"3K-RGP reference (unlabelled)"
"IRIS_313-11916",0.012398136709255,0.00512664109637712,0.000196639971759825,-0.00376671050252829,"3K-RGP reference (unlabelled)"
"IRIS_313-11917",0.00355930968495254,0.0648191864099949,0.00487683410100771,0.0177272130586149,"aus"
"IRIS_313-11918",0.0140160620526145,-0.00153125055553583,0.000259698473351615,-0.000867264909622116,"ind2"
"IRIS_313-11919",0.0147212319244247,-0.000822748589493396,0.000212934678978231,0.000721956863589665,"ind2"
"IRIS_313-11920",0.0156933748854139,-0.00569406313121317,1.13476978834785e-05,-0.00215927665374428,"3K-RGP reference (unlabelled)"
"IRIS_313-11921",0.0154940490449736,-0.0100508204700602,-0.00137702038090397,-0.00173095355933308,"3K-RGP reference (unlabelled)"
"IRIS_313-11922",-0.027946880016766,-0.00454936341243225,-7.02065829094912e-05,-0.00507595404298744,"3K-RGP reference (unlabelled)"
"IRIS_313-11923",-0.0267946351429565,-0.00419352521394246,-0.00631076852218558,-0.00605186784218911,"3K-RGP reference (unlabelled)"
"IRIS_313-11924",-0.0281944718237207,-0.00444479014182398,-0.00254137185538468,-0.00488225272016931,"3K-RGP reference (unlabelled)"
"IRIS_313-11925",0.0144175891059021,-0.00782890096398636,-0.00106611045670243,-0.00125434071544902,"3K-RGP reference (unlabelled)"
"IRIS_313-11926",-0.0274269404885141,-0.00429666417267321,-0.00730634556103465,-0.00488278327819247,"3K-RGP reference (unlabelled)"
"IRIS_313-11927",0.0146525329859927,-0.00973311772489508,-0.00032019304331146,-0.00144871104396676,"3K-RGP reference (unlabelled)"
"IRIS_313-11928",-0.0267464969277132,-0.00435862176318502,-0.0396992501231887,0.0169402741356692,"3K-RGP reference (unlabelled)"
"IRIS_313-11929",-0.0264980418135257,-0.00484339898590239,-0.0389350266486687,0.0164011552526107,"3K-RGP reference (unlabelled)"
"IRIS_313-11930",0.00365823190909093,-0.00232299941985195,-0.00923364215288728,0.006962398859998,"3K-RGP reference (unlabelled)"
"IRIS_313-11931",-0.0302239251104689,-0.00612585097329225,0.0465925177535996,0.00104142098774053,"3K-RGP reference (unlabelled)"
"IRIS_313-11932",0.0114855917022874,0.0114735308937401,-0.000376360468324326,-0.00122094414489989,"3K-RGP reference (unlabelled)"
"IRIS_313-11934",0.0113532873412008,-0.00439911235289887,0.000708705614045129,-0.00567410352618836,"3K-RGP reference (unlabelled)"
"IRIS_313-11935",0.0156835111166076,-0.0103002693843169,-0.00151223781820211,-0.00250868554071182,"3K-RGP reference (unlabelled)"
"IRIS_313-11936",0.0144403977806437,-0.00952219461504835,-0.00104243274452547,-0.00226990398844104,"3K-RGP reference (unlabelled)"
"IRIS_313-11937",0.014073282605737,-0.00590407495114867,0.00271129942296577,0.000431903489772289,"indx"
"IRIS_313-11938",0.0150515957531619,-0.00509244431836113,-0.000928737267485315,-0.000496298035083403,"3K-RGP reference (unlabelled)"
"IRIS_313-11939",0.0160616915487752,-0.00962441144016155,-0.00159501403071,-0.000950412981554187,"3K-RGP reference (unlabelled)"
"IRIS_313-11940",0.0149674242199232,-0.00530362958929731,-0.000638824026165338,-0.00030764690735261,"3K-RGP reference (unlabelled)"
"IRIS_313-11941",0.0149801079510439,-0.00912793918456038,0.00148781878618053,0.00173493898596646,"3K-RGP reference (unlabelled)"
"IRIS_313-11943",0.0149259174217577,-0.0081534217376296,0.00253732558760859,0.00311995570580024,"3K-RGP reference (unlabelled)"
"IRIS_313-11944",0.0148049758097953,-0.00850711775168442,0.00268653957872422,0.00344970870124542,"3K-RGP reference (unlabelled)"
"IRIS_313-11945",0.0140710417037396,-0.000889582701494932,-0.000342766505878299,-0.00315744741530438,"3K-RGP reference (unlabelled)"
"IRIS_313-11946",-0.0278043182897116,-0.00484140742101224,-0.0368356008894664,0.0174338562978982,"3K-RGP reference (unlabelled)"
"IRIS_313-11947",0.0142649872795882,-0.00831037957916842,0.00217861656539418,-0.00081037579761711,"3K-RGP reference (unlabelled)"
"IRIS_313-11948",0.0130415581938855,-0.00743770036130293,0.0032694699187266,0.00252141793581029,"3K-RGP reference (unlabelled)"
"IRIS_313-11949",0.0150565166094128,-0.00726876074354907,0.00226565018939411,0.00360411285349234,"3K-RGP reference (unlabelled)"
"IRIS_313-11950",0.0147406457133123,-0.00803560363197057,0.0025315851992697,0.00235263531389082,"3K-RGP reference (unlabelled)"
"IRIS_313-11951",0.014146077703689,-0.00846948105852489,0.00319308753173756,0.00349726969638987,"3K-RGP reference (unlabelled)"
"IRIS_313-11952",0.0141549093448449,-0.00838596236134748,0.00219107681516076,0.00318528740658391,"3K-RGP reference (unlabelled)"
"IRIS_313-11953",0.0135973139415289,-0.00761110382381824,0.00268678430838544,0.003280443177299,"3K-RGP reference (unlabelled)"
"IRIS_313-11954",0.0146251171711403,-0.00838446525237493,0.00157637848663816,0.00192798678722796,"3K-RGP reference (unlabelled)"
"IRIS_313-11955",0.0143750397910955,-0.00810425268499057,0.00183909588361616,0.00261930916117539,"3K-RGP reference (unlabelled)"
"IRIS_313-11956",-0.0071685256018611,0.00348410615893881,-0.00031261791674636,-0.0072021436593308,"3K-RGP reference (unlabelled)"
"IRIS_313-11957",0.0136612827137841,-0.00472199072009545,-0.000283852980697714,0.00219774516071436,"3K-RGP reference (unlabelled)"
"IRIS_313-11958",0.0144304699941906,-0.00586380419992263,-0.00071676599334984,-0.00165479310364339,"3K-RGP reference (unlabelled)"
"IRIS_313-11959",0.0135085769534963,-0.0082251931493033,-0.00195019810032861,0.000378162751089042,"3K-RGP reference (unlabelled)"
"IRIS_313-11960",0.013665296744612,-0.00597662395045789,0.00200807942182716,-0.000452142493952339,"3K-RGP reference (unlabelled)"
"IRIS_313-11961",0.0147419348289867,-0.00980853226968354,-0.000845251260275274,-0.00155828832871347,"3K-RGP reference (unlabelled)"
"IRIS_313-11962",0.0154271668860617,-0.00965644274584708,-0.00111975432305299,-0.00244615340889331,"3K-RGP reference (unlabelled)"
"IRIS_313-11963",0.00549663646072815,0.07355788677903,0.00427285427865636,0.00899520111120456,"aus"
"IRIS_313-11964",0.01542529997052,-0.00237751739883796,0.000578102402198653,-0.00191890672665245,"3K-RGP reference (unlabelled)"
"IRIS_313-11965",0.014527836267277,-0.00930612213007518,0.00402068850377387,0.00399404606167391,"3K-RGP reference (unlabelled)"
"IRIS_313-11966",0.0145637523968336,-0.00861113602460328,0.0024468893040303,0.00187236213566383,"3K-RGP reference (unlabelled)"
"IRIS_313-11967",0.0128951927355601,-0.00832497439706729,0.00308233239538341,0.000321636862292285,"3K-RGP reference (unlabelled)"
"IRIS_313-11968",0.0146374722798749,-0.00998220728691921,0.00314586247978499,0.00354436457577632,"3K-RGP reference (unlabelled)"
"IRIS_313-11969",0.0148105630288209,0.00355450108373827,0.00146672799827279,0.000659471895519729,"3K-RGP reference (unlabelled)"
"IRIS_313-11970",-0.0266154760950523,-0.00425201198667802,-0.0342394888992732,0.015350946996773,"3K-RGP reference (unlabelled)"
"IRIS_313-11971",-0.0246154653066609,-0.00316539073730404,-0.032834339951693,0.00563092818616006,"3K-RGP reference (unlabelled)"
"IRIS_313-11973",-0.0298435175964335,-0.00528570263059538,0.0404874134400243,-0.00281729580331902,"3K-RGP reference (unlabelled)"
"IRIS_313-11974",0.0141558876701747,-0.0097802273544948,-0.00219314444043442,-0.00150021542655413,"3K-RGP reference (unlabelled)"
"IRIS_313-11975",0.013079379007007,-0.00465135649619384,-0.00034209240403401,-0.000749723086503366,"3K-RGP reference (unlabelled)"
"IRIS_313-11976",0.0133807179750329,-0.00932671886508115,-0.00184878907231194,-0.00206658587789797,"3K-RGP reference (unlabelled)"
"IRIS_313-11977",0.0148040158538916,-0.00620733120806292,7.16703810878412e-05,-0.0015962794870762,"3K-RGP reference (unlabelled)"
"IRIS_313-11978",0.013739069282689,-0.00855253670768202,0.00148957794231704,0.000914533326749886,"3K-RGP reference (unlabelled)"
"IRIS_313-11979",0.0133174902688543,-0.00563441857989022,0.00149699918297101,-1.51010100039459e-05,"3K-RGP reference (unlabelled)"
"IRIS_313-11980",0.0142406751428279,-0.00884900558714423,0.00301097110355189,0.00319920821687809,"3K-RGP reference (unlabelled)"
"IRIS_313-11981",-0.0303952690893792,-0.00635018333781615,0.0536997441676013,0.000407081115318025,"3K-RGP reference (unlabelled)"
"IRIS_313-11982",0.00447226403376245,0.0656605662922097,0.00392671278700581,0.0181811217662806,"3K-RGP reference (unlabelled)"
"IRIS_313-11983",0.0148771234786589,-0.00472012160541926,-2.89903376434796e-05,-0.00142811582086611,"3K-RGP reference (unlabelled)"
"IRIS_313-11984",-0.0279379110812252,-0.00489934133573717,0.0335500031471724,-0.00636212619473119,"3K-RGP reference (unlabelled)"
"IRIS_313-11985",0.0140321218354538,-0.00866247247655644,0.000898329425535697,-4.50870987693832e-05,"3K-RGP reference (unlabelled)"
"IRIS_313-11986",0.013868808707012,-0.00936701071342679,0.00331789059342539,0.00338903599526809,"3K-RGP reference (unlabelled)"
"IRIS_313-11987",0.0128253818662968,-0.00932722515461397,-0.00215626106970814,0.00132742333231724,"3K-RGP reference (unlabelled)"
"IRIS_313-11988",0.0153703492666767,-0.00535472136485701,-0.00107603554348554,-0.000553939520587144,"3K-RGP reference (unlabelled)"
"IRIS_313-11989",0.0141645664607552,-0.00873735258238321,-0.00189915171748736,-0.0017049285227246,"3K-RGP reference (unlabelled)"
"IRIS_313-11990",0.0128623806083259,-0.00849486898142073,0.00306854800393544,0.00236058949255979,"3K-RGP reference (unlabelled)"
"IRIS_313-11991",0.0148676030622799,-0.0100083350394095,-0.00206520906449858,-0.000682942685106477,"3K-RGP reference (unlabelled)"
"IRIS_313-11992",0.0141408104457016,-0.00987933721596892,-0.00177039090059434,-0.000626270274488631,"3K-RGP reference (unlabelled)"
"IRIS_313-11993",0.0133782095155719,-0.00448712023078205,-7.4547280847455e-05,-0.000276211726052195,"3K-RGP reference (unlabelled)"
"IRIS_313-11994",-0.0266206258991558,-0.004573842042026,-0.0372416559736542,0.0181541460790573,"3K-RGP reference (unlabelled)"
"IRIS_313-11995",-0.0267613866546655,-0.00477822342455522,-0.0361828862339811,0.0184636314842768,"3K-RGP reference (unlabelled)"
"IRIS_313-11996",0.0137222118460917,-0.00794498024572062,0.000192500816979409,0.000839410842265531,"3K-RGP reference (unlabelled)"
"IRIS_313-11997",0.0148320415139973,-0.00940338862398015,0.000469818480820999,-0.000254526873620326,"3K-RGP reference (unlabelled)"
"IRIS_313-11998",0.0147313559298591,-0.00978035892979789,-0.00165887313345561,-0.00229944387893912,"3K-RGP reference (unlabelled)"
"IRIS_313-11999",0.0158521298550862,-0.00944376456426195,-0.00128593724248472,-0.00293466348326203,"3K-RGP reference (unlabelled)"
"IRIS_313-12000",0.0156370361255968,-0.0101456046920703,-0.0010672338731046,-0.00174301412654857,"3K-RGP reference (unlabelled)"
"IRIS_313-12002",0.00261022541079752,0.0670571512356992,0.00288692311917796,0.00534646480885567,"3K-RGP reference (unlabelled)"
"IRIS_313-12003",-0.0296801042265952,-0.00549177003767218,0.0468357296465135,-0.00424015514388207,"3K-RGP reference (unlabelled)"
"IRIS_313-12004",-0.0127270002977116,0.00677365579511315,-0.0235325151199465,0.013348633911538,"3K-RGP reference (unlabelled)"
"IRIS_313-12005",0.0138366164631522,-0.00956712788739417,-0.00120552246461731,-0.00108290406854969,"3K-RGP reference (unlabelled)"
"IRIS_313-12006",-0.0249286790591792,-0.00386909553957578,-0.0363656120618999,0.0134193739294482,"3K-RGP reference (unlabelled)"
"IRIS_313-12007",0.0138123288821925,-0.00927757234619478,0.00128447060896634,-0.00106315090998997,"3K-RGP reference (unlabelled)"
"IRIS_313-12009",0.0144701807024767,-0.00848791948736847,0.00279970408116305,0.00227648703651274,"3K-RGP reference (unlabelled)"
"IRIS_313-12010",0.0145716246639987,-0.00771167293183477,0.00253386817996942,0.0037313420423461,"3K-RGP reference (unlabelled)"
"IRIS_313-12011",0.0118736271655902,-0.00737283498444126,0.00287954610674142,-0.000304537118975948,"3K-RGP reference (unlabelled)"
"IRIS_313-12012",0.0139207768841224,-0.00780931752580412,0.00297900633518636,0.00235386306918742,"3K-RGP reference (unlabelled)"
"IRIS_313-12013",0.0128681851940019,0.00350480993712678,2.76198426064e-05,-0.00252083841178426,"3K-RGP reference (unlabelled)"
"IRIS_313-12014",0.0144796346399245,-0.00252294295054767,0.000491258138649375,-0.000739815894413244,"3K-RGP reference (unlabelled)"
"IRIS_313-12015",0.0144471881980561,0.00288710608675462,0.000499727624500526,0.00119824109195858,"3K-RGP reference (unlabelled)"
"IRIS_313-12016",0.0110123264790907,-0.00518830930128955,0.00274080077748874,0.00196380569084842,"3K-RGP reference (unlabelled)"
"IRIS_313-12017",0.0141209970629987,-0.00773400800612492,0.000171883521628198,0.000442255472752293,"3K-RGP reference (unlabelled)"
"IRIS_313-12018",-0.0278884065837386,-0.00420728876411952,-0.039785966630633,0.0171688027266551,"3K-RGP reference (unlabelled)"
"IRIS_313-12021",-0.0279684947926506,-0.00466329105973998,-0.0397767465476894,0.019643961415331,"3K-RGP reference (unlabelled)"
"IRIS_313-12024",0.0158339319475868,-0.00929777153283378,0.000758508087987856,0.000725496750526047,"3K-RGP reference (unlabelled)"
"IRIS_313-12027",0.0120065799087944,-0.00861068873647883,-0.00224602071643858,-0.00207123596956777,"3K-RGP reference (unlabelled)"
"IRIS_313-12028",0.0149718134118628,-0.00715005515725333,0.000403517947326834,0.00132161207441918,"3K-RGP reference (unlabelled)"
"IRIS_313-12029",-0.0271310604137584,-0.00415672825919725,-0.00743361435748464,-0.00383315207795738,"3K-RGP reference (unlabelled)"
"IRIS_313-12030",-0.0132901243929124,-0.00404565495428596,-0.0250674042808778,0.00935636104134839,"3K-RGP reference (unlabelled)"
"IRIS_313-12031",-0.0276230578825705,-0.00459807790347622,-0.0291516762857081,0.0134159227364252,"3K-RGP reference (unlabelled)"
"IRIS_313-12033",0.015001143820344,-0.00839548848197155,0.00176072701126216,0.00246489999399005,"3K-RGP reference (unlabelled)"
"IRIS_313-12036",0.0149845694393298,-0.00957143225098797,-0.000902524918220552,-0.00182253234827696,"3K-RGP reference (unlabelled)"
"IRIS_313-12037",0.0157069400520024,-0.00939181726257218,-0.000902366797427503,-0.00135511813264169,"3K-RGP reference (unlabelled)"
"IRIS_313-12038",0.0147668733063064,-0.00952952669728676,-0.00103059972557799,-0.00224974771692807,"3K-RGP reference (unlabelled)"
"IRIS_313-12039",0.0142218128462131,-0.00973802323412684,-0.00167271644909083,-0.00263626685850444,"3K-RGP reference (unlabelled)"
"IRIS_313-12040",0.0157697495862502,-0.00960883148271338,-0.00111547408365453,-0.00140312220126358,"3K-RGP reference (unlabelled)"
"IRIS_313-12041",0.0156139025619437,-0.0098895778280128,-0.000612588576523116,-0.0015255639375026,"3K-RGP reference (unlabelled)"
"IRIS_313-12042",0.0142463685253641,-0.00921968702654342,-0.000524608207488498,-0.00179207009095149,"3K-RGP reference (unlabelled)"
"IRIS_313-12043",0.0145390499402159,-0.00930175203700407,-0.000180123581846719,-0.00174466938076007,"3K-RGP reference (unlabelled)"
"IRIS_313-12044",0.0157571741404308,-0.0100911917246931,-0.0013375184975703,-0.00252298729381758,"3K-RGP reference (unlabelled)"
"IRIS_313-12045",-0.0268294449463806,-0.00438589233250483,-0.0332890848984888,0.0139754357608987,"3K-RGP reference (unlabelled)"
"IRIS_313-12046",0.0134821752983025,-0.00932475556394146,-0.00167304762328763,-0.00237673618731945,"3K-RGP reference (unlabelled)"
"IRIS_313-12047",0.0135196347782718,-0.00974148384892553,-0.00217214286869952,-0.00312076350300933,"3K-RGP reference (unlabelled)"
"IRIS_313-12048",0.0142599789145758,-0.0092081075011236,-0.00246211691223867,-0.00270485171240219,"3K-RGP reference (unlabelled)"
"IRIS_313-12049",0.0142111967077884,-0.00879361728837207,-0.000138060627129327,-0.00112454959549086,"3K-RGP reference (unlabelled)"
"IRIS_313-12050",0.013516330549047,-0.00708712567042728,0.00033065117898528,0.000955306115204433,"3K-RGP reference (unlabelled)"
"IRIS_313-12051",-0.0260500321115894,-0.00504449909679189,-0.0354479823899677,0.0186668798373449,"3K-RGP reference (unlabelled)"
"IRIS_313-12052",0.0113573571242764,0.0124411374664642,-9.19897490253554e-05,-0.00509660457306593,"indx"
"IRIS_313-12053",0.013062148863386,-0.00856752065706074,-0.000323047856814733,-0.000859267511604445,"3K-RGP reference (unlabelled)"
"IRIS_313-12054",-0.0286486244554335,-0.00676199256084913,0.0496441398304339,0.000500420585877145,"3K-RGP reference (unlabelled)"
"IRIS_313-12055",0.00514801415559441,0.0534533443550863,0.00288881301383529,0.0151295495941542,"3K-RGP reference (unlabelled)"
"IRIS_313-12057",0.0121969074429145,-0.00704371899418011,0.00268909049310389,6.61281150779842e-05,"3K-RGP reference (unlabelled)"
"IRIS_313-12058",0.016194327451388,-0.00985038192682575,-0.00146271901107604,-0.00184838385016478,"3K-RGP reference (unlabelled)"
"IRIS_313-12059",-0.0286587445890114,-0.00464058155070146,0.0285056619337619,-0.00384988513136839,"3K-RGP reference (unlabelled)"
"IRIS_313-12060",-0.0277401118273349,-0.0038779217568336,0.0210333616767616,-0.00483291809940245,"3K-RGP reference (unlabelled)"
"IRIS_313-12061",-0.0285705114781758,-0.0049573471147616,0.0337839481421827,-0.00186062662614852,"3K-RGP reference (unlabelled)"
"IRIS_313-12063",-0.027413963840926,-0.00407502229055505,-0.00574135467202719,-0.00527185908441663,"3K-RGP reference (unlabelled)"
"IRIS_313-12065",0.00865503822598545,0.0322773172600837,0.000910240743494637,0.00430595657217448,"3K-RGP reference (unlabelled)"
"IRIS_313-12066",0.0156739481592729,-0.0096329956943287,-0.000779960712090869,-0.00133865535591724,"3K-RGP reference (unlabelled)"
"IRIS_313-12067",0.0136350600379091,-0.00590265722313631,0.0010306529081827,-0.000330288868536633,"3K-RGP reference (unlabelled)"
"IRIS_313-12068",-0.0255023224029003,-0.00423682964422516,-0.0323024698370846,0.0132328491006174,"3K-RGP reference (unlabelled)"
"IRIS_313-12069",-0.0261586158931324,-0.00422804016160542,-0.0318629414931043,0.0136154227666137,"3K-RGP reference (unlabelled)"
"IRIS_313-12070",-0.0252984434951386,-0.00398714887729681,-0.0337840813835582,0.016686242071405,"3K-RGP reference (unlabelled)"
"IRIS_313-12071",-0.0281598057611123,-0.00451054050817829,-0.0038338078789989,-0.00351370936655186,"3K-RGP reference (unlabelled)"
"IRIS_313-12072",0.0134381117781309,-0.00713984737279031,0.000542796359054056,0.000662775432604086,"3K-RGP reference (unlabelled)"
"IRIS_313-12073",-0.0265266117400553,-0.00447120998314319,-0.0379775471427519,0.0178748883447055,"3K-RGP reference (unlabelled)"
"IRIS_313-12074",-0.0191383639444718,0.00888419092796371,-0.0172966666075621,-0.0914092756864244,"3K-RGP reference (unlabelled)"
"IRIS_313-12076",-0.0280204599807578,-0.00405988374014064,-0.00482507776277403,-0.00365535266357422,"3K-RGP reference (unlabelled)"
"IRIS_313-12077",-0.027803666183787,-0.0037976598534915,-0.00468097274385681,-0.00589753283813319,"3K-RGP reference (unlabelled)"
"IRIS_313-12078",0.0140283158252989,-0.00823489083799357,0.000245308134860034,0.00028514018415906,"3K-RGP reference (unlabelled)"
"IRIS_313-12079",0.0137729118276793,-0.009718253709067,-0.00271663489370536,0.0010398232187764,"3K-RGP reference (unlabelled)"
"IRIS_313-12080",0.0135862354668488,-0.00965852744854942,-0.00269001998237504,0.000940932820435104,"3K-RGP reference (unlabelled)"
"IRIS_313-12081",0.0151675660204391,-0.00879667879568594,-0.00136435834838023,0.000118526285922184,"3K-RGP reference (unlabelled)"
"IRIS_313-12082",0.011252636775714,0.0103442110123961,7.14765600625797e-05,0.00109991550219805,"3K-RGP reference (unlabelled)"
"IRIS_313-12083",0.0127501377672156,0.0122682341223137,0.000409411016927766,0.00138589649335513,"3K-RGP reference (unlabelled)"
"IRIS_313-12093",0.0150735764635745,-0.00805429133985885,-0.000544433073264563,-0.000270970477965628,"3K-RGP reference (unlabelled)"
"IRIS_313-12094",-0.0166787601437439,0.0178462172909028,-0.0225048283327503,-0.120892036725262,"3K-RGP reference (unlabelled)"
"IRIS_313-12096",0.0139840049692478,-0.0048348982894589,-0.000238152196164334,-0.0012172552503385,"3K-RGP reference (unlabelled)"
"IRIS_313-12097",0.0160433147629521,-0.00968678291185989,-0.000700816296363281,-0.00171823325785531,"3K-RGP reference (unlabelled)"
"IRIS_313-12101",0.0159690941556153,-0.00951780338818082,-0.000849197998106115,-0.00200263157598024,"3K-RGP reference (unlabelled)"
"IRIS_313-12102",0.0132990550306901,-0.00905817452287595,-0.000535290145181066,-0.00107314405316144,"3K-RGP reference (unlabelled)"
"IRIS_313-12108",-0.0259883351362939,-0.00374594909565664,-0.034936781256444,0.012544251565922,"3K-RGP reference (unlabelled)"
"IRIS_313-12109",0.0151451565367893,-0.00888844580414794,-0.000946019006519896,-0.00133332416965035,"3K-RGP reference (unlabelled)"
"IRIS_313-12118",0.01311434330975,0.0100935572858346,-0.000301656263332499,0.00285149827806166,"3K-RGP reference (unlabelled)"
"IRIS_313-12121",0.0161580140938623,-0.0104176600005841,-0.00140136596745532,-0.000995052743349755,"3K-RGP reference (unlabelled)"
"IRIS_313-12127",0.0155206663586827,-0.00932326475972415,-0.000788109078671596,-0.00067015475924601,"3K-RGP reference (unlabelled)"
"IRIS_313-12128",0.0151137277827594,-0.0109198097517158,-0.00131139395297367,-0.00150180800125725,"3K-RGP reference (unlabelled)"
"IRIS_313-12129",-0.0271826522410909,-0.00423820685594421,-0.0109684275798223,-0.0034822855495672,"3K-RGP reference (unlabelled)"
"IRIS_313-12130",0.0149590120328638,-0.00923013762837034,0.000137103444896773,-0.000551546526095377,"3K-RGP reference (unlabelled)"
"IRIS_313-12131",0.0159856903671206,-0.00969752430935235,-0.000284897250259085,-0.000811014645504705,"3K-RGP reference (unlabelled)"
"IRIS_313-12133",0.0142005198875666,-0.00972229028558724,-0.000688728058786128,-0.000222819328791765,"3K-RGP reference (unlabelled)"
"IRIS_313-12134",-0.0268233457822221,-0.00426177624663067,-0.0125376563321637,-0.00427958043131437,"3K-RGP reference (unlabelled)"
"IRIS_313-12135",0.0142121581060826,-0.00671238261692196,0.00135738037434474,0.000966523303896459,"3K-RGP reference (unlabelled)"
"IRIS_313-12138",0.0154306570894703,-0.00748004041929284,2.61039855373266e-06,-0.000312220755504642,"3K-RGP reference (unlabelled)"
"IRIS_313-12139",0.00393678032433065,0.0641639497604786,0.00392042500990563,0.0157255845693151,"3K-RGP reference (unlabelled)"
"IRIS_313-12141",0.00500022685010247,0.0697369410597357,0.00392515899366232,0.0108448974652834,"3K-RGP reference (unlabelled)"
"IRIS_313-12142",0.0150679077607131,-0.00949506600496174,-0.00125686220985941,-0.00223713095304939,"3K-RGP reference (unlabelled)"
"IRIS_313-12143",0.0162097108861464,-0.00839169910899419,-0.00120424931547818,-0.00114577078969706,"3K-RGP reference (unlabelled)"
"IRIS_313-12144",-0.0264426251054707,-0.00462451214647203,-0.0379938245160367,0.0189166004107965,"3K-RGP reference (unlabelled)"
"IRIS_313-12146",0.0138401907700222,-0.0051591065182756,-0.000738130926960643,0.00115595312039295,"3K-RGP reference (unlabelled)"
"IRIS_313-12147",0.0152725875558948,-0.00859764108222717,-0.000816496672252071,9.49627135051669e-05,"3K-RGP reference (unlabelled)"
"IRIS_313-12148",0.0122487377866128,-0.0092950912806995,-0.000192166207420216,-0.001274736313875,"3K-RGP reference (unlabelled)"
"IRIS_313-12151",0.0151774593720926,-0.00929128641579879,-0.000949368277934777,-0.00218547627288577,"3K-RGP reference (unlabelled)"
"IRIS_313-12152",0.014306389104479,-0.00999787051849027,-0.000672056559238821,-0.0027737865896635,"3K-RGP reference (unlabelled)"
"IRIS_313-12161",0.0156347765422678,-0.00986293497852605,-0.000464696661773383,-0.00144158973283877,"3K-RGP reference (unlabelled)"
"IRIS_313-12164",-0.0257577712415042,-0.00367672677354215,-0.0293788248386594,0.00612544037828052,"3K-RGP reference (unlabelled)"
"IRIS_313-12180",0.0154711881658358,-0.00756276396928954,5.81805066317042e-05,-0.000306640595605303,"3K-RGP reference (unlabelled)"
"IRIS_313-12182",0.0139814712202423,-0.00690824899088369,0.000421422854387565,0.000100720172465326,"3K-RGP reference (unlabelled)"
"IRIS_313-12183",0.00303496125751605,0.0534394444170972,0.00384652215657442,0.0127472927131157,"3K-RGP reference (unlabelled)"
"IRIS_313-12185",0.0134057998834865,-0.00804392035479998,0.000127705005422901,0.000549257269189524,"3K-RGP reference (unlabelled)"
"IRIS_313-12186",0.00938639635832328,-0.00498551387632539,0.0030018901156581,0.00174485473553272,"3K-RGP reference (unlabelled)"
"IRIS_313-12187",0.0147128430678514,-0.00772500196226881,9.99487424776287e-06,0.000382897807056405,"3K-RGP reference (unlabelled)"
"IRIS_313-12188",0.0137813744996134,-0.010254206286922,-0.00130694433911535,-0.00129257744830858,"3K-RGP reference (unlabelled)"
"IRIS_313-12190",0.0146251738447995,-0.00633465163543007,0.000591485972792488,0.00147328509046286,"3K-RGP reference (unlabelled)"
"IRIS_313-12193",0.0142747100938102,-0.00903597344272658,-0.000129582464288199,0.000351125520679662,"3K-RGP reference (unlabelled)"
"IRIS_313-12194",0.0124265344321531,-0.00891898010821218,-3.70728103431151e-05,-0.000828939585313551,"3K-RGP reference (unlabelled)"
"IRIS_313-12200",-0.026541135968669,-0.0043611956079739,-0.00217990658195166,-0.00551066811295754,"3K-RGP reference (unlabelled)"
"IRIS_313-12207",0.0138821760176983,-0.0064097175359887,0.000527350092912846,0.000543071290571124,"3K-RGP reference (unlabelled)"
"IRIS_313-12210",0.0136935339052046,-0.00726062427095214,-8.97147207737257e-05,0.0014770021766018,"3K-RGP reference (unlabelled)"
"IRIS_313-12217",-0.0298321033975679,-0.0054380963014492,0.0452063754247524,-0.00273365397760532,"3K-RGP reference (unlabelled)"
"IRIS_313-12220",0.0160446596783471,-0.00951969886507232,-5.58263816676785e-05,-0.000802253364465142,"3K-RGP reference (unlabelled)"
"IRIS_313-12221",0.0152534543605094,-0.00940031011437298,-0.000241306558470675,-0.000726493155478019,"3K-RGP reference (unlabelled)"
"IRIS_313-12222",0.0137258029131565,-0.00666492624681416,-0.000206789317226994,0.000456437412589782,"3K-RGP reference (unlabelled)"
"IRIS_313-12224",0.0152502330070724,-0.00928976816263303,-0.000444001117548562,0.00039790054048238,"3K-RGP reference (unlabelled)"
"IRIS_313-12225",0.0150891476448315,-0.00868626835453608,-0.0011739966224915,-0.000841140891893964,"3K-RGP reference (unlabelled)"
"IRIS_313-12226",-0.0280183077835255,-0.00402737313879197,-0.00839796695687849,-0.00536838321412275,"3K-RGP reference (unlabelled)"
"IRIS_313-12227",-0.0269517249498013,-0.00438581778035314,-0.00983615688239151,-0.00419765789287475,"3K-RGP reference (unlabelled)"
"IRIS_313-12228",-0.0281981303091481,-0.00436620829291559,-0.00785398806357362,-0.00331381626448325,"3K-RGP reference (unlabelled)"
"IRIS_313-12229",0.0153861110178889,-0.0101430335533363,0.0001815903577485,0.000798392148206519,"3K-RGP reference (unlabelled)"
"IRIS_313-12231",0.0151465883639792,-0.00927572494202472,-0.000669170983296489,-0.00091650993950312,"3K-RGP reference (unlabelled)"
"IRIS_313-12232",0.0134842133489598,-0.00918933172604405,0.00264087231442108,0.00219690272879152,"3K-RGP reference (unlabelled)"
"IRIS_313-12234",0.0150991079014541,-0.0108470864618612,0.00367324285375528,0.00280602848646368,"3K-RGP reference (unlabelled)"
"IRIS_313-12236",0.0146221565210622,-0.00731377990788637,0.00193194303406159,0.00283110026811718,"3K-RGP reference (unlabelled)"
"IRIS_313-12237",0.0135853935188188,-0.0077885577789459,0.00293858343228117,0.00263155862385051,"3K-RGP reference (unlabelled)"
"IRIS_313-12240",0.0140745105244237,-0.00961025567034899,-0.00210105436856543,-0.000856342464773871,"3K-RGP reference (unlabelled)"
"IRIS_313-12241",-0.0261586181888739,-0.00404501552399265,-0.0332816196584154,0.0126066573751113,"3K-RGP reference (unlabelled)"
"IRIS_313-12242",-0.0284003089077447,-0.00416081397911146,-0.00573868211052859,-0.00637300558143685,"3K-RGP reference (unlabelled)"
"IRIS_313-12244",-0.0268422827630501,-0.00445976003765591,-0.0366679313550571,0.0180330296541229,"3K-RGP reference (unlabelled)"
"IRIS_313-12246",0.0144479133499399,-0.00951961088850795,-0.000725708405078993,-0.000136312077799779,"3K-RGP reference (unlabelled)"
"IRIS_313-12247",0.0141706436195557,-0.00812998363947422,-0.000773050510667835,-0.000439161827717078,"3K-RGP reference (unlabelled)"
"IRIS_313-12249",0.0141347992759484,-0.0061367643229657,-0.000118494122893208,0.000220779152218909,"3K-RGP reference (unlabelled)"
"IRIS_313-12251",0.0160961391193365,-0.00943903851502961,-0.00100483882647704,-0.000755267630145649,"3K-RGP reference (unlabelled)"
"IRIS_313-12252",-0.0260018877974354,-0.00416230217704483,-0.0116002382867819,-0.00403171881827751,"3K-RGP reference (unlabelled)"
"IRIS_313-12254",-0.0278910182551611,-0.00426422752376931,-0.0063444881960397,-0.00557922141699608,"3K-RGP reference (unlabelled)"
"IRIS_313-12257",-0.0271174624108061,-0.00437228730860029,-0.00495208602134391,-0.00552798991579442,"3K-RGP reference (unlabelled)"
"IRIS_313-12258",-0.027828792802651,-0.004252321098577,-0.00552601245265804,-0.0040248183436324,"3K-RGP reference (unlabelled)"
"IRIS_313-12259",0.0155421644443966,-0.0100710128574506,-0.000419542014961994,-0.000136730827413968,"3K-RGP reference (unlabelled)"
"IRIS_313-12260",0.0143737092479367,-0.00923513503815591,-0.000414013837197818,-0.000791018867027519,"3K-RGP reference (unlabelled)"
"IRIS_313-12261",0.0158010041121276,-0.0104076093133242,-0.000656101766194379,-0.000326845685125335,"3K-RGP reference (unlabelled)"
"IRIS_313-12262",-0.0279826849995434,-0.0043423393805619,-0.00420569642127668,-0.00593328618572917,"3K-RGP reference (unlabelled)"
"IRIS_313-12263",0.0152819370673103,-0.0100459035063657,-0.000557382938114377,-0.000638833243250465,"3K-RGP reference (unlabelled)"
"IRIS_313-12265",-0.0269650040409339,-0.00397725814059532,-0.00811531977463895,-0.00399478740435192,"3K-RGP reference (unlabelled)"
"IRIS_313-12266",-0.0275050493016508,-0.00410184951784242,-0.00694441147378212,-0.00503848393929567,"3K-RGP reference (unlabelled)"
"IRIS_313-12268",0.0152715736757866,-0.00865562498186615,-0.000369182964178695,0.000278021264505145,"3K-RGP reference (unlabelled)"
"IRIS_313-12269",0.0153269854605676,-0.00582852217495377,-0.000163471163727703,-0.00074344280643142,"3K-RGP reference (unlabelled)"
"IRIS_313-12270",0.0148256981262462,-0.00702955921043405,0.000195995020298368,0.000585656033026716,"3K-RGP reference (unlabelled)"
"IRIS_313-12271",-0.0273530228726787,-0.00451460842621588,-0.0340732888368173,0.0172846916708702,"3K-RGP reference (unlabelled)"
"IRIS_313-12272",-0.0269802560796926,-0.00415610598066057,-0.0316328055285445,0.0135256939119363,"3K-RGP reference (unlabelled)"
"IRIS_313-12273",0.0142189960011474,-0.00774491509190725,0.00223996664626491,0.00215432757907045,"3K-RGP reference (unlabelled)"
"IRIS_313-12275",0.0130893382465569,-0.00798279568096863,0.00198069148846258,2.81531845670399e-05,"3K-RGP reference (unlabelled)"
"IRIS_313-12278",0.0116454221505471,0.00754702503088104,0.00103491702196853,0.00028195345991948,"3K-RGP reference (unlabelled)"
"IRIS_313-12279",-0.0274228310069135,-0.00516889293054628,-0.0396058526276615,0.0196875396075119,"3K-RGP reference (unlabelled)"
"IRIS_313-12280",0.0139930650784771,-0.00507699579271048,-8.92720862539532e-05,-0.00134709845207621,"3K-RGP reference (unlabelled)"
"IRIS_313-12281",-0.0278502538549536,-0.00560216350363573,-0.0378410761134694,0.0175302656233022,"3K-RGP reference (unlabelled)"
"IRIS_313-12282",0.0129892034595972,-0.00159268806785767,-4.1088550798811e-06,6.60269743219234e-05,"3K-RGP reference (unlabelled)"
"IRIS_313-12283",0.0141788497650067,-0.00139962677197368,-0.000332935939007837,0.000159846461592907,"3K-RGP reference (unlabelled)"
"IRIS_313-12284",0.0115527940945783,0.0202898946852268,0.000588630186812587,0.00270954786101106,"3K-RGP reference (unlabelled)"
"IRIS_313-12285",-0.0254151795946568,-0.00373091543979407,-0.0353602341044331,0.0138362292689264,"3K-RGP reference (unlabelled)"
"IRIS_313-12286",0.0156307515453509,-0.00896186811077281,-0.00102019878905276,-0.000321336943195164,"3K-RGP reference (unlabelled)"
"IRIS_313-12287",0.0150182562076108,-0.0112803191403477,-0.00179327426365821,-0.000577115988153887,"3K-RGP reference (unlabelled)"
"IRIS_313-12288",0.0149902461525225,-0.00788319500785693,-0.000627087506584152,-0.000438524291666251,"3K-RGP reference (unlabelled)"
"IRIS_313-12289",-0.0271459588266756,-0.00382672201458057,-0.00698666978283049,-0.0075400250854262,"3K-RGP reference (unlabelled)"
"IRIS_313-12290",0.0141732329753199,-0.00802517620772057,-0.00077601508646714,0.000259269525835907,"3K-RGP reference (unlabelled)"
"IRIS_313-12291",0.015639650176327,-0.00729464540611705,-0.000246509438265595,0.000354191477689236,"3K-RGP reference (unlabelled)"
"IRIS_313-12292",0.0144438150625133,-0.00697092731866695,-0.000804440646283571,-0.00086736462857296,"3K-RGP reference (unlabelled)"
"IRIS_313-12296",0.014064845964935,-0.00849101067605623,-0.000799791929210679,-0.000989840616664351,"3K-RGP reference (unlabelled)"
"IRIS_313-12297",0.0126386727626208,-0.00641683539374075,-0.000973395544091859,0.000971417906178193,"3K-RGP reference (unlabelled)"
"IRIS_313-12299",-0.0252591364942473,-0.00433994324669495,-0.0113790581822521,-0.00232112381817107,"3K-RGP reference (unlabelled)"
"IRIS_313-12300",0.015284437237243,-0.00729870358645571,0.000966600817128857,0.000541536890819906,"3K-RGP reference (unlabelled)"
"IRIS_313-12301",0.0139682171035386,-0.00738230659687094,-0.000191394956322993,0.00155473493198915,"3K-RGP reference (unlabelled)"
"IRIS_313-12302",0.0147415222759383,-0.0083565329664713,-0.000629000932861956,0.000727793583852742,"3K-RGP reference (unlabelled)"
"IRIS_313-12303",0.0149249323611012,-0.0081782917617035,-0.00109314560556387,0.000488810965986208,"3K-RGP reference (unlabelled)"
"IRIS_313-12305",0.015229659778129,-0.00847605242035162,-0.000739875717712044,9.49586020032065e-05,"3K-RGP reference (unlabelled)"
"IRIS_313-12307",-0.0284333246227125,-0.00443887221843243,-0.00364775255799433,-0.00546225201330786,"3K-RGP reference (unlabelled)"
"IRIS_313-12308",0.0149664057934689,-0.0101973556252726,-0.00104821494871385,-0.000496735008487584,"3K-RGP reference (unlabelled)"
"IRIS_313-12309",0.0148232466587166,-0.00917588297400482,-0.00060254987087216,-0.000579246717159652,"3K-RGP reference (unlabelled)"
"IRIS_313-12311",-0.0269689689372922,-0.0042962116388809,-0.00295378031238039,-0.00353609606673403,"3K-RGP reference (unlabelled)"
"IRIS_313-12312",-0.0274786026606789,-0.004006227242446,-0.00479614347300782,-0.00501977705062718,"3K-RGP reference (unlabelled)"
"IRIS_313-12313",-0.0263652828533951,-0.00398839684043812,-0.00779270394407237,-0.00197403563991352,"3K-RGP reference (unlabelled)"
"IRIS_313-12319",0.0130936640277584,-0.00873561964485229,0.000686194091845324,0.000531758594526073,"3K-RGP reference (unlabelled)"
"IRIS_313-12321",-0.0272644276003097,-0.00407603839436435,-0.0115487648424447,-0.00325227338909218,"3K-RGP reference (unlabelled)"
"IRIS_313-12322",-0.0279718561907241,-0.00458899880870464,-0.00824790987001526,-0.00327839849971506,"3K-RGP reference (unlabelled)"
"IRIS_313-12323",-0.0285220230988636,-0.00422531411046987,-0.00564020505893089,-0.00558857521125671,"3K-RGP reference (unlabelled)"
"IRIS_313-12324",-0.0276514772828119,-0.00423817185321428,-0.00470491661985148,-0.00573948387723366,"3K-RGP reference (unlabelled)"
"IRIS_313-12325",0.0139808643128959,-0.00134048198376891,0.00056904949858834,-0.00155449962812658,"3K-RGP reference (unlabelled)"
"IRIS_313-12329",0.0127204714975896,-0.00488437447160344,-0.000490073977130711,0.000886176665634025,"3K-RGP reference (unlabelled)"
"IRIS_313-12330",-0.0269809807059261,-0.00392842521059917,-0.00637598591269958,-0.00519884580125838,"3K-RGP reference (unlabelled)"
"IRIS_313-12332",-0.0273627308130137,-0.00392692776140857,-0.00686373437278902,-0.00524372119681878,"3K-RGP reference (unlabelled)"
"IRIS_313-12334",0.0143222526552615,-0.00905538570092594,-0.000234792575374051,-0.000602543372430286,"3K-RGP reference (unlabelled)"
"IRIS_313-12336",-0.0278416457659854,-0.00415785766418296,-0.00637418872155238,-0.00536982249265465,"3K-RGP reference (unlabelled)"
"IRIS_313-12337",-0.0275493529572597,-0.00437050592310061,-0.00534695280493668,-0.004169016886836,"3K-RGP reference (unlabelled)"
"IRIS_313-12340",-0.0278886170213701,-0.00427197634508437,-0.00362884018091883,-0.00631868072826351,"3K-RGP reference (unlabelled)"
"IRIS_313-12341",-0.0279109634588309,-0.00440499011542053,-0.00438610988174248,-0.00551423742558439,"3K-RGP reference (unlabelled)"
"IRIS_313-12342",-0.0276851343216328,-0.00398707662992699,-0.00533665537605886,-0.00493774941787386,"3K-RGP reference (unlabelled)"
"IRIS_313-12344",-0.0271483939632432,-0.00429457089733554,-0.00536066685947607,-0.0061916857912781,"3K-RGP reference (unlabelled)"
"IRIS_313-12345",-0.024673891562603,-0.00430890846926392,-0.0096067852347425,-0.00206559542534849,"3K-RGP reference (unlabelled)"
"IRIS_313-12346",-0.0274039417342902,-0.00454259019077819,-0.00622951864502281,-0.00480779723737667,"3K-RGP reference (unlabelled)"
"IRIS_313-12347",-0.0273698485340777,-0.00424727038866822,-0.00492933503162828,-0.00399150638937121,"3K-RGP reference (unlabelled)"
"IRIS_313-12348",-0.0277615298474775,-0.00434274329145826,-0.00665128365116451,-0.0039010665141632,"3K-RGP reference (unlabelled)"
"IRIS_313-12349",-0.0279580212178794,-0.00420355840706714,-0.00730664359794289,-0.00429166429586938,"3K-RGP reference (unlabelled)"
"IRIS_313-12350",-0.0279594810899057,-0.00441930242136627,-0.00776233923239464,-0.00406227974049257,"3K-RGP reference (unlabelled)"
"IRIS_313-12351",-0.0279744477472279,-0.0042850756073052,-0.00513819931388196,-0.00698425339251654,"3K-RGP reference (unlabelled)"
"IRIS_313-12352",-0.0275790765948952,-0.00427012396112822,-0.00470864526702719,-0.00359783518743903,"3K-RGP reference (unlabelled)"
"IRIS_313-12353",-0.0284867440883043,-0.0045875900666588,-0.00311576950451902,-0.00385525631908861,"3K-RGP reference (unlabelled)"
"IRIS_313-12354",0.0141769292995674,-0.0101226588014408,0.000188285647489584,0.000971334827906766,"3K-RGP reference (unlabelled)"
"IRIS_313-12355",0.0155036459001753,-0.00944695993787002,0.000917256860025735,0.00162910319372123,"3K-RGP reference (unlabelled)"
"IRIS_313-15896",0.0123356973652395,-0.00538331880824333,0.00110368259192655,-0.000893943285461146,"3K-RGP reference (unlabelled)"
"IRIS_313-15897",0.0141987048372911,-0.00830570415087337,0.00173863069300696,0.00113888510490223,"3K-RGP reference (unlabelled)"
"IRIS_313-15898",0.0135149454476237,-0.00638783493223986,0.00137010168755126,0.000367483121879919,"3K-RGP reference (unlabelled)"
"IRIS_313-15899",0.0115907192969473,-0.00299440326951739,0.00223591752861667,-0.00130937103995531,"3K-RGP reference (unlabelled)"
"IRIS_313-15900",0.0143984311344754,-0.0082237846554391,0.000876945930878456,-0.00201728800965507,"3K-RGP reference (unlabelled)"
"IRIS_313-15901",0.0118732458943504,-0.00564653296292814,0.0010350217961834,-0.00559005115529522,"3K-RGP reference (unlabelled)"
"IRIS_313-15902",0.0116386819470521,-0.00529245858666157,0.000665082940641759,-1.73436104692594e-05,"3K-RGP reference (unlabelled)"
"IRIS_313-15903",0.00868595704279495,0.0179572535021666,-0.000755142307788298,0.00763907167764465,"3K-RGP reference (unlabelled)"
"IRIS_313-15904",-0.0304262525157841,-0.0060685167262561,0.048589434633138,0.000846487496651084,"3K-RGP reference (unlabelled)"
"IRIS_313-15905",-0.0249170626599234,-0.00373506825445622,-0.0332624532399296,0.0177919055381098,"3K-RGP reference (unlabelled)"
"IRIS_313-15906",0.00794090399017033,-0.00670391964257302,0.00286496205065195,0.00064047029319995,"3K-RGP reference (unlabelled)"
"IRIS_313-15907",-0.0260982317145277,-0.00548926875994824,-0.03171058921066,0.0189790135944128,"3K-RGP reference (unlabelled)"
"IRIS_313-15908",0.00392137381748763,0.0724397170482586,0.00493576662293042,0.012291150033107,"3K-RGP reference (unlabelled)"
"IRIS_313-15909",-0.0139639803820483,0.0267229047637751,-0.0195812933969458,-0.101862897701335,"3K-RGP reference (unlabelled)"
"IRIS_313-15910",-0.026486151867167,-0.00552841450629357,-0.0334470207483823,0.0195784366708875,"3K-RGP reference (unlabelled)"
