genomic_dist,phenomic_dist
0.182641107561235,12.049074388908563
0.320699708454811,16.98972485480264
0.302864214992928,7.516891897077552
0.239238705087158,25.223019854526733
0.242386241490505,21.081296846592195
0.346704871060172,28.913720002328073
0.31510509440684,12.282018450703232
0.303960042811274,25.500750706127135
0.302234835047889,7.722879813020936
0.177905308464849,6.469870883099225
0.293048128342246,6.570972219202792
0.211166785969936,10.50550501627339
0.316589202717197,7.799056576973011
0.37121757925072,14.575975902635982
0.179523640241735,21.235427201983956
0.344062947067239,23.98645118557131
0.336661911554922,15.566020144949032
0.353479196556671,34.91922539503824
0.215120396600567,26.927154405846913
0.234491315136476,20.09122454243227
0.201566951566952,5.731152692198353
0.225044722719141,25.81861015392629
0.40379746835443,28.354473545934663
0.399675792507205,25.274490585728742
0.414352686620988,29.34452867029207
0.214002879769618,25.225893357177032
0.399855647780585,18.661688042680115
0.397944464478904,19.95764582304651
0.344846098783107,19.517554103620288
0.238821859474805,20.198883416054112
0.305605786618445,18.986782412660556
0.302425106990014,26.91955535268408
0.237722419928826,18.961208225241343
0.19925346605048,12.170018619466145
0.328344752975117,21.664189050742817
0.25160370634355,11.336009891879378
0.218126780626781,28.922346060159217
0.356455064194009,24.655769851283097
0.374195989405978,37.21297807226712
0.329193664506839,38.01616941092028
0.409794742527908,24.209822087217773
0.191613588110403,22.370595597747368
0.313467770975873,25.61626122363522
0.279040404040404,20.254607376004504
0.192636072572038,14.903128159134823
0.19192280200143,17.657601184414414
0.323024669288523,28.948197838993398
0.350070972320795,26.310444398099513
0.311242816091954,22.887036820663692
0.301409468738706,25.341597697264163
0.410522548317824,16.401819610800043
0.250531161473088,34.24987183709565
0.363620071684588,13.898573569989537
0.291068866571019,28.147335398925577
0.202852049910873,10.574500437325637
0.29257408068547,17.665078017309533
0.291681670867843,17.091198584089767
0.418680129823296,17.554697858037766
0.327734095782702,9.414279204799456
0.341758632965468,23.98020368316986
0.34514858575009,27.294188768632054
0.347073518915061,16.915765302540883
0.407367280606717,20.5458276581193
0.340535714285714,23.67124538571385
0.35969868173258,24.116315111251293
0.343299711815562,27.65623553904664
0.291949910554562,17.321370006978405
0.344919786096257,20.310582281797725
0.230314960629921,27.783554636728734
0.174302075876879,12.667715153698946
0.312366737739872,25.309978772756683
0.242918608820366,21.837683735778622
0.315326633165829,10.959892238535824
0.201785714285714,25.79783971029767
0.302915766738661,25.250814140057688
0.230933713471133,30.998978449841946
0.20610145441646,24.76853401169547
0.345947875758658,15.5484421529559
0.230085348506401,19.82745127445587
0.237095051619793,38.389750261605755
0.212508884150675,24.584280167865238
0.34024303073624,18.317809274165604
0.335887384176764,18.74933118018373
0.217236467236467,17.04012887185472
0.233214920071048,62.51360671344049
0.416307471264368,24.875915800111464
0.334,26.46723634912497
0.204448398576512,9.54987488816054
0.410334893770256,29.43696423378213
0.326923076923077,10.914161054059427
0.17375132837407,12.14603678611527
0.302846975088968,24.041624175122497
0.236767317939609,15.912370230077764
0.344162799000357,20.903358301955556
0.23207277916518,9.36268245823886
0.333870967741935,25.632799295953003
0.311944543192321,12.118620972142294
0.333451830785638,27.415327799371248
0.323751347466762,14.932777385019305
0.29543834640057,12.23358686381146
0.283220520128251,15.0883783749568
0.305704099821747,16.049296726351606
0.285257548845471,15.008506634185714
0.29978354978355,14.466916317022205
0.25,20.468711247462952
0.29925187032419,10.93568391243769
0.213982300884956,31.046709273246993
0.219119226638024,11.872344202714531
0.213120567375886,26.784103019742204
0.209227467811159,15.950339323724522
0.431147540983607,14.577432041483846
0.293202146690519,12.156926500973336
0.216346153846154,25.687591347888024
0.344277000358809,13.17809122627277
0.346851654215582,12.09730975425108
0.307323142552435,11.672123329072864
0.311293781272337,13.997589309859128
0.334281650071124,20.43927638805377
0.213854351687389,25.319545535261465
0.315024805102764,15.520213797126528
0.198503207412687,17.610960659794372
0.385802469135803,13.940275962465227
0.381056466302368,14.533548714081254
0.298175182481752,13.530717158914706
0.245330459770115,12.334079212942225
0.207520397304009,12.241380419178894
0.319039145907473,12.083749602706737
0.329532916513424,15.111521743075595
0.408405172413793,23.218239963716833
0.337597725657427,31.699776069231987
0.414054054054054,18.634380884318375
0.311764705882353,15.561043006784377
0.302109402931713,9.294668922718344
0.232844889206576,19.60941814444254
0.207496413199426,19.993688423510932
0.307568725455195,12.269628358946417
0.205620775524724,9.927113949061296
0.413161711385062,29.25461428952104
0.220839260312945,32.27398685539575
0.246076233183857,17.11355510141132
0.194682369735903,15.173658843180613
0.227527042148452,23.69896383440093
0.327412988876929,19.565023007716213
0.398485394879192,25.392974671538433
0.387890765361121,31.664786710001977
0.339470861637469,18.117595683117734
0.227882523567803,9.855106187855185
0.187785187785188,9.73956254420266
0.35245322979174,19.929049614926654
0.351924447612259,14.549661034910487
0.25133214920071,21.009587591536096
0.204481298517996,5.529775874348253
0.404179950407368,20.129165224441483
0.188423645320197,8.94600140256567
0.0208110992529349,9.82905846671975
0.178988326848249,10.976453165135315
0.325382698469206,11.956922643569412
0.206706884315117,10.533990177618426
0.284769395781194,10.745404971247199
0.292299540798304,13.220854656798924
0.434519572953737,20.319029786423847
0.240092002830856,14.075129395899676
0.250534188034188,27.696499793182277
0.330105633802817,21.468684921886407
0.345828933474129,16.586413755004536
0.309355067328136,10.392254176529178
0.333451957295374,19.71352947492011
0.320903549659376,20.154600129324052
0.329220314735336,22.5040425572644
0.327425707124955,26.47916010510541
0.330587392550143,16.69700261151642
0.315365329512894,13.2539279406317
0.315497494631353,13.31864436404384
0.250532670454545,16.91438578386488
0.351375176304654,13.85198850989631
0.400143936667866,17.196703401935828
0.201521585279547,19.034041202850613
0.349734513274336,14.28981929293495
0.306537102473498,6.502360023875224
0.2296813462227,16.406620124577806
0.362863217576187,12.432459990584462
0.329082536308891,22.635456043306775
0.262367491166078,16.737832969435605
0.284133533383346,30.861882424311748
0.223214285714286,29.113783705720753
0.336009992862241,16.476900453207797
0.281590989088349,16.717450268054378
0.422870436649964,17.10864845993137
0.388569374550683,14.599430660856612
0.306480169971671,13.676955090728212
0.307569296375267,12.193221488092892
0.216259298618491,20.609643580413287
0.25555163905534,21.306819642909975
0.420855614973262,16.505437568631837
0.412081984897519,20.548671631606418
0.33771773906861,10.233763482739535
0.364803094233474,27.813802377100494
0.282083185211518,9.956498726881165
0.404957203994294,21.82972872202773
0.305713271823989,10.623705930457682
0.403900709219858,9.393662490377285
0.409627773801002,12.374748988456597
0.34890798424633,13.01591419081461
0.216743526073076,12.214633545031953
0.431247790738777,22.51933269511406
0.435409252669039,27.36652673281195
0.250088558271343,9.280834938812207
0.328612405880244,14.950253583878066
0.436612215909091,23.181520802775957
0.263177570093458,19.282204139302493
0.434790397706915,24.06627489258139
0.408185053380783,12.48624157351838
0.246907034287734,15.48693923120764
0.342516885886953,21.510492737069693
0.290821771611526,13.247738686999112
0.193485915492958,18.62313102651743
0.142247510668563,14.091459877837131
0.420292439372325,10.670816731550467
0.298719772403983,16.96091275861021
0.412249283667622,16.954323251690578
0.344491675522494,23.463585506927565
0.310672772102853,19.727975127366292
0.247431810131066,10.18113331253488
0.341174389812522,13.324038168697577
0.348688873139617,37.65029172304101
0.325634696755994,19.528669528676804
0.229528535980149,11.50430542586918
0.229232944503358,11.460160989962867
0.324185552407932,11.109138369824954
0.347457627118644,60.144369122373014
0.339693295292439,16.660954255242128
0.230963551064598,22.92891111722477
0.304209409267775,6.673817311201439
0.330057183702645,23.1624220629596
0.21095406360424,8.344472223607193
0.28362676056338,11.716505456864377
0.206131078224101,17.47292396256909
0.345909732016925,8.96389030242661
0.244235544519333,14.535738075862398
0.329021970233877,11.49439193750093
0.227967306325515,20.45251099839029
0.216725352112676,8.16370352663403
0.226005645730416,22.718614424694522
0.216833095577746,13.0648807196418
0.18546676096181,11.537484206279272
0.185067232837933,9.59778983412304
0.19929203539823,14.074919202698181
0.177589852008457,12.183123555216188
0.198460987831067,11.112322071418747
0.365720524017467,16.295896270119908
0.199964639321075,6.173813067528125
0.327768014059754,24.26480075625164
0.317745376955903,12.979301570837627
0.326224885442369,21.334691883375044
0.324396306818182,9.257866616601927
0.353451391398627,17.500482970413113
0.187855113636364,10.08414970059365
0.332743988684583,20.457355527000196
0.233535065859737,12.644685326622188
0.235875706214689,13.767265510023524
0.198941798941799,10.060416292402149
0.205496453900709,6.867610478265678
0.23466149506347,15.419261646085666
0.328339795558689,19.846503432966966
0.207716701902748,7.545399643123176
0.301946902654867,13.550681446592526
0.302446923353724,13.728045769117951
0.290188269370022,13.55412080055566
0.195510499637944,14.672657373413996
0.349464285714286,14.20840597260888
0.317524682651622,7.973130189783073
0.21095406360424,7.378409635643977
0.227455275648047,8.362099705384379
0.329237891737892,14.523410293565295
0.243824982357092,23.777836913439998
0.331663685152057,10.459062276888432
0.207403471484237,8.717700328970533
0.202515946137491,8.727919533256022
0.342730496453901,13.393616682245296
0.313879003558719,13.51601818979947
0.204996456413891,9.084313119952617
0.3052706048815,8.416888551972153
0.341441441441441,20.912659113045354
0.332390381895332,23.678728049073204
0.348423005565863,15.170566113250885
0.302346249555635,14.665717355730168
0.333395176252319,17.70269264842252
0.23030303030303,18.78679661001861
0.327783745076978,20.375388864885597
0.297967189728959,22.966038494596432
0.241843971631206,14.297405698472748
0.240634005763689,15.113194216084215
0.363998551249547,16.314421227852442
0.359780621572212,11.799004661190786
0.256008739985433,18.309418267749614
0.254440014498007,10.485358988250002
0.413730475844533,16.334739748808204
0.24115523465704,13.536010931285208
0.229798903107861,16.482114850408728
0.216466739367503,16.29347722367073
0.320723684210526,15.838616879189042
0.257459970887918,15.230933001262661
0.287074331746613,9.06598349621291
0.311139332365747,11.336623138972811
0.427136596055515,18.743011976412078
0.220101781170484,17.097314446710453
0.259320175438597,23.466213618166172
0.359623733719247,17.899862453236512
0.348172276511039,14.91291166469427
0.323754092397235,14.790080573689405
0.323346729996346,16.61792558370401
0.323280617874218,14.753588186628296
0.330589096231248,20.196570492297923
0.333272193690389,23.86432747594406
0.349687614847483,11.408939796992215
0.321993379919088,13.108925346351024
0.325743665075285,7.36632127894911
0.254638050200073,14.887081983489884
0.368297101449275,9.675848278164047
0.421072088724584,16.258133625603705
0.229552889858233,12.735862500690455
0.349018895348837,12.484101905967192
0.347519014849692,9.87315657312194
0.232635060639471,14.461162365433424
0.366630276564774,16.25305734710595
0.348198034219148,17.976639613179543
0.266981474754813,13.846139394830319
0.281923076923077,26.370075927079068
0.269315269132186,24.825516211739874
0.335654085745694,11.533502279310774
0.319595083152567,14.478524032900852
0.428099779897285,13.714886581207699
0.397492625368732,9.77978630316455
0.298401743552488,17.215259171027213
0.298360655737705,14.833365427404845
0.263464337700146,16.378758879122987
0.249005424954792,17.963970601683112
0.417733089579525,12.062384005337874
0.420412675018423,16.338618778249874
0.33509668004378,10.387592744102875
0.355001805706031,23.102843446082012
0.288686131386861,9.07752775107991
0.400806747341401,17.115093453664517
0.25382932166302,13.141756098400274
0.414452129595923,8.15249703283795
0.385562086700955,12.173234506630646
0.340558412931668,12.14693800938932
0.215586307356154,15.838766626801497
0.42343976777939,21.78961287669235
0.426406135865595,27.312634797739875
0.265101892285298,10.250004095537504
0.335601324016182,11.659800752539185
0.424507658643326,22.55369058966568
0.28363357608279,16.984412665141395
0.427573529411765,21.892776068158124
0.384811975173421,11.352033326648657
0.244927536231884,11.827286806350513
0.34385260853703,16.284031192713712
0.33345507669832,16.463777578773485
0.215888526963446,14.166905066992
0.221491228070175,9.509533253522783
0.429146832662029,13.883469571036613
0.344890510948905,13.747656362770876
0.417218543046358,11.544966037018428
0.361040378319389,17.541831201114842
0.328147612156295,15.482071171752281
0.261818181818182,10.409446217912492
0.35265261627907,13.108353982217384
0.360524399126001,41.54994963011931
0.359239130434783,17.332845168378423
0.196903460837887,8.165121503088262
0.198585418933623,8.62474863616347
0.193829401088929,12.505466629017457
0.358411892675852,63.73199154484439
0.346322722283205,13.336481447296855
0.270070292267851,18.903900747538618
0.353742732558139,11.698600733840072
0.32985347985348,18.0689404056186
0.25199709513435,13.325594936016481
0.31846098265896,15.740171935373189
0.220550924247916,13.05364250526368
0.362549800796813,11.255135447314135
0.256363636363636,14.581093678531284
0.25891557496361,14.995921120622675
0.262965668371074,15.83792589836601
0.196635311143271,9.326064047341001
0.204454907642159,17.260783686565727
0.201715954728003,16.379990314816382
0.196331274972757,11.804743402061025
0.200472555434387,10.364229595640369
0.208121827411167,17.531810186687093
0.197935530604853,12.54125850530667
0.185640837311788,14.298976980715032
0.392897196261682,13.833444699339445
0.239209285455205,11.081484751612765
0.357710364752618,19.614912200736857
0.340627279358133,16.916918995889286
0.3589001447178,18.608239399987166
0.31904414447282,10.319431652657109
0.352449888641425,18.71703452484316
0.197810218978102,13.59520966663366
0.361968761351253,17.536347529772645
0.195398100803506,15.204246294715562
0.192572463768116,18.17331691578966
0.20854453294714,13.774012458089672
0.232350800582242,11.678909209536576
0.250905141202028,12.049917158090011
0.358695652173913,17.838786052862137
0.255877034358047,11.574994133336755
0.336786623046165,15.655109810582609
0.300665680473373,16.323860263459878
0.291450777202073,15.82838350450614
0.199331848552339,19.582381629985097
0.360499265785609,18.904444622818772
0.299420709630702,11.012443338340733
0.236947063089195,8.653795774383267
0.23876404494382,11.359410894150962
0.331690397955458,11.65771237773851
0.265760869565217,19.009052537860594
0.326549321598827,9.599849877180674
0.177037845705968,13.665440626910671
0.249363867684478,10.737058596662758
0.362741523878965,11.248655903655754
0.307888970051132,15.199448965594069
0.23065746458409,9.010150287475184
0.299709196655762,11.24399513845561
0.33487426035503,16.18797553308411
0.360486211901306,19.123240018190028
0.315879664889566,15.728815363891322
0.314097881665449,16.03031057609916
0.346080669710807,14.331714378586197
0.21865889212828,24.041857828598392
0.329537105069802,16.443704686725958
0.252833638025594,17.270536994993236
0.218363636363636,15.508523501713412
0.341587636108184,25.007918433825516
0.343373493975904,19.089979281193465
0.235159010600707,27.03503113236607
0.181467181467181,10.031915503278249
0.411412469179289,25.00959005443852
0.0034904013961605,6.141241059038502
0.191598723856788,6.580912049396587
0.224550898203593,9.241606696249224
0.322111977321049,8.078953383895861
0.17502649240551,6.236857564759194
0.285536602700782,13.78865243644775
0.304607808652832,19.96146993906858
0.428293201133145,23.63289365908689
0.249031349066573,14.178563255758313
0.22422954303932,33.70625522234847
0.303502626970228,26.342671081863763
0.332049036777583,21.132175462593658
0.289594356261023,6.550418704268075
0.331325301204819,25.590707319107196
0.315958586219207,26.781724667763804
0.323916133617626,26.020508058332293
0.332977588046958,30.015324468755797
0.336182336182336,23.024999338419583
0.309914407988588,18.383928819626792
0.319266381766382,18.642381260834778
0.249205227834687,20.351665292877755
0.351299157303371,19.01645338407598
0.401827302042279,20.532442469545575
0.180794934927893,25.561684910083205
0.328757479760648,17.85706040849469
0.287271448663854,9.738785944906816
0.229878917378917,20.65049442456773
0.348078956644343,9.512616514178589
0.330042313117066,28.251536432810372
0.253162333099086,22.705678535235588
0.271012327231976,36.03240330017894
0.233487215909091,36.53473053012652
0.33647351581941,22.95604478945665
0.24151207560378,21.66051285570218
0.420049857549858,22.517171891501782
0.389782065023223,18.914139001839434
0.329105003523608,13.747776166586736
0.330861581920904,15.055746531232572
0.230335097001764,27.736678335012645
0.23686974789916,26.610751821252972
0.407413976587442,21.047377961858135
0.410765379113019,25.71496798019755
0.331917905166313,13.96480372198074
0.340797760671798,33.5345630109057
0.276343705799151,11.725092010224948
0.387331440738112,27.907508133554234
0.322854115153656,9.205060550424323
0.405577126720791,15.297214673398788
0.387068044175276,16.51138115567267
0.341346153846154,15.841058050298127
0.220733427362482,6.929792725792753
0.427039381153305,24.87052574306887
0.429153382925965,28.70984263882844
0.249647639182523,14.221583849657844
0.323162027123483,20.362018438312507
0.427966101694915,25.123980778847827
0.254372906587272,23.85546584335451
0.426612041325258,28.210183960881302
0.388141592920354,17.501797303957527
0.243670886075949,19.591789903288788
0.338761061946903,27.520753185592877
0.306154934559604,11.06842784472094
0.214461214461214,24.51306342990175
0.184070796460177,19.40759314633112
0.420716566158212,11.116708147091172
0.298620933521924,23.94163962629472
0.408621303883149,23.669229204240462
0.333803313359182,29.47231687301162
0.312521922132585,25.019182691886044
0.235709244883557,14.049767810900315
0.335739436619718,17.573800978404076
0.334332040888262,37.92659933466337
0.290379213483146,23.881823677227253
0.244452271926735,15.608411180923712
0.244987689060851,16.379798976927134
0.332453361492432,15.698933473521768
0.334678834678835,61.13866940912843
0.336053938963804,23.47012796995072
0.240767300107565,27.638857149462982
0.276565798733286,8.48848731897668
0.331734186211798,28.979328858733393
0.164850615114235,8.28013635982417
0.308864751226349,9.561719853329395
0.19041769041769,23.85005190842791
0.335907335907336,13.375039982199104
0.2381036305957,19.33229536690023
0.336975678533662,8.295540808462842
0.232566371681416,25.618088862062766
0.20925341745531,10.177129595401377
0.236934408979306,27.741773059034223
0.220311946118398,10.847993092254397
0.210137275607181,13.72085719389516
0.210257314064152,12.57832121331914
0.215116279069767,13.064735653729324
0.209926341634514,13.481542887487677
0.208777540867093,10.966566399081003
0.379304095686843,20.5657812040179
0.174157303370786,8.919141729019387
0.303009097270819,30.00753776430918
0.299787760877255,8.11829823645021
0.290701754385965,25.72338904387822
0.328207847295864,13.268097882672368
0.348615605897159,16.26329375147571
0.201695513952667,7.794788754692051
0.307638155579022,25.113807540572303
0.246369110874956,10.219657402670874
0.250351370344343,9.95747500026321
0.206842105263158,8.087478837541033
0.214813511611541,9.767221448096441
0.235356015433181,19.110512914320104
0.301297790249035,24.457930424301583
0.17741935483871,11.848001880545654
0.2961592670895,13.388080986895805
0.284587813620072,11.97146755932991
0.272498200143989,14.097780030616153
0.188624910007199,10.478086602014669
0.347424511545293,11.145847311763527
0.309406809406809,9.853633234009653
0.200491573033708,10.807141019515933
0.216152450090744,12.15032532113276
0.324707550514002,20.164394330812463
0.237802737802738,30.390926087032774
0.31272210376688,15.926124557223291
0.233509700176367,13.828665533454659
0.223085068831627,7.722673001896094
0.339569361101306,18.233462331732007
0.308359900814736,16.9967362454366
0.213054187192118,10.005493591568962
0.32277367124252,8.216781025453198
0.332795698924731,27.341957286301167
0.306434599156118,30.144146910673854
0.358647450110865,15.614724103954003
0.312101910828026,16.29908445272231
0.329088224437062,23.578410635539868
0.239454094292804,15.858696700029801
0.320983256145351,24.985565438132884
0.286576704545455,29.816937870242203
0.249293785310734,17.050905709960965
0.167615658362989,12.815149191350153
0.286247334754797,13.471415740540097
0.347079646017699,19.018989615456512
0.289483002832861,8.112054213389213
0.340549102428722,23.10109759917558
0.34795008912656,25.805288596007344
0.362026213248317,22.267439907417998
0.242440412664532,25.671600081443035
0.344227353463588,25.071665906659078
0.365831842576029,15.513187836731522
0.244703389830508,11.088158665003348
0.344895055140519,14.054455534021072
0.357674583481035,20.832271811350125
0.33398646241539,13.148339054565497
0.220971147079521,6.728630433408466
0.207892882311487,14.264774503386269
0.227933356965615,23.534422481322608
0.239679715302491,10.73121236458717
0.38719512195122,13.659435997461033
0.391133357168395,9.590377307795382
0.38528990694345,14.924528380999977
0.213287965616046,13.167921741820265
0.37007874015748,12.81948199264121
0.384491404011461,13.322292769849879
0.249201277955272,12.61801403605326
0.198552770914225,9.865234628538511
0.2819359481828,12.5952897609073
0.342720510095643,12.496685470933196
0.158881811748054,14.108863873709112
0.240983026874116,21.608331973409275
0.310394265232975,11.248555324281337
0.20610145441646,23.329205736672193
0.129872430900071,8.505439720610017
0.301132342533616,12.133156275319648
0.322756289898611,17.71118083857468
0.347048300536673,20.08684123388317
0.402574186628531,10.326447773161894
0.235842419978896,8.641351137390064
0.306220951018949,16.245095926907997
0.278356066044508,11.06243688564403
0.256728045325779,24.36603143531664
0.257102272727273,24.4835995107755
0.340078097266596,12.534223539197964
0.329805996472663,8.183455709122297
0.292808828764685,13.52498508085188
0.293673616103523,8.90527694742718
0.390747330960854,17.135266810478296
0.173760112557158,12.834258740102625
0.320818505338078,18.751668558785987
0.271204561653599,9.258572763316693
0.240589488636364,22.983902867903602
0.286498936924167,18.20569746543807
0.295739348370927,14.448527009358958
0.395878136200717,16.434293260005266
0.355646306818182,26.39001093582746
0.343286219081272,16.462022727792117
0.343360626557494,21.150479655260916
0.232801418439716,18.0282504438325
0.390165111270639,10.071762589353286
0.341376863023421,17.495779559914673
0.369337326843879,14.00274393027598
0.342765042979943,12.790943795702093
0.294985775248933,14.96524659962948
0.330559490084986,12.468923898329866
0.219992897727273,9.524872032035177
0.225462304409673,24.45620398813647
0.35,10.955047002822555
0.372279700321085,12.101063020027786
0.321517634485216,20.058463911381086
0.244574884382782,11.520259389581774
0.295698924731183,13.204472441587901
0.196106194690265,12.968055274089464
0.234611326064017,9.168417479645965
0.303970223325062,19.64246807871473
0.153248587570621,16.112255694105656
0.141389085754784,42.728204419371885
0.221594918842625,9.411760379792966
0.363555713271824,15.216373576823731
0.35833038556774,12.931436022992683
0.249557208643287,19.617126546874857
0.155555555555556,64.57638052803628
0.394464285714286,11.049921949860863
0.314393939393939,8.95381087300648
0.239738145789101,20.75092067967876
0.391949910554562,8.123744064984503
0.342998585572843,20.82398825754003
0.241986615005284,25.82230750016061
0.343882602545969,10.636007925133173
0.147899752912107,22.77701745330114
0.263662171753016,14.919448814844039
0.257795889440113,22.475325982741666
0.33464005702067,8.440629284420456
0.333333333333333,20.42329839452292
0.346643109540636,11.093658441470474
0.350695683196575,28.15027596902747
0.369026548672566,14.5060912947427
0.371362668559262,17.53413534206164
0.347340425531915,25.31510341903506
0.370808330391811,16.952788276559268
0.366356144750985,22.592598440796944
0.276402039329934,11.41323854194951
0.339759462327556,22.175146596053526
0.219387755102041,10.63553112099584
0.21875,28.74154290195864
0.223846424797464,11.422414551806362
0.224627395315827,19.839977997412195
0.438856729377713,21.589097920631808
0.363006396588486,23.656004907986055
0.221456344998233,6.854730315650727
0.352762923351159,26.488337420003273
0.35833038556774,27.94394925382702
0.349699752737549,23.940298064751303
0.347941802696948,20.552991041347827
0.307665135994348,10.946520111985505
0.219873150105708,9.43514463805381
0.342736248236953,21.514587836496318
0.252035398230088,25.46969515472412
0.379099099099099,21.500522805409904
0.389713871785585,18.98003926980335
0.351556842867487,28.667017874412302
0.281428571428571,24.45288154491871
0.228329809725159,21.074770931376406
0.35547703180212,18.4516429437575
0.347222222222222,23.403041534625995
0.401034236804565,14.626939771895278
0.236238532110092,11.364770215202405
0.390557939914163,14.459338582533235
0.362442314518992,20.72143697053516
0.380817051509769,21.320112817869184
0.178622159090909,11.973732388073353
0.236027055891776,25.957040581209803
0.34320681092586,21.066418552371086
0.245843650512911,19.48516047019344
0.393333333333333,17.997018495187234
0.217414341222183,12.864925042237772
0.25899814471243,18.93797588386035
0.245997865528282,21.60007582095971
0.253515914137676,9.700261083527307
0.340949660835416,35.17144040769907
0.392434564359986,10.098188501280173
0.381922115041086,14.897203736047569
0.361051883439943,17.276922427939095
0.280028684116171,13.06773880981481
0.346949696753478,14.236682827735269
0.29842744817727,14.574815725896311
0.341983647351582,17.77613904672814
0.349766102914718,20.845580818547877
0.36038612799428,18.75355544578676
0.250447868147617,18.40204185989885
0.337159253945481,19.345100505872722
0.365474900686168,11.982001312267851
0.233440170940171,10.840213277433104
0.348528356066044,16.88256774532124
0.36168691922802,16.094312498412517
0.330697340043134,18.052700600235717
0.216034054629301,11.938314889135627
0.188940092165899,16.324450112129846
0.21579135405502,19.15278489055389
0.245431744894303,14.123567083655654
0.38786231884058,13.550248795782428
0.389490790899242,15.863929869947123
0.396420824295011,21.002251480942242
0.215802735781138,9.005577250877133
0.375994215473608,14.817807714516736
0.394945848375451,11.647209382100964
0.283691756272401,14.646258681805751
0.171824973319104,8.979418280476297
0.291274438812455,16.070417765838158
0.335596854896354,14.63842770510276
0.179016743854649,11.89007919135058
0.233071988595866,15.171288633299048
0.304953000723066,10.998398900326432
0.189353340478742,16.174524739162063
0.137629418064977,13.216678742225966
0.291830181947913,12.153224952236991
0.326712069617858,21.500717386713028
0.347927927927928,24.286284724947198
0.401299169974738,11.389829706557594
0.22444996451384,10.868669305779367
0.309841384282624,12.634820806211097
0.288224637681159,7.259950839324874
0.253480899678686,19.310960565794108
0.25304441260745,17.281988741069622
0.345272206303725,17.06070815100389
0.315433854907539,15.898873024990396
0.292849443047072,9.177208823379505
0.295660036166365,15.149144343761243
0.395010768126346,9.950215064913968
0.193645722399716,18.795692833522313
0.340501792114695,13.307429256256018
0.273445921667266,15.100291269521097
0.230439442658092,16.325179121042133
0.286454610436026,14.2734238550174
0.295602018745494,13.124426868292844
0.403039073806078,10.590353348298477
0.355992844364937,19.628074733714897
0.344206773618538,20.478953541877
0.346858168761221,25.024798732615658
0.264579606440072,12.486996123347858
0.401301518438178,12.671673452921564
0.344018624641834,22.02506227310474
0.37448093620234,16.645772028650242
0.34393063583815,20.432858944766725
0.295845272206304,14.739051445131828
0.340057122456266,9.725444559975001
0.22921146953405,14.62164897798208
0.242918608820366,18.5733458033531
0.350017812611329,14.200668503999129
0.361889367816092,7.228031205280671
0.320158102766798,15.906710628250416
0.240494978479197,13.340969192160795
0.290794223826715,13.85451657895099
0.187455325232309,15.682193178281047
0.222004976892997,14.002536949629508
0.298675733715104,15.508843907918278
0.154435340220876,9.535021595579485
0.147142857142857,41.326268523362316
0.210601209533974,11.640051575020479
0.356068743286788,9.69538482568928
0.350642398286938,8.075439601036246
0.244642857142857,13.141228461687994
0.151671408250356,62.55413512702253
0.401296829971182,12.309661783013215
0.319555717407138,16.794085434061376
0.228653090389425,15.860536502486896
0.389891696750903,14.811143124974192
0.333689839572193,14.62267312613974
0.236412078152753,19.119074654757284
0.33921568627451,13.58857323896916
0.148207312744054,15.78353818550598
0.265569076592699,13.065445441179895
0.243937232524964,16.229553196262913
0.342379583033789,12.994733765531668
0.325614535090844,14.537881009141088
0.356125356125356,16.143540053314183
0.34705248023005,19.364916815954913
0.373168988924616,12.368881531666313
0.3659627773801,9.950183633492284
0.355738291026099,20.198545012032103
0.369395017793594,11.748214707664822
0.356652205350687,16.31733549149983
0.279956027849029,12.409877587128314
0.330003567606136,16.118984118613213
0.215248226950355,15.253506660608016
0.230190032269631,21.734318341795134
0.211190053285968,13.321899829987533
0.236474381941956,11.905189480356476
0.447772096420745,21.46936005993469
0.355300859598854,17.142546454231763
0.21859386152748,11.307761148716377
0.350826743350108,19.15879279180466
0.355385164051355,21.251924721025723
0.340099715099715,17.17491944048775
0.353435934144596,13.949260726785619
0.296045600285002,8.262078250613163
0.21563055062167,11.59771456048747
0.333511205976521,16.375217392390926
0.240621650589496,16.49691468630477
0.391170058139535,15.04084796519185
0.395063985374771,15.944557142503077
0.352468007312614,21.514862062822736
0.281801801801802,18.730223843596953
0.220996441281139,15.751181340132037
0.353171774768353,13.327713166841287
0.352431834929993,16.782131265066585
0.402697841726619,9.278176543325715
0.247505345687812,15.522020786845228
0.392573900504686,10.619685345806094
0.355941302791696,18.25601738704959
0.369090257879656,15.689293147487648
0.15365329512894,4.9888258901219364
0.235294117647059,18.491226631646622
0.348246241947029,15.138400452976908
0.246699964323939,14.322380783248882
0.396507821025828,18.71191483590952
0.209683161267355,14.508241319871335
0.263167725065372,15.188099471309162
0.240946575833632,19.683056707157977
0.249439461883408,13.483559953502784
0.330392509902773,26.81966264939023
0.390173410404624,13.75964331935196
0.386388188692834,16.587321152538834
0.365232974910394,14.148911405068407
0.247332859174964,20.45549172099802
0.397252943275062,16.255708624364384
0.236711552090716,25.936708598265025
0.248027259684362,28.70861242679261
0.25944404846757,26.01800114128414
0.365315638450502,27.239731132504343
0.260621206711889,27.672236731998847
0.278137360661633,19.01355934949029
0.350817923186344,12.320025018159416
0.44663323782235,17.758089972717215
0.260249554367201,20.23789809658247
0.226833631484794,12.161254057352394
0.321213196168854,12.929782676094495
0.308510638297872,19.05052455968895
0.326723829939264,26.899699513773005
0.348512011473647,13.024092596630103
0.293820021684134,13.465898513560449
0.304895608351332,17.736342498372924
0.312207418077062,19.87437777802086
0.310313739632167,13.40060430998113
0.289653929343908,16.96664250844847
0.302555795536357,17.40654679296446
0.169228020014296,17.583541777554164
0.305752840909091,14.794935040245338
0.394010889292196,19.51357102354902
0.233689839572192,14.08159074644189
0.268723252496434,15.982893007143998
0.348414677591735,22.859995307582768
0.201476413395751,13.213039693340303
0.319864720541118,25.268938876377025
0.272840827980014,13.441494735975171
0.199324324324324,11.570327374614022
0.225301659125189,16.678324580396815
0.241732566498922,18.31275114990184
0.3207343412527,12.411695528764772
0.327543424317618,12.330280539592586
0.418680129823296,11.683507367633359
0.392805495300072,13.848246945433354
0.346949696753478,25.271373991510973
0.349016100178891,22.80342917219577
0.240178571428571,13.878859096926009
0.207196029776675,14.659205271953253
0.396873877111031,14.151136017788577
0.406804198335143,15.760773971889556
0.306964285714286,16.333468051773888
0.297345132743363,14.538528283611708
0.237737200143215,20.882376268454156
0.383219547251168,13.303397367749705
0.339413447782546,24.52959797251921
0.391350964974982,19.016459911917305
0.404040404040404,16.528817176569838
0.308468468468468,16.433833210253802
0.251783166904422,28.490578889414945
0.444642221431114,21.34810246129135
0.44546106925009,25.989670385055426
0.15912330719886,17.54180847462597
0.314935064935065,15.364649148510644
0.445060844667144,23.297762879397045
0.280120481927711,17.23338255547145
0.445326596896427,19.029444623623938
0.401610017889088,18.099403791535778
0.251334994660021,16.752496984126015
0.350858369098712,14.60669887152166
0.333810888252149,25.992049165504334
0.251865008880995,12.798882006181534
0.250089573629523,12.115274381670634
0.422565576715774,22.60431616224703
0.361290322580645,11.638051412807691
0.39906103286385,13.633814067104367
0.309217577706324,12.038002501892574
0.33214920071048,15.416221038522632
0.207947255880257,20.837922623380233
0.27583749109052,15.127667971823932
0.272565108811987,41.18286958787892
0.317276928546036,13.335721320666593
0.257051053195287,16.23340589593918
0.256766381766382,13.808132895104986
0.347400284900285,18.711095937845002
0.272840383931745,60.06775537979471
0.312140804597701,11.730377482870406
0.225326560232221,17.49884578885016
0.358645276292335,22.879167470095293
0.314321698452681,13.538161306234556
0.233558478492712,22.22950936036649
0.33386524822695,26.413797703542155
0.241820768136558,14.38028028206256
0.264737215909091,21.59371182573444
0.173440285204991,14.535594198869427
0.356811697574893,24.889266749911847
0.244448424068768,14.206518658308314
0.230305180979418,22.377846218012532
0.253556187766714,18.96952590718649
0.248204022988506,26.912825261844343
0.268422926308295,19.470159337356186
0.275204845030281,17.34625155913842
0.247060919130745,24.462962363867952
0.272549715909091,18.471814312456114
0.245500359971202,21.884583863235868
0.388013196480938,16.33047635143333
0.223033107867569,23.78615447917196
0.319390287132223,14.161420728294152
0.333393049086349,30.296619481818983
0.318181818181818,12.248088471642712
0.336552217453505,19.450381387723755
0.371449380917699,26.96833844525977
0.255460078768349,24.73872020659183
0.324492702029192,12.547629438963243
0.249820531227566,26.816199339242033
0.252401280683031,27.91297795258355
0.230386936457224,24.032684766377002
0.237611408199644,19.91520437483898
0.211237553342816,13.725405422253836
0.321022727272727,12.437580145763336
0.259489180560482,22.377393922820414
0.348625490896109,24.263007250117816
0.292722664735699,22.7299193188374
0.296357012750455,21.501634494784742
0.242706053975201,28.394097118413338
0.374460431654676,25.41593873728157
0.328307910606598,22.649302170924
0.265375044436545,20.42201001085576
0.252386196769457,23.737651972640784
0.319878005023323,11.195928521662697
0.165601703940362,10.706184209115063
0.291082344480403,14.255999277396352
0.248751783166904,21.94608051788851
0.262330235882773,24.341703096386222
0.290714285714286,13.410140470166333
0.337992831541219,23.53620075866411
0.236175526221905,23.47544178761657
0.352406417112299,21.97947058349241
0.314969191736136,18.06219926200786
0.317146922803273,9.673421948447608
0.365607476635514,20.25793475693924
0.351128627731996,25.389137131012028
0.353754202465446,12.388697238426035
0.231790455687119,33.38830329080766
0.305035971223022,13.555098565478554
0.283333333333333,13.959736023106496
0.260178571428571,17.39230270572604
0.416784953867992,19.49566352418122
0.182346723044397,10.289996581028396
0.202207191171235,11.636995427122468
0.209837225760793,10.814238900054306
0.336486968939664,11.860436922836564
0.193496801705757,11.354914797625723
0.293454935622318,10.718933150894125
0.325779036827195,12.641379712802008
0.440527065527066,19.7092082304046
0.257624113475177,13.83984830536092
0.25944404846757,27.498021184636436
0.353770260747005,20.912218109579033
0.344906591469863,16.551877299974848
0.300603693181818,10.930006161002945
0.330835117773019,18.599534389377418
0.319129809421072,20.153604612727797
0.341445955619184,22.02985667316209
0.317628090290219,25.67417070192544
0.356297093649085,16.784845830468235
0.323466092572659,12.441781451989392
0.321748477248298,13.11795789561293
0.248311411304657,17.163530220269866
0.364439731353835,14.048227792326955
0.402958152958153,17.168540288327637
0.196883852691218,18.72128966522525
0.344271018091522,15.215070348481907
0.137119603680113,6.91714293682712
0.244536008599068,16.5846597699171
0.352377572746629,11.832874548385007
0.340078097266596,22.163122016025007
0.264050901378579,15.856127722519894
0.280405405405405,30.9471320791298
0.140541503384396,29.257395363593567
0.343772369362921,16.259076182418642
0.293589292004227,16.439829683488778
0.431948424068768,17.82405483728992
0.393525179856115,14.127825041394003
0.354787234042553,12.113999312559615
0.355464578141687,12.184843257617008
0.142629340892984,20.3523152493
0.249294781382228,20.181594412062292
0.419792783136835,16.206141611180147
0.425612391930836,19.979790965085567
0.341645885286783,11.064464724386278
0.347902714134649,27.586731559729973
0.290643898968339,10.313957953509943
0.4,21.310507218236122
0.316921436189122,10.710578423918651
0.411095305832148,10.453796426209072
0.410426370476532,12.16297254203575
0.355965603726263,13.510646610041523
0.242984014209591,13.611282901699612
0.438981252210824,21.897179251564044
0.442047075606277,26.204994705114924
0.241935483870968,10.67397677922258
0.334770114942529,15.100217464386391
0.446320654105937,22.288054733821358
0.263000374111485,19.362276125711677
0.44113424264178,23.16313428894787
0.411083392729865,11.962827238363161
0.241422002122391,15.751700296152615
0.338680926916221,21.581689708045282
0.25231646471846,12.29335238360797
0.21567243205083,18.904305697071596
0.223370146063413,14.08027991857496
0.421551107934239,10.12300601786342
0.291459074733096,16.13143591509284
0.420466786355476,17.659719726895613
0.333510827121051,23.692742252063155
0.325918079096045,19.21742510678562
0.232389380530973,10.280817804799204
0.333156028368794,13.822374703942973
0.348490230905862,40.03489059733058
0.352067868504772,18.869787991733627
0.251596877217885,11.37087529834729
0.252124645892351,12.012398040722784
0.344845908607864,12.167637182406063
0.342170378225521,62.68901523644623
0.350303679885673,17.150542839282707
0.240687160940325,22.28744122563987
0.294858156028369,8.85545105010298
0.335831548893647,22.611892980053398
0.176917638741605,9.330816715493532
0.310691601976006,12.470253666893747
0.18904593639576,17.452307808008783
0.336395759717315,9.273114193273036
0.235023041474654,14.12750022121856
0.346822861199858,11.77565770862222
0.159074733096085,19.89861286860754
0.229262266148959,9.415992322053159
0.257773851590106,22.460780388853436
0.246255349500713,12.752356276367225
0.241153573956122,10.968402294772503
0.245564229950319,10.550405712411344
0.24078667611623,12.830814827760062
0.234733498058595,12.095152595074078
0.232078853046595,10.170896945314073
0.404814004376368,15.187975731838785
0.182685512367491,8.73600589095636
0.352661261896369,24.237709594907507
0.284774101743152,14.047744281366697
0.351590106007067,20.695013039177628
0.3312566749733,10.03430383576915
0.358357452966715,17.4241835866477
0.235325506937033,11.856587600079644
0.357320099255583,19.920931696006463
0.257932263814617,11.808338390214718
0.26238499646143,12.720079497499084
0.230511463844797,10.96198773722945
0.192484934420418,7.341857026214551
0.247177134791814,15.67960541329441
0.352826855123675,19.671365144887773
0.193053596614951,9.67438691872734
0.322746628814762,13.447170120847403
0.303861421869361,13.221387629507163
0.294277435711699,12.921893397418202
0.201703515766582,14.631631240610695
0.372450805008945,13.225513442617657
0.334334157541505,8.970482386719576
0.224345364472753,7.958509331535296
0.232299270072993,11.665129060357382
0.338209061719586,15.04344585256291
0.247177134791814,23.190867965817148
0.327129563350036,11.198995152779121
0.252218672346468,10.416652870613857
0.250976909413854,9.212251367238382
0.346728307254623,13.876176073074408
0.309914407988588,13.189767506877338
0.192307692307692,10.590310030464583
0.346331088266572,8.687167961179819
0.34018759018759,22.163090023369815
0.348796033994334,23.472891394048045
0.366121234659725,16.491708052499447
0.332145402708482,12.857900338023292
0.347438752783964,17.26374003710559
0.248750892219843,18.804910524113385
0.341275528484414,20.19981398528932
0.302640970735189,22.627636173697834
0.258792184724689,14.674517923228589
0.411452810180276,23.17008307468756
0.402216660707901,25.710046131781585
0.411931818181818,22.69951235131002
0.302213495180293,25.64125623268219
0.405737704918033,24.906780389677532
0.294665234514859,16.528211225847663
0.312943262411348,12.47935537828277
0.29718660968661,13.647000585695906
0.401668441604544,21.266250500247892
0.403461812990721,16.972486454509145
0.284604519774011,11.666311414875345
0.312897526501767,12.006938494694488
0.310344827586207,23.34205605241702
0.30832440157199,11.009900194185512
0.2544080604534,15.460667098356982
0.27626389386877,10.997928075965937
0.266857962697274,15.078599786092726
0.29529960531037,14.20362861427483
0.274982027318476,11.465766443017074
0.259964093357271,12.233722972850678
0.389739935874599,12.29034341385196
0.288998938804386,10.5207641270271
0.165705012621709,12.954692993186255
0.416991841078397,11.00400695786419
0.290528556225612,14.282051642260942
0.312943262411348,21.728671657128018
0.396625987078248,12.012860345474278
0.309769094138543,23.83693151102592
0.293667733902526,11.327964268705596
0.399538516151935,12.84014868183681
0.340549698795181,19.93303003712692
0.411859548548907,20.37927739762489
0.262724014336918,11.166344163741352
0.311992945326279,10.918578980760588
0.189334287759485,17.83173537398805
0.239302409205322,12.406697131234235
0.307815275310835,24.8145258106843
0.310049893086244,25.178656931110464
0.408831908831909,11.891647654465984
0.4022622834924,9.7613861981289
0.186229040313949,14.695825036112252
0.115592365862441,7.268826304395226
0.279065620542083,19.178746670295762
0.275935074100212,15.255141897239676
0.336960399571887,19.533515829079
0.165003563791875,9.024320121957862
0.321301564722617,22.496879444903993
0.161749022396019,17.864874142866242
0.263006817366344,13.291165422491886
0.289709573323772,17.566972813169922
0.412989323843416,26.676424223753145
0.294263456090652,16.04822773149478
0.301034975017844,20.854868524678338
0.391002844950213,17.818131834071725
0.277697841726619,8.646745341489584
0.294410822356711,16.486541163535755
0.323287158367653,11.02247074865204
0.29737504494786,11.963423925922188
0.262923351158645,13.715190066180446
0.398687012065295,13.369103286324222
0.296897289586305,11.675113655669792
0.314662861220121,25.05178563168388
0.408318584070796,10.794147689650057
0.414403145103646,13.218544995708209
0.251072194424589,20.054464985652075
0.283321454027085,10.99044077314154
0.133106413471874,12.823372430660276
0.304973357015986,12.720848648144074
0.313760169791298,11.004168731942011
0.406227758007117,18.666030212825074
0.291563275434243,18.15944316708572
0.300924280127977,43.62182255109272
0.28525980911983,13.239692825455403
0.401671408250356,15.517893746415098
0.396735273243435,14.396281535641595
0.314827953174885,21.05831187527096
0.298053097345133,65.94919633335891
0.256708407871199,12.244894900568815
0.362418537291817,9.91690916860202
0.306382978723404,20.968168702952827
0.288199426111908,8.767715031705414
0.40709219858156,21.354394383985323
0.300919377652051,25.389522860238262
0.417551309271055,12.69071807643416
0.294908062234795,22.375061195456073
0.394699395233013,15.191777656011668
0.312876906704505,23.056341655104685
0.412468738835298,10.314614452459965
0.41646017699115,20.18819803323735
0.394121813031161,11.859268222982816
0.419792783136835,28.10448401307931
0.410365637202698,15.17183736517508
0.404085257548846,18.982121653893437
0.414889836531628,24.42771467219677
0.403893805309735,18.603567614732388
0.414691091954023,21.856995914295034
0.206783369803063,11.42028224986111
0.423855165069223,22.232968240588875
0.286570320761368,14.389668479362896
0.314504632929437,28.17974868401017
0.286042402826855,14.303575779412038
0.315461346633416,19.619223148657163
0.387155297532656,20.794329222608667
0.412655971479501,23.617784131999866
0.28756201275691,11.301470590185023
0.41434191702432,26.154542819444195
0.413713678242381,27.628966865352684
0.412681544456252,23.575937606895312
0.40128068303095,21.02570028871523
0.384656272147413,12.519223456809474
0.28863796753705,13.566131109896558
0.403784931022285,20.834005683794103
0.304154829545455,25.77786326401256
0.355439103722443,21.75420014249128
0.362595419847328,18.741911455831804
0.41557734204793,28.25507307627529
0.298138869005011,24.374548050433383
0.321896002829855,21.000332226107744
0.389262934089298,18.58215404977397
0.410805860805861,23.768063588086033
0.266368515205724,15.49481747274735
0.395147006730429,12.969910091231315
0.28740581270183,14.610248840025145
0.413909640697261,19.66880110645947
0.353506585973656,21.432817028839924
0.289782840868636,13.95832834328234
0.310289389067524,26.38384499871049
0.396478121664888,21.08052906884019
0.302804401845935,19.080765962778873
0.291050162396247,17.64232113952902
0.286827195467422,15.932819688614256
0.297061011904762,19.244492868185354
0.315423063191717,20.554365541079775
0.262569832402235,9.932842891602947
0.422154617036507,35.159809575615995
0.275502873563218,11.629539580771665
0.348495702005731,16.361618394668255
0.405482378070488,18.480383961046858
0.191761363636364,6.20596295752804
0.224028268551237,9.838138547952367
0.32201280227596,9.711334737903123
0.173928444916755,7.353526806623781
0.285739750445633,12.522511919440086
0.303244005641749,18.08705604094704
0.426747073430294,23.060690258142287
0.249823446327684,14.836012496248813
0.223544034090909,32.06334751063743
0.302178496134926,24.583166267942634
0.330874604847208,18.7019166953698
0.288189533239038,7.394300241832435
0.330728241563055,24.08877603407768
0.316589202717197,24.709945680936013
0.323225115947199,23.667324159554457
0.332024277043913,28.512129874416967
0.335,21.547086450852326
0.310468024294391,17.25740993171713
0.319285714285714,17.187490187878172
0.250442791356713,18.5968445321154
0.350299401197605,17.03826673379761
0.400718132854578,18.21337127358792
0.179668196258383,23.84641480832012
0.326861983762796,16.580261646755194
0.286067019400353,9.827942829790048
0.230425455845549,18.982703099295385
0.347241867043847,10.59259533815559
0.329263977353149,26.14884291459627
0.25379188712522,21.327508741685392
0.270583832335329,34.12458569156061
0.234864672364672,34.404956958772615
0.337669280114041,21.04965294438793
0.24008424008424,19.902666554725823
0.418214285714286,21.479285407889382
0.388829215896885,17.16790768923283
0.327744440522414,14.463746106221402
0.32949716713881,14.850094603859926
0.231163777856385,25.74657807205765
0.237100737100737,24.908957046204094
0.40647226173542,19.69025943211479
0.410003585514521,23.91388807987401
0.331205673758865,12.631566388438618
0.340462833099579,31.72565913389995
0.276871230932955,10.944181674514336
0.386039886039886,26.012834092194257
0.320935175345377,9.878933423885872
0.404669260700389,13.77922733227477
0.384944702104888,14.86582219402645
0.341973543081873,15.427294110780856
0.221004243281471,8.306147979812698
0.425925925925926,24.08399282186921
0.427683013503909,28.181836309284808
0.250353107344633,13.618027234327252
0.323855507868383,18.32186616686166
0.42695436858861,24.32340354700901
0.25531914893617,22.71667254797929
0.425965665236052,26.744022669624098
0.385694000709975,16.70877151381345
0.244440522414402,17.618119078776857
0.337238196663117,25.527513355248164
0.304540617240156,11.674308784226955
0.214361140443506,23.021301976769383
0.184453930985414,18.311536539566482
0.418356456776948,10.41010505087982
0.29666430092264,22.5998302633044
0.407904148783977,21.902532500081453
0.331152758132956,27.62642556815941
0.311841180604357,22.820293332660334
0.236386138613861,14.324510251083018
0.335217237725185,15.436373557956912
0.332802547770701,37.51321718439114
0.288657978161324,21.79526585204217
0.24416135881104,15.29453605483
0.244800845964046,15.369340363388535
0.330801836806782,13.519328812970352
0.33409651285664,60.975881862314395
0.335943060498221,21.666447649646738
0.241100323624595,24.99964058977526
0.274267560889516,7.293100249167181
0.332679971489665,26.992842361448503
0.164376321353066,8.675170339697122
0.306258790436006,11.846950079345035
0.190736174709405,21.509679243969426
0.334272631208172,13.624201477269652
0.240374425997881,18.78178066508618
0.335926449787836,7.71662411303426
0.233214920071048,23.188017465492347
0.209961281239,10.508790256672631
0.235935302390999,25.350490689181967
0.219872022751511,13.52237859709309
0.210331452750353,11.468156090765419
0.209409267775027,11.666471502475654
0.215218926553672,15.288782616954729
0.209813577207176,12.46923562078182
0.209360485887817,13.2190941849021
0.379134860050891,18.52318506985945
0.174426807760141,7.224150756638395
0.301088483146067,28.12577697391281
0.298083747338538,11.220704397085202
0.289307069996483,24.08329621372823
0.326780021253985,13.1065486128739
0.348233597692862,16.404898674348136
0.202157764414574,9.874174656085295
0.305506530180021,23.43555774469253
0.246711695698542,12.75516867418329
0.250264177527298,12.432165152153573
0.206338028169014,10.226188740440993
0.214791224345364,10.913002074743176
0.235583684950774,17.744957250797864
0.299612948627727,22.450254432140095
0.17598452883263,11.58213528588333
0.29434628975265,15.484508322131706
0.285662953647143,13.715495404646433
0.27408877661494,14.557976917921481
0.188808664259928,13.60864519818473
0.345729537366548,13.134035954373823
0.307949349278931,11.08835070857631
0.202255109231853,10.606951528219163
0.215768390386016,11.048427697332665
0.324866785079929,18.95160810567503
0.238388458831809,29.01943586029793
0.314306100606493,14.380152740169224
0.233557284299859,12.30364138647503
0.224052426496635,8.079065959704737
0.338053097345133,16.24931388146151
0.307186054784774,17.148490823886046
0.212014134275618,9.789835931612572
0.321390751853159,8.691616329771415
0.333393242271747,24.582616109278064
0.304301833568406,28.794719968773567
0.35880829015544,14.546589311881494
0.310436634717785,15.829369269827625
0.327350111028867,21.848055162449114
0.238264580369844,19.238783406134843
0.320521987844119,22.73340854737571
0.285866856532574,28.055730512171653
0.250442477876106,16.343241271494737
0.185714285714286,8.54546947537514
0.321236076176788,10.013746903927686
0.20766201217329,6.965573187837347
0.285843264716504,15.330610146404064
0.292409123307199,20.65207068782989
0.430830039525692,24.834473378019158
0.247407937075438,16.616030378810034
0.247124370956147,35.07853428478376
0.322202486678508,27.41953319288423
0.341862117981521,20.78588662142045
0.304651162790698,7.0220127957468215
0.328838547285149,26.470675826064898
0.317902350813743,27.901929387861895
0.32701336222463,26.315824044946545
0.326110509209101,30.67489490682445
0.330505415162455,24.58150723315223
0.315846599131693,18.795996403476273
0.318378378378378,19.91352841540878
0.247313753581662,20.702063954848814
0.3459209120057,19.917820256959686
0.397818181818182,20.465321909467647
0.204529243937232,26.687933173122943
0.343995711222302,19.086268330118884
0.299357372367012,11.338871902426945
0.23139450867052,21.852600920420908
0.35816362986781,11.244993208783168
0.323076923076923,29.115609932408674
0.257857142857143,24.009925521574573
0.280695126558368,37.220502625519
0.221462009362622,37.18960494119756
0.335616438356164,23.903509346242384
0.277955271565495,22.455689956688904
0.421271217045865,24.704162602054947
0.387962291515591,20.47514914014407
0.303143979992855,15.173533419899693
0.304698708751793,16.73015168460758
0.216970998925886,28.376837250180557
0.250533807829181,27.283686944588265
0.419093851132686,23.010667390926315
0.410377358490566,26.33282389471886
0.332794540229885,16.196531975661955
0.355595026642984,34.50291092451471
0.278156384505022,13.761969603563085
0.401833872707659,28.67298342964475
0.300214822771214,11.1393675503536
0.40290218559656,16.33803570428752
0.405605786618445,17.066355840079705
0.347849656667871,17.857065715490187
0.223156764495347,8.627879957988164
0.428291116660721,25.714634838819673
0.431573275862069,29.208933916795395
0.24517512508935,15.675587367694321
0.327111272200073,20.547075045615728
0.433464849354376,25.41390100354759
0.267319277108434,24.282394371271206
0.432007233273056,28.731910094700016
0.402762827412989,18.00487003883785
0.247321428571429,20.689605051099228
0.340754039497307,28.333678427762685
0.288020086083214,13.059198958482357
0.196511213955144,25.414180120851885
0.146065397053539,21.421335693241865
0.422370317002882,11.328922298240597
0.300897666068223,25.107490797731415
0.409797541576283,24.700006683659186
0.340128755364807,30.8303065384023
0.309786476868327,25.47902265574188
0.244372990353698,15.456464134356235
0.336607142857143,18.669975634404757
0.340014316392269,37.32239895638964
0.317372730509078,24.908867051263897
0.231305903398927,17.900737319982248
0.230782918149466,18.261372542299135
0.32445477297104,16.138822466475467
0.339921652421652,60.850064051357116
0.337410071942446,24.3217422929421
0.225847612103536,27.77480373022976
0.302678571428571,8.28366311325917
0.328102453102453,29.836736379272388
0.210592011412268,10.122425404492487
0.276769832799715,11.992373265183085
0.207429790259509,24.323426789621035
0.339971550497866,14.503103006037286
0.241323792486583,20.556760118571137
0.333750894774517,9.167564405328262
0.232687477574453,26.1653519335295
0.213319088319088,11.856561618381075
0.229700854700855,28.21531804442276
0.225,14.07177798268195
0.18348787446505,13.838258709106277
0.183975731620271,14.678471696310517
0.199535548410147,15.86298355248746
0.174902239601849,15.808864385477952
0.199674737983376,14.317666720835184
0.364522058823529,21.20619670894264
0.197607997143877,8.544627822910554
0.321441249556266,31.14042697951973
0.317007534983854,10.432732422693254
0.318327402135231,27.255010546399266
0.322592194772646,15.023739284539237
0.353080568720379,16.990987599689706
0.186379928315412,10.770156892714045
0.325249643366619,26.189281181091726
0.237437185929648,13.762484109295412
0.240826505165657,12.455596747451292
0.203413940256046,10.802241736076397
0.20722977809592,12.362591387905846
0.229989327641409,20.635925294544325
0.321047008547009,25.340612541558233
0.207933119886161,12.484996353754237
0.29774678111588,16.877326747577936
0.300545454545455,14.68301726867822
0.291605839416058,15.338482588624005
0.199780861943024,12.94895077090218
0.347998557518933,12.852381415149235
0.313746438746439,11.980408049953715
0.219629497684361,12.179039864552953
0.230187983781791,12.36943551339842
0.331115107913669,22.085403492536003
0.236729604560028,31.718047841820844
0.328395953757225,17.583190069903765
0.206933523945675,13.164719220464402
0.201682176091625,9.392407700341511
0.338882921589688,19.395898129037825
0.30820439006837,18.94266706199255
0.205398641401502,11.857819872589046
0.305575411007863,10.322257466927642
0.339149400218102,27.85920555727285
0.329233511586453,31.72806869253473
0.350393700787402,16.99027122217166
0.302154398563734,16.371060979518447
0.332834144515163,24.312607118239224
0.231641468682505,17.941611387524016
0.326770231213873,26.063661773420147
0.302049622437972,31.19087973493483
0.2486554320545,18.451144454346434
0.332857142857143,11.215563903761547
0.223487544483986,9.566014129909373
0.289426523297491,13.210842949917868
0.282955350815025,18.246193088496852
0.428622412562455,20.081244530474347
0.242730496453901,13.287542095430389
0.263120314173509,31.98546581920047
0.351112681031438,24.085573878890678
0.342337570621469,17.652870645527802
0.309921763869132,7.231146076353798
0.327197998570407,22.73513883602473
0.323550594166367,26.386452801017246
0.333452722063037,22.893192509518272
0.322262118491921,25.92191446795127
0.341178584261588,23.102636645088065
0.317300789662599,15.831648549847843
0.320531227566403,18.424197960034046
0.25951618641053,17.664550908209804
0.362044570215776,18.135898432163962
0.40643063583815,17.266280321932086
0.213094393186657,24.685456947971378
0.354580965909091,17.12579352920871
0.313009571074087,12.24779175466453
0.254039497307002,18.66171447213862
0.368252840909091,11.229350939886263
0.347547974413646,26.234799001121143
0.287056737588652,21.985098192634034
0.292278719397363,34.4332156062327
0.251430615164521,35.60268944436384
0.333094555873925,21.949265011891946
0.297669491525424,19.19863295140856
0.431312769010043,24.007395719120048
0.399171768095067,18.458484454331366
0.289267945984364,14.398689106911428
0.291844729344729,17.31142938056598
0.245111980092428,26.47449535553261
0.262544169611307,23.298190724636235
0.42310443490701,21.310201440240405
0.414141414141414,22.425200966651268
0.333333333333333,15.05717763021648
0.359386026817219,31.7269357516259
0.28731742073388,13.347603042415123
0.404898105112621,25.230719899459515
0.294379224475276,10.39462581093717
0.403059409462825,17.072168383044374
0.401939655172414,15.007484117430176
0.342067480258435,15.531709012343756
0.204900568181818,12.202615818326526
0.425761871013466,20.244376951492743
0.430535714285714,23.619453142596715
0.264570007107321,14.547859436575836
0.332793959007551,17.80932111701706
0.435696473102957,20.068794956930102
0.277777777777778,20.792120528644784
0.431573275862069,24.113839592670217
0.399678686183506,14.680238403370856
0.254075124025514,18.537463251791912
0.345110635260528,25.167065427348792
0.309914407988588,13.008246600714353
0.198797311637779,22.458139067940703
0.198500535523027,19.40967505244323
0.422898032200358,9.481191303605044
0.310695187165775,23.004468164081533
0.41558908045977,23.38429869271654
0.33896196231781,28.641453187981185
0.310045985143261,21.754029195041884
0.24680170575693,13.402819549196458
0.360716820440028,18.69218904176368
0.352365706154393,37.83991818380562
0.348956490979837,22.068289901958593
0.22228144989339,16.433559554389905
0.222872340425532,16.570494241098483
0.307951721689741,16.19645388403351
0.34714842366277,61.787740754347794
0.343000358037952,21.856997306063846
0.251988430947216,24.190076319906336
0.31629392971246,8.717235668137791
0.326048011465425,26.65722037812586
0.221099290780142,9.330049787099085
0.285588131402331,11.594128118284107
0.21001415428167,21.923454568021814
0.358103326256192,14.830684066116063
0.268218983291859,17.558168937247668
0.309659090909091,9.987225639216737
0.240819964349376,23.2432243095425
0.212769720551822,11.83658979960912
0.228687654757694,25.37957619157605
0.224267333809864,15.714674312386684
0.17859673990078,10.363247521928178
0.187078452254171,13.6520526299758
0.202980837473385,14.989639186333594
0.178748231966054,13.337127152252442
0.200538599640934,13.227669265947211
0.388340643274854,18.023807128407537
0.207018787663949,11.239339199177827
0.351146384479718,28.567792718874326
0.320142602495544,13.760649948690418
0.349610757254069,23.89707573748975
0.305980776076896,14.08134066736115
0.359267319550236,12.262404530478301
0.186365254538982,12.088930469850332
0.354684173172463,22.654977007091606
0.212959657265262,14.100372297450415
0.216335931963147,13.052936688163784
0.195652173913043,11.221136226534291
0.224946695095949,12.758019077104494
0.248938428874735,18.002740479031317
0.350548284400425,22.653210961244074
0.221986567691764,14.442398058703134
0.308677098150782,16.735733269952004
0.31283808150018,12.527769291320595
0.301811594202899,11.574802712815156
0.19466618287373,13.247363584511742
0.347997138769671,10.874199476184247
0.308100459851433,11.296554258283917
0.225247524752475,10.755217095700143
0.241208791208791,15.534699052287092
0.329699785561115,21.255787725670096
0.266100495399858,28.45140802002385
0.335783434922911,17.145234593580778
0.169741042923022,14.358299602090325
0.220818505338078,9.530643504845235
0.356532573869704,17.174100561889517
0.312365975696926,19.680646368758815
0.223030518097942,12.570721881684312
0.310149041873669,8.4550302447924
0.341705818576075,27.917270566462264
0.34822695035461,29.35271739893646
0.346497764530551,15.992527718426265
0.304851944345344,14.16292342733116
0.334512285927029,20.85035910105839
0.240886347390994,20.209542878784255
0.333572453371593,22.92787953996398
0.300679299249196,29.469121491911945
0.245199146514936,15.246557827623747
0.342821339061941,10.273968275682552
0.360700108264165,14.785617060327297
0.191978609625668,20.8144218445139
0.345285048404446,23.676201546962144
0.324821428571429,14.304762617480465
0.360172537742631,34.15200372561808
0.241214057507987,27.116645433704015
0.23722498225692,20.788850445074043
0.206754824874911,10.390680642809949
0.222481176048763,24.617128203302787
0.394965592176748,26.890552384450693
0.404976559682654,26.757082793464313
0.402602096132996,29.754152191532068
0.239357864357864,23.298741600179717
0.400759219088937,19.666371970266077
0.400036153289949,18.923426656902993
0.35154011461318,21.747842044995558
0.249021700462469,19.925456149745845
0.303629764065336,21.255227599784774
0.32399143163156,25.874512599079186
0.245632798573975,19.743695902711192
0.225507659422871,11.847922089283278
0.339891696750902,20.83471349812334
0.266773733047823,7.23838761098844
0.248037116345468,28.51279119993745
0.367142857142857,22.25221383678211
0.372778827977316,35.79339439288577
0.355599567879006,36.93652450379892
0.416696718355572,23.431343874892846
0.206205673758865,21.465381157357967
0.318804034582133,23.56060904935809
0.28739587106121,19.279985208989192
0.23509460906819,11.548323572474454
0.232712289501971,13.23325717002895
0.354457572502685,28.451493913281638
0.350817923186344,26.69540689327928
0.311063218390805,21.831437776553372
0.305434782608696,25.624322521371695
0.416157989228007,14.743074872287755
0.244945015963107,34.37014086114189
0.375852170792967,13.02686796227676
0.282913669064748,28.191902369921422
0.201500535905681,8.11698925326227
0.294170243204578,17.319789343635023
0.290869722121978,16.192535201460764
0.423924828333936,15.431186103479911
0.315968492660222,8.123610072249859
0.342892768079801,25.26773849344773
0.345822875582646,28.321199075896356
0.352625937834941,14.031001491551455
0.412925416364953,20.90197184448705
0.340844062947067,25.591057245058106
0.372031662269129,23.910218503082067
0.342038904899135,28.777409617149686
0.291875447387258,18.428088226441254
0.342255531763026,20.894802486230528
0.235019734481521,28.25039099890334
0.226604517748297,9.400937723112527
0.329355183469897,24.963370527078173
0.313803019410496,20.005492946099967
0.318247126436782,9.763042753422132
0.228673835125448,24.480461748724746
0.310313739632167,24.094913352123633
0.248304177079614,29.409518545595052
0.203591749644381,24.88153882211857
0.35778175313059,14.138058609998932
0.247060919130745,17.82793718775842
0.246609564596717,39.90026086307505
0.23365316275764,24.11509114283698
0.326242402574187,15.446816359535203
0.32174688057041,16.904836466817514
0.196683309557775,14.661978994646427
0.242354196301565,62.722286834376874
0.420446364290857,23.89862341724304
0.359898107714702,28.19284812516896
0.23598714744734,11.826837055241235
0.412941600576784,29.14521493123449
0.345454545454545,10.338676346278804
0.204432624113475,8.009966837795014
0.326683291770574,24.297513053668165
0.24688501245995,11.991625834951254
0.359263233190272,18.243698483911782
0.208675473045341,7.5681556397147505
0.346153846153846,25.583709228764096
0.309676271789399,11.352453945204818
0.327991452991453,28.386590041940256
0.325422509888529,10.140056989864599
0.325955016065691,14.222293003302768
0.330708661417323,13.255016195234935
0.332499106185198,12.410821693684987
0.326388888888889,14.01397071379807
0.325325144508671,10.91500563450715
0.278775659824047,19.28730017454114
0.318214285714286,11.829804945773867
0.239091876551969,31.21729649454285
0.234872896527032,10.799667122611305
0.233297796730633,25.487367890633973
0.184238741958542,12.547821811781041
0.440167821962787,17.30282655555878
0.322285919025439,11.199476011932395
0.23921568627451,25.894878159868092
0.323212360761768,9.398443789833069
0.326566951566952,7.362165025212338
0.308718861209964,8.511797454590164
0.32796276405299,12.833235571458841
0.343304843304843,19.28128344291107
0.238272921108742,25.1221675683267
0.340319715808171,14.989391885125555
0.215126650017838,11.732111517332333
0.390846349436978,12.949945268726472
0.391590493601462,13.418416113507401
0.313983205549471,7.89749331120354
0.261159107271418,9.558827052703005
0.209992887624467,11.890593543726537
0.336360398860399,12.317532306412053
0.244383057090239,14.817811388354528
0.415617128463476,21.09984549408729
0.354597291518175,30.381360642808477
0.408516780945507,17.891566347283298
0.318311874105865,16.42353267175337
0.344790547798067,9.851632037880627
0.252057245080501,18.00920832174917
0.213850017940438,15.443651923969467
0.322246065808298,11.877494013460277
0.217011412268188,10.205170623689453
0.418545454545455,28.371118015508213
0.23834934187122,30.57847766696926
0.247380239520958,16.71780187883166
0.230824372759857,14.322256902469787
0.235877291432847,23.75905986579738
0.308992805755396,14.46812521789952
0.405156869816084,25.229748314928948
0.360871130309575,30.07564794010087
0.326234788833214,17.750483264909317
0.291726618705036,15.345352636503726
0.333274084607181,20.401332750379844
0.428187679083095,24.02832041725507
0.258823529411765,15.404876837391129
0.22439111747851,33.98832888383054
0.295293701344657,26.34523362030556
0.323477337110482,21.618823642124855
0.31591152336782,5.54961514169044
0.337513436044429,25.86321565923977
0.317870036101083,27.177038957763482
0.322262118491921,26.47445565837761
0.318165467625899,31.269760958947774
0.310499820208558,22.59152745661735
0.305685498380712,19.06456872039471
0.311599423631124,18.615461126267476
0.239728474455163,19.438573538284103
0.352450284090909,19.035311364272623
0.389130434782609,20.75162447401687
0.20821479374111,25.51950238146951
0.342582710779082,16.76408021987469
0.297191610380377,9.988533963496131
0.242713206189277,21.734061782320484
0.34141990724224,11.484026161554883
0.326443335709195,28.4574453953719
0.249466950959488,24.071807047464993
0.268448795180723,37.21110643551992
0.233836206896552,37.32783543634873
0.33016157989228,23.413535671402695
0.27618542108988,22.68900464876364
0.417386609071274,23.82024255405389
0.368135838150289,19.166921240123465
0.342358389739936,16.922162792855723
0.345012513407222,17.770200178459763
0.220855614973262,28.061394557012356
0.238221749911442,27.151024771478305
0.405667144906743,20.90707610530613
0.409764918625678,25.14815630468458
0.326716738197425,15.317672850084266
0.344125973106865,33.101851638905465
0.270125223613596,13.715206216092978
0.390305206463196,28.05938673813979
0.320357142857143,8.837275055948268
0.395967166309779,15.765708038670349
0.40176322418136,17.496822319906375
0.342939481268012,17.08280392274825
0.241705315733143,9.152230144399514
0.426360725720384,25.251713494025317
0.423737916219119,29.341769904895354
0.238519045923816,15.302380368437571
0.324431613136052,19.937309439985103
0.428699070764832,25.216359321631646
0.253012048192771,23.678178463554822
0.422702702702703,28.85841597673394
0.399606299212598,16.79319487168688
0.24269943019943,19.178268987004145
0.336672629695886,26.961731291746
0.318360773085183,14.611487431074062
0.219226676126286,24.78524235908588
0.22258064516129,19.368876405347823
0.411406025824964,12.92385924832698
0.297461565963532,24.564699632980293
0.404075009015507,24.388461556687584
0.320014270424545,30.023380933545226
0.333392476933996,25.560328425647
0.223548272176701,13.835776722376124
0.331018518518518,19.205579458003033
0.330840455840456,38.67448849422639
0.289314873979411,25.2324565867565
0.245986443096682,16.320808237256763
0.246983676366217,17.19620144718876
0.352742165242165,17.73485803051692
0.330373001776199,62.00655531431272
0.335306781485468,23.89984923488577
0.255531374682626,27.210575438240006
0.116915422885572,6.9769626440915635
0.328427853553482,28.90736306013518
0.152096659559346,8.19847894039638
0.312898653437279,11.16661660218972
0.203480113636364,23.967440309094968
0.343039772727273,13.768501471849993
0.234402852049911,20.823793108315854
0.351924447612259,10.452939220985305
0.225125268432355,25.75728989378814
0.231287690670451,9.705781656038702
0.24015608371763,27.381146888445112
0.240494978479197,11.330007828593017
0.246619217081851,14.158286937904782
0.222696549270722,14.029347944616378
0.221767011043819,14.475063630283834
0.231382978723404,15.938746732875845
0.237391930835735,12.151050610311422
0.381318681318681,21.55567380156575
0.180120910384068,7.291820027185678
0.293316831683168,29.89579353993261
0.292783136834584,7.401530830603825
0.289184397163121,27.40247945653443
0.332380271622588,12.70874241642669
0.360596146855689,16.6451003573932
0.21476988940421,8.267852750429443
0.297119487908962,25.134141148135672
0.255014326647565,10.93134082478909
0.255599004621401,12.7742091639592
0.235982966643009,9.148619860307106
0.227353780313837,10.69263499183811
0.213373536715147,19.411094447958376
0.292583392476934,24.994483073063282
0.0045887751500176,11.298879481980286
0.307774607703281,13.81806885723658
0.30756698044895,11.02562429989994
0.297562750090942,15.275296315431914
0.220320466132556,12.44934314036885
0.374685364976627,12.294887983952727
0.330613692798865,9.87009738874991
0.230919417820376,10.025491833931493
0.155412844036697,10.986741097624543
0.328438395415473,20.782249942915538
0.224468085106383,30.321480529206728
0.311330935251799,16.929555443772557
0.237908961593172,15.2168700678572
0.250356887937188,7.001561171422552
0.347927090779128,18.562372264217764
0.309165771571787,19.29602069385542
0.224537037037037,9.289246576751427
0.331908831908832,8.891337458325197
0.327480086893555,27.896876689794873
0.290110281038776,30.381787133749608
0.362668161434978,16.65914136667777
0.332379248658318,17.191245876966974
0.336944340679866,24.030140271948888
0.243461125044787,16.81097167288348
0.320452911574407,26.00201027253215
0.301219949766774,30.212064608558645
0.260970388869069,18.67342159355419
0.362285100286533,11.760139949058807
0.415645277577505,16.84370937029417
0.287455197132616,15.537694145096458
0.284684684684685,23.926425617005414
0.367332382310984,17.125214227317322
0.373171601855155,13.575266049051253
0.367409270571326,13.707047125038853
0.372746935832733,16.85437511258933
0.235859318346628,16.707845681534778
0.24367774566474,17.283090911068676
0.249638989169675,20.30553190876227
0.37436456063907,14.848408895261956
0.244030390738061,12.068105195228028
0.239248283339357,9.83311665135758
0.283045977011494,14.198148957630172
0.362173757597426,10.014926872433636
0.330721574344023,13.153181399518528
0.275466284074605,16.03572274289657
0.374775744528167,13.767761217389284
0.37804441260745,11.1608346185136
0.275661951396445,13.269664948721097
0.37078248384781,14.1756452168536
0.367324955116697,17.929897428102812
0.280444126074499,14.160120126340448
0.257213363705391,25.00573185044454
0.290899241603467,26.406508158672196
0.240151788941091,12.897832914181611
0.359458496615604,12.594842755806761
0.334360275462124,15.487002802519857
0.363240101707228,10.653530872199584
0.376390383925368,14.4195289624568
0.377249820014399,14.942225229485022
0.288972701149425,18.248223350435822
0.285943631823047,16.83039524690304
0.335616438356164,13.839308472955585
0.323818181818182,17.02231229535144
0.241199712643678,10.035681292878587
0.365562678062678,23.95510996781591
0.264928057553957,5.898586125878365
0.326353790613718,17.76959952552494
0.359324469996407,13.160068499593267
0.325618945102261,11.540498308744231
0.377173913043478,11.286224196291352
0.25054347826087,11.103069506892643
0.283147682357168,14.494781406147606
0.41168040128986,19.226923086817198
0.414259927797834,24.150543042837388
0.286661885980638,11.964587829421326
0.241835994194485,12.67138093276721
0.414748201438849,19.88752155984198
0.261724659606657,17.21201773682197
0.412341197822142,19.883713902593424
0.373828406633021,12.40701088129636
0.294949856733524,12.12491690018568
0.38018018018018,17.619388065093318
0.369690424766019,13.268973389680845
0.2825,14.50559020878114
0.278058462648863,12.10394083495563
0.377167630057804,11.212052148788018
0.367207207207207,15.497046670926721
0.314290895901342,14.193522993343745
0.372936109117014,19.31891396818601
0.368035714285714,13.78434616813457
0.285816876122083,12.293140421711758
0.365281261196704,11.808152029329182
0.37603305785124,40.191532590586014
0.364221824686941,14.82762278893593
0.286970567121321,10.345180745512229
0.287759484609878,9.886795058300116
0.368232341340982,11.578935307563073
0.374463519313305,62.98836063724171
0.243418680129823,14.351638166599674
0.265875912408759,18.086662009191866
0.37755467909645,12.428992413707201
0.251897361763643,18.7897105806124
0.278632784538296,12.611483576655607
0.377853067047076,15.030915865803903
0.284871244635193,13.254768504964304
0.375178826895565,13.839201389407679
0.278715003589375,13.68451622091828
0.375044818931517,12.710054311363011
0.298773891092679,14.887078154878798
0.242591931453052,10.766892981874154
0.284948158741509,17.769677739147156
0.256586070010826,17.474517162674896
0.294370742201506,8.745529549117085
0.298601147776184,8.7970950949594
0.281048097631012,17.331600738017386
0.297249017506252,7.734022378662219
0.283121597096189,14.208374962922246
0.33585392843969,12.313639966303015
0.299498746867168,12.910129125599996
0.367426942266572,20.344427593547465
0.381801801801802,17.97550394240763
0.364464285714286,16.829799816585282
0.352485590778098,12.834554110571121
0.344493230881815,15.390815788112363
0.301652892561983,13.057156457979293
0.371997131588383,16.755730168196273
0.279740447007931,15.581203399139843
0.279427549194991,16.877905579041542
0.279742765273312,14.002443554930554
0.302296376031575,12.430061007433148
0.283619456366238,11.421872189663443
0.367988567345481,16.517583398463884
0.292142857142857,14.265304502024335
0.381371141421393,16.842392433137
0.27745348412988,15.545567893920262
0.274807762724277,13.317477104400108
0.287756598240469,18.266568192199294
0.369533791109505,16.37138900525504
0.3383874420264,12.36366285869219
0.266273247496423,10.490093132249859
0.293084319526627,14.712067087545426
0.241167988464311,13.96584427641541
0.285867237687366,20.813381163299596
0.241772151898734,11.056626545938034
0.292669780812073,14.108467519015583
0.274245689655172,11.2388309506374
0.367900790797987,11.055289082921805
0.371619184998197,16.773185179483015
0.301003944065973,11.278080118129003
0.378451057726784,10.074899054773628
0.252819206984358,19.567239860387538
0.368468146027201,20.975518104217997
0.383414817600602,14.37788147028059
0.367482895210659,14.144170810335837
0.362490594431904,14.739409126482073
0.198916967509025,24.74238169241775
0.244122965641953,14.16512585848498
0.271727371078255,19.767690939383407
0.291277817659727,11.967614247013715
0.348700605197579,14.95828669410136
0.308073654390935,17.639337197610473
0.359358288770053,18.038137298774966
0.246565692145121,12.845385872972065
0.228858350951374,12.510196737031228
0.205600850762141,19.607243719796934
0.219729344729345,11.577737386869076
0.407473948975925,11.983447136136434
0.409155937052933,15.405780444528883
0.414454806312769,18.390583871433666
0.228950197061985,11.062506456175852
0.409645034062388,9.283527172688341
0.411437791323055,10.860085771226016
0.348845470692718,14.222126642156171
0.238078417520311,8.571018229266487
0.30803893294881,14.4691466446087
0.309667138810198,10.793439693993399
0.249911441728657,13.442089730891395
0.210544939844303,15.272316862706186
0.306492109038737,10.773200683697926
0.258858965272856,19.475786237917795
0.231123714994683,12.92118709125503
0.353524619199433,7.995019827936608
0.379368658399098,20.667180353451144
0.346869409660107,19.442700936110842
0.415384615384615,7.843168524871272
0.191088411412469,9.36696926684367
0.323729420186113,12.962958298670022
0.282991729593671,10.029478409847025
0.182252922422954,18.822125262035247
0.18259325044405,17.380100294282812
0.342039800995025,10.803219632763811
0.352401129943503,12.832400627805477
0.312566940378436,12.251715686299224
0.319798778296802,13.257453550676876
0.41767640769779,11.965561552998457
0.253783878915875,18.710302937679952
0.384793447293447,13.830560796317767
0.301677972152803,12.37418171827104
0.177785663591199,18.346069548138786
0.309659090909091,11.252297978498309
0.285535266738274,11.16726176500958
0.428724928366762,14.171660216253636
0.270515097690941,22.266763552011234
0.343119915104351,18.344476092965095
0.347291518175339,23.31095006616948
0.345703125,12.110418897182676
0.410463861920173,9.212699894869772
0.346235795454545,19.23841842682434
0.362088323353293,13.747498151760306
0.345395915442494,16.07792615884028
0.283908864364543,11.965523858773079
0.341359773371105,12.07381488189608
0.231945926716471,13.695568095467085
0.207473309608541,19.391198931080186
0.313957597173145,10.766518273496295
0.296752319771592,8.95366094784261
0.332798001427552,15.46249653972752
0.206049822064057,7.2165645678059605
0.303833751343604,10.800220961800433
0.234918381831086,14.434229562417144
0.188669255206495,10.439406425878593
0.34597660404112,14.218787452603335
0.239384288747346,11.737504116808122
0.232990786676116,40.45510012048845
0.237649964714185,12.13454170887793
0.326998223801066,11.590516035974325
0.323071479122435,9.727039116162194
0.179659815733522,13.210329536278605
0.230144722908577,61.899679498770574
0.426428571428571,8.038419605056585
0.338330924855491,15.174974785779517
0.226645435244161,15.419488845322215
0.408944543828265,13.138058618923129
0.334041047416844,15.897413852595664
0.194111424541608,20.526783092888973
0.302403676210675,10.058946673530766
0.233580508474576,15.210561316831791
0.349023090586146,10.962894345626506
0.205141843971631,18.58548989082941
0.344151212553495,11.19153879590221
0.305967514124294,16.14370775469476
0.313250883392226,15.401692866142133
0.300321199143469,21.98656648042087
0.289893617021277,12.313053381622233
0.293335696561503,12.27752239422974
0.301452355650018,19.95376687040761
0.303356890459364,13.43992995610926
0.29881762809029,17.322270873140152
0.270742358078603,10.707485876609113
0.302267895109851,15.97211840246202
0.244452271926735,15.75978672458992
0.21647100675916,23.958195861140034
0.239153439153439,13.29304158633012
0.190518465909091,14.304210813412192
0.443437273386512,20.639222728382055
0.280761024182077,19.07435894551433
0.244692144373673,12.510446903550863
0.278332145402708,21.086262144823753
0.276362349610757,22.097181065150938
0.246376811594203,18.84635356684344
0.290408525754885,13.923217108194988
0.340756451042771,11.629756735601509
0.242675608895164,12.146587971930629
0.332333215672432,14.845075256667187
0.208540042523033,20.242666320838733
0.398702235039654,19.329668404368416
0.394965592176748,16.367503143890474
0.282088469905729,23.294746644465807
0.256795422031474,20.737468506574338
0.200634696755994,16.70318857907738
0.307923593915812,13.942381154160946
0.320840950639854,17.36068852998639
0.415387361656551,10.532479883595215
0.346480367881146,13.463357980560149
0.425170068027211,9.437806394888817
0.278467541681447,13.648744741455921
0.321022727272727,17.085448966463424
0.239716312056738,10.010200050975048
0.18814524741901,18.430884601989302
0.285587504437345,17.066163150732407
0.198336871903751,15.066656008801866
0.419704077950198,14.866952615414366
0.240799716914367,14.028246087740502
0.235326894502229,17.263930694023934
0.198899929027679,17.555757280232417
0.224035608308605,10.366589449446055
0.318392857142857,28.669353996723995
0.408895265423243,11.827855911152524
0.35362370581935,13.793818395481638
0.31101243339254,13.230851936075586
0.404676901106748,16.557746968807702
0.431875224094658,20.33545643327414
0.349645390070922,16.009504119396574
0.353118355776045,13.951968687114098
0.348392857142857,21.856921731352454
0.341935483870968,12.274512115336618
0.386117136659436,21.82704298545624
0.395893371757925,16.131697680427518
0.364440433212996,12.811929860680603
0.352125360230548,19.515433724302763
0.378475984109787,13.232266175852759
0.385822510822511,16.549379723146576
0.428316052913836,15.280405394651465
0.363264580369844,15.570110137040897
0.283128167994207,15.076064717878252
0.441910192444761,17.233386212137916
0.348360655737705,15.806020450157373
0.355005343783399,22.935006574849996
0.437545126353791,12.024237215418342
0.348392857142857,22.18784327187274
0.349803781662504,18.37041897514119
0.448626471637531,15.875269481391483
0.427300265051117,21.911804063902373
0.445804825351098,27.069261693229368
0.365994236311239,16.756084664542456
0.347463639588507,11.448986402229838
0.298956083513319,19.52711999320179
0.315370705244123,17.396733051528567
0.331432644333571,23.0808320769837
0.331545064377682,25.1093997174323
0.444722719141324,19.10499061741279
0.439943141435679,13.83653879024811
0.318736539842068,20.38673198908897
0.295726186164433,12.614400978708801
0.40089605734767,18.53823157656179
0.339595887982985,21.949012058902724
0.416845878136201,20.025941423593995
0.292534099066762,16.384689677301242
0.344778254649499,21.320592795657767
0.297533952823445,21.140526122762186
0.211095100864553,13.758165425528444
0.399891774891775,15.118632509982863
0.420600858369099,25.445369162376238
0.0207299787384834,6.812101085262577
0.0243378668575519,11.896728054408923
0.438793718772305,17.240817869307154
0.399530177087098,13.175178266771335
0.0281539558089807,9.049706437398985
0.402526395173454,8.550403882588988
0.0253597122302158,9.845408699064915
0.214438884917798,14.60359398225438
0.427476835352815,18.585999425541868
0.34031507339778,18.094538167715953
0.355810616929699,23.728977070631522
0.428012797724849,12.178830636410655
0.435478073328541,15.757864542090068
0.191741472172352,17.69253918955538
0.334408602150538,15.759431721513264
0.298811239193084,17.15882344047734
0.349518029275259,17.662567499317536
0.346891651865009,15.445369371202725
0.436204431736955,17.171536768875715
0.356582233321441,20.38961376349348
0.347430406852248,39.196625876858995
0.354551920341394,16.479157770909453
0.425277082588488,15.05770241207053
0.419843249020306,15.375239025118006
0.335589597434984,21.45897227463816
0.348560255954497,61.135624424885194
0.398527298850575,14.314036670042574
0.421579330422125,17.434589618483816
0.343014967925873,20.0355222429169
0.400144196106705,16.954722966134042
0.427807486631016,19.452476166034046
0.352325168619098,22.17047781580507
0.437878248487006,18.61849283782332
0.359225026661927,21.99274361222918
0.441902037897748,12.58138365528595
0.336007130124777,21.776099701626976
0.436399568810636,17.218083222466504
0.436922530206112,19.435066151264635
0.418146306818182,20.465599796635317
0.443067528735632,27.121248294998942
0.427934356047092,15.559915994440514
0.419078242229368,17.9253274187098
0.429004637887977,21.231722662239864
0.425142247510669,16.34213263382189
0.442397977609245,19.806809135992015
0.317565089842318,13.895524464925595
0.44361170592434,22.47690845548372
0.352284803400638,21.240478166922273
0.348121645796064,27.041712060757725
0.355492356914326,16.060816107306938
0.351288475304223,19.080417519949677
0.195193008011653,15.214719632679364
0.434121016827784,21.364809444728174
0.352406417112299,14.432913927687485
0.428340517241379,25.531001148774386
0.431801994301994,25.336039847496085
0.432076813655761,21.258106388112967
0.440271816881259,19.84512544648385
0.443574225703097,12.998522470702559
0.353641207815275,15.886906696831025
0.427149964463397,21.189352926109056
0.339457723867285,24.357604365262116
0.344896476571013,19.58553421993725
0.350273224043716,14.188120547377238
0.440619307832423,24.610827477137157
0.279036317871269,20.51837379155519
0.358641536273115,19.423036272610407
0.405270655270655,18.157757951430703
0.436467131839883,25.03727065328459
0.364729099390025,17.544647782030683
0.43914590747331,16.88408924396849
0.404719020172911,17.109293484466
0.427779764032892,19.89332242648266
0.425196850393701,21.15953161731655
0.356122813280971,15.53286259923596
0.344456404736276,27.173899120323
0.438348820586133,21.47343914957499
0.345879414912594,17.22012375797893
0.394010889292196,24.460083649006357
0.348522605909576,20.187822302175018
0.296904140246177,16.12241731811409
0.344734957020057,19.888719615632827
0.324122479462285,12.168806167841385
0.454529115744069,32.15794071067189
0.396352473817263,13.335420044252317
0.408372260150916,22.92932117851678
0.406831187410587,12.281743953008597
0.273537803138374,27.513675353553584
0.369266055045872,22.085611607217746
0.351871468926554,17.506477862003635
0.337010676156584,13.489162447679224
0.240806854694752,18.981440913124736
0.316007194244604,24.81057750908668
0.319110792398709,21.847208514629276
0.319748653500898,23.583336290265358
0.352909482758621,21.343711473400248
0.318850987432675,15.654995381266161
0.315912356321839,18.87564726062969
0.265385983635717,16.760059053667778
0.355980184005662,18.175147658312255
0.399638989169675,17.67463705922275
0.251063829787234,22.710561735805662
0.348420305289315,14.049438911165447
0.353723404255319,16.446319578985076
0.211903908210828,14.39825456603082
0.367448471926084,13.802046496270968
0.362148701529705,24.822937472153892
0.265508684863524,19.012821408704585
0.28678961234475,30.077098526680327
0.250895415472779,32.83179576061773
0.333990677662245,20.68034245265972
0.345338983050847,16.310933259956627
0.41857962697274,18.87006555218136
0.37963963963964,17.563259504007657
0.323038693645722,16.727342544437736
0.324430199430199,17.756466998993798
0.249199003203987,24.636272574215095
0.25751148815836,21.326524971994
0.404361816231677,19.73416578869076
0.412103746397695,20.187442507305082
0.322511594719943,12.704317546966989
0.353387438249824,28.62970966080475
0.293269230769231,16.332129383553518
0.385949231319271,23.298521533403058
0.30323498044792,12.395999841138108
0.392819054390331,18.1824561715177
0.373431337396916,12.481692608605117
0.338177251524937,11.170343174323017
0.191270404542229,16.246721504028468
0.401098901098901,16.997540714682298
0.403605855051767,20.91507181932491
0.261904761904762,12.295210019476496
0.320194384449244,17.163237476705053
0.404058383766465,18.712930756322162
0.278424015009381,17.630660342413808
0.40218951902369,21.93564844512438
0.372681883024251,15.004969287085446
0.255145493257629,19.267093235866312
0.348625490896109,24.075525330484762
0.338508208422555,16.049015022055812
0.231612446958982,19.67629854882799
0.24205073240443,16.678308886904265
0.406652360515021,12.13544599438051
0.339578872234119,20.624966807073367
0.406688241639698,20.661157998973703
0.345238095238095,24.096889972607425
0.329091551785083,21.913059752088614
0.252930728241563,13.975626553806418
0.355445193330968,17.00589126105207
0.357168267520455,32.70138641309226
0.363941967445152,19.550920331413824
0.175718849840256,13.877745878947362
0.175221238938053,13.895442528596275
0.291089811856585,15.977363243553503
0.3546388101983,55.59875159398362
0.331785714285714,19.33687921482529
0.275949367088608,23.665454769934282
0.351687388987567,12.645345406284275
0.318165532067359,24.548989642912897
0.267009213323884,11.051604156329699
0.3382197103497,12.710754554716152
0.25,21.794417686984787
0.353857041755131,15.863621923044393
0.262699822380107,12.929606438935066
0.27246891651865,13.208176456598325
0.240628347018922,22.346736199277526
0.228253182461103,13.402647563818087
0.146871686108165,26.10838140948281
0.206292456203075,16.97626239596204
0.252217098261795,13.105728422765932
0.254351687388988,12.081359593408141
0.210582386363636,11.921893155879298
0.249557835160948,12.209270873059925
0.225251076040172,10.82045680680972
0.391773308957952,16.780630821083157
0.243526073075559,15.479545108085517
0.368875572788157,26.54237541291609
0.339158345221113,17.948519247311342
0.366112486735055,19.583512568751043
0.318554131054131,12.977879501073932
0.330130529369108,14.680834927278008
0.245105019579922,13.572312346981118
0.37229514012061,19.945456729459902
0.175285306704708,16.132770133556896
0.173151750972763,14.597172690201953
0.220650636492221,11.00394510636236
0.231616341030195,12.471917198975724
0.261946902654867,14.574639593678594
0.367267585719335,19.893150122390583
0.258833922261484,16.35065943274518
0.340383931745467,15.32713621738307
0.298087333092746,11.474036665763347
0.292377495462795,10.393513781842184
0.214674900108972,13.274367481792483
0.359570661896243,10.461578603216239
0.324548991864167,12.753230431193392
0.231504424778761,13.077293961633188
0.243223443223443,18.299377222373288
0.328510182207931,16.736125417116316
0.281161473087819,24.592317288872767
0.325439540724794,14.335380880282852
0.236935655883398,15.607568681262173
0.269408831908832,14.38590539661594
0.358924118275739,14.747410189746546
0.33410797282803,20.143263684411234
0.228353442157559,15.364789929606294
0.267305644302449,10.72005023759361
0.331290555155011,26.17630610837616
0.3649415101028,25.54993203004735
0.284040178571429,11.059732988088383
0.327506243310739,17.5426193611216
0.330915178571429,17.869394408503616
0.231580829756795,21.366423136273045
0.319210053859964,19.909116810492513
0.212397284744552,27.227047451091433
0.0060305072720823,11.16108101330354
0.257984386089425,10.641811491562615
0.287642045454545,23.405563386626927
0.323613595706619,33.00300792035287
0.354525862068966,16.24229544163931
0.313449023861171,14.796416073300845
0.321853588171655,17.111075383956912
0.314079422382672,20.27849018360307
0.315542733501623,16.415891437252064
0.29032840129917,22.099065509037576
0.307415406767459,21.072793499685687
0.209942775393419,21.018764618470463
0.335648148148148,18.203032711606618
0.392960812772134,21.837973775796538
0.239021777936451,16.81945292412398
0.311852909675116,20.556549210383533
0.356786604916281,29.251824130369855
0.247294372294372,17.416616411686356
0.316231676796568,31.781724011732653
0.315563506261181,11.408643293483681
0.242953977880842,17.539934415306433
0.257730015082956,12.904725739895104
0.256479481641469,17.449127883811755
0.317117117117117,15.841418001773162
0.336466832210004,16.107385409069394
0.419162757127391,16.924928211198687
0.385688405797101,18.301840702193825
0.359386152748037,32.47321933596287
0.361290322580645,30.35237413010127
0.246068620443174,16.186996768422095
0.19140625,15.662804755373879
0.405138339920949,18.027100664717064
0.405072463768116,16.38489529161683
0.323961318051576,22.44652101641911
0.3185526782547,9.566421529698319
0.259942672877105,26.77685079130836
0.389028776978417,13.850752234517149
0.350930565497495,31.578445823979347
0.39921231650555,25.06957969112
0.397727272727273,23.053077375420447
0.331051873198847,22.144270377653555
0.258491240614945,34.552548912424434
0.431145201569747,23.235274322794343
0.431597845601436,27.883861587157696
0.231223175965665,24.70099353409904
0.3136511375948,18.82408790141273
0.426934097421203,25.51279565308132
0.285148888051263,20.609334225555084
0.428726091663659,19.145600253953315
0.39709573323772,23.640624572212072
0.265073135925794,19.209426506180673
0.3637832017229,12.482688090171298
0.354503049874417,32.826192222904076
0.251067615658363,15.977014414798205
0.255300035932447,16.683873737798265
0.418646508279338,29.367435025287442
0.357142857142857,16.282767116825124
0.403575297941495,17.091746160309132
0.30807719799857,12.325607838423318
0.353662873399715,16.27525653609263
0.202895959957097,27.177906319056664
0.32673090649536,21.149122592489196
0.316118656182988,45.07030961622334
0.253027065527066,15.16058615734397
0.259113652609006,21.92040804368467
0.259087669280114,19.021619086132272
0.3575,25.723156062953723
0.315948736205055,63.2849661139093
0.327344592166727,14.355809061077945
0.247997086671522,16.445596689210152
0.324946466809422,29.118592220532502
0.319244604316547,11.893980447231355
0.21471846044191,28.69593727647702
0.341619318181818,33.271387322863454
0.232098325614535,16.118058197127088
0.332799145299145,29.75618624747241
0.225160829163688,21.55487805477005
0.357678571428571,31.142793094801597
0.247037701974865,15.274236072069872
0.230632551528074,28.30687867800385
0.260049804340093,17.375869694757725
0.257630161579892,34.971372895080734
0.256245538900785,24.60526348869704
0.255007153075823,23.621949113471533
0.246156596353236,32.95958948609986
0.247330960854093,23.899883427649186
0.249188018765789,30.073515822728467
0.391951488423374,20.442332134850208
0.226818830242511,30.112454647805304
0.255851063829787,8.93928157623085
0.348887293610912,36.72793527376705
0.252755065766086,14.420517347769456
0.351288475304223,26.456790597543193
0.359306569343066,31.258635347692792
0.2518823951237,31.14905093791128
0.261327149482697,11.659599072902113
0.271372126436782,34.23435190944836
0.275702596940591,36.17706964938722
0.241459074733096,31.638691804635094
0.257066189624329,27.33162403867314
0.178393745557925,17.141661007958508
0.256041222459133,13.263141628609098
0.223131672597865,29.046051135704115
0.350303679885673,31.126552705672097
0.308166969147005,28.96250914395176
0.302847754654984,27.563783453501934
0.260671287851149,36.447568167766626
0.373513513513513,33.06910015166786
0.334873800213295,28.914149833216147
0.268270944741533,26.498960698372198
0.259109311740891,29.6978008697718
0.315486884656845,17.238954877269887
0.208392603129445,9.366715974258344
0.305725603168887,20.462023297318172
0.255277280858676,28.69476244180937
0.265569076592699,30.180257394759273
0.332199140401146,17.952903044027572
0.343098490294752,31.18374647074153
0.255273507329281,29.115281166800177
0.35693899393507,28.218360718254086
0.32316630355846,20.169293191413693
0.265218939124244,8.13381391717885
0.37602842183994,25.29848356987621
0.362007168458781,31.72195669164104
0.363449307893752,15.927737260812656
0.244248741912293,41.49968170295705
0.320887445887446,14.801009384123512
0.294466403162055,14.659544345979866
0.274776386404293,23.120289148657317
0.183684210526316,18.09759498224962
0.212040960451977,25.460885149208185
0.24902447676481,13.550035265131223
0.391273247496423,13.922356135273873
0.377987870139137,10.495024403172424
0.398214285714286,17.150689504703998
0.15667380442541,12.835561834261403
0.372230164403145,16.288115607950193
0.379107142857143,15.740308327158386
0.317699115044248,14.66646260677539
0.211849507735584,11.422987860715315
0.288020086083214,15.365100556702894
0.321516754850088,14.987363048560928
0.214411557434813,14.795195279692873
0.244804508629799,22.88534843101214
0.334939329050678,12.30831383357346
0.199186991869919,24.192628731376185
0.192824319547543,7.550786377930857
0.321164021164021,14.554636947042576
0.345117845117845,16.380778958933377
0.353380782918149,21.38253235981216
0.378609625668449,11.868301199811162
0.222378112942827,11.102907398394777
0.282174688057041,15.455446739866872
0.281440343962737,11.390319854058289
0.2460345435319,26.30668060036644
0.246548672566372,25.546567991455074
0.347664543524416,15.359396152681866
0.307800421644413,12.006697782217353
0.286500888099467,12.634125852561292
0.282803003217733,12.582517592480817
0.395352962043278,16.95306700085461
0.204521556256572,11.763230210728322
0.335873803615739,20.022653850597475
0.274262353359403,11.031057072689025
0.250088495575221,24.71246063134229
0.281371509367268,19.884436931987135
0.309269162210339,17.60084425266621
0.400606709493219,16.49315849915226
0.351432614078528,27.29828302426496
0.353417899929528,18.639185686471876
0.351135557132718,23.066303089568457
0.308875530410184,19.800758000181183
0.388531618435155,13.255823526250895
0.3504243281471,20.269775375370607
0.36660447761194,16.66942580219285
0.351071428571429,15.73603537330784
0.308333333333333,18.234704020862637
0.364902998236332,11.90100656780998
0.253101736972705,10.076666634661024
0.228753541076487,26.029235181944276
0.353396691305878,13.359972925290009
0.325106534090909,12.03514927753312
0.313565340909091,22.28027461222233
0.23458540042523,13.863205415715914
0.288646911817208,15.154159387058263
0.200352733686067,13.574401924059094
0.24323374340949,11.609140315232796
0.308236125839519,22.122251160763177
0.203664552501762,15.586562415878731
0.213378044475821,42.93747848940995
0.0399085794655415,8.9038746051592
0.354210898796886,16.28467939720783
0.34925952045134,13.440590492047718
0.259265795975997,20.43948748151163
0.207630098452883,63.81505973600278
0.398042704626335,12.002970114819835
0.326681049982021,11.526332280031692
0.189527503526093,22.011604452224315
0.393302458140363,9.920074778034447
0.31311706629055,21.59149777044607
0.225263157894737,27.288264782419777
0.31830985915493,12.847373250729692
0.22390158172232,24.638614034298033
0.314775539059738,17.388414915951735
0.258827683615819,23.523926692378364
0.350568585643212,10.535041434857392
0.318325712275765,21.772521609255197
0.349119718309859,12.174913143519685
0.354551920341394,29.07069382340433
0.344742413549753,16.525760149215863
0.340402969247084,17.553688739657968
0.336276933945602,27.87199976353233
0.340014064697609,17.380806158507845
0.351230824117017,24.508807649962023
0.261343012704174,14.410950654025962
0.306918460995411,23.25787926724091
0.0096355991590749,7.7803710120398355
0.244247787610619,29.894930454065907
0.0400421496311907,11.144802897583311
0.242751060820368,21.068157625434157
0.449873782906599,24.463871543968747
0.321529745042493,24.606961018743178
0.0112715744980627,3.8978533573903746
0.369271758436945,28.0702261023772
0.372973925299507,29.81058669877086
0.343771991555243,25.52921455039209
0.352774832096147,21.19067240086437
0.276917663617171,11.412150678997543
0.0108771929824562,6.6767137903152864
0.292442882249561,22.96297094757414
0.211538461538462,25.987069707864055
0.385375494071146,21.896498814705527
0.383212996389892,21.090236690188316
0.346278901734104,30.280994270025293
0.262633451957295,26.158965818471213
0.215741391426564,22.59957634351917
0.348116860260472,20.01247986897996
0.342018950437318,24.201600285702504
0.398046181172291,14.174028144684295
0.28989080662205,11.566325231085555
0.379636233951498,15.426059635982678
0.333863556026865,23.044311206646615
0.346834099752388,22.890626712388034
0.207787610619469,11.66169264512458
0.227208229868748,27.047488874387486
0.348302687411598,22.558920527837508
0.23916108565386,21.038157285453252
0.386355475763016,19.478001468930643
0.0311619718309859,10.953206725893715
0.267295597484277,19.35067419227775
0.248228206945429,25.257761789865093
0.237172388335179,12.368073336058917
0.346372688477952,36.16315082267004
0.378079257408069,11.387406694905039
0.381358946993952,15.734620074033634
0.372257607926398,17.872564242464623
0.208936771458848,18.78924056951509
0.229403409090909,12.201205833814777
0.405477980665951,18.95548432165846
0.397966464502319,14.408017193955155
0.403928571428571,15.138631642110957
0.200856225472708,18.352004779828235
0.383309506790565,9.33607124446212
0.408134141990724,13.210288929561333
0.290162774239207,12.777955671711299
0.2054890921886,13.00127873126981
0.306838524883638,11.489649543970703
0.310515172900494,14.465567329883655
0.200105596620908,15.278753874227023
0.238816484677703,18.785418406703208
0.327918600499821,11.595169067977425
0.146113074204947,20.361804917659164
0.175795053003534,17.935215482098613
0.304761904761905,13.608496791457656
0.337761976047904,23.886352077986494
0.344373219373219,24.083431414143927
0.405737704918033,13.634371614364344
0.219943918682089,10.908061930771362
0.313725490196078,19.401145729365105
0.286735788344655,14.292645172559405
0.237557359689375,19.849262173568572
0.236366855524079,20.91056256836263
0.332271762208068,15.615663502808227
0.265718299964875,12.857719913212906
0.304756833510827,18.163024806017777
0.307196562835661,11.826373260985394
0.408687943262411,17.431206136407397
0.181022408963585,22.719203881370603
0.340184266477675,16.89717289993524
0.292080965909091,14.08473557011215
0.226485148514851,18.092893243451662
0.3052706048815,16.267339550234812
0.301533523537803,8.61176340632677
0.418600499821492,15.950985827344077
0.340113194198797,22.532189637864175
0.353293413173653,14.775139836091837
0.352450284090909,19.068272612140717
0.3,14.396785966639758
0.404685264663805,9.947487682877373
0.349186704384724,14.318708463269155
0.386177347242921,11.054824880693857
0.350802139037433,13.478879060744724
0.300673281360737,10.729792347608406
0.336803105151729,15.570715106177856
0.227578872740163,17.217080046849347
0.230673758865248,20.410346708926276
0.343189017951426,12.199443059441931
0.343872113676732,16.031883672788553
0.325523606673766,14.161683492195277
0.247873848334515,14.262673704919983
0.308282756158515,13.89579293727646
0.13196894848271,16.9783703830413
0.213834269662921,12.458645821153308
0.243114406779661,14.938343949074882
0.184191954834157,17.62065571460981
0.179215270413574,39.465006332148796
0.178684488216672,16.01035300708849
0.357370095440085,15.173872942924154
0.352308776876983,14.85499045050693
0.234827099505999,16.511398514762824
0.175685172171469,62.75453185010851
0.419452347083926,14.24999392701392
0.341963322545847,14.102059628876013
0.216201906106601,17.421745071252897
0.404846756949394,15.44791387771059
0.280246913580247,18.70542116468149
0.219824561403509,20.622197756247935
0.30803099682987,14.293037488846439
0.20597539543058,18.016033433132964
0.297101449275362,12.257933260179394
0.244526836158192,18.657154066453867
0.334634492547906,13.678437063043383
0.326530612244898,17.272557137206817
0.347940865892291,16.867615030854
0.347563144788332,24.721517642675153
0.344864101659019,10.892811402951168
0.352192362093352,16.40653044543499
0.342932862190813,20.030540467233802
0.347114707952146,15.849048790604034
0.334405144694534,18.547921239637642
0.289597680318956,9.794162779905104
0.304516584333098,18.71789277828115
0.182072829131653,21.59047262005099
0.227063407722281,24.847084202718694
0.180780042164441,16.42492862444104
0.230333097094259,16.835504348028767
0.456545257843491,16.21518393170427
0.344546742209632,21.002846947057208
0.185054635178005,17.13000491338785
0.353589196872779,22.308201645862187
0.356941508104299,21.89773581391112
0.329109468497008,19.20837704326883
0.349433828733192,18.994139013306604
0.271448663853727,13.965568940975514
0.181419037583421,17.858783810021468
0.322030920590302,18.933508907474653
0.22791519434629,23.982166321357496
0.401400862068966,20.807016594023757
0.404005774088777,14.885219393498685
0.341040462427746,23.31327145683341
0.28428927680798,20.117214666761278
0.22009148486981,18.386775131216655
0.35193661971831,16.109946396721508
0.348451730418944,21.440660276527627
0.408380681818182,17.07898696396641
0.295318549806406,18.914511953025197
0.413608835055219,14.38640558295456
0.331919406150583,15.125265945587358
0.365309734513274,18.249820004009337
0.199469964664311,14.204740755578213
0.226418439716312,22.66638064900727
0.344413012729844,18.513525891318903
0.238095238095238,15.461621348431562
0.403625269203159,19.02861114705966
0.186333215921099,21.980445668153745
0.245098039215686,16.454491168663527
0.240694789081886,14.512202071078113
0.235587583148559,9.915275580384135
0.336712913553895,30.971006843624263
0.400142908181493,12.725488145715655
0.373620505517978,20.723975467848906
0.354210898796886,14.718818313312823
0.207917261055635,24.15439955388801
0.402197406340058,26.710212738158976
0.411437791323055,24.461705168817886
0.408698777857656,28.534957685141805
0.211103126122889,22.764725214044212
0.392407340770061,16.804476451446757
0.40039554117224,17.81715958839783
0.324064171122995,17.60480137622621
0.233439603258944,18.273898042153608
0.300361010830325,18.300331552167393
0.30952380952381,24.43800763090516
0.222320794889993,15.885415779347685
0.191980127750177,10.829114822933212
0.316564858066834,19.788158721282137
0.229374110953058,11.552228905590878
0.214870152970473,27.49587098100647
0.345525568181818,22.973827563744965
0.370195930670686,35.819785526768534
0.330523672883788,36.24520484181402
0.410053859964093,22.45101008796638
0.172541416989778,20.744436854965137
0.315751704341586,23.425257266173528
0.291997116077866,18.49287521097535
0.212992545260916,16.032107950277005
0.213725490196078,17.709367776848723
0.322638146167558,26.98758847873363
0.322946175637394,25.06219472827153
0.312544674767691,20.97154074323718
0.312927619733525,23.296239411314534
0.417409917945059,14.951031776018516
0.22942423172024,32.241168425417484
0.37,13.100747050066865
0.296813462226996,26.481432953782395
0.170579864816791,8.564779847296927
0.303952991452991,15.723048837736771
0.284869128719971,15.27933151917637
0.424568965517241,15.73752907168966
0.315461346633416,9.543427608757336
0.347710330138445,22.376987624718904
0.347802786709539,26.33543312221122
0.325916696333215,14.322184767463167
0.411171171171171,18.337403087407328
0.342536515853224,22.180566691880383
0.360338345864662,21.437496067624945
0.345323741007194,26.130391959980177
0.285867237687366,14.804554211640683
0.324113475177305,18.596421254241772
0.212321428571429,25.846089351591097
0.181769532643596,13.826012930315132
0.285967399007796,23.038664309769878
0.304830053667263,19.183043909687438
0.325348587772614,10.754322575740673
0.21074232690935,23.697821651506235
0.305924596050269,22.985554600081464
0.216571834992888,28.702549509529657
0.181528662420382,23.780423444786653
0.32703954399715,12.486410738573868
0.215324583185527,19.1052359769317
0.218550106609808,36.98768949190447
0.203933380581148,23.879614714009254
0.324074074074074,15.595993987125235
0.319069602272727,16.44304825575129
0.193714488636364,16.857911426790498
0.221317280453258,61.08489840253049
0.417472252058718,22.943654020399347
0.342753623188406,25.33883166318778
0.210152644657437,7.11890252161706
0.404343144292893,27.560675077354123
0.299360795454545,8.902644392845433
0.181336161187699,10.452144102537412
0.298261178140525,22.756653187509325
0.22422954303932,14.186582214278586
0.324964387464387,19.1801912799952
0.208007117437722,9.468418943033829
0.31951393852752,24.464761185543747
0.284702549575071,9.197231531428464
0.325540205455189,26.08589373420008
0.313037249283668,13.453674253704163
0.320959147424512,11.813586258730155
0.327162691349235,13.482769145171245
0.315658362989324,13.687986678244942
0.315957446808511,14.529745905661594
0.305895039539899,11.900566891472842
0.279905178701678,19.633783113628763
0.279850746268657,8.88248808409655
0.2113074204947,29.240205258892953
0.21301247771836,9.465474959220755
0.206444759206799,25.719540986536796
0.195938724617029,13.021351883492535
0.442789683981112,13.030154648084102
0.300142755174875,9.150054440003412
0.213068181818182,24.03015642122277
0.321109123434705,11.841574186874245
0.326056088036919,12.362945852960877
0.311059907834101,8.566079281176561
0.309294871794872,11.469692285382594
0.308333333333333,18.125422973752627
0.209985835694051,24.131095725417147
0.312787814381863,12.46273784780589
0.185744756487735,15.352611305437485
0.386215629522431,11.595144391528068
0.385272727272727,13.222346117412682
0.253452034883721,12.476917001613893
0.253132832080201,11.502888707416712
0.183940573045631,9.263490568371365
0.313541297412265,9.6764645322101
0.319464809384164,12.744353031621612
0.419233524355301,20.540449625107907
0.324822695035461,29.395323711847954
0.411817528735632,16.293549180793708
0.290242165242165,13.833825819919305
0.336898395721925,6.529043398452429
0.230427046263345,17.742668607233654
0.188682613352374,19.630630429426574
0.304873710423337,9.06823156488011
0.207135250266241,7.002937858234107
0.419949403686303,27.120545076539887
0.210209145693017,30.039321284918817
0.229780096906448,14.842700392401932
0.206459671663098,15.162598752829597
0.230940870211975,21.80200777711718
0.3185888252149,18.83009387566191
0.411299028427492,24.10538288258504
0.37921146953405,29.666477396205817
0.340342124019957,16.745893386462164
0.401701665459812,15.892325107787714
0.408730158730159,15.306070647760341
0.405459146782357,14.835800022169751
0.238824801730353,15.007956884573689
0.397505422993492,12.084877246333699
0.395525081198123,13.573149884755177
0.337392550143267,15.827921434482432
0.25408670931059,13.54373039462376
0.305404425099746,14.936618413390327
0.339700107104606,11.804582978049181
0.229315263908702,16.788947963674588
0.223707664884136,21.88256606880551
0.306928906531938,12.008372437283775
0.249910618519843,23.03183988820308
0.243754461099215,14.306467218968095
0.351785714285714,10.284367260956078
0.36875,19.274855503203934
0.340302811824081,20.345627132554192
0.410418168709445,11.465090300050399
0.215223562810504,10.208521395010905
0.318296643810899,16.421707036023914
0.281374321880651,14.31859295878724
0.211861379063951,22.109236992163037
0.210394265232975,22.48875473829416
0.33953488372093,12.90953400519875
0.345648312611012,8.683898440643322
0.305026929982047,17.104912157863332
0.304056501267657,9.431030749851331
0.402010050251256,17.93971012636481
0.247340425531915,17.888262162057465
0.373744619799139,20.214080914030095
0.287459575997125,11.51066086527681
0.190314510364546,22.184553373086406
0.29903536977492,18.901997955652046
0.272956427799784,12.426143651983702
0.412698412698413,15.35795613481264
0.291979949874687,27.08168793689625
0.338617741360884,14.884787050244228
0.342124147829207,19.302979804466407
0.337026447462473,17.009712753813716
0.403477001086563,11.571189588184549
0.338698140200286,16.676592245463382
0.358006042296072,11.380356810512058
0.33826714801444,12.790554102058563
0.26954806312769,13.140546675760508
0.345344273992151,17.23487600427284
0.236672629695886,14.52901937422699
0.222043010752688,23.873605647981883
0.308964781216649,10.723181824217624
0.335729690869878,13.37590135065012
0.313376483279396,18.459812523663548
0.222022955523673,10.044027794353449
0.301948051948052,12.954752474229226
0.23384505533738,12.796136850475468
0.215884861407249,12.242000725606045
0.344253490870032,17.238590775145394
0.239122681883024,17.584549673083615
0.240806854694752,42.69797541224146
0.246621621621622,13.156070108153614
0.276584317937701,14.969865470645807
0.272127052105639,14.038088702652155
0.199036058550518,18.908779940735737
0.241551049448595,64.03881713307369
0.41015484335614,10.844051818413833
0.364264919941776,14.24717368664633
0.228474455162558,21.43321158906004
0.398485394879192,11.685472657094055
0.322805139186295,21.50795398798594
0.212131961688542,24.071079180961085
0.331076265146115,13.086671596861091
0.245286374955532,19.738357612496642
0.346938775510204,10.811152148379259
0.181185290967512,23.156674722639174
0.33399209486166,12.39885003675585
0.296724813100748,20.1820385474323
0.266453219494842,16.99345102768584
0.312230215827338,26.935020991497847
0.328392857142857,15.697112890374573
0.330532713621738,18.044962635823325
0.321658327376698,22.142757654589946
0.32876468494126,17.830432469284283
0.325921908893709,20.42844012065365
0.281604983510443,10.487685255384449
0.321262932572244,22.544336371701622
0.248317392844492,17.198200685175156
0.225188104621999,28.83142234426273
0.246889441877,13.311426871710145
0.211166785969936,18.262747593261842
0.434965290464012,21.802275518506185
0.32741935483871,24.329666598103426
0.250445950767035,12.853244847398807
0.285380747126437,25.27741976434441
0.289782840868636,25.641091879860443
0.311032028469751,23.156043597373884
0.327672506256704,20.296587368730826
0.346044191019244,12.71977025847532
0.247690120824449,14.360965022496714
0.335231316725979,21.55897193961128
0.20918185066095,24.160156233794577
0.379767526334907,22.019585897870005
0.386272362175977,17.15386638105608
0.317318231640482,26.57781454903229
0.256294964028777,22.812981259728595
0.192539964476021,20.487327008898177
0.325676638176638,18.899309732789874
0.337569060773481,24.466223463310463
0.415528396836808,14.725989038731369
0.35222816399287,11.145901070479617
0.415254237288136,15.376136643656299
0.329281372899535,20.0049814182254
0.351235230934479,22.382227848470016
0.24258663808503,13.930303552563736
0.213208901651113,23.525699040411812
0.323855507868383,21.975519170670236
0.180313278746885,19.424039784571132
0.412727272727273,19.905434164318955
0.243585174625802,15.135667573463664
0.16461366181411,19.29558084089648
0.21310888252149,18.47801725723293
0.185261194029851,7.584696499298962
0.301187477509896,32.61086903162933
0.408959537572254,11.973598517310396
0.333573227779777,16.32004060322163
0.241952789699571,15.997000434520988
0.17518115942029,17.920955617776773
0.167995650598043,22.38687237045232
0.398545454545455,9.870311369456143
0.164547766073375,17.27323812978723
0.141820819731592,13.110028242135177
0.302090843547224,18.723434354280666
0.396774193548387,11.964469525354193
0.270596850970341,19.287940656963496
0.319359481827996,9.891909815506413
0.372750179985601,17.860779860174162
0.400897666068223,20.267444114339792
0.310589519650655,16.20529322227895
0.401367890568755,25.894171043632635
0.387387387387387,10.215350262107293
0.311690647482014,11.658420021585675
0.234030418250951,17.790582273828793
0.307399347116431,13.62057223443055
0.189037626628075,8.625475221084422
0.40757954951734,14.786387072274946
0.302287581699346,13.231076280074797
0.364879649890591,12.131639036808593
0.399460431654676,24.84190574414947
0.4014440433213,21.232564686457774
0.309996391194515,9.950790539993555
0.315346002151309,15.392763787427825
0.287445730824891,11.258523895787611
0.245626822157434,15.519488119521712
0.190544929628293,16.47967762136832
0.37513397642015,15.63735680501291
0.258309248554913,18.352506322376495
0.251266280752533,12.44502791281008
0.406058420483231,24.606590662769015
0.218918918918919,15.31443756362678
0.357272727272727,17.975636895135043
0.209484011627907,19.288610475390385
0.321981981981982,27.563855020123324
0.381824712643678,25.300453769094165
0.390738060781476,30.74896761194056
0.305365502340655,18.153192346430988
0.180974899963623,13.716960299469873
0.387847097006852,26.60430923525849
0.212438189425637,19.877919797347925
0.387331634510375,21.267462011185486
0.356548480463097,18.361207144259637
0.304956896551724,14.025477239712107
0.3875226039783,11.361017711025754
0.405537459283388,24.985087876275315
0.317741935483871,13.91690464956027
0.317753623188406,11.139830653065156
0.341962346125996,23.248394469961088
0.379746835443038,11.00637303504685
0.254823443756826,10.642017152850814
0.402236652236652,11.737345952097519
0.401433691756272,11.572041915171946
0.318378378378378,20.382253318360892
0.385750269881252,15.068738114226118
0.388928957807429,45.62511490143614
0.382806891600861,14.797821089651055
0.317952415284787,16.557055638789915
0.320416218155723,13.840291521917761
0.402917867435158,17.980178447625487
0.391101542877646,65.52054420166732
0.183182640144665,10.749468374142769
0.264673514306676,15.839420376471415
0.401798561151079,22.929593389077855
0.192321622600507,11.674541932592478
0.318671454219031,23.17542708595459
0.393944822644213,26.504983165956453
0.318426724137931,8.121621809468703
0.388011486001436,21.037754136191847
0.305765765765766,18.233098363673864
0.407880532565671,24.80761249582499
0.318609703113686,10.531574817162983
0.328382247673586,21.777208311608774
0.325689716947331,13.617463837665628
0.318625678119349,26.90715564245981
0.311982727599856,19.57826769106888
0.319129809421072,17.705269393884134
0.32097876934149,27.0351071892252
0.319454414931802,18.920497969577337
0.324555030875409,23.978614541629828
0.316987416728349,15.685325773989879
0.330755395683453,22.634943050382287
0.391771019677996,11.818626631802566
0.404374548083876,29.638476733079386
0.382395123700251,14.974728734393993
0.400759219088937,19.944799484309673
0.307169117647059,28.059370343039912
0.32057761732852,25.26264163526986
0.393165467625899,14.836752758921325
0.328633405639913,25.996777177946836
0.327474892395983,28.658213969706
0.328433130154177,25.178834810810688
0.319740166005052,21.431799357127097
0.298456568557071,15.014264810767674
0.390641807099319,15.016154634825895
0.318882121103547,22.132736774701726
0.387067723342939,24.06438458715616
0.273391812865497,25.467879353735395
0.275817714075707,23.911864712340716
0.325615582506431,30.053797653857075
0.382758620689655,28.51201518387212
0.412661406025825,23.047427592909603
0.307968413496052,19.768664834208913
0.321375464684015,21.27131235078955
0.177279305354559,13.132725868811415
0.309318996415771,11.872592057782704
0.140806686046512,14.60167394059262
0.331711711711712,21.76916898688001
0.245940093828943,22.906995522584666
0.395306859205776,13.9123530758452
0.404278462654097,21.099598914788945
0.316756756756757,21.79121004585485
0.414388489208633,22.35142157626094
0.198464912280702,10.80069214656652
0.38745055735347,10.696759204916926
0.395699735948699,23.44811665452043
0.397649186256781,24.562855427874794
0.357088989441931,15.133951001229722
0.335810076114534,34.253820360809065
0.176566461427019,13.509980435226705
0.278501628664495,5.8424060858189595
0.317952415284787,20.97059923124623
0.22748643761302,13.861784283771941
0.401270417422868,18.791664953374404
0.196673897324657,15.11542178170995
0.192795076031861,17.539305804664608
0.31254493170381,13.270551874551435
0.383708467309753,13.68844448084465
0.313639679066375,11.142291648598567
0.317676586590176,17.95383939930867
0.387813620071685,16.052742536509612
0.422277936962751,24.17673186363645
0.31231884057971,12.573843225463657
0.39321608040201,23.99137134180963
0.38173007896626,12.117306697670832
0.303008595988539,16.43292425920032
0.162490508731967,18.571089658961228
0.328937861271676,23.603607502481875
0.184743311641359,14.73106321213793
0.414825374198147,11.143333915243097
0.25198986975398,19.626272628230534
0.340421664849146,13.896412065779437
0.404190544412607,25.905212829960725
0.404282115869018,26.77558733178835
0.330276878820568,17.313823650427302
0.304316803424902,12.055868481654981
0.228715728715729,16.512180048765472
0.276344476744186,12.675756108874939
0.16116295764537,19.30622585869545
0.366809116809117,16.066288413224218
0.240734077006117,20.925174225523673
0.29043321299639,13.005932612154918
0.413972701149425,24.93267535635058
0.261947538627381,21.399812237795885
0.385088671733623,15.743723120403999
0.166967835200578,18.266741281049747
0.323582196697775,26.758356357915435
0.394840558939448,16.86189435856539
0.399531024531025,20.090586438134796
0.313528990694345,21.196132913352773
0.149837133550489,13.087310973054953
0.39881380301941,16.993650921216272
0.244431861079653,15.956014815483504
0.397064153678869,13.175179288801312
0.383561643835616,18.36179550956691
0.322771213748657,13.946765169343893
0.405191059841384,14.669603812930049
0.411860129776496,25.45913859543381
0.331964285714286,15.309294835019177
0.339169675090253,16.987139423917085
0.354902667627974,20.647919540569653
0.389189189189189,16.90107253907536
0.261792452830189,17.148730139480126
0.394396551724138,16.393901631695
0.412446504992867,11.822140075798767
0.31149012567325,23.061373640338783
0.39541547277937,17.06021337629316
0.385637342908438,40.77010721820844
0.379291845493562,10.14009020636984
0.326625943226734,19.169430661172377
0.32737030411449,16.73882295732021
0.408602150537634,20.909032676336857
0.386981402002861,63.155917273931685
0.172376487558601,15.421926605104456
0.283576642335766,9.580663451146432
0.403694404591105,22.574674076910075
0.168413444163354,12.634614019964557
0.326647564469914,22.487615607553508
0.403496254013557,27.354000881506057
0.317954220314735,14.424878546275867
0.387817077527688,26.26247404782475
0.31389088298636,18.096465849422714
0.410035842293907,22.248403166189426
0.338436599423631,10.668246875163339
0.334047109207709,23.05602326662633
0.326957454415445,13.855981190452662
0.330808080808081,30.66334045894719
0.32233775546791,14.635336437485593
0.323888091822095,19.0701626445773
0.330043072505384,27.80109383754063
0.325822603719599,17.656594085545166
0.325842696629214,25.14824977542514
0.273330874216156,12.949161422648787
0.335361488904796,24.225471292053964
0.379322638146168,14.919585043602677
0.41861721281959,30.618869042690708
0.378127233738385,12.645964920196807
0.418286537077034,23.22537458130675
0.326803368729403,22.057986153112832
0.332674335010784,25.721240683951674
0.381225367251881,10.144213602325136
0.335258029592205,28.905249697397892
0.335599284436494,29.139809411574284
0.332380271622588,25.65098909974013
0.324659009332376,23.33607195560195
0.300285816362987,13.294559501384308
0.379556826304503,10.853060251350419
0.321988595866001,24.72663565865733
0.409400789379261,28.50772985874267
0.283970856102004,22.946684983074377
0.283125915080527,19.96625519960905
0.336077570435419,29.954619126565035
0.388467100506146,25.250993155819167
0.417678571428571,24.086206630190226
0.318783542039356,21.245266369982325
0.318282753515914,26.108059629195814
0.180755395683453,18.239877281055012
0.309864188706219,17.45277312729446
0.164014466546112,17.036545498816245
0.333213644524237,22.266804459975294
0.261306532663317,23.449930989011072
0.383896477354421,14.295440980670437
0.402130733116649,29.043893901505772
0.323275862068966,23.93371614779238
0.411859548548907,21.066433252419568
0.1328125,21.04853074729211
0.38019340974212,18.71332722279392
0.405816135084428,18.46948371964889
0.40510424155284,23.653320793593238
0.379083740142696,12.973872830076328
0.329902491874323,37.61450694682108
0.0052158273381295,10.303497735736908
0.247746123332131,20.363060500266766
0.321915351506456,17.728772274241926
0.408248546511628,23.72195461849155
0.168838219326819,17.13228864469869
0.155234657039711,20.567872282637342
0.305435565154788,19.071086157989875
0.409627773801002,18.699255872472182
0.216788321167883,17.601374946029214
0.317790530846485,19.61297317945586
0.384422110552764,22.153960060322074
0.40086052348512,28.679915615735997
0.318082788671024,15.060645765545452
0.40359066427289,27.610457733822134
0.398384201077199,16.938583583075072
0.323234134098243,17.473903860704123
0.271813353566009,17.08054723925399
0.32005048683736,24.934203333820676
0.173487866714958,17.82782568826343
0.400820549411345,13.433534663782682
0.312726613488035,23.130252143825665
0.360109289617486,20.268632492995582
0.402443406395976,26.880973885911157
0.403423423423423,29.195605954593724
0.314542190305206,19.39056656472109
0.3225,11.93231309298036
0.319118178532707,23.608117454476606
0.275874635568513,14.978890683839355
0.22422494592646,23.85154511800077
0.380442541042113,21.661727280955038
0.265309798270893,23.88900791511107
0.252800867365378,15.21455915084298
0.413904899135447,27.899611380292775
0.276618705035971,25.721684035126643
0.351851851851852,18.042773122517126
0.242210144927536,21.012428818222904
0.325017946877243,31.182121135125712
0.363750448189315,13.295902822057727
0.37043729671124,15.351967023934858
0.32078853046595,23.19823091282046
0.229582577132486,16.822043314170948
0.366762693554195,13.5994148687355
0.222706595905989,15.013930682710985
0.368736383442266,10.00271154682162
0.346806207145435,20.336767013136626
0.310301507537688,21.708837274866088
0.390252707581227,19.38146061385909
0.408303249097473,27.4897229841305
0.333929209867715,14.530436558811617
0.333874458874459,21.103622753528878
0.336826888326708,22.653637017518726
0.384559884559885,18.784927669228743
0.2886915549112,19.471642108173906
0.403776978417266,17.647948041546417
0.404540579191991,13.599273146808263
0.320043103448276,24.877401952714376
0.40193617784152,23.10791106119959
0.402084081925979,43.6024365807623
0.398890479599141,15.457191788268473
0.326860841423948,21.617110595632017
0.32605583392985,20.668447587242635
0.415348670021567,24.645772886015955
0.401431127012522,65.09355064612471
0.204004329004329,17.695656754491246
0.269539810080351,15.538975501341245
0.39996408045977,27.02094896756819
0.234346724574738,15.894306678141762
0.323371510379384,26.94646218008845
0.405680600214362,29.59987367531384
0.31453634085213,19.410781914306902
0.403866809881847,28.182912566404987
0.320301291248207,16.91785450026669
0.412176724137931,26.800843324431725
0.323285198555957,15.15092682007971
0.339828387558098,26.70580769503526
0.323792486583184,19.08758890175494
0.328040418621436,34.14824447710304
0.323170731707317,19.21691235231013
0.319633883704236,23.50689084171364
0.319259791591807,28.66929737533371
0.322603719599428,20.409957225120937
0.330671506352087,27.2117167968536
0.340044329516069,14.411201333384259
0.330821672048798,29.177792965357956
0.401104775481112,21.542369086583573
0.408288288288288,34.61144498686112
0.398320228734811,14.323767594958479
0.406880403458213,26.49404995390816
0.288073394495413,21.681968905122428
0.326251350378106,28.94884674082201
0.40179211469534,16.426310256052624
0.333453626849513,32.015918859394844
0.333034754568255,30.968590597317515
0.329817661780479,28.526791663784305
0.330517613227894,27.236881881714822
0.309302325581395,17.645087570114615
0.400035765379113,17.414707737740024
0.317321428571429,28.57598827189563
0.396836808051761,32.0110215537503
0.271350364963504,27.616665268957085
0.276310964429776,20.732819439292832
0.329290701947813,31.606286290037094
0.371014492753623,27.221322793545127
0.42432915921288,27.104065983242545
0.302471346704871,25.014700066491194
0.330314232902033,31.61224595902298
0.179848320693391,22.55697770035085
0.321237039685377,18.69595169587329
0.204011564871702,21.87788423401428
0.332255747126437,25.103010222186754
0.274181948939231,27.609165459970452
0.398561151079137,19.789556339637574
0.405742145178765,31.367793268845322
0.328843390804598,28.105688226963533
0.411817528735632,24.304836573128572
0.232409770324462,25.232308905289774
0.39709573323772,22.157576165960755
0.400376647834275,22.308313580340602
0.405088415734392,23.69451836696937
0.348194130925508,14.906512897911293
0.33971119133574,39.89884114393128
0.230811006517017,11.559375957468811
0.293851717902351,23.099080433418344
0.320143884892086,18.24025392287787
0.38495092693566,16.007544460432122
0.392986918604651,10.463640108357131
0.324747838616715,15.893530194758696
0.211428571428571,9.47198876300894
0.306386861313869,18.33759304103271
0.332734459216673,10.134899410518406
0.211262553802009,13.274850835249948
0.246337977849232,16.67624050830615
0.323892519970951,14.76857401603842
0.210771992818671,22.45240020216813
0.197849462365591,12.332677342029601
0.332256907068533,12.877077461077002
0.361079437476245,21.614337135245943
0.356211517566099,19.97768954650414
0.402646845540247,9.529300789621537
0.222182596291013,14.12398168281233
0.302136133236785,12.172973739953221
0.281659388646288,9.138913397191555
0.234015804597701,23.804668579569313
0.234268248831356,20.130205572125035
0.349766102914718,13.366128507483884
0.321364773133262,16.929517349093167
0.301191765980498,8.093651510078136
0.299090909090909,14.939530640467815
0.403033586132178,13.962323260310955
0.219742948946805,16.136220466308686
0.348194945848375,15.984265241364186
0.292885518237631,13.327726366305965
0.231032002876663,20.008161496216477
0.299028427491904,13.064810769705552
0.305867439333575,16.48809430219145
0.406862745098039,15.594999996923605
0.347786973731558,23.925387999525267
0.352688172043011,23.63501599824183
0.354076479076479,29.19506605006878
0.31695464362851,14.95496314708101
0.40556768558952,13.057351039865852
0.349748382458663,25.16768617479822
0.374620637329287,17.592545241900694
0.350870827285922,21.838446747522458
0.306944944224541,15.686360558654274
0.338298636037329,10.52657688779487
0.228828828828829,11.210185163736188
0.233405483405483,23.458465645649227
0.33584229390681,13.03553638520731
0.335920577617329,7.152678475054566
0.317655571635311,21.024232931475254
0.234054054054054,10.903969271177651
0.299021384559623,11.012750663427433
0.202867383512545,13.19364763263899
0.234978540772532,14.328058236107795
0.313196691837469,16.36722140943668
0.202223019003227,14.184934455550025
0.210204814947898,44.285084593263306
0.160593068953198,15.590205303022952
0.342872570194384,11.751795425134825
0.339131994261119,10.589018651346356
0.235821966977746,16.837475090086087
0.206964285714286,64.78202126292544
0.410094066570188,11.009157995650892
0.346013167520117,16.915641762347164
0.201040172166428,18.865166105574435
0.404390420899855,12.926872259729363
0.334888729361091,18.77615981419604
0.224187209717756,22.76215520480868
0.330465949820789,11.842737572898804
0.220357142857143,17.53621325183557
0.317380352644836,16.69275949338052
0.24389367816092,22.099841506894094
0.352728586917239,13.462531357646332
0.325993555316864,16.63373578260913
0.345327604726101,14.241068137524637
0.33091962346126,22.246034394391017
0.360294117647059,17.0542774604106
0.357784969435455,14.40265969734904
0.333393242271747,23.58031817174303
0.353920515574651,17.25186817578592
0.340239912758997,19.6371143051821
0.273480662983425,15.977006627107095
0.314249820531228,18.327367824623185
0.158297720797721,12.395398451792492
0.233369291621719,24.443761836382787
0.161365260900643,16.641941637976938
0.224982001439885,14.541880942636881
0.450642201834862,25.003954388765635
0.346126126126126,20.23648746081512
0.158610812746151,13.406175404153272
0.345207956600362,21.81661644038448
0.345451289398281,25.82456897297053
0.336197636949517,20.991302430837656
0.335490830636462,16.636507955015507
0.314781675017895,12.387354288294112
0.158214285714286,14.525478656498203
0.307073954983923,16.946720908477428
0.232328668819519,19.416066897314064
0.398683247988296,19.953682580230392
0.399706098457017,21.299761895302026
0.337004405286344,26.325810689384788
0.282167451975353,24.643070457042025
0.223453700393278,18.16532660647594
0.346291651737728,15.767698818349034
0.346810089020771,17.383901501974663
0.40997830802603,9.88211130721325
0.314336917562724,12.47963136616649
0.406238665215814,12.14270047337916
0.326438848920863,19.849451496811163
0.36298163485776,18.605279604749235
0.214105793450882,10.38845344906335
0.223707986989519,20.031893736369803
0.332793959007551,16.740100996858818
0.236200716845878,18.07181720984862
0.403656307129799,14.955199646322411
0.155555555555556,10.850806208909061
0.249812171299775,20.07701518764775
0.243867243867244,22.813180399974428
0.246156730408699,13.958800381317172
0.330983369486623,30.26986277272869
0.399164244186046,15.640526979462598
0.37527114967462,11.547363686621782
0.356474820143885,18.687828785681514
0.136544730170228,11.526699977955792
0.276618705035971,11.779256621134182
0.386599785023289,11.103018932577159
0.261965655827548,11.300551865685318
0.31635581061693,12.978767968560007
0.373070017953321,13.26849996084321
0.410265613783202,15.990090661459288
0.306615776081425,11.846539906602876
0.394964028776978,19.049144553968844
0.368449389806174,16.716521828072338
0.301075268817204,11.47113009106703
0.241641337386018,23.915967781162614
0.328023171614772,22.986316705304
0.169801084990958,11.597665173112958
0.403605855051767,10.47497339463359
0.314834965542256,16.580149342161448
0.359591539022611,13.024812608408666
0.406429597701149,18.0880416611567
0.407420749279539,18.954274884044626
0.328956834532374,13.656388469794384
0.308928571428571,12.627832971190985
0.312409551374819,16.057970574612987
0.277433467006927,12.637313940436314
0.223722102231821,15.288703424392562
0.368045649072753,21.355027308819775
0.244328411955347,14.785879388936355
0.263291139240506,14.037486629004958
0.405619596541787,17.026579065839943
0.260963335729691,12.778093242067921
0.363784961859789,8.03749802413024
0.236030478955007,14.463715986062267
0.322354211663067,20.964606335870453
0.37908144958737,15.035927744729928
0.386101083032491,19.917644806079355
0.292385057471264,13.279482525565333
0.209361393323657,8.791257772480845
0.381578947368421,15.441414605336064
0.214718123344684,10.271169756198887
0.382577132486388,13.83344888212713
0.364538239538239,9.687487909367443
0.305276381909548,14.95968864648685
0.389530685920578,16.5134305057995
0.404263005780347,18.863976132146853
0.321109123434705,11.19183111128455
0.318953068592058,13.28415849475401
0.351048445408532,13.223654980142928
0.380728978708048,10.573694421143173
0.280784598619688,12.47759647026819
0.382500898311175,16.977673323002865
0.401788908765653,12.86982209096521
0.294540229885057,12.940283884148439
0.381687612208259,15.714020543031943
0.366726618705036,38.46980946209203
0.374776065926191,15.057678890697632
0.318475916606758,12.412591600323868
0.318980983135989,12.3221420821176
0.397661870503597,15.538345435799451
0.369674185463659,61.444288853768434
0.213150289017341,11.937144508126854
0.26078216374269,15.155897629484334
0.389845712235379,14.859855527635885
0.226086956521739,15.280433958910955
0.309677419354839,15.939709974814589
0.392384697890597,19.18706224059308
0.316732353994984,13.103560769968142
0.391156462585034,15.998057917468307
0.296442687747036,11.04969917458663
0.397915168943206,17.695801548519572
0.334597327555074,14.114475093105664
0.325589706933524,14.936555408633211
0.318344679326406,17.2058299768211
0.318526543878657,22.28933362563959
0.315685570710696,10.918405234272708
0.32158273381295,14.45652036725416
0.314521926671459,17.57483857923355
0.317448943031172,14.620176447100276
0.311523082515449,15.820773546714408
0.33228550295858,10.650933247000966
0.312275664034458,16.437648682151313
0.374642857142857,19.883525858263038
0.399385838150289,22.53008236362999
0.374821173104435,16.284712342951845
0.397620764239366,15.644360470893806
0.305779078273592,15.958783710437173
0.322946685878963,18.215924445664616
0.376210979547901,15.4375950226203
0.334718208092486,20.456415312408907
0.336141986375045,20.47009093483128
0.321991404011461,17.496268509730736
0.331592219020173,14.481912865980176
0.28934191702432,12.800675046179725
0.375223773720014,15.760450866261516
0.307005003573981,14.899527463716131
0.396155228171038,21.36935684241719
0.278324225865209,18.29712004635912
0.280080704328687,14.024820640836744
0.331801470588235,21.65412388829433
0.375452570601014,18.511118969339442
0.412732474964235,15.258673451347999
0.303046594982079,13.692457398221977
0.312476860422066,18.934300446966052
0.193752257132539,14.746432628213311
0.291771019677996,17.391179053278027
0.201957940536621,11.68741095038011
0.320927723840345,11.901255285576681
0.267638588912887,16.28562577738561
0.38,13.497398773038322
0.400361663652803,20.645813937130107
0.328478964401295,16.763492066286815
0.406395975565936,12.852656773465329
0.222566532993073,18.507140308493256
0.37432771602725,19.586804060973808
0.387382297551789,15.876848426222342
0.394404332129964,14.526600741312537
0.361393596986817,10.267031959469458
0.323571945046999,28.680360247862005
0.195077813970322,13.846977959240403
0.279566003616637,18.87202928821563
0.319848975188781,12.769486560070838
0.294498381877023,14.158662325772251
0.395311381531854,8.396806381423673
0.255835156819839,14.919170913587882
0.315591397849462,9.60586515931684
0.384960516870065,13.255228626906948
0.410963812253673,13.261673355912365
0.309480566654559,14.412427286104263
0.400467121810995,18.534462047289207
0.395077254761049,15.167365436105383
0.307388809182209,12.260421069948846
0.248577929465301,23.735904974641173
0.316720837847598,22.32595367789826
0.165041531238714,8.755362500073412
0.4109246697608,13.139380569172445
0.303448275862069,14.392578496077329
0.349235251274581,9.922805253560586
0.405677326625943,18.858943202443164
0.407567567567568,18.143906070638497
0.316792520676016,13.481565594861735
0.309532309889325,14.255033241722833
0.292929292929293,12.220698181301056
0.259555879140881,12.9930507657622
0.203304597701149,13.991667584252413
0.369200571020699,20.240162277874
0.240740740740741,12.125290803035888
0.258757674250632,13.78966090726645
0.412526997840173,16.249533521092488
0.24829198130169,11.197053400203647
0.358802177858439,11.978322190630161
0.205583756345178,13.842526128623375
0.315014367816092,19.38367727768837
0.382437275985663,20.011359710457818
0.390072202166065,25.768937731076342
0.313330937836867,13.082624888547663
0.200581395348837,9.9830853910034
0.385848037450486,20.430870110372823
0.167863894139887,14.967002470221814
0.38858596873864,18.996411165027958
0.357168587896254,10.212079855813617
0.302943287867911,11.842371113259269
0.38826714801444,13.720155127263398
0.400650289017341,18.88166194169882
0.313507703332139,11.623493897784712
0.320101046553591,9.938723914831407
0.340991316931983,15.759182407299885
0.375946628200505,11.434808152706145
0.27521770682148,10.10581601894861
0.401329978432782,15.112958004334015
0.410880458124553,12.908668699895962
0.313644524236984,12.206023258252511
0.402259684361549,14.922794484946488
0.391327815761065,44.02779728107771
0.375447387258411,15.988656312886453
0.315893563466379,9.84295347617477
0.316911501254031,10.366172708552096
0.406575637800934,16.059376029479985
0.395094880057286,66.3950465100562
0.184704184704185,11.253616631269727
0.278610603290676,15.847357073254747
0.397845601436266,15.501811763376944
0.21304347826087,14.566987413154727
0.315412186379928,16.55491132082864
0.39625,18.807428390808454
0.314290830945559,10.820877207239048
0.397316636851521,14.322460948860579
0.319080129356809,14.007586066747496
0.408372260150916,18.194760042265553
0.32202166064982,12.657643362177472
0.328566321058277,12.679357746825538
0.320150322118826,14.524116951869347
0.317984832069339,20.21186348940481
0.323761665470208,12.890728797052764
0.323877917414722,13.602371505725829
0.317349137931034,19.386620592433353
0.32032927702219,14.423141246239787
0.328913912095895,16.305664197017613
0.317694865164389,11.699372989549682
0.320186446755109,15.190846678566924
0.379992867332382,17.441262589315265
0.403644893540238,20.423897458705873
0.374955277280859,17.252438545643123
0.399963950973324,13.009219644571482
0.309776638593922,19.049819669235536
0.326486486486486,16.853755682482227
0.381550610193826,15.728181109335477
0.323582520765619,18.125237176113703
0.322118826055834,21.10720160327297
0.325223613595707,17.30344923064857
0.321543985637343,15.028841027194655
0.290622763063708,11.341750800333877
0.380143112701252,17.073997147845883
0.311539835655591,14.481844456095867
0.390445402298851,18.59561357602675
0.281705539358601,18.12100347086746
0.281055331623305,16.156348916804443
0.323540213000367,22.408669760770735
0.379391524809851,20.511968726164007
0.413447782546495,13.921975933593
0.30089605734767,11.63649400396892
0.318652849740933,15.962053249635616
0.189369369369369,12.715054627487167
0.316410439756882,15.794646444527016
0.188382193268187,11.546145910065357
0.326923076923077,15.840109857073125
0.258986340762042,14.698567852650235
0.390068369917236,11.941102611860405
0.400795084929527,18.377490933954327
0.32064631956912,13.409963093659606
0.411997126436782,14.043988782623927
0.207938820101967,16.504868945000734
0.37921146953405,17.440896269435058
0.398308270676692,17.775578215538108
0.406159942363112,15.609815573108904
0.35456595264938,12.645525800972845
0.326943942133816,27.42616898055662
0.191931982633864,13.803843444445347
0.272103933597979,14.884166305911437
0.318165467625899,16.13038832643836
0.31079162229322,11.066341964214152
0.385548714233973,9.817242999488768
0.239153627311522,15.661482378135702
0.236832740213523,8.211481729177448
0.348630380647456,18.279428368383652
0.214259992797983,12.828629424336567
0.305664410402565,21.059569509102246
0.253654188948307,16.079715292140655
0.203591749644381,16.8666912075048
0.204631024096386,24.469099388672763
0.232520616708498,25.9439861790948
0.319619116061804,14.387338658043864
0.334748761500354,12.60051307841241
0.404496402877698,18.195966742697873
0.37513552584026,12.046011602963722
0.349073414112616,23.70182738458466
0.350767583006069,23.386569417568005
0.225053456878118,17.381659343245374
0.207507082152975,15.402371420572628
0.402111667859699,13.726996285596645
0.388226796677501,11.810606391767758
0.311941365749017,16.013551422951526
0.281924301379554,18.09409114851547
0.172259907176009,16.510153808722734
0.387912482065997,14.32251952036075
0.337437544610992,17.33887573131616
0.38623395149786,15.413470041206637
0.396043165467626,11.872550052209535
0.311487216420598,15.35648630553177
0.254989308624376,21.531505572273208
0.426716471006759,16.371875056655472
0.428239083750895,21.80183277495439
0.155393378426486,15.911701128293403
0.310630630630631,10.111281093650424
0.427857142857143,16.905380780844318
0.273751408186256,12.6519562213006
0.426486486486486,16.72139125793147
0.391911238367931,12.502096206981083
0.230796586059744,11.676621807778652
0.328740157480315,13.830909557072495
0.332796276405299,22.586335947754517
0.25540971975878,12.45009678050864
0.262015781922525,13.816452564757173
0.409888928699391,17.492001985616614
0.351216022889843,16.04235186023532
0.397837837837838,14.874048483228497
0.289023521026372,17.411043735123954
0.336586231369766,14.38815691922534
0.18188302425107,16.37952797153816
0.255958733546781,17.261962368286643
0.231824661439772,37.69681543610856
0.310748492373182,16.120742296468208
0.254723707664884,14.488034795550387
0.254888019907572,13.554764311699605
0.346756949394155,18.37428073988189
0.247424511545293,60.87838123820688
0.314874551971326,15.317044870205349
0.231955023576351,11.574498377793866
0.336894586894587,15.832055877580524
0.313869924541861,14.618918892521387
0.222143364088006,16.412205687947107
0.331856839121191,21.41275548087837
0.241569045083422,14.49209979974049
0.259744861800142,20.123252803514923
0.15211970074813,16.680520020279445
0.348538845331433,18.90425621817295
0.227272727272727,13.989360227029144
0.234929078014184,15.829162151624208
0.254609929078014,15.000550670278772
0.251969914040115,23.67469051633326
0.263064344116602,11.507548980835768
0.276550249465431,15.40381234658012
0.24270462633452,21.4155879007526
0.263578274760383,16.145552772227077
0.249910104279036,18.397649591171717
0.385630498533724,14.420510404708075
0.227676983279972,18.112567137114514
0.316124469589816,17.623270951900185
0.331842576028623,23.407890157031392
0.310571124512238,17.79353259605528
0.335954253037884,17.211082095760283
0.355507088331516,16.58218773832712
0.260185847033595,18.486644049717214
0.319701280227596,13.908863676441156
0.25697924123121,22.046553673893136
0.260830965909091,23.876587481393013
0.241141034727144,18.79047832251198
0.252941176470588,17.44332705990985
0.193016660758596,12.03469517085694
0.316442239546421,15.04129304995928
0.237140830081589,18.172981262150362
0.346935138987883,22.80763960597721
0.290538100397255,16.54417468089347
0.29015261627907,17.32407294110756
0.256199854121079,24.06684151381356
0.380610412926391,20.413568602623506
0.331973030518098,17.308881272385495
0.257624113475177,14.354245628232066
0.252380952380952,19.49136122607878
0.311604584527221,16.021411479362797
0.152482269503546,18.63855577722149
0.297807332854062,13.476300730105752
0.248398576512456,17.896167991329413
0.275320970042796,16.441395930852636
0.301426024955437,12.82981763794567
0.339068100358423,25.328559890967572
0.252226576416103,16.51093952797031
0.340860597439545,14.647640449428593
0.31500904159132,20.111587693923685
0.317649147727273,19.870681267509504
0.354929051530993,15.074912091578655
0.34620886981402,20.092646169487328
0.354484555266096,12.406885577767182
0.240501792114695,31.75165720559324
0.313961856783015,14.448228294785666
0.288578589330469,20.944895600072513
0.266215253029223,15.957827982349993
0.304097771387491,12.858604901702702
0.338287331917905,10.865966389015409
0.194238246730293,10.74098534507431
0.256175017642908,14.900811076540453
0.31077694235589,10.636252138653898
0.209026548672566,18.365017216804574
0.169611307420495,11.121169652293993
0.294200848656294,10.500638186301773
0.336776859504132,20.94851518006861
0.355436720142603,21.756554375753204
0.405892857142857,8.329956797686584
0.232852620471333,9.880129210583652
0.294674767691208,13.570115184427879
0.269644779332616,6.525959840462812
0.259639193491334,19.555522399613597
0.259765625,18.378214553645886
0.348651525904897,13.149992224307093
0.312544045102185,12.7776522070995
0.286298932384342,9.337197302377081
0.286073223259153,12.016817379007408
0.381924715909091,12.03973529304232
0.204146170063247,17.540910622203526
0.338549075391181,11.7177985219719
0.2872150997151,12.008810055352509
0.241312056737589,17.044510608215326
0.292834338417879,10.747879683016214
0.313683458377992,11.482934917211745
0.390619405657,13.434335307137436
0.360411493437389,20.24902520529975
0.359413634758036,19.00982777832469
0.361615083600142,24.35730115255718
0.280198370527807,12.317200513648071
0.385181198421241,8.356562024477483
0.358637814827953,20.008518659301757
0.382144191258872,13.955420938133459
0.359492313192706,17.480420649187838
0.311967329545455,12.192625297484705
0.347949080622348,7.996068175970883
0.237215909090909,11.238423695208445
0.255417406749556,18.74335576472486
0.356135401974612,10.539630416973225
0.364138176638177,7.8052622291731515
0.323948681397006,15.77566973846251
0.240938166311301,10.824886217391018
0.283309455587393,10.75079371977865
0.2039589961117,14.03023253764382
0.22693661971831,10.167634783320835
0.315201984408221,14.431566136425367
0.179378531073446,11.84897703140645
0.18312101910828,41.41941331146362
0.215368346845259,12.019870240353244
0.352711804324708,10.205818466675417
0.347418670438472,8.36683993318988
0.256723283793348,13.992617134628851
0.180985915492958,63.631866092196034
0.389344262295082,10.39447860090291
0.335616438356164,12.981681406977932
0.242402826855124,14.852681655709677
0.374955341193283,11.916530970055927
0.348763250883392,15.29553540766969
0.252550123109392,20.145223411216563
0.340395480225989,10.457686278508291
0.183403805496829,16.298337065714097
0.291031549096065,13.462676972863179
0.251327433628319,17.277244193783176
0.343772241992883,10.187061185030492
0.334802538787024,14.534403397415943
0.351093860268172,11.294716945859177
0.351336898395722,21.42839193950131
0.376857749469214,10.96957474894074
0.368980169971671,11.995729232414199
0.353149327671621,20.93367489310109
0.370017636684303,12.76040128658444
0.353972798854689,17.439251688221123
0.271355870592512,10.668602262854087
0.334924001413927,15.890387449842132
0.211349262122277,13.908970662203247
0.239964476021314,22.19352290647539
0.216097217330046,13.817078602928436
0.22854609929078,13.917997243383853
0.454644018792916,19.046323768088335
0.366607460035524,17.08141623907085
0.211939244083363,11.316257330207797
0.350961538461538,20.16941386638952
0.354115153655952,22.537037976360327
0.354975299929428,18.13390092483114
0.347980155917789,14.860970361519218
0.301270737733851,9.222616459389565
0.21010919337795,11.783164400023137
0.34994716449454,15.192878161150238
0.247346072186836,19.651696936517496
0.397911415196255,17.471381704591685
0.402461093014839,15.94829128676432
0.356884057971015,23.33765058632942
0.275302922309337,20.683051790368186
0.225749559082892,15.7856032808285
0.362866219555242,12.595414231106258
0.358552631578947,16.276434555498074
0.408880171184023,11.228977989079702
0.276622002820874,14.610809369273145
0.397106109324759,9.573774847492366
0.358383551931939,16.053094556112214
0.375133025895708,15.022842977409427
0.152073732718894,8.077960675141886
0.242176386913229,19.80897646597055
0.342897626638328,14.333434778690796
0.240112994350282,13.966674483529884
0.386167146974063,14.938954833678684
0.211009174311927,14.904828368542066
0.269387755102041,15.83706431965083
0.249023090586146,17.88352247593887
0.26231937754724,11.72333658070623
0.329233511586453,29.250590452281564
0.384849570200573,11.655265290071165
0.368937232524964,14.719066503747225
0.360588861298333,15.068272105517986
0.397797038642109,17.413502425326143
0.282859200576161,13.400426945677724
0.302844796543032,19.28682113337961
0.400328587075575,12.679834168981303
0.303358613217768,20.251053889528176
0.293544897223224,17.067614535905925
0.392238267148014,16.32070376749058
0.357252200535783,23.87052987622738
0.402367941712204,26.068440957495778
0.263570127504554,15.42796137921079
0.306492109038737,11.425784368687916
0.214363835216916,19.030790757489466
0.259320175438597,13.861265666961062
0.303674351585014,21.181885165247365
0.304410701373825,22.192354041327288
0.396489323199421,18.14429456452387
0.398274622573688,14.55218742492656
0.22057225642883,16.762518972774586
0.170069267225665,13.123375502269978
0.321234119782214,16.05274192543351
0.273068669527897,20.297476313095583
0.357013410656035,16.93243645112263
0.149800507798332,16.229616810392983
0.3124773960217,19.272883921030747
0.185513005780347,17.276980390374135
0.256190823015295,10.995675252385697
0.324881430134987,15.095711306881404
0.412020275162925,21.22786445124508
0.27995681899964,15.161405600263762
0.285843920145191,19.40344734140253
0.397760115606936,17.557840944839228
0.318098720292505,11.564687357761867
0.280888728323699,16.02472936019863
0.313714285714286,13.865476550056856
0.282719650018228,14.734703041941193
0.253260869565217,14.610520007850695
0.395344640923854,14.18675896347871
0.294416243654822,16.453374250830542
0.305907937658572,20.972730530634006
0.406733885487937,14.898072435557657
0.413486005089059,16.258505647803037
0.241090909090909,15.163540808575522
0.273878437047757,16.463186877064985
0.1816029143898,15.720408172350758
0.299494219653179,18.612273079147958
0.297772988505747,13.645612938923225
0.398302023121387,16.81415915333576
0.297297297297297,15.975296649363868
0.301699204627621,37.61903224252567
0.288793103448276,14.13033635736631
0.405899384726746,15.960173098705644
0.402020931071815,14.630438857492047
0.316985214569059,16.638175757723875
0.29960460100647,60.86854265462778
0.29322897706589,15.070689913251238
0.350515463917526,12.981474138423753
0.294160057678443,17.25347823233571
0.321793002915452,16.437079863842616
0.400432120993878,17.463509167297687
0.297093649085038,21.197102610429486
0.398485394879192,13.846163033775577
0.296835670622078,21.119209077266238
0.396745027124774,16.113192430741346
0.311868686868687,17.94215712621491
0.397240377632535,14.415723067730806
0.410694994598488,17.194603753134004
0.400107991360691,17.09920407842519
0.406659388646288,25.239471027619615
0.40812274368231,10.3907035278175
0.400795084929527,15.472817310886345
0.397903867003975,21.853793509362287
0.401978417266187,14.801921884144818
0.413654618473896,19.680356709679636
0.232566765578635,12.494525570431785
0.402888086642599,19.047928258229728
0.289426523297491,19.51611626573596
0.298515568428675,24.862744337414092
0.288613505747126,16.85123649263374
0.305615942028985,19.003675631219085
0.369420877904832,15.950410485520043
0.405831220572256,20.437374597911507
0.29127613554434,14.543011631756052
0.413517441860465,23.19179412806139
0.414563806777217,23.447862225688272
0.408207343412527,20.229028141679283
0.407889974665219,18.82312200797704
0.385487936622254,12.82115374514984
0.289644012944984,14.367121927339928
0.387090974469615,19.91773526982373
0.290899241603467,23.93332900260724
0.357064220183486,18.767241071939832
0.358118081180812,16.112294003175478
0.40950976778474,24.160622997880818
0.27987649836542,20.34376408987744
0.319064748201439,18.451143645283203
0.384504504504504,16.365035754125955
0.401340282948622,21.29329001501794
0.281477438136827,17.745353876141802
0.391609650702197,20.277798250389566
0.309454545454545,14.882119245787685
0.411030741410488,17.59116590743053
0.362106406080347,18.163546405304853
0.294862518089725,13.871670371987161
0.305737109658678,24.852673354391563
0.403616636528029,18.443065950470572
0.309661139149243,15.434633359074907
0.326422018348624,21.38740342836052
0.28794964028777,21.624519419095027
0.292234848484848,15.01563228142407
0.295586107091172,17.858286725252448
0.226757369614512,11.929243261711655
0.415272727272727,32.19132300025747
0.316125501641737,13.712056381006082
0.381636363636364,22.21094627037601
0.402386117136659,14.637497822164661
0.33635072772453,15.552299778147718
0.295180722891566,19.792483523343193
0.217898134863702,14.582427894425544
0.328952042628774,25.496395603332978
0.32753108348135,12.579482960306681
0.234148069429685,10.69084060192717
0.267043314500942,19.660072917428312
0.216738197424893,15.346835360299647
0.33345259391771,7.489348151108274
0.300635144671842,13.526446927138187
0.427905308464849,13.919674895007725
0.380266474612892,12.21986044357176
0.310767590618337,24.465133388521124
0.310700319943121,22.231325651401054
0.202914001421464,7.28684977020516
0.223870056497175,12.890119322286909
0.410829163688349,13.058505049603292
0.411923631123919,11.257466218484462
0.326505165657285,17.89063269634493
0.33615520282187,16.33070944267581
0.270521056388294,18.166265597824264
0.399213724088635,9.755942927367816
0.31661330487371,22.378975598035858
0.405193881181074,14.233454183395649
0.401327592393254,14.76997755894552
0.3362594052311,17.969042814172756
0.224928876244666,27.019661860769983
0.438407079646018,20.877076815078777
0.438837375178317,26.63283375844958
0.239539007092199,16.274627324134695
0.325556353194544,10.218417634798017
0.441835645677695,21.76562170349584
0.264870931537598,13.6909048647915
0.438262742282843,17.07062336639944
0.399643493761141,13.559198171752868
0.238112136266856,14.56266109585441
0.332798001427552,10.954747699124086
0.290121255349501,25.018188563650256
0.220629865534324,8.632852290146506
0.199678800856531,10.794915606951534
0.42274678111588,21.36459985591002
0.327156094084106,7.501002870185487
0.411880832735104,7.218476640516224
0.326704545454545,9.389576099262726
0.314245316366207,11.691860286243168
0.227111426543648,16.555936954472106
0.335164835164835,17.950221205364727
0.337122557726465,44.91550017281538
0.321832979476292,16.577695357736875
0.250355618776671,13.865245735384743
0.25070821529745,13.239280170575075
0.322454771195459,19.306702202034707
0.331093031482137,65.90469685260491
0.326950608446671,9.741113644690111
0.247742867461177,14.53365355310341
0.307842441447835,21.293081293255995
0.327777777777778,10.109272581227229
0.209454674220963,22.25089714135124
0.305545743553515,24.745732489313426
0.038881069669247,9.930579791611153
0.333864118895966,19.038217651392777
0.240063875088715,15.581892414372147
0.335701598579041,24.543516588989633
0.210845522654299,11.455300565825437
0.20859872611465,19.17927732213994
0.248584571832979,13.25942718133482
0.2310443490701,26.06482982048791
0.215272856130404,17.977390504469174
0.213600852272727,18.140562007939835
0.221000354735722,23.86302900875391
0.211382113821138,19.398096003796404
0.211234745154343,21.350144473224812
0.38485401459854,13.863995213673755
0.204182913860333,21.436423764545992
0.319591261451727,14.614541999317108
0.315686274509804,27.6866307795641
0.322552138564864,16.181014748771446
0.31945926716471,18.05176601681191
0.366401158580739,23.969092682593807
0.201564166370423,23.41763501519633
0.324769666902906,15.282894192401105
0.236428571428571,24.53043540158606
0.238837703756201,27.20356776673738
0.210805084745763,23.147573756324388
0.219005328596803,19.97670729443883
0.23824673029339,14.117772226256683
0.319194061505832,16.81046187460587
0.209893992932862,19.4008684427737
0.308374733853797,23.860003351969755
0.310151734104046,23.832248474418744
0.299492385786802,21.29854292114842
0.182842602689931,28.374214416940696
0.359369401648155,26.555806180888144
0.306753889674682,20.455113650812574
0.238499646142958,17.957585310657024
0.222567666422824,21.364647063344826
0.332738307747233,12.897125475012798
0.233097345132743,10.173588208122247
0.318409742120344,13.732878672142258
0.218672346467874,19.162302637205975
0.222321110715557,21.336897547649674
0.326868327402135,14.583020545571781
0.306497679400214,22.15108558701418
0.217962371317004,19.87893515529413
0.330258957076978,19.822358639882204
0.333633741888969,12.228203791342002
0.321529745042493,12.779426543276248
0.363416449572013,21.449224871325292
0.330242510699001,21.20743055026226
0.339285714285714,10.89791685005244
0.231855559528066,33.43302590171953
0.316582914572864,13.07673398553607
0.28180843459614,9.427965088727854
0.253112771255781,19.30030813973464
0.234253361641897,15.635226428507941
0.313824057450628,12.092633930656165
0.208348134991119,18.958960739124272
0.158566867683576,17.17485488800705
0.316601631784321,16.454967488601866
0.316472358029334,25.029256758068467
0.347077805665113,26.432220917462008
0.400752418487997,14.196613528704122
0.224277660324172,13.024097493316843
0.303981348637016,14.40144414567472
0.283710895361381,10.647256452109406
0.25177304964539,22.992402858230385
0.253290643898968,21.35583159831586
0.341402634389462,18.031676305512367
0.312654648285613,17.52007905200356
0.291547788873039,11.424537112398001
0.288004322766571,14.15028358414003
0.401712450945416,12.441325338790477
0.175537539654565,18.741577091763823
0.323592302209551,15.23150075777418
0.272305496074233,16.23184683654871
0.228403839317455,15.454924313756115
0.282794169925347,13.595571843580467
0.283972750089638,12.23003778974672
0.396588868940754,12.477345622003078
0.352187833511206,18.948922503943532
0.344026940801134,18.07165272141535
0.350053552302749,23.917522758263658
0.260468417317246,12.968293211312098
0.397878460985257,11.00168478928657
0.346797153024911,19.089129823019665
0.375515560554931,14.000946272951817
0.348060344827586,19.371074967834254
0.282608695652174,12.22518433768897
0.341554293825408,10.578316853478368
0.234330484330484,14.781470743402949
0.225961538461538,21.557613745444574
0.340056617126681,13.465787421624798
0.357755539671194,10.550814892433408
0.317125491598141,16.917797747351983
0.250445632798574,15.73255456476646
0.293548387096774,14.182031937407308
0.196700957786449,17.22353147514983
0.225265017667845,16.685581564747256
0.306147832267235,14.202699712501465
0.151735127478754,14.965298846504464
0.156748140276302,35.73938275885524
0.211280056577086,16.47591186114472
0.350942725008894,11.554589953559491
0.344913151364764,10.412686566226206
0.237606232294618,16.911253871039257
0.156592435489572,58.11030001452878
0.396779964221825,13.865082240612464
0.332128659197687,15.873640781121575
0.236096351399221,12.945635198694694
0.395123700250986,16.400152285187684
0.327243703440936,13.468869716902569
0.231285310734463,18.677175248369405
0.33634431455898,15.277536684694322
0.158136251323685,17.662222462412316
0.265552790615002,15.61220234424328
0.244318181818182,17.187398571564383
0.341907824222937,15.868747968112475
0.328556263269639,13.003452088629704
0.350653941322022,17.363902953690427
0.35806220951019,20.250530629178748
0.358156028368794,12.21095904928642
0.363442389758179,11.957138430928788
0.346714031971581,19.136464484453455
0.356384860275911,14.402205157563566
0.348348887293611,15.655360341696072
0.275528811086798,15.899603306049876
0.326588569400071,14.72803884101635
0.212548466690166,17.196946608336265
0.220619658119658,19.92346634761026
0.212597035991531,17.71822793225348
0.223389106443574,12.936692886299188
0.444142183532826,17.71537976853816
0.353202846975089,14.833195516003618
0.213323883770376,13.554271275767109
0.347569692637598,19.49066130164786
0.351648351648352,22.091857252856745
0.339943342776204,15.284014411809004
0.344005691924582,13.507873050427522
0.299009200283086,9.77000126325335
0.21239406779661,14.771141537968806
0.34022622834924,14.470101065128814
0.233309659090909,18.568085480831115
0.376128566269411,13.209224330214765
0.384531590413943,16.03034666863854
0.339318099383388,21.533342913955998
0.271979985704074,18.801061432234484
0.224991162955108,14.068929381763413
0.361849096705632,11.637036491083249
0.34481495053133,15.306860411447987
0.404966059306895,11.859025596758071
0.261061946902655,18.057278747836637
0.388709677419355,10.500280038955644
0.348027017419125,16.361166555854787
0.370502315639473,14.282806223803446
0.186988979736936,10.37502435389604
0.233499821619693,22.87737464856226
0.339139708496267,13.431371524453077
0.237411347517731,12.660508607087063
0.397000361402241,18.986185926276132
0.209351753453773,18.212375744895116
0.244237918215613,12.168423434500612
0.237433155080214,21.24227337038897
0.248421834385444,13.293407074956768
0.333631484794276,28.047443339486307
0.389148401006108,15.458937687944381
0.378668575518969,20.18271880996337
0.351245551601423,13.989021914157366
0.344097595981342,19.055664906511655
0.246543778801843,13.084444854783605
0.233498935415188,23.62902644783229
0.360255047821467,18.659537470098197
0.37781954887218,32.58831435111183
0.252770825884877,30.451487562521333
0.425402504472272,17.560611405232926
0.186795774647887,19.316249823747345
0.326227158724471,18.817516011791824
0.293568091987064,14.815032360099577
0.242821694434598,14.557791480799903
0.242988995385161,12.46032266510826
0.252042628774423,22.08140874147405
0.350511824920579,23.315693584903965
0.316934046345811,15.762812485428189
0.319683908045977,21.99309025443051
0.421652421652422,11.599130213819778
0.246478873239437,28.860449703775295
0.383588465646137,9.81295729918186
0.29389721627409,23.150472312899804
0.203867991483321,9.842864827204474
0.313475177304965,9.501791828026251
0.304729487638839,15.20014612063604
0.434790397706915,15.432694133597192
0.335643212508884,11.91699265419633
0.350954738330976,25.252265101683815
0.353884533143264,30.236461015002448
0.338600852272727,11.559582447476991
0.419511318720805,16.734119639298388
0.353515625,25.539602473896053
0.359895248784138,22.01745364390149
0.352667382742571,26.617779516416096
0.306365576102418,13.651735655893415
0.341956059532247,15.109841636990053
0.229782686141788,22.189707530064272
0.138869132290185,13.322916295583507
0.313074204946996,20.706112434201376
0.316755793226381,14.740064000477233
0.324777183600713,13.208941919625277
0.184032716927454,18.8148532851385
0.3099247581512,18.726529891792175
0.227594757350337,25.006656182834515
0.210628531073446,20.742169900420322
0.33694109297374,10.75641946016659
0.227449593208348,15.165945374976395
0.24031971580817,41.02594233627036
0.241707833450953,21.697635069525155
0.345060412224591,13.041849852522219
0.341480694296847,13.366436417749794
0.237159050655331,13.352401670352274
0.233121244255921,63.449957971884075
0.431404072883173,18.744863050191952
0.339169675090253,23.92112258452864
0.189270538243626,9.036559988325125
0.414817465998568,24.165497063038902
0.286827195467422,10.058616811645607
0.202464788732394,11.860529212041328
0.289427157001414,18.188492915605565
0.229872881355932,9.106334743966505
0.336998935792834,17.69414828010498
0.238483345145287,12.615423186676443
0.265156918687589,21.138332034849796
0.325150123631226,8.621154750168783
0.350477200424178,22.952334076748883
0.347266881028939,10.578790896357381
0.331797235023041,13.10956026694234
0.330908445706175,10.68031336092858
0.339247693399574,14.961041302837723
0.328268551236749,13.565156449653523
0.335304659498208,11.381665486656154
0.296613255644574,18.121084367234083
0.290442477876106,7.033231109751695
0.245070422535211,25.029146747083157
0.181527531083481,11.490123577916886
0.242066290550071,23.363416803440888
0.218272307145396,9.528071067933812
0.440846599131693,19.30072592189116
0.320284697508897,10.776111177654617
0.246194690265487,22.208363311786414
0.356709493219129,9.40037867681936
0.361995753715499,13.412309633917708
0.322791519434629,10.605501291271787
0.292717584369449,8.790732857840068
0.346113074204947,16.961464236020547
0.243820621468927,22.18405757065697
0.295734931265421,9.900299235673735
0.213297872340426,11.889455702870391
0.387968299711816,14.08468077418734
0.384922073214933,16.02581784498812
0.29720913374411,15.142512268926561
0.267799642218247,15.703551172830506
0.225891910985518,9.69385301548139
0.324725857799788,7.737170512810135
0.331688596491228,7.815954271220598
0.420592433975732,16.081650455720037
0.346834099752388,25.07186818973552
0.415263346470799,12.597508443405385
0.343683463449255,12.751249816166977
0.341506751954513,7.739563773075727
0.239176721078779,14.935480276213552
0.196613190730838,12.533510869782228
0.288959886403976,8.305639006756824
0.23240183940573,9.7398212685879
0.420331651045422,21.8830438306324
0.239830208701804,24.84459985533448
0.25408618127786,18.106912781168763
0.226156583629893,15.533584193466298
0.239614243323442,20.152202198826934
0.348019978594363,17.906720531171153
0.421505376344086,21.929017900640762
0.39264022865309,23.18166667679559
0.355796586059744,17.195267673609468
0.336389787846099,18.780323090958476
0.282171099928109,14.061009137441815
0.208989971346705,11.084732734601362
0.24838587162932,18.903587351854235
0.247105643994211,23.16702799236571
0.329590727997103,12.769479871720412
0.316315601570868,6.184124655851089
0.418208197315923,13.49105829781278
0.377595628415301,10.820052637742462
0.33201581027668,20.26869359187989
0.334954954954955,19.497146426827676
0.237940964722822,15.782140574129496
0.238469789059707,12.872730939831257
0.402024584237166,13.92633733542337
0.404770575382374,12.265686039004429
0.314280562567616,12.130960002423883
0.329646806992508,19.26564441384972
0.258116883116883,15.671184020991799
0.384587554269175,13.394271922628892
0.311015118790497,18.430708365704586
0.393884892086331,16.416259070345703
0.393906420021763,10.076841091135371
0.326142131979695,10.448706711640689
0.167685118619698,21.927401735047592
0.432926829268293,14.068940229001257
0.435198555956679,18.466114731507545
0.189451022604952,11.709534932140215
0.319090909090909,9.882781879585167
0.435001800504141,15.91621082352187
0.260507383566831,11.54898099207893
0.434071921540138,13.389603478280932
0.392818477084085,14.107236086276224
0.230314960629921,12.26455977700721
0.329963898916968,14.822315850946374
0.325207656193572,19.907358006606405
0.219342152306042,11.381656375763434
0.248464040477051,10.674505891336901
0.416968162083936,15.051331132227082
0.335255948089402,12.88812818480542
0.402536231884058,12.792231453702295
0.327282530553559,13.479382246105436
0.32032927702219,11.678127854975948
0.22813961856783,15.840194949378397
0.305455850681981,12.675665712491892
0.30431654676259,36.754802214695424
0.331305903398927,10.119692691649979
0.206072583542939,11.50172249977055
0.205164992826399,8.857871185232673
0.319583931133429,14.218869729609613
0.301896921975662,58.50046364168102
0.321635311143271,11.43373312405143
0.222059897735573,14.84171386074354
0.338061041292639,16.79424033961588
0.311276287164612,13.81441820496772
0.24328197778574,16.29363440542379
0.318506609503394,19.89892308596397
0.218559656037263,13.813802594959348
0.30261274158912,18.907422716553434
0.204602660913341,9.899840926198406
0.312365204888569,17.301929712081105
0.247833935018051,12.503503104136378
0.222619899785254,16.697513404964525
0.189667500893815,16.408488763861353
0.214130827611131,23.854141363182222
0.244795405599426,11.367925729388407
0.235716852317643,11.96985052478738
0.212773591675637,20.247805566764978
0.231057898498928,11.601910735051403
0.227289244186046,17.811347505647277
0.384231905465288,9.947749819095582
0.229487638839126,18.85236051797928
0.333630846126383,16.62499848643152
0.309455070371707,24.797504163928764
0.331782390837509,8.939687543383874
0.327567567567568,15.385492778646052
0.358189813118358,17.712693648719767
0.23306916426513,19.278348461094645
0.338593974175036,10.566227803657377
0.167690639681966,22.64252517005365
0.170247046186896,22.68006832848349
0.201823382195209,18.224117725008107
0.238240574506284,16.511504687530742
0.214771101573677,8.178865783839365
0.333989266547406,10.38481029926997
0.241877900749732,18.63007804822629
0.331056793673616,21.175108214458632
0.291880029261156,17.995022438678767
0.294961382861346,13.949193474769167
0.214102093279471,22.687940098471987
0.371469949312093,19.61941523241572
0.320343224883804,17.960850081630863
0.246867167919799,15.725197539539215
0.238068812430633,20.475418258289686
0.326401446654611,11.106700600260805
0.187365783822477,15.506430091365049
0.315264684554025,10.272819239615528
0.231488138030194,16.430079973677568
0.257204610951009,18.017065533680505
0.288156947444205,8.221460935605672
0.310762007945107,21.856860386766108
0.235093390804598,17.809311032062205
0.307968413496052,14.50604117386043
0.31970802919708,17.454055656793848
0.328791681606311,16.151164389641675
0.329887218045113,11.650580521736398
0.319444444444444,19.546861103920538
0.328447951897783,9.219565143781391
0.227584960231381,30.315801229590576
0.312794490757521,10.2976307680297
0.235910404624277,18.714414340854102
0.21333572969087,11.442234011307653
0.184987548914977,26.20769162087093
0.312544420753376,20.98977623464525
0.342115167482123,33.72007754252227
0.349049838651847,36.21696965935092
0.405419956927495,22.35216563821497
0.244797178130511,19.669544391060754
0.311602011494253,22.461641662120673
0.290496760259179,17.799771482565088
0.263139204545455,11.215082763235277
0.262116892373485,14.318251116785547
0.343538625845497,27.68824353807128
0.275026529890343,24.43126104688186
0.302217453505007,20.68586297864234
0.297511720158673,24.212440865116925
0.403104925053533,13.604247895854048
0.187477954144621,32.41237797438207
0.348019978594363,13.208421790514357
0.292068595927117,26.67387146483093
0.259331674369001,10.968599056746294
0.300818796724813,18.34871445539866
0.304449228561177,15.592203473864739
0.407686781609195,13.709881280963248
0.371438746438746,10.05955964698579
0.34806531771388,23.616460818095042
0.350107066381156,26.262934963238248
0.305338078291815,14.407732450648714
0.393448524118071,19.98265971107867
0.349483434271464,23.975612754655675
0.381095273818455,23.229939000891946
0.347951114306254,26.86282709702134
0.302960057061341,18.019219839194257
0.349023090586146,19.16214379232268
0.237857142857143,26.821080405224876
0.236532286835533,9.257019899129062
0.366004962779156,24.256425457030264
0.364642857142857,18.732707905401256
0.32312925170068,9.15616278792511
0.247146932952924,23.499622500756338
0.297520661157025,23.84237786637731
0.156405693950178,28.296145977708605
0.253715498938429,23.50825973674798
0.266108935564258,15.779799456706675
0.19613063542776,15.495615334193301
0.197864768683274,40.539090104395
0.200141693234148,20.93750098979866
0.368992524029904,14.967660323181654
0.365056818181818,15.383451604944847
0.262158324458644,14.551216889952034
0.183362831858407,63.2912069074367
0.410880458124553,22.906109256583285
0.344372059355773,26.397718303613114
0.233747779751332,11.895218410806889
0.397058823529412,27.48357230795201
0.309996455157745,9.987455719259078
0.247351694915254,11.44229495934488
0.334633108826657,23.322210585465957
0.198193411264612,14.082093714711224
0.307404770380919,16.914538143287658
0.268479033404406,6.212222755318631
0.344007155635063,23.71899279250959
0.34750265674814,12.604909586524208
0.36582772066643,26.723227001543986
0.367431028305267,13.235198625847282
0.374689385871494,12.470064420671632
0.377580071174377,12.437472993338583
0.363798008534851,14.467960342198857
0.37743535246192,11.917100069209694
0.363097376931369,12.443012750651938
0.286989795918367,17.375618831989097
0.339964476021314,12.72042230851963
0.198695345557123,28.94039238825315
0.244028520499109,13.320976918724162
0.203998584571833,22.641487225642866
0.247775008899964,13.01972715482904
0.453357531760436,17.518122768101026
0.364252586514449,12.373801460633608
0.200141693234148,22.7864280930759
0.378088077336198,12.836818698028734
0.381695636750621,10.526710330247408
0.356611130804679,11.00481074876275
0.369526521893912,12.549327098379756
0.294044665012407,17.24482521198736
0.198089847895295,22.042234765706755
0.33864118895966,15.96529298248935
0.252133712660028,13.633665781232397
0.400506512301013,11.593702487977833
0.400436046511628,11.107331816122825
0.363735465116279,10.961885815614004
0.286967418546366,8.91207183019979
0.243544393349841,12.392420492945721
0.363604114934374,12.502223794746403
0.363953061972864,16.154113823823096
0.415682062298604,19.631544476900864
0.294148936170213,28.68867347602361
0.401362984218077,16.72864894708188
0.368729989327641,16.94233724133574
0.368411680911681,11.246133324966111
0.20729537366548,15.982042640853592
0.254376563058235,16.899035707807286
0.365562678062678,13.320352408082005
0.257188498402556,10.703571167096424
0.400868306801737,28.28230759795385
0.201418439716312,28.826581149540527
0.257908448083364,15.358995226981055
0.270424545130218,14.625483597845594
0.251769087523277,22.34075218744824
0.352508960573477,16.761552674896425
0.393961179007908,23.37915618017267
0.371418338108882,29.247869815081774
0.370634354953671,16.703115013153187
0.287135749822317,13.308284508026063
0.315868827742179,14.699120133472602
0.337576192183578,17.367689248089945
0.404018658055256,10.105881008069206
0.219081272084806,12.355051466465044
0.302333931777379,16.569793424882352
0.283886085075703,11.879541308531492
0.247602131438721,26.765029972401525
0.248127006778452,25.27218146302327
0.329889561809761,12.475144229133251
0.300070771408351,11.39790573384413
0.283160529138363,12.664409961022676
0.298090778097983,12.39802333605703
0.388928571428571,18.676657885949563
0.175651867512333,11.402955633948807
0.315827081100393,20.268198387539364
0.27807582260372,8.439274516231393
0.22748309006764,26.022290222385973
0.28932384341637,19.242463343722836
0.302225412778177,18.134686533631655
0.398058252427185,19.319768106574244
0.347291518175339,29.217040498211922
0.346331088266572,21.382628370960678
0.348230246692885,25.928090738417236
0.238272921108742,20.32583891457946
0.395608351331893,13.017216104267424
0.347345920912006,22.703292332092644
0.368282600526118,17.368713015796843
0.348044492285612,16.769674370783857
0.30406852248394,19.151600877458442
0.345060412224591,13.020236217874247
0.238332739579622,8.541131325789625
0.225392296718973,26.608571441864378
0.338532435306629,12.624898879490082
0.348783106657122,12.829327428434144
0.32618025751073,23.638071096915066
0.23510524438102,12.57412789786493
0.289180445722502,13.758556687271936
0.185145700071073,11.755884178955379
0.230810045985143,9.318943527683432
0.291637010676157,22.999011190473663
0.125354107648725,16.649421131307708
0.132682060390764,45.96739895151498
0.188472418670439,10.910219376682333
0.349358974358974,17.497259579601703
0.344326241134752,15.023005113000696
0.245122383824051,20.539576290104417
0.127742392073602,66.59168601818227
0.401075268817204,12.080002170674119
0.294384057971015,10.499505475020149
0.221867234646787,24.070207547366085
0.387652548456569,7.0294405903058585
0.323456352022711,23.950331990587088
0.240812720848056,28.862892447918277
0.325115289109613,11.24713432696193
0.133805309734513,24.75902725347552
0.235231316725979,18.31063260189186
0.247338537970192,25.32659741844783
0.332021466905188,8.260229598439642
0.321061946902655,23.58485510636239
0.343196314670447,9.141805728624366
0.343056549749463,30.19707228900863
0.355291193181818,18.24810683451678
0.347617354196302,19.632952812256324
0.342095914742451,29.291290037149622
0.35056657223796,19.2801270724637
0.343288952860741,26.023290830525642
0.278386272362176,13.932412610493454
0.32753108348135,24.943053155834786
0.192049469964664,8.192219040054006
0.220955096222381,31.748017359559313
0.187964601769911,11.803026806157398
0.231990014265335,22.413716779703304
0.450780966218671,26.327526064014346
0.342612419700214,26.67190167599791
0.194069602272727,9.030506192022095
0.338224767358626,29.080658110702196
0.341610500177368,30.97981789030888
0.334160170092133,27.190477432708903
0.346633416458853,23.40163165556296
0.283209351753454,13.871210324982256
0.190577399929153,10.1716505479129
0.3251414427157,24.357822938352104
0.243958777540867,27.42341190178277
0.397973950795948,25.061973105747192
0.404034896401309,23.27515429754048
0.346111918604651,31.92883213547713
0.286174785100286,28.501816008681367
0.218882602545969,24.439370832913806
0.358815182688897,21.232631261565928
0.34697247706422,25.127443551752975
0.402543891078467,15.659890864426933
0.176408076514346,10.72496091549382
0.385775862068966,16.611216825701817
0.344962620149519,23.740808661625387
0.354649091556822,24.286295464924645
0.1622150997151,13.302858128740633
0.2319255547602,26.378552501577836
0.342638691322902,23.85592136192081
0.240248226950355,22.935848812906723
0.389431777053927,16.50824732003578
0.19062832800852,10.854030958612752
0.254752143123369,22.728403784834406
0.249732620320856,25.388559336850562
0.247393894266567,13.403793139888617
0.331364124597207,37.72598391955343
0.382511694854264,11.208467095671331
0.376476906552095,11.917850328683869
0.365206552706553,20.546746291356403
0.240037593984962,18.09995970999858
0.251875669882101,17.515575689586782
0.324435686134002,8.613389367574575
0.337213403880071,9.203327998342846
0.399210903873745,12.400943421852984
0.374595178121626,11.885972987165461
0.355823863636364,18.87260699732486
0.359302739238705,17.532658751644227
0.241929762327066,10.346097789100865
0.219202259089305,11.97495979318441
0.383845604002859,14.219739940667594
0.402882882882883,14.016472693799981
0.298539365871037,14.508287502761213
0.315297849841382,19.262695605628846
0.251423487544484,15.996788632968972
0.396101573676681,12.977192074207618
0.352846975088968,20.850572050410705
0.393314366998578,13.96164901634632
0.420287253141831,11.262217182175231
0.299964119124507,15.068401437781146
0.25667022411953,24.372200127506275
0.444700460829493,19.67026631346732
0.446109921484654,24.11105221099548
0.193645722399716,13.417916753830818
0.294784172661871,11.414809897007611
0.44873620505518,20.966133672400826
0.293974550898204,14.516580691834797
0.444903086862886,16.61125529693762
0.418181818181818,14.465171623124006
0.262393767705382,15.532756260081031
0.35424091233072,15.640737342027188
0.353780313837375,20.07782968194791
0.264060841881854,11.307042878110707
0.274803711634547,10.723192702808802
0.419020378977476,16.81219050699726
0.353349964362081,7.010286791045266
0.394292893036612,10.393097172625664
0.306749555950266,12.268869429285184
0.328207847295864,11.115918717998865
0.210180915218163,16.156312423542342
0.304748405386251,12.59653409975208
0.294284700035499,41.70292408264604
0.321605374823197,11.740871659072473
0.263559021623538,12.729131601853098
0.26417434443657,11.010731190335788
0.359879389854558,14.418392439642213
0.295542978422356,62.45579369428488
0.305,9.328339925315461
0.248014440433213,16.682392116873785
0.341610500177368,19.66711595457133
0.297784923186852,12.832494731883546
0.242472546935884,19.410501174274252
0.34816384180791,22.11814172228477
0.241507430997877,11.536906531551239
0.291092258748674,16.651836286541894
0.208303761533002,9.346592607486045
0.357320540156361,20.689766477713125
0.245094541562611,11.237281343427911
0.24788285109386,19.032691835698945
0.255213856486391,17.00752738485315
0.264380135762772,23.81269927300139
0.282246633593196,15.334367084193756
0.281072443181818,14.748009180811056
0.260184201204392,20.237162074986067
0.282608695652174,15.070865121120562
0.265697883028346,18.291215754973972
0.385724717050018,10.333156947015116
0.239992915338293,20.32652265556467
0.321113852661262,16.97764000525658
0.342058404558405,26.728821061664156
0.321680790960452,11.785093131553223
0.351654215581644,16.549531345958627
0.372602243937749,22.913955484310666
0.272419928825623,21.75793123025693
0.322340425531915,14.155745568595066
0.262236513040372,22.778644215914525
0.260446175637394,23.11088730909482
0.252999294283698,20.712156758462626
0.267660631877884,17.301240214429217
0.206007067137809,12.285921183692926
0.319434628975265,13.43158532834333
0.248059280169372,18.4987500302338
0.346290379836706,21.483473248709462
0.311307166006482,21.838511876012344
0.312001450326323,17.148596923721755
0.270613875771885,24.269017217724357
0.388471177944862,22.071561441998675
0.340876944837341,19.74874866318815
0.272904138662894,17.522062948622334
0.260607168983175,20.95639403341922
0.316916488222698,11.40380423248303
0.195828914810887,12.92494569151904
0.312119039082108,11.392827996841538
0.27831025914093,16.768820104963698
0.273923870508716,20.318770227243185
0.281672597864769,12.104746492822837
0.334642857142857,18.56728727977211
0.264643237486688,19.89603605813742
0.351010996807378,17.93888206205987
0.308564231738035,14.603124799927304
0.319099929128278,13.681667816642179
0.374162323157111,18.541846862190724
0.359129814550642,18.126213689895835
0.355018587360595,11.19053160054618
0.240443015362629,30.00081176573446
0.303443328550933,11.545519038960254
0.272142857142857,12.846219067957339
0.266879886282871,15.280878418796236
0.273055028462998,18.036399926191553
0.25256361564755,17.773369504746004
0.372986137130011,17.25107249958763
0.335548803646031,19.120786704881002
0.365965583173996,21.549764788312554
0.381688018085908,33.113706055701066
0.383264072534945,31.716248026452405
0.270244821092279,18.51396120487554
0.244199101796407,17.924201559929497
0.316748955563995,22.562381924863338
0.337160352085725,20.625375170522926
0.235371838429596,25.432244294032984
0.320479221265444,16.32218176607282
0.220899470899471,27.819064272794837
0.337940174176448,17.190598139157043
0.372312334967937,34.191823863114685
0.323906485671192,27.745269982868134
0.392802741812643,24.28738552720638
0.24090219863533,24.285390727177166
0.283477932855526,36.19366997176991
0.424755455229496,24.69514778929252
0.426164331692541,28.264360578159994
0.215442561205273,27.199145044056813
0.234196496572734,21.57757396424427
0.427708569271423,26.640958316564976
0.192003167062549,22.084797381006656
0.423751429660694,19.991986751284035
0.393532526475038,27.311874909452094
0.272025602409639,23.397688432375652
0.368759455370651,19.05677762478102
0.374574347332577,33.37599212393039
0.286839145106862,17.322810729152213
0.287518853695324,20.89153552043526
0.39339908952959,30.16620294620874
0.36578449905482,19.38414156118254
0.336377473363775,19.008136120989413
0.337292609351433,13.04592857376351
0.373638753285768,16.704047719673035
0.236603773584906,30.246376085339932
0.32137490608565,22.573638341612554
0.311864406779661,45.703338282873304
0.340585146286572,16.210834135188424
0.280566037735849,24.599616006294116
0.282894736842105,22.211388381099148
0.379102225575255,26.6408949583773
0.312992865189636,63.02606098760429
0.241203178206583,16.935740792338144
0.222349351639969,19.947613641824443
0.362763554216867,32.53914277145408
0.241575160923892,15.451488713443183
0.258433283358321,32.17871634043723
0.369141357330334,35.46767157458434
0.270082582582583,19.25943091571651
0.315670800450958,32.15172140254904
0.223768333960135,22.393520531173866
0.377593360995851,32.73503479800629
0.269565217391304,16.066335734392453
0.275468164794007,31.560454103018063
0.286786786786787,20.688560081957416
0.28671461014383,37.90045866756624
0.285526315789474,26.615454691125844
0.291179796456841,25.796805010534445
0.281449493052948,34.97213681467222
0.288367729831144,24.91349333223457
0.276215805471125,32.66141525784295
0.30019305019305,21.155587233916144
0.263246899661781,33.50065358619183
0.343434343434343,16.66609623625065
0.36884935654807,39.928012704940414
0.338643178410795,14.904308202855796
0.372211720226843,30.18734371763421
0.348502304147465,32.64698974492198
0.289006422364941,33.67268482702863
0.345806694245957,17.161365103598992
0.288068181818182,37.04253793835371
0.288208787082238,37.47117103510831
0.272011989509179,34.073029043897236
0.281426953567384,30.76034470477676
0.233133433283358,19.602057564011126
0.343398349587397,16.62056990838176
0.266204571000375,32.273487379137784
0.378485305199699,34.64864667354764
0.28527724665392,33.09305529464085
0.284671532846715,29.232118769281776
0.287989255564083,37.923440920361216
0.392626377803117,34.985292000808386
0.373826511453248,32.720298910679475
0.289582549830763,30.453434497411145
0.24922600619195,33.63113460846669
0.251794484321874,20.970080474805705
0.216797605686495,15.852974104625645
0.222327520849128,23.63235159248241
0.290316503391108,30.544527219467387
0.25621703089676,33.34438418617847
0.323707059267648,21.376453111855877
0.355218216318786,33.13319183910554
0.279433962264151,32.49957589743343
0.37909604519774,30.66681925644431
0.228609625668449,21.592127881475495
0.342787377911345,15.235289613224138
0.339481946624804,26.57471182250881
0.379636638909917,32.698428327006965
0.325864779874214,19.256037199585094
0.271763815291446,44.465117438205596
0.162742119255602,14.173633396244611
0.259931895573212,17.93276218275149
0.287438702376462,23.502064070413347
0.32870036101083,16.309664392787003
0.329715302491103,21.547212321792706
0.420289855072464,20.22138533565493
0.388222464558342,22.688036831224004
0.355428161949122,33.4571843900793
0.356654676258993,30.3480153776876
0.0398926654740608,10.795546783755087
0.243402282453638,19.73858551408344
0.413749548899314,21.939389634935804
0.419847328244275,20.975493333049105
0.323137819359482,26.821485079270662
0.344195156695157,18.622984639711902
0.278956834532374,28.523329739585822
0.401479610249008,16.548939711525865
0.342020129403307,34.482462835824435
0.405890804597701,24.02231341174395
0.403003981179877,24.9964289133992
0.342867487328023,28.245594169842335
0.260565902578797,37.80842201605312
0.442913385826772,30.0334368531177
0.44718817591925,35.08933814409497
0.237473156764495,26.576767639999368
0.320405944182675,20.90247718115116
0.447377873563218,31.21596090709468
0.26659125188537,24.230555133983504
0.447482796088374,23.676388332655353
0.401654081265732,25.399665585853864
0.263139077583125,24.4404346925664
0.361131123919308,18.43500981366525
0.273693693693694,34.63139039091853
0.243658449446231,18.39631671404296
0.24089433826181,21.45297684262125
0.421356421356421,31.91195480012363
0.311982727599856,15.643436723752941
0.40968443960827,16.108704916407767
0.338958707360862,14.561803536227247
0.329764453961456,18.453647371319345
0.237549265496238,28.761351025442746
0.33584229390681,24.534490152838845
0.347037701974865,48.5889226254258
0.347981421936406,21.580860043062497
0.265317090648513,26.064927731254528
0.266356810868788,23.649315318336498
0.360344209394048,27.09661080824531
0.340478742408003,66.49760952831583
0.329967544175983,17.24110480779663
0.250456037942357,21.227092104069893
0.331663685152057,32.553179324510026
0.319314079422383,16.255922060543774
0.224347515194852,33.15134976169721
0.343126780626781,35.81909258279955
0.215560314061385,16.288719047827527
0.339464285714286,29.836008447512192
0.235136103151863,24.232368912469035
0.363212621011115,34.96995160274212
0.120944484498918,17.658250718761874
0.242694226657163,31.54639613417969
0.261785714285714,20.785145192528685
0.260900900900901,37.08568684966405
0.263948497854077,28.820397676909632
0.261554998208527,27.82584725278289
0.26316732353995,34.626965436902864
0.257591997141836,28.579211110277424
0.255889815150417,32.54855797111708
0.403023598820059,23.136223462662496
0.216917024320458,32.35923153234169
0.351726593093628,17.960631237764336
0.32841726618705,39.787142570111094
0.348430813124108,20.76738545576803
0.353597122302158,29.737325809091327
0.359575247162212,35.77750276301663
0.25834829443447,34.97616267474794
0.355559528065785,22.326531417342395
0.265512265512265,35.89647676481135
0.267416934619507,37.620984637022545
0.254016422706176,34.49526156030667
0.22803872355683,30.569448314577624
0.240099892971816,24.19099887187702
0.351944345344274,22.443816377154857
0.235042735042735,30.368731071245314
0.350663320186447,34.264216273933876
0.306516199490353,35.57764058699555
0.297623400365631,32.15732211611713
0.234884573103701,39.0556795298428
0.38038364096996,37.40710735149786
0.348446983220278,32.470327922305366
0.234190782422294,29.940204266242652
0.25480413895048,31.239047079128767
0.334414414414414,21.2988001173686
0.240720913633119,15.282876374174045
0.315351194786387,22.893080357032066
0.272417503586801,27.758183931550434
0.270197486535009,33.33680624079143
0.346443965517241,24.154272730891815
0.342589253516048,29.9213250722204
0.230010756543564,32.14287022245298
0.356529516994633,31.851169773493506
0.327147016011645,14.32454381541727
0.350375402216661,15.568425030140734
0.367117117117117,31.4528052695985
0.356757728253055,32.13024842137412
0.367079115110611,20.21305337374609
0.255315315315315,43.598063087437865
0.327966714905933,18.932546261205854
0.302090843547224,10.853366275023028
0.250987432675045,28.130767527101607
0.420405982905983,10.847359400586065
0.282325244476639,11.377058200144708
0.336779107725789,9.277478944948598
0.401183644189383,21.900662545156703
0.401943145016193,20.165488593409673
0.326032315978456,8.44944351342688
0.322154834106315,11.235385296787078
0.27958152958153,11.009797762999082
0.272628135223555,12.377283095371318
0.208901651112706,14.735818487856678
0.377935943060498,15.656465753755905
0.261151079136691,15.326721751499793
0.284579270494764,9.312803833973776
0.419122933141625,20.98886249166582
0.277857656362329,12.626992064211722
0.366618339978253,13.23174140352021
0.204479768786127,15.336316899390775
0.339381961911606,24.053481778081935
0.36235252055774,20.286326917930246
0.373964710118833,25.87104782385835
0.334229390681004,15.109062554621232
0.200289750090547,9.73897060876343
0.367636494252874,21.208633395638227
0.238653555219365,14.834038389752243
0.370068765834238,17.012793873024478
0.36671469740634,13.119750963046304
0.328556073092082,12.183254329522802
0.407420749279539,11.162152647676757
0.417477477477477,22.262086119294878
0.335772938236344,8.933623441010116
0.340057636887608,9.289552650255093
0.341753879465897,18.70661857071708
0.400863620007197,7.684100109474826
0.259775524981897,7.202645531545295
0.407247936849659,10.184008213350566
0.413423777222421,9.749025136423164
0.32657091561939,16.921415335531847
0.409709781440344,13.597452348194556
0.403480444922856,42.90867715270794
0.38254194930382,11.863655468067094
0.333751343604443,12.440170589465431
0.335300429184549,10.772296311476033
0.411585365853659,16.25233807888099
0.401929260450161,64.20816211018263
0.193251533742331,7.669540749382904
0.287801314828342,13.333654111361176
0.405724508050089,18.994701615703985
0.210212919523638,10.106263134425284
0.335239456754825,19.7785421490111
0.406383737517832,23.457471033392444
0.330950679056469,8.162325898976796
0.41375,17.90636950985932
0.330763714593044,13.439048636765094
0.413378766140603,21.472471058431662
0.340786152181753,8.508015116680793
0.346304891110318,17.782868304752874
0.332141580264569,12.4405362892696
0.339292163235825,24.61246488567113
0.325206167084977,14.989885733358616
0.329626972740316,15.064509093134982
0.339419978517723,23.254392149577406
0.328989646554802,15.89375151428176
0.329714078899747,20.2685646259828
0.308612440191388,11.489778994227986
0.33506446991404,19.04262744182412
0.381096475614098,12.780555104228549
0.424073407700612,26.113051029331228
0.38141940085592,13.118644246909808
0.414836154123154,17.056244531620436
0.298024149286498,23.258389110599108
0.339144500359454,21.34832025775388
0.383595988538682,12.29051077286727
0.342779783393502,23.30744537514675
0.341136526090064,25.145217042819823
0.336789417232749,21.6126642997886
0.341888011486001,17.512333004703127
0.312455389007852,11.43396332402758
0.381733856582233,13.034465998151155
0.328102710413695,17.721317227578336
0.406384505021521,22.506273282037583
0.295040116703136,21.82197989633745
0.295421245421245,19.309430511804504
0.339082568807339,26.52206594803414
0.385394070860448,24.10103380415819
0.429464285714286,18.71148968722078
0.321543408360129,16.293551727880327
0.34060650887574,19.53411658098069
0.174720519293184,10.946064891804287
0.327266238401142,11.105855690250868
0.210155402963498,11.135710541815879
0.340623879526712,17.25003368210784
0.273510409188801,19.451683279670885
0.402837643678161,11.617009555963193
0.413873873873874,20.58954129684541
0.341170136396267,18.60983514302732
0.416816063105056,18.104856308198325
0.190138282387191,13.132596593173648
0.384216177523264,11.971232166245196
0.407282282282282,19.026399818220266
0.412675549153763,20.024893616165773
0.365427927927928,10.490625651387617
0.341810966810967,31.845679655583975
0.186618444846293,9.992799134521723
0.275793650793651,9.619149331438935
0.336145010768126,16.230173482856053
0.330541696364932,13.873097564590243
0.290253480899679,10.715439166700214
0.211816578483245,20.325444758567365
0.211327433628319,20.179714523905293
0.325194621372965,14.108943341190917
0.334328882642305,10.593778324840542
0.314650585313941,14.4759812071755
0.314847942754919,11.327790886072135
0.41817215727949,13.58983452843092
0.239138051857043,17.131826852080504
0.367871059156925,15.776711146885395
0.287211367673179,12.10303699947779
0.188229056203606,19.55747619064873
0.303041018387553,16.36529678032323
0.295616535994298,9.760665541478975
0.421663097787295,12.077479196716116
0.302724699221514,22.680110857119132
0.345368087354702,14.449386255420087
0.347025495750708,18.66036045350107
0.331391242937853,13.57633005711005
0.4168752234537,9.680564496504608
0.350141542816702,15.784816910933472
0.364688316536021,11.354900304643035
0.344864479315264,12.578154243305573
0.295180722891566,13.893752329203721
0.339329805996473,12.962558553489679
0.230524079320113,13.850958142682552
0.20205237084218,20.461416975090653
0.291520056298381,9.9188260393642
0.294107206247781,11.19690837458604
0.318892045454545,15.374472218859328
0.191327433628319,11.238852242553198
0.308419550481627,11.867127523343237
0.226341807909605,12.839221188085112
0.193956430077301,9.456101952431416
0.333863556026865,16.388640411858052
0.227192673476576,12.605958347164101
0.224947071277346,38.41672891085212
0.215014064697609,9.010433395959158
0.322198656769176,12.032610439687966
0.317941487486782,10.237197710677673
0.204337094499295,14.5765631618124
0.220815752461322,60.05276343905876
0.416814788482048,9.56247164030356
0.333333333333333,13.156015161788867
0.168664081776524,17.887735394858367
0.415181753385602,11.836598324848977
0.280148095909732,17.61824650445044
0.17875920084122,21.501487803433236
0.29806338028169,11.971924950785349
0.218453427065026,19.098437933731166
0.336042402826855,9.699967170348708
0.211789622308507,18.428030772154766
0.321149751596877,10.463583626434167
0.302354181307098,17.577698940438655
0.31210415200563,15.4764478436126
0.304479203697121,24.769620288059294
0.312808750882145,11.561631572694642
0.303426351112681,13.16921171699553
0.290356764394207,21.01937043526127
0.31023566654942,12.593843073691282
0.318100678329168,18.70367862665825
0.281498913830558,9.077375546828257
0.26559746210786,19.551608101911427
0.220315236427321,15.577201341988511
0.187124159886806,25.869848738259662
0.216643258426966,9.642979223841621
0.200070696359138,16.36454621079271
0.442702702702703,18.474359612573895
0.300353982300885,20.283593760724372
0.220774647887324,10.000323164299736
0.320654105936722,23.57071666980714
0.324233885170835,23.519974139650138
0.284934882083773,19.61909503392146
0.305869872701556,17.30757064798557
0.324533614924322,8.133750802339936
0.218651211801897,9.857954188366694
0.274675096592905,18.954981297999925
0.199823633156966,22.43712436414667
0.38433908045977,19.169220434617856
0.380462260743951,14.8790402930102
0.272119898880462,23.893176404176632
0.251600284495021,20.24409975694585
0.20098383696416,18.559136552754758
0.316965857092573,16.14874765630837
0.303350327749454,21.076030608394344
0.412726626377533,12.143897953997694
0.321302816901408,14.075404918890452
0.413873038516405,11.688636803708704
0.298338635560269,17.134726353643273
0.324070796460177,18.85169164677671
0.221004243281471,8.959135242910303
0.181028368794326,22.41074329888262
0.301590106007067,18.717768487038953
0.209876543209877,15.838006814914644
0.419928186714542,17.664223574825527
0.223396758280479,14.933323788876558
0.243442925748061,14.149560360544438
0.191462982642579,18.71329575309903
0.228581979320532,8.175350848402232
0.306474564212024,31.31256542759612
0.413959300249911,8.742402342433737
0.366192170818505,17.061173540490895
0.347610619469026,11.595225625604435
0.235390199637024,12.771771340228826
0.318752240946576,23.085723186964614
0.318214542836573,19.603276935259817
0.419540229885057,15.250163154501674
0.408571428571429,18.170854052379696
0.126621037463977,12.887600232420295
0.185823060188542,18.660252364722528
0.265045045045045,12.576019692348424
0.288002847988608,18.851226228950463
0.360280878646021,16.84894216614436
0.221198988804623,16.870053388763917
0.33117816091954,21.842651981452025
0.192818671454219,14.97566807161212
0.292616720955483,15.769539364744608
0.254624591947769,12.832598481342348
0.425593098490295,22.96059759753043
0.294201861130995,22.965897917041573
0.299603889088945,28.62986548936724
0.411183027687882,15.165617190426701
0.258620689655172,15.697643305058854
0.292700467457749,25.127510292700197
0.356574460022736,18.667323238902945
0.297934034070315,21.848823689662613
0.292911119107593,17.757292836661147
0.428699390899319,15.540022415316232
0.323010442924019,16.936563667731345
0.322046109510086,23.008015580942775
0.43372633083244,14.063727693192876
0.43011917659805,10.324665460447578
0.252162941600577,20.357899426968466
0.296762589928058,12.82591577782655
0.171195652173913,10.382737014212367
0.305416068866571,12.35396054489208
0.315939957112223,17.400143052530556
0.411003236245955,18.25414967287568
0.307168458781362,12.117593203049003
0.312028725314183,38.40133018061154
0.285892857142857,14.2828240576462
0.425772825305536,12.443167448497443
0.423324973127911,9.962179134570412
0.324605451936872,15.903205450187182
0.308886509635974,57.74079342403893
0.274368231046931,11.096269877491958
0.386613021214338,20.678319568995093
0.315883829329509,19.467406337239577
0.266292541636495,17.235120558090973
0.421354353278395,19.372136670038966
0.3125,22.429958995305046
0.421316165951359,14.415140589385109
0.309107142857143,18.947305047861317
0.412980942107156,14.80100077115981
0.326398852223816,21.566044297518772
0.420995670995671,16.177848791256316
0.421316165951359,17.749374872570357
0.417859699355762,20.320356312495647
0.424439624005784,23.28327185100185
0.422194334887056,18.446454320870174
0.421118680530656,13.0785921493528
0.422828427853553,22.297313679615353
0.425839885632595,15.344519702792416
0.426315789473684,19.36250004020471
0.152926021347074,17.323923807011436
0.434587813620072,19.448374401621116
0.284467402921268,15.943957248192072
0.330694494422454,25.20964998586846
0.286122012129861,14.49615868593028
0.32451403887689,16.814386247368883
0.39010989010989,25.590767654653465
0.426693083573487,19.821950235588073
0.282133906194057,15.121313685652652
0.434429190751445,23.29176141622643
0.435374149659864,24.876734470763115
0.428980322003578,20.355404588810607
0.419755307664628,15.788167918412379
0.394275491949911,11.873653863656225
0.283267927220835,14.485732932576944
0.413602284898251,17.75779474866153
0.315666546891843,20.448239097715355
0.365973741794311,20.8113305619756
0.374174614820249,20.180221903086668
0.429148311306902,25.168332437340872
0.296276211135213,23.984451345282118
0.325527350732928,18.74724617548815
0.413175796634443,17.859468689688796
0.426083734716562,18.84017372804037
0.276753434562545,6.99032331923535
0.405265042979943,15.36862909070317
0.284679463962332,10.203405186644076
0.425593098490295,18.4206767081226
0.376842862279755,20.83624863731575
0.2954055994257,12.692193406408236
0.314280562567616,20.27611360332902
0.415229885057471,18.982416405634368
0.322349570200573,18.7186059741085
0.185354273192111,15.390170504841883
0.284001431639227,12.868914141310857
0.304461942257218,15.967488665903867
0.322226224783862,24.445715927606017
0.278319579894974,14.42052489651182
0.424395525081198,29.69419722848607
0.252361918604651,14.495969144774437
0.353579175704989,14.78375420444933
0.421071556993887,15.24473961883344
0.287410071942446,19.80594129314132
0.289017341040462,17.778690772191577
0.382087396171903,14.807751857772928
0.383608321377331,14.142789846900294
0.234826589595376,6.382360159403457
0.240517870167761,13.555747303925996
0.342913955169921,11.196258867847492
0.281629735525375,17.43252919007151
0.356419529837251,11.928695335494663
0.268394345777456,12.22279757246442
0.280945507037171,16.525894884894306
0.24468085106383,12.191679091893025
0.296148255813954,12.491378382615846
0.326,12.059893713365291
0.384837545126354,19.634577394613824
0.312387791741472,20.507607480507165
0.315418023887079,25.385469032970935
0.38478182473855,12.822798689504898
0.323293172690763,10.210207817527673
0.31173285198556,21.462399711944883
0.369912514263979,15.935904725823043
0.314,19.142361886081748
0.297541576283442,13.35241624351667
0.387410071942446,6.7530398917023655
0.282176428054953,12.044173999704874
0.285223988439306,18.74495263355221
0.389188218390805,12.525338614467232
0.389452700253715,7.792486762719778
0.279971024990945,15.919788444849473
0.263271939328277,12.422568363647258
0.238363636363636,11.676430421156056
0.280439481268012,14.284703758918093
0.294380816034359,11.807682769567053
0.384823359769286,15.276848124688373
0.281654676258993,10.821589463108111
0.289521065898452,41.99318446340147
0.27935368043088,11.568023341238456
0.383074702273547,10.034963024917603
0.380669546436285,8.293246380640186
0.292161093131967,13.35960322036847
0.280645161290323,63.94470471287832
0.341436865021771,11.896292758277909
0.38582966226138,13.944592329310549
0.267337405677327,15.479226551668338
0.336426491994178,13.02075841013324
0.38300935925126,15.496874623329923
0.29233798782671,19.892211102202392
0.38196191160618,10.871141551769659
0.279190544412607,16.306140550657688
0.389870223503965,14.369180286099194
0.282060518731988,16.45055121017028
0.37961622013034,10.92002689864973
0.389727011494253,14.409088131705117
0.38294434470377,12.306871673371834
0.406499636891794,20.378431561423877
0.394092219020173,10.914574414718492
0.389689978370584,11.256568698570486
0.391312184571017,21.10940630139308
0.394254937163375,12.545860608456964
0.396463725847612,17.364040417256643
0.244280442804428,11.403561275642696
0.390529348217501,15.964742070281083
0.280937052932761,13.835206890920084
0.283676417479234,21.966007730945943
0.279290576854174,13.148731552363778
0.279602888086643,13.513653721672547
0.417341678939617,20.599582276950137
0.389270231213873,17.608658383266647
0.280294857964761,11.479880456464048
0.382928597317869,19.347517466441303
0.385611510791367,21.797226311402525
0.398274622573688,17.57886780350441
0.380419075144509,14.882354144779844
0.372844827586207,9.214786867980932
0.280409041980624,11.888016463401387
0.366630862871464,16.14012252862715
0.291681670867843,18.70685301456457
0.384347507331378,16.66438822536769
0.393107261334316,16.902535817691422
0.39554163596168,23.03706587930332
0.280660377358491,20.463153648833035
0.291651737728413,15.853762469000186
0.395256916996047,12.923279734596973
0.383729569093611,16.58601259970481
0.347731397459165,10.590520431740963
0.385816876122083,15.29676070802774
0.349382267441861,9.953047598336541
0.390230713770728,17.298777873053346
0.391618497109827,15.052179991003667
0.269314079422383,7.06320639148068
0.274945770065076,18.997085903540835
0.373737373737374,14.281208969954903
0.283992805755396,14.143120057878912
0.336083608360836,15.992493042861408
0.279813218390805,14.733698706299467
0.286792452830189,15.542522429328274
0.296570397111913,19.205064879695342
0.273962264150943,11.80679108120034
0.388788098693759,28.820250771682584
0.341894353369763,12.742596176549267
0.350689404934688,15.085169594142078
0.382851985559567,15.51254469159386
0.0078152753108348,10.134564487359725
0.351904592381631,25.840297187784618
0.354365500176741,23.26590529158843
0.304215791354055,22.7378312108995
0.307415406767459,24.89451836910841
0.405670470756063,15.803362231125307
0.265856236786469,33.84922922664272
0.37820970042796,13.592592678167069
0.292634966035038,26.403916523798138
0.199074074074074,14.813263039568676
0.301316257559587,17.837994638833173
0.288199426111908,15.831984399693384
0.408943965517241,16.965926556279392
0.306583629893238,15.583382370962408
0.32612548741581,24.614416898884613
0.328877005347594,27.285124364253733
0.352951635846373,15.322194841762014
0.405181720043181,20.68282105474199
0.331374643874644,25.286999541151612
0.371530382595649,23.953211892466758
0.327586206896552,26.502198517650648
0.28497686009256,18.447115435730655
0.342963488124778,22.48978187129389
0.234497505345688,27.72171421173358
0.212504453152832,6.350470971108364
0.314093484419263,23.868696081827032
0.311003929974991,20.503128059445732
0.322257949267596,9.74394327512638
0.225213980028531,21.951483211277385
0.301293568091987,23.252558414841662
0.244934233913971,28.26268379377871
0.204135737009544,22.510645199226648
0.351832088224831,15.706407702355964
0.259226401703336,16.90251968953583
0.261016346837242,42.86790078692306
0.239391796322489,21.77225973097266
0.343649946638207,17.160972396025876
0.339247693399574,17.56359415368349
0.197765164952111,13.50003889337867
0.255484784147205,65.06058864956051
0.409692417739628,22.399944037952274
0.361432706222865,27.356273352878507
0.237850301525364,16.011340762753896
0.405487804878049,27.80787764777784
0.344980489535296,15.163680808427506
0.215696649029982,13.376300991759138
0.313297872340425,22.383964891077866
0.25583864118896,12.972680896572339
0.367129135538954,15.933846186131701
0.227967306325515,12.524185770161242
0.348463187991422,23.915405294481094
0.309380530973451,16.188100861135503
0.334336283185841,27.493260262622982
0.315497494631353,15.562509438489286
0.235471296952516,15.06810076035591
0.237459978655283,15.36121783602427
0.297902595094205,14.081190560947704
0.243635077793494,13.589541979676964
0.287073608617594,13.85458907751836
0.27992700729927,16.77806711757886
0.329783457578985,16.4478552286656
0.24249911754324,30.46401360010375
0.248750892219843,18.628051643428872
0.241513437057992,22.77249713784297
0.213599145603418,16.03648308579675
0.433876811594203,19.392490653803648
0.244563279857397,16.97878304381285
0.246102055279943,25.21492293027842
0.326421165534501,14.062376607855914
0.32677304964539,10.288131195564704
0.303716814159292,14.946397682435917
0.333333333333333,15.603931285301428
0.345432011331445,20.3924803732064
0.24434628975265,24.01831534013664
0.341472045293701,18.35179058008293
0.216796875,16.2734867002566
0.402893309222423,18.578665239320866
0.401053013798112,13.142801850756674
0.298694232861806,13.719174544669846
0.251788268955651,13.55375600794947
0.205903145987982,15.814002486917058
0.320744680851064,15.544403859619145
0.349139509337239,18.987751516552088
0.411333571683947,21.5038047997036
0.360884955752212,28.471957323002194
0.416157989228007,18.283942009415384
0.261836952652189,16.448214871050393
0.298398576512455,15.567627426095202
0.25534188034188,18.968965846960938
0.203208556149733,12.484412270289328
0.330131625755959,17.25735576975068
0.227740333451579,14.181150798274796
0.410817655571635,27.290905891782003
0.253095153873364,29.27878186928565
0.238492947290275,20.171262168715874
0.186141788386177,11.095444220515107
0.230141054194506,22.493821762043286
0.328147353361946,18.162413885248537
0.404454022988506,23.37597378379375
0.368553008595988,27.795801013336774
0.325908766928011,17.729590157017018
0.354002859185132,23.922071173083925
0.356205673758865,24.58701378107611
0.307278594478308,19.33770887920936
0.30930064888248,25.228688904110815
0.406485130777499,12.7427898400341
0.267091746369111,32.000703494458776
0.378175313059034,12.854433177999928
0.292905768541741,25.251480889200803
0.197860962566845,14.814343753147526
0.299464285714286,14.089440380622992
0.285868392664509,16.396205725239312
0.410875045012604,16.64714075510016
0.309421841541756,16.178597651542553
0.328413940256046,27.40802616408381
0.327956989247312,31.250267740559938
0.354671897289586,12.594619667368958
0.407761732851986,20.374336493441074
0.330835117773019,28.797592155340038
0.373027798647633,24.36706487354953
0.32744320230797,28.321805900090908
0.285509838998211,19.449225768002876
0.343839031339031,20.10370845790797
0.234347048300537,25.596603557000726
0.213214285714286,9.97527239455383
0.317341862117982,23.03678901910456
0.311537083482623,17.906140970279665
0.322569070685325,13.484649208540539
0.225339528234453,20.1942396167459
0.301441441441441,20.53381913964283
0.245720399429387,25.84384994130324
0.204891882311237,22.021705494483818
0.351640513552068,14.807601081278635
0.258890469416785,14.539403548486924
0.260435247948626,42.08065021739727
0.2403265885694,21.883817375161385
0.345535714285714,15.712433328190887
0.340569395017794,15.392257381331776
0.196085409252669,9.264930032165918
0.255772646536412,62.773872642267825
0.410445082555635,20.317986229026744
0.361856417693981,27.275078298209824
0.240576102418208,15.687255484951907
0.406227501799856,26.564239978740215
0.345551601423488,14.880318409678418
0.216790648246546,13.66072160733585
0.312322443181818,20.58200347958051
0.255413560525382,10.471678289043178
0.368402282453638,16.922409199001955
0.22647897362794,14.318751486419494
0.350179211469534,23.320278031666742
0.309726659566915,15.551531061363944
0.336173233936812,26.182921453307163
0.31903052064632,13.670009669530344
0.237562189054726,16.568952073918677
0.240734141126158,13.092064628268561
0.300534759358289,15.92181555586155
0.246456413890858,14.181281696137559
0.28736046092906,14.36404140792371
0.28068889703188,17.986846866787396
0.33048433048433,15.258131151979763
0.245573654390935,28.143453216540994
0.248927805575411,18.43261302858273
0.242284498048954,21.97377575251244
0.212910128388017,13.753976770530096
0.435953420669578,22.8983679266066
0.247231153983566,16.905744438135823
0.246621621621622,24.783742616772113
0.327833572453372,13.571177230552758
0.328708644610459,13.090585087687634
0.30538816022687,14.70725814611606
0.334107142857143,14.13183385243291
0.346126510305615,19.851265963517505
0.245919091554294,22.991730221407376
0.344980489535296,16.48767339131065
0.219807623797649,14.020104269171409
0.402430177729416,19.579475620974094
0.401056851311953,17.46604036380506
0.300327630141973,15.724864931882648
0.252508960573477,17.833678068639124
0.20354609929078,15.910391676387343
0.32159373888296,15.0371553348638
0.351048179477749,15.401368550379607
0.413168281306064,18.4710467938861
0.362522202486679,26.608206947510073
0.417596257646635,16.016525440729126
0.265073135925794,15.8999014961372
0.299642857142857,15.466771158198561
0.257494646680942,16.79236749638879
0.204407022572555,5.2227131940741565
0.331550802139037,15.56810438157495
0.227676983279972,14.731626030449979
0.411220043572985,22.78651127116539
0.2543547813722,26.081638249415786
0.238352590383899,20.256387955507925
0.186337625178827,16.40442180017009
0.230940870211975,21.837961173909726
0.329745245783997,18.52941062181355
0.404615939415795,23.39235572302281
0.370150862068966,24.4327126983286
0.326840600428878,18.383177027413858
0.23458540042523,12.576893466839516
0.412513445679455,15.167689065478523
0.418655097613883,12.773370707911324
0.320663811563169,19.673466034547882
0.33864118895966,15.971835241591252
0.272305496074233,20.555718245933186
0.398423504120387,9.999454931307158
0.337615988579586,25.4735719159262
0.405704099821747,15.928835040995645
0.396799712333693,16.244989453709845
0.342029507016913,20.62813021070173
0.255876068376068,29.49882701414051
0.440717074902378,22.231288268379586
0.446275071633238,27.69971271696367
0.22764517278233,18.45515402883423
0.319394376351839,11.610145021100477
0.446626204926812,23.00032068242253
0.270966528770214,15.996067706638742
0.444704610951009,16.922610202184412
0.394595561918397,15.913278043022585
0.256665481692144,16.836633530773184
0.354717655468192,12.637973322915196
0.265926986399427,26.86144625686471
0.24406238922368,10.767425508485594
0.235683607730852,13.728199314783181
0.41594982078853,23.162167694605085
0.315384615384615,7.014806710034654
0.407634137558516,9.256521295255332
0.328942684229263,10.756721296187425
0.324592487597449,11.76910374696464
0.226317663817664,19.997322733028792
0.327463536108147,18.39341077718426
0.341889483065954,44.35049290617578
0.341965235899255,15.7292933885875
0.261683910096325,17.614431799118215
0.261016346837242,15.727838232971648
0.352207977207977,20.56326358234023
0.336408800567779,64.93474450537352
0.324130512728577,10.43788601036116
0.244569152787835,14.606666481354926
0.323005698005698,23.46496714541732
0.320466786355476,10.304393672483808
0.215351812366738,24.29345432921405
0.337995750708215,27.57427415402719
0.201135154310039,9.71484937812866
0.335164835164835,21.66313875605754
0.227110794442465,16.32489553904885
0.35772792022792,26.620436507376922
0.115618298784846,10.941598368838319
0.244684620836286,22.658355546344982
0.256742370475515,14.687556751224598
0.25913323782235,29.084742747734854
0.262522202486678,19.822032514133873
0.257214107588172,20.300213680058107
0.259153928190544,26.118650146406384
0.251329315845445,21.088888704933957
0.257564841498559,23.88039205251578
0.39853747714808,14.943394715694131
0.219238975817923,23.633928167701487
0.345705196182397,14.467175048891106
0.323024669288523,31.013887985330268
0.341843971631206,15.852906423113113
0.341607142857143,21.324602425167104
0.363735465116279,26.61615244465156
0.253214285714286,26.321961662234607
0.350284495021337,15.848273528131875
0.261554998208527,27.514659445820183
0.264110756123536,29.335390982849546
0.246808510638298,25.869747358341268
0.216880341880342,22.049524578696634
0.2296388101983,16.58276151844804
0.345609065155807,16.580179168855036
0.220963172804533,21.583615234500574
0.347167794798718,26.82005732633459
0.309833694866233,26.668238407329785
0.302942244823829,23.322972659005938
0.230531295487627,30.705355006253797
0.386355475763016,28.504984579319725
0.348581560283688,23.51595776113366
0.232694355697551,20.82713450910429
0.254848152213685,23.578245013494644
0.333273574757978,14.732241368302654
0.234740951029099,10.911191581648758
0.315506101938263,14.813168141867957
0.26797153024911,19.447450495595472
0.269354263289333,24.257847597327896
0.340292648108494,16.75683922265385
0.339004297994269,23.96834674287565
0.216981132075472,23.40769885977599
0.351173541963016,22.729304199706117
0.326574945691528,11.340680139027734
0.344992897727273,12.857344782055357
0.366331096196868,23.656165726827556
0.357755539671194,23.154377243917846
0.362229679343773,12.43619992822759
0.25286327845383,35.954649909941296
0.330035971223022,13.023782604992284
0.295625672283973,8.530674701534275
0.251961483594864,20.708320729505335
0.39626334519573,17.192625208805588
0.401077199281867,9.151249539348779
0.306136927988648,19.57923606437649
0.281776685393258,16.26492670627997
0.264831261101243,20.243728912120016
0.401140007125044,8.993651960607824
0.354055968827488,24.365907842510307
0.403471484236628,19.94750878792543
0.414790996784566,14.201430451590383
0.31654162200786,17.783675869763133
0.262300884955752,28.09104380570767
0.439110483586304,15.577734067341972
0.439921791681479,20.04239193985162
0.208657243816254,19.09038177222559
0.303117162307417,11.280749130630891
0.438142502658632,16.575918637319077
0.281075027995521,13.817492791369604
0.436516452074392,11.450767729623022
0.409623579545455,14.480634939924975
0.233227401129944,16.81292464003029
0.333392539964476,12.654055817879565
0.336651261997867,24.43224165870765
0.242338851708348,10.803378745194427
0.25809320526503,15.216264209124496
0.423076923076923,19.978654492737192
0.348188920454545,12.15818791003998
0.401144082946014,13.8969390729908
0.27431906614786,13.656861932523816
0.340253342716397,9.87209417485653
0.171676096181047,20.386727846027757
0.301836806782056,18.677866652679064
0.294409058740269,44.2148300078619
0.300387596899225,11.532479863418018
0.261331444759207,17.08939036823983
0.261199294532628,15.566437098535053
0.34966395472232,20.690870240447904
0.296616143813888,66.15902234203999
0.323005698005698,12.260506966846242
0.255847427132062,10.483596707287036
0.336161187698834,22.63584427718239
0.304309116809117,9.877013087466024
0.207347227128223,23.170921095405554
0.342540464461647,26.72620080379391
0.228234050052873,12.09287753202902
0.302501761804087,22.928760854124153
0.201943462897527,13.818100848207433
0.355221238938053,23.982805881232867
0.243598862019915,10.039638739221468
0.22666431842198,22.26403617491348
0.249471830985916,13.105669128860148
0.258725071225071,29.6163096875321
0.259625574002119,15.905783576690594
0.268999646518204,20.15780394040872
0.253536067892503,25.320603054731468
0.255285412262156,18.34078068518752
0.249374776705966,23.47427041940179
0.39188205314889,10.059341749482728
0.232627865961199,24.325333134672757
0.305760449596066,15.223041674845557
0.3411430599929,30.605488627500222
0.301162381120113,11.815011253067386
0.339127350124158,21.460011246000068
0.367822318526544,21.834674219184635
0.256382978723404,25.707865436431984
0.308833922261484,11.690642245178413
0.261379800853485,27.533941219280354
0.259859154929577,27.86612832831058
0.249735822472702,25.201847170371277
0.253184713375796,22.71565583216117
0.189964788732394,13.92913364936171
0.304118268215417,13.7577955880596
0.239275668073136,23.676207806222102
0.345827439886846,27.326192685676606
0.306364617044229,23.967931246181834
0.302417899675207,18.450345033381097
0.246112115732369,29.26593098467347
0.380264097073519,25.00369781097089
0.321189721928898,22.21370178311829
0.262786596119929,19.879839303824518
0.251184834123223,25.966009865298613
0.321949484169335,17.35416211225348
0.201232394366197,12.029105301997076
0.314887540164227,16.759572226159786
0.247081712062257,21.293593181648074
0.261440227030862,23.383918641444456
0.300743889479277,15.214517892624622
0.344594594594595,25.834036172972827
0.252298444130127,23.429500591513555
0.350530035335689,21.14209064049515
0.316564858066834,19.74111053564445
0.311440677966102,16.12915600372907
0.354282536151279,21.040887702120678
0.350976909413854,19.916760531480907
0.346965210954848,9.697572906365096
0.238332739579622,35.78069366054298
0.305545617173524,10.27490433242799
0.281695156695157,15.905372794226409
0.258230088495575,18.0281347867972
0.180304127443881,15.458897765401398
0.232604017216643,12.478499231032984
0.274582889598864,16.913628535258688
0.353912419239052,14.485215224400687
0.206654676258993,13.72749436306445
0.31907659269864,18.583339692999278
0.180679785330948,12.968745844742045
0.298591040462428,15.989853007700349
0.24107464839524,14.935496284881593
0.415770609318996,21.89349152942152
0.314795008912656,23.512929556367446
0.322505384063173,28.8408969441693
0.393662728249194,14.731575084964625
0.227470141150923,12.465345919592286
0.316242380781642,24.71464945366829
0.343196381454957,18.7820537548549
0.319595083152567,21.900342399911075
0.296728971962617,15.80311408941204
0.417411512334644,7.538341082297351
0.315780014378145,12.136284718583031
0.311445999282382,21.51342062790667
0.421212121212121,14.681263150257955
0.423893486865779,8.333045876077389
0.26725377426312,19.802298522853732
0.289483129935391,13.58153548570539
0.155334538878843,12.913585851850982
0.297602004294918,15.062282601422908
0.309743954480797,14.364346739237538
0.402076620121733,17.223517906811008
0.294117647058823,12.883847177445594
0.293949158610813,43.13006256404633
0.281672597864769,14.343038818778664
0.415324024346581,12.425006580698453
0.412236889047449,10.251489733918076
0.314530524812567,15.974073801207826
0.290138839444642,64.2205897099389
0.261776339446242,13.507628562645523
0.376093294460641,15.752233165647157
0.306716684530189,17.65321451715399
0.238009376126938,14.094779419133125
0.413183279742765,17.233838005163477
0.310032017075774,21.6125805096681
0.409707351891506,11.976203157792954
0.287620064034152,18.224031085402483
0.398280802292264,17.5576417758373
0.317792068595927,19.59455039015473
0.416037396619921,12.702527385679005
0.412508909479686,16.2577212899713
0.409625668449198,13.493305810294501
0.415165706051873,21.05794667476849
0.408082975679542,15.045999600688976
0.413533834586466,13.101321233931682
0.417710196779964,22.947970404969915
0.416012838801712,15.249363912070642
0.419197396963124,18.776805995168925
0.160864785635764,15.211746102603366
0.422829581993569,17.71712026321785
0.286397449521785,12.996070178135458
0.322927879440258,23.460995514722285
0.28259325044405,15.201825988801628
0.321326164874552,15.02654202806851
0.410766423357664,23.901180851982627
0.417115177610334,19.25780580295005
0.285586871209419,12.829977973638686
0.424253328535444,20.207790935813744
0.425205283827205,23.98785445173811
0.420320855614973,19.515910221353522
0.406552094522019,16.29223040333316
0.384450784593438,12.096515871360562
0.284801136363636,13.536230627889198
0.403490028490028,17.735323959457922
0.303897032534859,18.632245294767614
0.360727272727273,17.9098561474532
0.372258771929825,20.16970540537918
0.41922514619883,24.95642179674341
0.296970789758384,23.162115970193515
0.319672131147541,18.074540770429774
0.410548823948681,14.810828736347444
0.414544112218531,17.082106464096054
0.277078085642317,11.011226623186362
0.393901569186876,15.440905984886147
0.267496392496392,11.167840600674229
0.417054819061268,19.378959433395117
0.367431028305267,17.145399274515526
0.281954887218045,9.898153612053662
0.301258992805755,19.803297147234844
0.401967799642218,16.180341324770396
0.314397999285459,16.79498410397094
0.204727272727273,15.638551565436142
0.290938280413842,13.9148602446781
0.306584362139918,18.377531489645225
0.313957660566918,22.869859363958877
0.276842499064721,14.935162402457172
0.409564904710536,29.92333761520431
0.230296456977585,15.16044082292982
0.341981981981982,14.165643778458804
0.406126836259405,18.44981015299938
0.279688631426503,18.83742779852881
0.275214592274678,15.590089248971061
0.333755426917511,20.332663582028374
0.160746647335991,9.300284446558184
0.319920606279322,21.962917773879877
0.145405405405405,18.78749825759104
0.264,13.474028295282912
0.286652078774617,17.295118521218185
0.419045898084568,27.18689595205893
0.293493889288282,14.26292704375208
0.298410404624277,19.620170358267583
0.398953446409239,17.4975748504103
0.270689026613197,8.010973190457692
0.294043321299639,15.116979115893521
0.326674277016743,10.538032006771171
0.298034934497817,11.574257995993811
0.264014466546112,12.408244562888553
0.404393230104429,14.448447513113367
0.299493304379298,10.352901726151098
0.32204923968139,25.424380835546422
0.411754133716751,10.298932504070768
0.414704817095255,13.235503675013772
0.244927536231884,20.18425624706777
0.285095633345363,12.384689245694712
0.139716569767442,13.220897682643773
0.294085827623512,13.066760002849986
0.300969131371141,10.563394483459797
0.398519321054532,17.77031148465915
0.296976241900648,19.55797078398075
0.299134511359538,43.025287527865075
0.285123966942149,14.807225534866522
0.406678700361011,15.823804024182511
0.403132877205618,14.523184546174722
0.315533980582524,21.214325721529956
0.291711517761033,65.29014674839796
0.25018115942029,12.457552447966414
0.371098053617334,9.337938426170405
0.308066258552395,20.874032185360516
0.27882866496908,9.161080311036528
0.411987041036717,21.308092087321576
0.30064539261384,24.70381436774244
0.411151079136691,11.932976396789725
0.301504836975994,22.03702823420575
0.402817919075145,14.831709588874016
0.311375089992801,23.360166723028037
0.418899348298335,10.588205590449489
0.423104563420769,20.068575212069412
0.407833273445922,12.601386819467276
0.421653971708379,28.00434919693393
0.41264409221902,15.252863985816797
0.41020555355211,19.127394713896273
0.412729895420123,24.059896080182007
0.409221385001794,18.742401556099995
0.414540816326531,21.776807426083636
0.201663585951941,11.428320219752017
0.421317969031329,22.53901023108903
0.284180386542591,15.133711296729818
0.319580166485704,28.595063517919687
0.285714285714286,14.742501355268235
0.31882225433526,19.095658075413514
0.394882179675994,19.89437260367521
0.420700867052023,24.143384484614778
0.284532374100719,11.72542563130967
0.423230490018149,25.804896129223444
0.423643550125764,27.396239758448253
0.42597915918074,23.323922587468758
0.41459010473095,21.81557067981718
0.390226374416098,12.470618823981104
0.285355348169419,14.726827935848352
0.409107206884188,22.28553392793609
0.293091039942425,25.193878379365113
0.357981651376147,21.52883150009671
0.364755604557148,18.171032917557145
0.422099447513812,27.971052319138124
0.290047221213222,24.153231488813674
0.324067431850789,20.738865068928575
0.403272204243078,17.751837121615985
0.416325771662328,23.844609484511405
0.264150943396226,16.3408174328283
0.401258992805755,11.995886567889295
0.272974936432982,15.754963459449975
0.416275712739083,20.875386252115156
0.350975433526012,21.22257649397048
0.290823699421965,14.044882790000434
0.305001812250815,26.33392282814155
0.411075036075036,21.01899027870006
0.304504504504505,19.345465878664754
0.287390029325513,18.46106042013895
0.282272563825962,16.34565834572712
0.298265460030166,19.64395876276998
0.317557803468208,20.242837850260816
0.256970610399397,9.024321408212394
0.430721799056946,34.69861720833316
0.277514577259475,11.713496023454093
0.353282553500181,16.554069328586344
0.415612576797976,18.5228494941064
0.378675168260716,24.120039768545723
0.261188686000716,10.130870445829236
0.316564858066834,19.736226680569136
0.41490883089024,13.524905791910692
0.287169406719085,11.768920412479119
0.383658008658009,12.7203629641791
0.141417776178482,9.310673457276149
0.334344876829704,15.108928054256436
0.397435897435897,20.907229682679027
0.400394831299354,25.83574073378367
0.313501959387246,9.702593472489088
0.118970482361411,14.297859519586625
0.397853309481216,22.7540740870731
0.247176204819277,18.8984414586947
0.400793650793651,22.351742842292825
0.381362007168459,15.110603467477368
0.318925649235148,12.424677636328429
0.403584229390681,18.55364489370413
0.405589394482264,14.415560927408926
0.331853693181818,17.08342578545504
0.332255747126437,9.886513607568684
0.3578360891445,12.889908098863968
0.395736295234683,16.195890140895735
0.275189599133261,15.362582910370348
0.399964272954627,19.603262841542943
0.40550621669627,16.797314887906925
0.31654162200786,13.093829422719214
0.395580898075552,8.481931481411221
0.396680942184154,36.70964475084831
0.393847795163585,14.71248311359938
0.325062477686541,10.218615171166626
0.327752048450303,7.479620907435136
0.415922884684041,9.026523871439728
0.397973693565588,58.189165475680674
0.140193617784152,14.186744235016281
0.289397240377632,20.617418009970738
0.411733238231098,11.198700047416237
0.125583064226767,20.3426115513566
0.326327039543997,9.971536471584244
0.408235711750089,14.138795801083432
0.326868327402135,15.207498152877283
0.39410092395167,13.419971344023194
0.3125,13.592152344743758
0.41163870046412,12.207832615666145
0.330286738351254,17.23254664062222
0.328535891968728,11.7753910134899
0.326458036984353,20.642827970559615
0.329202586206897,15.835826603001385
0.320028510334996,11.370844719418141
0.323823109843081,4.618974150956088
0.324893009985735,16.830928934668854
0.328358208955224,7.365325249211026
0.324441240086518,13.479423185235891
0.29625550660793,14.601297824365673
0.337727110794443,11.941871808535844
0.39822695035461,19.997247773406524
0.418100358422939,17.991511813068673
0.392007104795737,15.820287687797316
0.415533285612026,10.81369177502506
0.32780612244898,19.05378418371692
0.334823024669288,13.13006350456607
0.399857448325018,15.85667459154651
0.332914121451671,15.740913966932327
0.33250266998932,16.932639007141173
0.330192034139403,12.915300432270545
0.322142857142857,9.91393106328223
0.310589907604833,10.93921849452025
0.397053603123891,14.480018406817504
0.326349431818182,13.846534813838659
0.408279800142755,13.39954465885828
0.279869659666908,13.882364394125169
0.28615664845173,14.169841019749322
0.334002188982123,17.252952859938524
0.392844300611291,16.26807919748759
0.414742451154529,12.45233614860249
0.324786324786325,10.508639109112993
0.334008097165992,12.386502280519785
0.193259232699892,10.418178523112548
0.308061079545455,20.451106096397133
0.186645068394528,8.652939339853809
0.334405144694534,14.418714293015666
0.278392857142857,12.145215252398476
0.386347390993567,8.626926872464049
0.405633297452458,14.7461642789921
0.321033868092692,11.785098312308424
0.416934046345811,10.938396139897554
0.147854309412189,18.818315445354674
0.398540405838377,19.127575616649217
0.404788627010849,12.409512805520373
0.416249105225483,18.614747342619488
0.378363228699552,15.842280726306935
0.316139468008627,22.455035111514793
0.161690647482014,16.006021223649164
0.264367816091954,20.00493391729527
0.322551822730522,11.751463650625755
0.327543424317618,26.77214575726177
0.265364120781527,12.81184755347291
0.246904846126636,31.052651604185417
0.268809607912398,24.398981065512917
0.291488603988604,22.79877236403481
0.375981441827266,23.598067398663243
0.358910891089109,34.188811324670944
0.338494018296974,24.678891472048853
0.343196314670447,29.516820937369694
0.282409042741081,25.920032927488993
0.381428571428571,18.14767171419951
0.337694483734088,26.030693248344893
0.362653745806933,20.368314337793812
0.340641711229947,20.309666361821826
0.290751240255138,22.976929164299086
0.333509700176367,18.054096250793094
0.224778761061947,11.42015918837898
0.235398230088496,33.79967154054147
0.350633356790992,15.91445801804468
0.375,17.667342323244085
0.309616749467708,29.809500862714707
0.256114852889046,17.020004907294087
0.276372059871704,17.224328450181
0.1727240649259,13.336528324672216
0.233426867765696,16.753749562431587
0.278798586572438,27.360007208322447
0.17477096546864,22.25019349611928
0.157551164431898,46.17684510324077
0.203476123595506,17.167008956157222
0.357243816254417,22.580419869394145
0.352360817477097,20.44499712931996
0.244362226920366,26.766904697928695
0.157830056179775,65.23020433419639
0.382373845060412,15.861171573805079
0.334351419331656,13.731584990751932
0.238884968242766,28.777626754756735
0.375934496262015,10.474670779011891
0.328812962310673,28.97118006377516
0.243778478794252,34.15522745773043
0.334741288278775,15.695032193116749
0.175632911392405,30.065140628843714
0.284098939929329,23.599740163064606
0.254583921015515,31.403096615450995
0.344870429534966,14.664996121430228
0.330990864371047,27.93645849418824
0.350210970464135,15.283613972447258
0.362068965517241,34.808708920192586
0.366666666666667,24.05741173129843
0.372614840989399,24.717192368549384
0.362689728203318,33.30344103148465
0.363316936050597,25.53504612287024
0.36,30.137048432071506
0.271211022480058,21.245098146452573
0.337094499294781,29.591344658952753
0.204099509460406,8.962369814909612
0.234253361641897,36.08987491275762
0.205056179775281,18.038868578822658
0.237177219667492,26.7994872779358
0.436442203817069,31.052457405971246
0.370711001061196,30.90118851077341
0.205498766302432,13.152121115971227
0.360795454545455,33.99820774842588
0.364084507042253,36.483888855093134
0.345707248416608,31.649856241433145
0.348709791445741,27.64061285909948
0.307178043631246,17.804489507283794
0.202389318341532,15.368301922304454
0.340829234012649,28.50440980862612
0.246468926553672,32.127888223718045
0.37342908438061,28.451245257413404
0.382299927901947,28.681911563613166
0.349512811259473,36.95949453414252
0.268916518650089,33.25002736000091
0.227623727623728,28.73842699094108
0.354100668778599,26.065112969424998
0.354409620991254,29.22336401352009
0.383972992181947,18.90742366490098
0.28219563687544,12.116051126508813
0.371392946205914,21.15354504511443
0.346996466431095,28.943531025690067
0.372656526353024,29.595351666058455
0.2,19.081253184361668
0.240773598296664,32.75527917027311
0.344103107344633,28.513606229919706
0.246476391825229,28.13951409273263
0.376301615798923,20.548964489681413
0.205065072106929,11.612403574827823
0.253232360546731,26.041343084348753
0.266383280198371,31.548545723277115
0.243263196751569,16.237259020815493
0.343516873889876,42.539758644137585
0.368665239114918,16.38731962683336
0.363846427301813,15.49267603943355
0.357496463932108,24.79554437552085
0.347865087908145,20.555207012850655
0.370979270907791,11.724663344841195
0.335,10.608082981444875
0.380943804034582,13.585876123514737
0.261441441441441,12.694738810883004
0.288214285714286,12.695838132204326
0.416162335350659,22.681972226744136
0.417473986365267,27.345895341746754
0.233559685489635,11.405682869828578
0.257411424439624,15.106584105102693
0.414045746962116,23.373965475516876
0.259593679458239,20.03868187885719
0.415975477821854,23.665969949142696
0.379341210168278,14.851781226791244
0.273923870508716,13.754106409960885
0.366081032628182,20.15574138660743
0.370430107526882,11.356509836506866
0.286450924608819,17.141297361361676
0.285175879396985,13.249028300953531
0.39048473967684,11.674879940408887
0.375537249283668,17.595151117112497
0.340613718411552,16.430254210963877
0.332559800071403,21.879116340155765
0.37544420753376,16.90981954155366
0.237950731881471,13.008238245919754
0.317890235210264,12.357048430223115
0.311361200428725,41.287755002612045
0.332977967306326,17.628422250860666
0.282119914346895,10.845904884762943
0.281617385108657,10.937012446455903
0.376248216833096,11.039676509160183
0.304409672830726,63.72501064867099
0.259605026929982,17.144067790839177
0.246550472040668,21.37192748680299
0.358796296296296,11.62111303136014
0.264028776978417,21.62969335621134
0.272970085470085,11.676686757680411
0.359829666430092,13.94985035243011
0.272210376687989,16.287651939983192
0.334399431414357,12.338300308977326
0.226802284082798,15.59503018046663
0.374553890078515,11.639672194660704
0.286406025824964,17.8845515238732
0.281705150976909,10.449772221866585
0.286171347316033,19.8809667735286
0.292923850574713,14.679675172699003
0.287290850836597,10.935850094722898
0.294432548179872,9.376018035848952
0.288008565310492,16.749907019520318
0.291044776119403,8.90263380322939
0.285199855959669,13.415931748817703
0.344644167278063,14.97305222928632
0.271301247771836,11.813678718858647
0.334573149132129,22.789757002232243
0.369005010737294,15.829346631502275
0.33013844515442,19.269165847765755
0.369853204439671,12.437535921047866
0.344068413391557,16.884919170479133
0.290443808160344,11.078422433731708
0.337962962962963,19.619269303955317
0.292639138240575,13.593761496222315
0.297225186766275,15.24596060184693
0.278073916133618,12.502170627018227
0.284488920657613,11.524460607327097
0.234458259325044,14.209769547804678
0.334932480454869,18.779468309361434
0.271210507632233,12.991025100425357
0.369200571020699,15.236377218999769
0.297174936617168,15.289694159707729
0.299817850637523,14.770057502980029
0.294021144732045,16.725602880823395
0.393306944944225,16.184286503936818
0.3722004976893,11.81766337353249
0.290288153681964,10.160669520144184
0.285556780595369,12.785014240633975
0.239590811198851,15.261581097532208
0.222419928825623,23.545263660437925
0.260712999639899,11.89322103427662
0.284898250624777,14.206363778183235
0.278234453180843,9.597784709560838
0.344710507505361,12.671319616892156
0.367910983488873,14.620440580184976
0.282934666190646,9.602542413305418
0.370277975766215,9.743124605318132
0.263052936910805,20.24712650960022
0.33932384341637,22.88285759739072
0.379678143712575,15.719541613337244
0.380781642165651,15.462731479386148
0.377242152466368,18.210632543559598
0.277578153072224,22.469038073889504
0.242429704397981,17.80460687054378
0.285765636232926,21.447357405510335
0.294390853876384,14.506421452559259
0.302791696492484,24.75853742476841
0.161717352415027,18.539090044369452
0.238095238095238,16.217666782311227
0.316883586406363,18.988903132060486
0.395594555873925,29.191121133766288
0.288900785153462,19.01870694286519
0.291906474820144,24.029868844431856
0.394237652111668,18.873438695748664
0.305103148751357,11.049003423496695
0.286021505376344,19.968417718182824
0.314926498303807,14.045590768157282
0.290310918293565,14.166159260649545
0.237163375224417,15.713809279695214
0.38795568263045,13.74370412106182
0.283201722900215,8.130909456965261
0.296482412060301,26.79857681224543
0.391188012843382,9.329848041010152
0.406159942363112,13.77150154827751
0.241999280834232,22.790924687233787
0.270803443328551,10.869074844048413
0.177256317689531,11.338458593535085
0.290980672870437,10.173883632488915
0.292244752757026,9.551589079468433
0.394661411680401,20.93275035293425
0.288035714285714,18.963550794915847
0.289831722162549,45.099667386243134
0.271464196651229,13.42531192987642
0.395198853457542,16.888619933026344
0.391350964974982,15.333875162549118
0.290714285714286,21.000344746603687
0.285383244206774,66.41159522693684
0.295250089960417,11.409877327052696
0.342191481616309,9.449777886572509
0.289774758670004,23.35022369199178
0.317443120260022,6.706444448307536
0.392142857142857,23.880066548692852
0.288584637268848,27.783958750061032
0.397111269614836,11.002819540278395
0.284951974386339,23.328141723194125
0.397348620566105,16.53947309213157
0.292604501607717,25.65499897969542
0.395219266714594,9.30697622182205
0.402460770328103,22.364979706060637
0.38952245188881,9.235545339869606
0.392407340770061,29.797312116701644
0.400107219442459,17.498063030944824
0.402434658073756,20.255607265360045
0.392806012884753,27.49607461389876
0.404668567355666,20.050642170393598
0.408679927667269,24.614505296344923
0.227306137449467,12.835147661851503
0.398247496423462,24.387187051238246
0.274920184462575,11.61862570746543
0.293790380473798,31.035016942509348
0.269039145907473,12.673599353657867
0.297452457839971,21.328808333167643
0.38074398249453,24.381684660684588
0.409759598134194,26.24763134610821
0.274285714285714,11.741319875354522
0.411627069834413,27.99246369005059
0.4125,29.81985893748543
0.405882352941176,25.921978973364254
0.407593123209169,23.03911269715968
0.38333927934356,14.632282513872632
0.274038461538462,13.939653140737041
0.388849305308158,23.24426195074532
0.288936627282492,27.558537957824797
0.353969410050983,24.9835538626018
0.359129162092938,22.122682207179295
0.405553525758129,31.093160215599255
0.27027027027027,27.727716301766637
0.307130124777184,23.051273780748996
0.378928571428571,20.198592588723514
0.396462785556374,25.209092761224856
0.289416846652268,16.05553678836672
0.386866523911492,9.600200910074207
0.297145953757225,16.191703188667947
0.408521303258145,21.764313970569198
0.351181948424069,23.814641777295872
0.283488538681948,14.477030409306956
0.290752069089601,26.021635945889376
0.403618774632748,23.207455653593076
0.299892895394502,21.99819265575615
0.321259555879141,16.2562641403
0.270164168451106,12.945677797991346
0.289267015706806,22.270428519332654
0.290722761596548,23.327990921255378
0.248784137673027,9.792342270464182
0.405259365994236,37.283633093991845
0.291214750542299,11.137023291894186
0.356988472622478,12.523280321468317
0.389924704195052,19.8416823252893
0.305169340463458,14.481707181474222
0.280115066522833,14.174592557694037
0.430475504322767,14.427981893202912
0.292691622103387,10.924083998452748
0.340674955595027,22.926426793440076
0.343235504652827,26.98937665880391
0.334401709401709,11.240847298467571
0.419733044733045,17.588927191693706
0.341824011400071,23.2641664633008
0.365413533834586,20.564147948640198
0.342929111191076,26.40002866070769
0.280993211861379,14.478074451696587
0.341805901173125,17.51099024084754
0.234285714285714,24.477654682432217
0.219507845934379,12.582683842636657
0.289772727272727,21.42367484893446
0.313059033989267,16.949360731370984
0.324982104509664,11.30421612827932
0.218058529621699,21.817463472363936
0.318934485241181,21.408858936656532
0.24349376114082,26.59123869027403
0.190822111977321,22.48986638945072
0.350392296718973,11.221126101240722
0.228966986155485,17.806830978496798
0.230700818214159,39.37844327559807
0.246808510638298,23.16210890884626
0.289782840868636,13.315989235248901
0.285536602700782,14.804444892764396
0.105431309904153,14.852412265301691
0.229883020205601,62.42335975927875
0.421891795055536,21.683375414088246
0.354627949183303,24.730442861847795
0.217028083896196,9.299338722604645
0.408698777857656,25.841486061101076
0.320056899004267,8.80604385371914
0.179392011311417,8.840529380629004
0.302906770648706,21.703084976984975
0.234253361641897,10.536910321277572
0.337134711332858,17.10238316847338
0.144479943201988,10.159522490875302
0.325822603719599,23.013188959733913
0.277935438098617,8.284504818907399
0.295744680851064,25.026357557414187
0.285125448028674,9.944411793728491
0.304054054054054,12.18954776541257
0.304843304843305,11.979551785001261
0.29123619522622,11.566756575702964
0.29645390070922,13.754145681405062
0.291036717062635,8.8426647337427
0.294773391812866,17.942030717702806
0.292600498043401,9.932058130147032
0.250441852244609,28.204852819027355
0.203921568627451,10.557487410275098
0.249557208643287,24.081204573725575
0.187054208273894,9.36849459351866
0.440094683175528,14.988494769601209
0.293854948195784,9.40286343978157
0.252577319587629,23.50544620896639
0.27258064516129,8.16346716083782
0.275843694493783,10.15860328863803
0.279156327543424,7.031776982233338
0.324902030637692,11.126501000188426
0.330198722498226,17.05069014984987
0.249556894718185,23.545652728842654
0.318391211906449,12.670824930876982
0.206908831908832,11.410802646471923
0.379572618616443,10.780510752082957
0.382513661202186,13.478175530185009
0.278951201747997,10.457390829116674
0.252150537634409,10.707893769076133
0.180820948336872,9.702403677358168
0.306068133427963,8.875985000371559
0.319551635428151,12.853620432054612
0.424399856682193,18.635428407310858
0.338778409090909,27.34008660705624
0.415647482014389,15.318550205250608
0.279422253922967,14.942547562099655
0.335772938236344,6.8113325030169385
0.233773181169758,15.699583900920164
0.166010733452594,16.3415982505596
0.32009262557891,8.556301389815664
0.185947480482612,7.228096505295929
0.42399565689468,25.626063121237117
0.247778172769285,27.878205042044844
0.211173184357542,15.61512618066243
0.198534667619728,14.225227949340999
0.23155737704918,20.94627281451955
0.29637603157517,17.380580077891
0.414177761784815,23.19361792731074
0.354480286738351,27.420977663696597
0.305565465572601,16.65809616984077
0.255555555555556,13.203293951820111
0.291082344480403,16.228227739551638
0.398501605422761,17.353215004512975
0.295632102272727,24.163133572686732
0.301964285714286,29.73115559922688
0.387762362148702,10.967324587701054
0.278118240807498,13.381089655803878
0.293939393939394,24.954835908548684
0.319444444444444,18.478882093219553
0.297948902482908,23.601534057409225
0.255091103965702,13.373523577485278
0.390291607396871,13.400881948966362
0.285816362986781,18.13786979766598
0.311539835655591,16.89090403475476
0.409655662051828,15.880220731589276
0.403977069150842,11.84319881289511
0.241138560687433,15.622181333938832
0.280435558729025,13.491108909583732
0.171633752244165,13.041394807602819
0.303240740740741,19.504657849179605
0.29957507082153,16.894758696998117
0.406383737517832,12.08692099696111
0.302346249555635,13.611902550267196
0.289529914529915,39.66377746760457
0.280297661233168,19.02164468969202
0.410338680926916,12.094176752694079
0.407571987202275,11.616100951213678
0.311699857752489,12.355461698837395
0.290809084457062,61.69271262478973
0.266403728935102,14.347404991745949
0.357557085900689,20.240245805781342
0.297047314123088,12.21337941834346
0.289048473967684,19.43087950505822
0.405184659090909,13.541822794750674
0.293182620981985,16.961880024207037
0.404153354632588,14.463482593304853
0.293085106382979,11.452871310951366
0.406450463292944,16.074497901946962
0.309879175550817,16.689682655424516
0.408521303258145,17.39438641417217
0.410815602836879,12.440221529476297
0.403368794326241,18.821288737101842
0.410426370476532,16.503332412463475
0.404694167852063,13.933036955676625
0.405516014234875,11.803228125448124
0.404380341880342,17.771763950168218
0.402270308620078,14.798149985158881
0.411119107592659,14.613500875473584
0.202559414990859,16.147969244709515
0.410593672236047,11.716412038680025
0.284403669724771,20.913197754276545
0.30586342509832,18.045760983458827
0.281792419411973,20.469535878095822
0.304246966452534,12.543776781396435
0.391754449691246,20.808396176622807
0.41616125579736,14.57850747652107
0.282871357498223,19.691097826510745
0.40935148692225,15.73190451807187
0.410270078180526,18.730961268934063
0.412025540971976,14.974999843002879
0.40189083125223,11.248222438222081
0.387508871540099,15.57043710807444
0.284272051009564,18.96432080341844
0.394932671863926,10.336953324284096
0.287162162162162,16.737216586110463
0.353993494759667,18.208902981614514
0.358572988714962,18.28267474255453
0.404588492352513,20.284454424756664
0.274291860882037,20.244221789423808
0.313319164009919,13.41986150000235
0.385283687943262,11.064229693329906
0.408590308370044,10.759532208429857
0.277777777777778,13.316116880781289
0.39155129570465,20.644092110079157
0.26954806312769,9.646498603415914
0.418716577540107,11.741988364083157
0.346771316446664,12.496660654495313
0.288892844428622,13.533925529555338
0.304939155332856,14.547821073736248
0.398468115425721,11.64634892232304
0.316743690010665,12.745284676727547
0.292722664735699,15.023343714253791
0.27874378992193,20.173344941627015
0.29526825633383,18.044654585984414
0.305,17.45161952095555
0.253445065176909,16.7010299536701
0.416517377284128,24.371246785040032
0.262684418855703,18.225497254055377
0.357577929057685,17.56363053364604
0.394868139700641,16.747505353000754
0.394412191582003,11.578115499907165
0.393203883495146,18.125900136040112
0.20816911501254,15.490526744048426
0.207703383729302,19.988785943072596
0.402084081925979,10.637613476422093
0.393856779352963,9.700163694304031
0.198563734290844,16.169691043623967
0.377651515151515,11.44229617164378
0.20540246555475,16.004913156466802
0.0131059245960503,10.267728737280084
0.385084259591251,14.985690277519044
0.280799711815562,18.197317301007892
0.310226863521786,16.10575054940878
0.383775071633238,12.940422882293692
0.404736080983369,12.918370501826944
0.247651734104046,10.024389957823077
0.300647715005398,12.953375408640444
0.275199419869471,13.190022867872315
0.30010756543564,17.226719579358345
0.297249017506252,14.296416101978297
0.400682471264368,11.71007820409032
0.303225806451613,13.100418832591682
0.293345323741007,36.88834051657877
0.303111587982833,14.607182998425637
0.360661632506293,11.090699037124494
0.357373519913886,10.7716847281449
0.278535534816942,12.506261662018385
0.298926654740608,59.69474430732911
0.377215189873418,13.275940815876169
0.396526508226691,16.27414535287283
0.301433691756272,13.618511891545216
0.394384057971015,16.906060034458758
0.404411764705882,13.86733119484056
0.294327506243311,16.280938841841927
0.404369627507163,14.255029801268412
0.29853414372542,13.91801916124622
0.406542056074766,8.942638458843712
0.282639885222382,14.221710408197877
0.407333815028902,14.544895751775305
0.389385275196569,13.443859324596666
0.364855202002145,19.18929521779513
0.397546897546898,19.66451627054127
0.394444444444444,8.965934633066487
0.392998204667864,11.876297866306603
0.391780330222541,14.415939731866441
0.401932712956335,11.989076130233762
0.382994186046512,13.04748450163885
0.288079470198676,9.229234178536213
0.415023305844389,15.213746068976723
0.309982174688057,21.54818489593581
0.306126126126126,20.666908619115247
0.303143979992855,15.51489568404316
0.295397339086659,13.090952336660466
0.307030391797876,15.175342668639711
0.396688264938805,16.383017603497
0.311178788964529,16.225009876922844
0.373511367737279,18.200562593842978
0.373791621911923,17.152455927316105
0.396064400715563,14.306481387488391
0.393601725377426,13.762091160572558
0.393483709273183,10.894894522886476
0.308886509635974,15.799215963575366
0.400643316654753,15.060608935027199
0.300143523501973,18.854615313038448
0.376642335766423,15.782913953785528
0.377887788778878,11.148223442063173
0.392870268283719,17.942070235138456
0.279624277456647,14.915065848136202
0.293454935622318,14.190255128807422
0.390658554044381,12.306457796073193
0.400925925925926,17.630265882497635
0.364835561980484,13.445733834161848
0.40297171500179,19.060670567262918
0.386034732272069,10.398252602547938
0.39647735442128,12.236933766021668
0.394604316546763,14.612202772075713
0.311442965095358,11.570703203452172
0.291922106022358,18.619289761369455
0.390546369518332,15.01705172127678
0.265032211882606,11.254164256016933
0.396495071193866,18.911726785688444
0.306797853309481,20.744522363972777
0.25554302893649,12.465502444337462
0.294954954954955,12.786971567407303
0.27344336084021,10.723121894953662
0.406543745480839,25.833907551895066
0.385174418604651,13.674461710048735
0.373644251626898,20.404699221166492
0.376574307304786,11.548484425799721
0.341660675772825,15.727992866382897
0.398602651379434,17.22266007573491
0.404547094911584,21.704565291474673
0.32507183908046,11.466900603607517
0.147335991301196,14.0311206569542
0.401116714697406,19.289091206163896
0.257776934749621,15.864309721253777
0.403477001086563,19.872376641657358
0.391916275712739,14.186120734318424
0.331482808022923,14.516837789754485
0.412815884476534,19.192906692734265
0.419523637675929,16.579034402371654
0.343526466380544,15.377370993011109
0.348665223665224,11.448922515698758
0.353579175704989,11.97400577335618
0.39938694554634,16.762313232258414
0.268797675263349,15.174392687722444
0.406688241639698,18.10055638073055
0.41362660944206,17.422606022623235
0.325602301330457,13.40072208648814
0.404591104734577,11.813447634708702
0.396762589928058,36.89251520000965
0.39187253848908,13.97252754508504
0.336148041681638,8.715333669871535
0.337876614060258,7.789718386553667
0.422054597701149,12.754188963438708
0.395952722063037,58.79568408347947
0.174548736462094,14.750298944912798
0.306581352833638,20.531263926554153
0.420495333811917,13.46618765751971
0.161913357400722,19.96265848825072
0.348728965270319,12.553829568648633
0.417083631165118,14.684186265120127
0.337929799426934,16.72200598887474
0.396779964221825,15.252471674418738
0.326647564469914,11.219804184711043
0.41699604743083,13.250917343800516
0.345182244677012,17.553213558524018
0.343593414459556,11.166107539856869
0.343716433941998,21.362267384733784
0.342485549132948,18.201167779712225
0.337992831541219,11.222224206316671
0.342010771992819,8.476177971259059
0.340444603800645,16.494499644922303
0.339240959541711,8.950941188247755
0.344771241830065,13.55093439149553
0.293759231905465,13.708012601603244
0.351056211958468,14.802277342270337
0.400642169104531,20.71648250710433
0.423701298701299,18.91523019157137
0.391669646049339,14.913764186818279
0.424504504504504,11.835685333085307
0.332966629996333,16.90710187355162
0.349477853799064,13.909939806578748
0.403984206748026,15.003474206602649
0.347111913357401,17.68163741408285
0.346360702760846,17.770857689575582
0.34585121602289,13.222078615547213
0.344604316546763,12.12396144339431
0.317173524150268,8.58029832585736
0.40060779406507,14.803352690111044
0.340057122456266,15.577661823588226
0.415948275862069,15.62642923752167
0.288580809923386,12.781277045254377
0.288652221814175,11.378732512699676
0.346336996336996,17.187975207862397
0.397789054005074,14.654053516241738
0.422154617036507,12.24814901699016
0.333572196345396,12.396219837543937
0.346523668639053,16.85924021392977
0.189009009009009,11.206572306795044
0.319692637598284,19.987242751805272
0.180209461899603,10.907465901056765
0.342256557671577,16.10423026950814
0.283735156531126,14.183572144176976
0.388309352517986,9.708843789224714
0.41101083032491,18.812949969188637
0.344468390804598,13.339826930877498
0.419117647058823,10.90414357131858
0.144727272727273,22.012508505529258
0.403191107923987,19.789961593713237
0.407107935314028,8.973911493123321
0.424810674359899,18.11206544274133
0.391124482888304,13.444066585779902
0.334358047016275,24.023416782948534
0.167511771097428,15.557626217307433
0.272858691723889,22.116269307053216
0.338061041292639,10.186156605358882
0.418798862828714,26.831260519403227
0.418754473872584,30.54723000012003
0.262633451957295,16.128222465089383
0.331110310021629,22.042439125628892
0.419521770164168,27.09005357143578
0.267293233082707,25.591741995758245
0.41882649388049,30.213091863087495
0.392703862660944,19.943836541149103
0.244499645138396,20.321435856125152
0.340307582260372,28.522260435056364
0.321709585121602,12.357218211786238
0.198407079646018,25.70686107807025
0.21859386152748,20.9517890274389
0.414546757434611,12.716577573345944
0.328147353361946,26.14621428038541
0.406013683831473,24.258803762165666
0.347647897362794,29.96056324568383
0.309287486706842,26.149615986807614
0.250534188034188,16.351788482522103
0.356634649590893,17.941116074732278
0.353423680456491,38.21232291680153
0.344925479063165,24.607921060561356
0.196905016008538,16.490834187572265
0.196631205673759,17.420743691843278
0.296190815236739,16.03549022432457
0.356407525736599,61.140926858077925
0.340193271295633,24.644849103880148
0.260775081492213,28.721271847509506
0.335881934566145,11.231775909142428
0.326633165829146,30.228321195471906
0.227450284090909,11.013304953233126
0.306725663716814,10.928269188259813
0.216288147622427,24.700903643914216
0.356864136218517,15.339575545164335
0.259074733096085,21.118148256099843
0.281316725978648,8.653408076446695
0.247233131024634,26.429863773992444
0.203080736543909,10.834584742974174
0.179241941197308,28.548926430195806
0.191496963201143,12.475222145896794
0.214260376019865,15.071571565917067
0.221431114275543,13.417099882690952
0.187122020633227,16.22207173739591
0.207403471484237,14.41867141633352
0.197340043134436,14.061005284684684
0.393184316599487,21.687335681544305
0.225337118523776,11.00375711834679
0.350548284400425,30.82079687842959
0.321071428571429,9.083162288867774
0.344858156028369,26.642635702301394
0.322857142857143,14.734770330350099
0.344796215429403,18.00537466033805
0.217437722419929,9.29242831076681
0.353788687299893,26.28586127976923
0.143747773423584,11.977614397289077
0.145766914629826,11.886375146251146
0.17653314427508,9.730933143820796
0.212379935965848,13.015910686790782
0.244058176658389,19.5318439803146
0.349982288345732,25.43467351069548
0.240884955752212,14.605723287628184
0.319137562366358,14.715561935788003
0.288712011577424,13.795900047370372
0.286337209302326,16.066483149292868
0.192335633853977,12.152330537403737
0.349066762383345,13.265861175249164
0.298901488306166,11.922174314791503
0.221709826179496,12.820891232734365
0.240388136213841,13.285147451271351
0.323002508061627,21.44082020089521
0.262411347517731,31.81985296869344
0.327116212338594,17.91210441023246
0.20573566084788,16.82099496561302
0.250801567509797,9.804073978930317
0.353371387798787,18.795101483975145
0.302471346704871,18.444532465410898
0.210217159131364,10.880727267860083
0.295204262877442,11.080816917390205
0.331828034682081,28.44459889850209
0.349680170575693,31.296230067490633
0.324309185959671,15.64204933329956
0.296071428571429,18.1854897168591
0.330786433097279,24.916467638929074
0.21625492302184,17.52897558491072
0.322841726618705,25.765403319710867
0.243828264758497,30.96720847451214
0.192156862745098,18.21256385192226
0.0235982966643009,8.350973854940095
0.436702127659575,20.002605460422004
0.396694214876033,15.37096495200287
0.0265768958185684,6.26484390956051
0.400975243810953,11.34894320743504
0.0235967107615302,9.527225092393618
0.210648148148148,16.421329933849506
0.424247787610619,21.12966370275744
0.336059743954481,20.753967242000446
0.352773826458037,25.207728253225465
0.424708377518558,15.895335515717544
0.433595144591217,19.498040222875893
0.186162624821683,18.731786690429082
0.330544677821289,19.638597749639338
0.296628407460545,20.522608008841157
0.34686281460475,21.06176517446396
0.342559943582511,17.821645707177645
0.433617323393681,19.58940030002104
0.350690754516472,23.188716167575226
0.345457771469127,38.27336719396591
0.354798870853917,18.410891599175663
0.418856534090909,18.633348171407775
0.414483002832861,18.398937901399652
0.330733782346686,23.720344702349948
0.343584305408271,60.89405101830521
0.396964285714286,18.00869441071272
0.419646081617913,18.3205334523729
0.340417995040737,21.41269378885566
0.396706050841389,19.731349652564635
0.428470254957507,21.1711641982884
0.349136411702503,23.646665704263746
0.435997171145686,21.005098048137445
0.355072463768116,24.936193674525047
0.43716719914803,15.368077379708065
0.331679659815734,22.8626043431348
0.432191291934333,19.64080358469781
0.435159010600707,21.489177615763197
0.415134370579915,22.62144024524725
0.438192211504109,29.472564654539514
0.423785891527827,16.44568435345622
0.417701312522171,20.447366681846407
0.424725469358838,22.831978756828914
0.422642175909573,18.043613370135876
0.440437746681019,21.949176815135594
0.316163087004004,15.769450476781856
0.440269408011344,24.35821082589829
0.354526241634378,24.04065749757765
0.343694493783304,28.71298487329634
0.356108757062147,18.00947742262922
0.347795163584637,22.01147025597547
0.193892302132273,14.363702882804542
0.430985414443259,23.62962948002414
0.355295784626284,16.709705130689507
0.423777222420564,27.45480651497081
0.426043878273178,26.48960035837909
0.42521216407355,23.084584044006576
0.434991119005329,22.43365552462399
0.441301272984441,15.877792156315884
0.354622441778405,18.345796298970686
0.424964689265537,24.110168452986446
0.335519319390287,27.011823522027573
0.342882882882883,21.104898868578093
0.349565532223027,15.218288526382183
0.436685962373372,25.88797449844491
0.275276884601643,21.427980180216505
0.354998233839633,21.320316613784232
0.403254333215423,20.364832287484987
0.435195326761592,27.551676016621485
0.362370581935023,21.163791930802407
0.436350777934936,20.6962876933172
0.40343347639485,19.79498134432335
0.424210152644657,21.440755282439845
0.421586059743954,22.892127442821895
0.351759687166726,18.578907761391914
0.338617741360884,29.758820369426633
0.433108587650816,23.617175468333553
0.338292596528516,18.75755184244689
0.391092679408583,27.251448674329804
0.349770236832803,24.22226559638226
0.296028210838901,17.010028810671788
0.340213523131673,20.977366941783142
0.32220986281053,14.205166351022726
0.449982136477313,34.07496537589402
0.395444763271162,15.777890064974274
0.403035714285714,26.654716782124243
0.403805120910384,14.435427761109686
0.436919228020014,24.894356709352245
0.399421128798842,20.913396678150832
0.0222578347578347,8.615577813935266
0.407051282051282,16.10651311255961
0.0123744619799139,12.896062892542524
0.211627906976744,22.19685572879243
0.425998573466477,26.16561106695071
0.339605734767025,26.536167899364948
0.35762893982808,28.147497076142937
0.424733096085409,21.775122959215416
0.43496227093065,25.255613658609434
0.192695214105793,21.57009357212849
0.336559139784946,24.755862903429172
0.300648882480173,26.341008604282802
0.350714285714286,26.283003850460574
0.351990049751244,22.366418857991924
0.435512683101108,24.593899057646112
0.354925053533191,27.265687560241016
0.350660950339407,40.21216410922021
0.354752580989676,22.092678373908377
0.422031473533619,23.523508661934574
0.417380442541042,23.775143875578348
0.333630527817404,27.447240770361603
0.349573257467994,62.351806723275025
0.39902807775378,23.849185122339787
0.421704297159505,22.962683005455336
0.339451176051319,26.097831164275007
0.401334776334776,24.696992416771185
0.426176890156919,25.396539792665312
0.349361249112846,27.367665350265753
0.437099073414113,26.625864800097837
0.358540925266904,29.46305368487514
0.440808297567954,19.552955286927293
0.335535714285714,25.710705135497566
0.4352983465133,24.310656809667776
0.433167436900107,26.35216343174416
0.416518333926664,27.420158320547696
0.439344852411807,33.56944896094142
0.428775437343806,20.271227715507607
0.419942816297355,25.070377085899246
0.423913043478261,26.445583359460162
0.425240299038804,22.365995298538074
0.440137035701406,26.25382486091666
0.321428571428571,19.312141635105885
0.4418064976794,29.092338920818204
0.353420772775611,29.34228061840855
0.350125493008247,32.93500624581826
0.356507823613087,21.593898472279424
0.347475832438238,26.915720278622015
0.193301783764106,17.607540000176446
0.432282336080258,28.42018698984954
0.355080213903743,21.126974798459127
0.426005747126437,31.71731238766429
0.42839330245814,29.41484552595199
0.428800284798861,27.230501447889313
0.436337625178827,27.146707220680877
0.444108223567106,21.23375299945977
0.353892641308212,22.062385704963113
0.423063255152807,29.159449068695206
0.33875,31.462647709967502
0.346949891067538,25.055377970814664
0.35362741523879,18.547212239726317
0.441703216374269,28.84380129400738
0.281958948505582,23.84309809342175
0.354122245913291,26.382077536481983
0.403099394371215,25.488664758877345
0.433837080722447,32.97960048284943
0.369064748201439,26.585381369761723
0.437655860349127,25.889687418703318
0.410894660894661,25.208313327392005
0.426071428571429,25.870907559256484
0.423324973127911,27.276311944016086
0.35499462943072,23.25617019734093
0.342595912513446,34.04478929589892
0.435085836909871,28.675730973766463
0.342902995720399,23.05679369463104
0.398764085786987,32.93429093013919
0.349110320284697,29.361323720324393
0.29607476635514,21.02593306689604
0.341454675743461,23.794855702528462
0.323441582680104,19.249833325206932
0.450737144911902,37.39552236154986
0.3985559566787,20.823425388547086
0.406182602444285,32.24938488035323
0.405690765926986,18.72987760569832
0.312387468491177,12.491893939852314
0.437455452601568,21.07946631028951
0.282559880239521,16.02130093243131
0.435837526959022,21.284360927003636
0.398108493932905,12.024410368796456
0.241654829545455,14.267029796660655
0.334583779921401,19.13083590109832
0.331428571428571,14.606764937113805
0.25407223796034,15.347676174949074
0.263759828448892,11.298037871566311
0.41765127103473,12.066483467153256
0.357755539671194,14.944063448458065
0.409205321826681,14.413878932343788
0.291637010676157,19.371915105750602
0.336875664187035,17.141069357792563
0.189434364994664,9.616368110193536
0.23828125,13.630203118311728
0.235691432634198,37.429499344857646
0.309464728819568,17.91281826091408
0.259081196581197,8.990154193797128
0.259127968805388,8.560749953310253
0.349911190053286,11.288716282112068
0.240163062743708,59.413150420146074
0.316684568564268,14.758840495289432
0.225940665701881,21.313501466632044
0.33546552949538,10.923700755815625
0.307457870204374,20.166125639166026
0.229868747782902,10.570989717057374
0.347133757961783,12.17866328529082
0.242295430393199,16.587222224232644
0.251683800070897,10.108450694977059
0.135039090262971,10.534134517016575
0.348969438521677,13.461823522925851
0.225794926759557,18.120991576739392
0.244424778761062,10.59246843249957
0.25646017699115,20.7910815680554
0.261896243291592,15.283168316288295
0.267648102163888,12.234366699582944
0.271337126600285,9.443383085356427
0.248666903661571,13.596976403612151
0.268590651558074,11.597549569896405
0.258180510607695,10.984683023288921
0.389396709323583,13.581639210366639
0.22265625,12.137765689085244
0.307773851590106,22.490010138522585
0.328035714285714,16.914847850741275
0.309844192634561,17.14889641352282
0.332382310984308,7.895450077845932
0.367476432197244,16.882823313650523
0.256241084165478,12.64649934101998
0.310412224591329,18.38022679530174
0.255189692197566,14.222227573875026
0.258333333333333,15.496270650558664
0.247610619469027,10.345155593121099
0.253651585322408,10.609875291837373
0.186680835990081,12.916372498401067
0.307610619469027,18.11763348512305
0.237800565770863,11.736228978575339
0.346085409252669,13.428605594380459
0.297434044091073,14.881440158160885
0.300036324010171,12.53684158920233
0.247184889211769,15.438990561452329
0.382932950878451,15.391815529649998
0.337579617834395,11.631748567047243
0.26036866359447,9.639389998858357
0.251098901098901,12.789206547345149
0.329041487839771,12.021986516821284
0.149063935005298,20.304667925990294
0.302617425600574,9.124017292677236
0.254532527550658,11.35004228646173
0.278271692745377,11.466594238206234
0.270558917764329,10.653754353739469
0.328326180257511,14.056614104364174
0.249911126910771,11.109781470873967
0.354122245913291,9.814059374830782
0.316245487364621,18.020442524530324
0.310571124512238,20.69060575208222
0.349422288483041,13.587401484929554
0.343035714285714,15.752046768815577
0.354321907600596,15.245339455589255
0.242841803865426,21.44276882400334
0.31505376344086,17.526795207183817
0.288447782546495,20.573329857191894
0.26531339031339,13.542164045199046
0.398231685312162,15.705524880807168
0.249240698557327,10.17228965538037
0.399672846237732,13.377045551741448
0.394575045207957,9.412448147122946
0.325,11.461819267703397
0.409008683068017,11.858406253846029
0.408613825551936,20.747072398314984
0.333512544802867,9.437880975132662
0.331222865412446,9.966472328751864
0.353132922854038,15.437323718588257
0.390032502708559,10.619924469034684
0.258175872093023,10.78469120811971
0.398848092152628,13.763928684115424
0.410669530970283,9.78029957758944
0.312072072072072,13.602561835393594
0.397878460985257,15.229998473177531
0.400503778337531,39.96176596692692
0.379347436357117,13.580963779045007
0.327567567567568,11.886465941054093
0.328838547285149,10.210042390427395
0.413669064748201,16.397461466540893
0.397992111868053,62.52520949303172
0.147143890093999,10.256497939785605
0.296370967741935,11.811252949028196
0.409270571325907,15.498579722394037
0.119400289017341,11.674140165384939
0.319683908045977,16.47041357896451
0.416100178890877,20.012754214756555
0.322991391678623,9.846717027867065
0.39924704195052,17.168858467351008
0.314681540122346,12.230747591049477
0.410727141828654,18.328531549275016
0.324060693641618,9.948296837181314
0.329985652797704,15.378314605111736
0.328310010764263,13.154225141679332
0.330014482259232,23.28437351924001
0.32829373650108,11.27990201400453
0.328226387887527,14.303525353094718
0.322969086987779,20.189999163637633
0.329088952654232,14.691756616912178
0.328851744186046,17.731815548399087
0.285107169253511,9.407660122597928
0.335190510424155,16.933768635643478
0.387160228898426,16.079192150251416
0.415281791907514,23.6899278730421
0.37831066571224,14.096426976897519
0.421062138728324,15.093531973941321
0.331006612784717,17.379950109782907
0.328170028818444,19.164940610465617
0.390366642703091,12.125591963129112
0.339007605939877,21.426468651868483
0.340509508432006,22.759349826213136
0.333990677662245,18.308752921124672
0.322290241267555,16.702007080587787
0.303155252778774,10.06501237248827
0.387477638640429,13.413254596293624
0.323476702508961,16.6560889117382
0.406700288184438,21.031595279090766
0.269469835466179,18.413079840359604
0.276634827332844,15.050355863141805
0.332720588235294,23.388473373641418
0.386289445048966,20.493598853674673
0.418070993187522,16.605519064990474
0.310548977395048,13.227139366016043
0.332715133531157,18.2323756335459
0.193752257132539,12.91870407421952
0.315392895586652,14.213596507942972
0.18021778584392,10.808196991138647
0.333933717579251,14.73293018241814
0.275315315315315,16.18351372020515
0.388288288288288,10.968823226267242
0.409717186366933,21.670251130029655
0.320014398848092,16.23555722904818
0.41723641597697,14.346876585454401
0.142,15.06843470801037
0.389507725476105,16.619902623929292
0.402374670184697,15.838299446138429
0.405854716299241,17.379826034644452
0.377497173011685,9.499920177231527
0.330618892508143,30.242865168589063
0.150018096272168,11.305212103609362
0.251084598698482,15.883344833801656
0.322342342342342,15.126540281643836
0.402484939759036,12.43610458734071
0.0238095238095238,10.00769253130008
0.200999642984648,16.23001086269789
0.42425320056899,21.78524890372421
0.333571683947086,22.10297625138292
0.35614724803431,25.84940691831934
0.427075940383251,17.15953341818549
0.434361549497848,21.288879380308632
0.191150125403081,18.98124355072899
0.334403997144897,20.914224504677353
0.296402877697842,21.810826684708157
0.344674029212683,22.809750805539956
0.34774902516838,18.486474202183302
0.43338083363021,20.29807728001369
0.352794588821645,24.581972663432268
0.346811542572141,39.417929150145405
0.351010996807378,20.111870272922825
0.423296468069925,19.96819112088642
0.418683274021352,20.181518194621397
0.33321479374111,25.187920498682903
0.345035460992908,62.53566947996409
0.396805455850682,19.830215970171217
0.421234119782214,18.556250100126668
0.341693347563145,21.877169063142155
0.400467121810995,20.766333260119747
0.42674253200569,22.099434417436107
0.347202549575071,24.315255824457605
0.441009239516702,21.892882342924654
0.355724920241049,25.612887816073368
0.440998217468806,16.92787007354719
0.332799715403771,23.042347098892513
0.439964157706093,19.948400150363945
0.436124911284599,22.12859032793182
0.418175363862265,23.126696925617033
0.441714490674319,30.202001512819663
0.425622775800712,16.6230293695161
0.419101924447612,21.78518608292309
0.428291814946619,23.430440177067535
0.42403265885694,19.60987101127283
0.43950306085704,22.826334042935617
0.315038419319429,16.23115739905793
0.441637010676157,24.629814025523668
0.351255748142908,25.670796558910578
0.351679771265189,28.904069181972254
0.351418439716312,19.923226910166846
0.348338692390139,23.007330519797502
0.193090909090909,14.278447309598985
0.433345246604718,24.43578053803553
0.352627840909091,18.45608807298074
0.426012182013615,27.91491004558647
0.42854603626022,26.74288215025172
0.428444602272727,23.463243432427955
0.437343805783649,23.45693583643466
0.442628774422735,17.598673884301103
0.352127659574468,20.318910045186303
0.427002126151665,24.68100643229112
0.336360398860399,28.4096673537861
0.345652173913043,22.028098099039013
0.351056081573197,15.881600059239105
0.439504373177843,26.452246661426614
0.277638190954774,21.71997757695848
0.353368794326241,22.390056011518038
0.404119318181818,20.80556158114988
0.433553597650514,28.23256006616773
0.365853658536585,22.810297953548744
0.436079545454545,22.423273169781304
0.407047824523553,20.971921848954825
0.427450980392157,21.55926216968432
0.425383791503035,23.002231969236675
0.352353780313837,20.111620557232097
0.3390619405657,31.013003121734048
0.434736091298145,24.289018856550257
0.341038406827881,19.399997663446285
0.394460535843592,28.206954150037205
0.34726173541963,26.283926883647254
0.289493293591654,18.528041635309926
0.340771153159586,20.562449880202706
0.319485842026826,15.690083483900452
0.451560818083961,34.69539438105365
0.398234870317003,16.828387399671204
0.407560014331781,27.90833552355553
0.406595365418895,16.181898019985475
0.403678422449753,10.941681008445457
0.378816434225405,12.96651601422074
0.278943424503559,17.193271800796154
0.371978851963746,16.39655580563546
0.358462118356577,24.449372013154175
0.262803738317757,9.990173869006535
0.255467571644042,14.758185504161432
0.371877365632097,17.819819788312476
0.298381024096386,13.2990498966532
0.325625473843821,14.049247229618626
0.381811349116873,15.001748964416098
0.360830527497194,14.534093892217582
0.287057938299473,15.60877002361185
0.370738104158861,19.988386608113696
0.369793621013133,38.34943952880534
0.365183246073298,17.4982539670124
0.283783783783784,14.54922707918883
0.285393258426966,14.894165245493094
0.37743993993994,20.15946454961466
0.371166791323859,60.36405823626849
0.239441930618401,13.062139737994837
0.240542606037447,15.722811025997984
0.348013493253373,19.35580584573356
0.258503401360544,14.766969490717903
0.256736526946108,19.797949785482423
0.354182225541449,22.297292356894612
0.259977620290936,16.692570477422315
0.374298540965208,20.396086091156697
0.275797373358349,12.937290726524663
0.378566066066066,22.021374258775243
0.277694046721929,15.893938476673553
0.277216610549944,18.632695765255608
0.282185628742515,18.43254671451429
0.276077097505669,26.625940449302448
0.276547842401501,15.188711340439845
0.272080838323353,17.993435282225168
0.275609756097561,21.126230347336183
0.272863008585293,18.39235917067029
0.279545454545455,19.567297402617
0.316153846153846,13.32359713856017
0.254494382022472,21.42746473930942
0.365449124114797,20.489021677957826
0.360399397136398,26.609172256055402
0.365808137364688,17.068990835018447
0.369065561416729,18.24726863076883
0.31752104055088,16.766061849069203
0.265325310267018,21.730310627805974
0.369150131037065,15.42646769924424
0.282666163141994,25.172915044853358
0.281566129636568,25.44798720038059
0.28024645257655,20.881867730775642
0.274793388429752,19.46334653192609
0.273355754857997,13.009763596399807
0.366591928251121,16.52103399778846
0.254945875326614,19.527070835627477
0.355292792792793,24.49880129909806
0.275389882084443,20.542789430962202
0.272848948374761,16.15779667473029
0.25928052047455,25.070820715719723
0.36336109008327,21.79400334858941
0.373273609555804,19.224243519226185
0.256913303437967,17.67611539852301
0.254738878143133,23.485989036708403
0.238418079096045,16.402852323929203
0.277092675635277,15.912633185004779
0.239409984871407,15.755326476265434
0.281238273921201,17.910937003299267
0.243796992481203,20.626642526524147
0.361330326944758,15.086979228371638
0.348490566037736,26.208424949618536
0.273733583489681,20.411754925256016
0.374624624624625,16.76316474072842
0.263217953594523,20.72104789528407
0.364435302916978,19.42152786853581
0.335233975619347,16.32902637899777
0.361069277108434,19.4588724100303
0.296368606013276,9.832333990868682
0.281969068276122,32.674641223302714
0.243560606060606,14.117108046393108
0.282961843596524,20.94659279175217
0.279323308270677,14.415925677322472
0.209068010075567,17.285398169232344
0.425394548063128,19.91319155980405
0.337360259646592,17.2912274181249
0.357708933717579,27.445319112754902
0.425985663082437,13.410475966677875
0.434971098265896,18.93159840987759
0.194645441389291,21.406297149147615
0.333393501805054,15.769708539484204
0.296081277213353,17.518379501947912
0.347022955523673,16.8589197198527
0.350375402216661,13.798589206812096
0.432961897915169,21.797042031333774
0.352044476327116,22.60114907123334
0.346927775781531,41.40132777544808
0.353109363831308,15.874588677781112
0.421279654924515,19.581171026149292
0.416786226685796,18.70038994872526
0.334230355220667,24.021238384184915
0.347693957811941,63.26475939933069
0.396888567293777,15.563491178418971
0.421120058565154,14.282169336234112
0.336796847008241,24.416550767832383
0.399165759883932,14.719456627249137
0.425008970218873,24.536045587232774
0.347802786709539,27.577142841002477
0.436246418338109,17.46399381943609
0.357321876118869,26.57751770698717
0.439813151275602,16.20992902823167
0.33381191672649,25.698830743749554
0.433248914616498,15.524205608069545
0.433607730851825,24.249060452244436
0.416428060128847,18.47997248354589
0.439673913043478,32.57548235722449
0.430341113105925,17.907985521665214
0.42191435768262,22.14783305176722
0.426058865757358,26.561703921445265
0.42680744452398,20.162914647404243
0.439789626405513,25.340108567466412
0.318835237744195,13.973694896934042
0.439784946236559,26.613171040145577
0.351640513552068,20.069684719403014
0.345268082043901,32.4965256786227
0.354181558255897,15.018701914938827
0.344504504504505,24.364381579123318
0.194759985342616,19.643794227672004
0.433621933621934,27.39844138136388
0.351898280802292,14.536663162115213
0.426842485549133,30.470805030452176
0.429698708751793,29.961336268958394
0.426423200859291,26.732740579478357
0.435205183585313,24.702229882774414
0.440365329512894,16.572297724025166
0.351216022889843,16.128713789278056
0.421193709792709,25.718856107070394
0.339920948616601,30.093546095596515
0.347207009857612,25.49791462624927
0.353394495412844,19.3758006757824
0.440484937545922,30.389524499201595
0.283441793203182,26.207727093272403
0.351162790697674,24.70984167688887
0.40297171500179,22.707838842571157
0.431321732691596,29.13247416638341
0.366016612495486,20.36681136292874
0.436559139784946,16.576267702913057
0.407098877218399,19.318437471893272
0.426645091693635,21.813045569659945
0.424918977313648,25.582958711139483
0.351945244956772,18.59222082348567
0.340137283236994,30.30150128982813
0.433548850574713,26.12457446260729
0.341104734576757,21.969578673291522
0.395985401459854,23.06353484071811
0.34820788530466,20.52533483694282
0.292921686746988,20.483345156155153
0.339092872570194,22.585170048323167
0.319736842105263,11.677204254967185
0.44824466159971,38.11954713753172
0.396257267441861,12.651196600029092
0.405459146782357,21.988320012735112
0.405643421998562,17.472471401490996
0.384313725490196,14.594169241971086
0.280243378668576,16.560623737857497
0.308670727337872,19.334083182946546
0.382332029861358,12.830509745833075
0.403445800430725,12.699438280280685
0.246590093323762,13.7689505896792
0.300788247939807,13.684315718795077
0.276917536910335,14.096516946331814
0.298111190306486,18.747605967723388
0.297796730632552,15.329127046813408
0.398320228734811,9.873172783826107
0.302889760970389,17.70080270322299
0.291741151233464,40.19559794707809
0.301598579040853,18.128383604936015
0.35997145915091,12.447663637667192
0.356481481481482,12.37003526564606
0.279700321084552,17.48680597656995
0.297690941385435,63.35714161237184
0.375943905070119,14.098199270820281
0.394698620188816,16.671633383261156
0.300498753117207,13.236689998441415
0.392252252252252,17.013061290468045
0.402708481824661,15.051767326540597
0.292834338417879,16.99252289320669
0.402743142144638,14.096491277743755
0.296197583511016,13.478131251272279
0.404327610872675,12.306731106295544
0.281863620135666,17.499254858124523
0.406283662477558,15.624880870694534
0.385749822316987,12.514355460296711
0.361732339368122,18.200728562155334
0.393318965517241,19.64754619740922
0.392475035663338,11.381268106647102
0.391350964974982,14.43275226774733
0.391428571428571,16.01057439075479
0.399715504978663,15.23898962917566
0.382363570654138,13.787650451287986
0.289271329183449,13.06633574539327
0.413516405135521,14.361072517400759
0.307365439093484,20.979111549121736
0.306838524883638,19.687021458366743
0.303514376996805,19.039908685089536
0.295779685264664,12.064670382497372
0.304949053857351,15.870034386533652
0.394915861081275,16.42087144578172
0.309540761836953,17.039373408793107
0.371274685816876,17.32704923800624
0.372287442191391,19.048950534320966
0.395803698435277,15.035294322174197
0.392167381974249,14.207006754650886
0.390708437166251,12.900883185211557
0.307282415630551,19.086911228784498
0.398401420959147,14.307197005165882
0.299643493761141,18.532868418549803
0.371915820029028,15.825344687766519
0.373860736419978,12.642664884460213
0.389233576642336,19.95110024223382
0.275719424460432,17.123482921612542
0.290689410092395,12.59088868876292
0.3875044499822,10.417329376196815
0.399557685219314,16.420200912246862
0.365170556552962,14.558350917091266
0.399430402278391,17.9226961010038
0.384185878962536,12.1613746834758
0.394821428571429,13.729276361793035
0.394492131616595,13.792888769720864
0.30829756795422,13.839189775067068
0.291711517761033,19.836163823457273
0.389027877055039,13.867299912894069
0.265858873841768,12.224667156021138
0.396551724137931,19.938910876748608
0.306858564321251,20.843257348901492
0.257468259895444,16.623582062174297
0.294444444444444,13.821475943040031
0.274561075831154,11.949170674591597
0.402443406395976,25.498671674585694
0.38479595521849,15.759082773367323
0.373381294964029,19.71916693716278
0.376340243030736,14.997892099328528
0.122641509433962,11.669016021154144
0.34570103460578,20.82936402147018
0.24178735429177,14.714294092160104
0.252229753835177,9.915400581878918
0.416964285714286,18.117965056573148
0.344919786096257,15.09074767561204
0.41235632183908,14.047799484877057
0.328891257995736,16.54097498910125
0.336103253182461,12.883864155365227
0.226498758424973,16.36081064865115
0.342796309439319,13.377479125228266
0.337660028449502,41.70058493842241
0.361386138613861,14.016797749856263
0.259226401703336,12.72983168519818
0.260014179369018,10.489297883662942
0.336582772066643,15.674332125672516
0.332390381895332,63.76076996558025
0.320457796852647,13.687552617928116
0.268244219653179,13.89605035319461
0.337646224742999,15.52533709505819
0.314556509298999,14.222889192845692
0.242112725983694,15.652406547511939
0.333333333333333,20.826780422964937
0.24124513618677,12.467603959480591
0.330916165546516,18.716342471880964
0.243967352732434,17.65995182372839
0.354255319148936,17.63236638028619
0.260691375623664,12.510206037604522
0.239583333333333,15.108707209875558
0.250265298903431,11.754555722297349
0.238648552020021,21.867722652063275
0.252659574468085,11.795770735987453
0.254616477272727,12.199649387633102
0.239007092198582,23.46539944953922
0.252031084422466,13.986206409358763
0.247670250896057,19.25489605288271
0.397187728268809,14.106316976882345
0.247429989365473,16.170062742960198
0.365432098765432,13.782213183365055
0.33048433048433,22.1143280176617
0.360728172499116,15.344179764343423
0.328820805130032,14.692268400297962
0.35188542422045,20.657398346578425
0.256318974724101,18.140986196786546
0.369241672572644,12.037433347427921
0.251694612914734,20.55231620496701
0.252033958259639,23.92865266118641
0.267326732673267,18.795315018255945
0.230578219226676,16.07354331051745
0.256015569709837,10.98918633416926
0.364922206506365,13.026691184213139
0.241610738255034,17.088057223457938
0.343217329545455,20.11205000663198
0.308219178082192,17.234507005060074
0.306591814559942,18.570214989706873
0.241029358463211,24.674882604512696
0.380730659025788,22.249153729981707
0.337871287128713,17.068803109810084
0.253274336283186,13.402984740911908
0.247441520467836,16.454090128492098
0.330060692609782,12.647062657161012
0.259992925362575,17.11218342205534
0.318279569892473,11.3424540490394
0.250533428165007,18.341410976376956
0.278429282160625,15.271666502709746
0.355618776671408,8.358685398640462
0.343984291324527,21.39202233394411
0.229270021261517,14.609019643685246
0.348989719957462,14.872068388945213
0.33044733044733,16.938911949225275
0.36769394261424,16.48450456820356
0.354694485842027,16.484542795525527
0.338916607270135,21.363971986733468
0.353531598513011,13.826899946043916
0.243837084673098,30.278175713833566
0.321851453175457,14.2471045338834
0.294853466761973,17.33971456870307
0.254706927175844,17.011958866198942
0.235767991407089,27.39351010461188
0.339907604832978,11.350634053876307
0.34680316091954,12.316612581073532
0.320517427236795,24.08281111141629
0.232903687790906,13.287584399864764
0.306126126126126,12.616675078970902
0.218236973590293,12.224534977478452
0.225142045454545,10.848546377840448
0.3275,20.569186795048278
0.233368907861971,19.10080157641491
0.230906495360457,45.123637202461296
0.250710227272727,15.302357138152605
0.356198642372276,16.857033943382557
0.351033499643621,14.632959208186866
0.231468282252316,21.38908752153418
0.227272727272727,66.16616070342997
0.401474289823804,11.880225534978074
0.363553779069767,10.019032204396707
0.22913694721826,22.40443629119743
0.396433717579251,8.118443625936322
0.332858161083393,22.8921289187938
0.224486180014174,27.398808323408048
0.33398646241539,10.082638075137291
0.221748400852879,23.66981200548284
0.341917024320458,19.2540472491573
0.246524064171123,25.61504807010273
0.353015075376884,10.93286060572844
0.333570412517781,21.53537023398706
0.345195729537367,8.045394807805245
0.340035906642729,29.08288628163125
0.349268640742062,18.120354076866658
0.349928622412563,19.506630416854584
0.33779443254818,28.43612178152349
0.35044404973357,20.077059238523194
0.350649350649351,25.0751682786671
0.288222384784199,15.6291053169775
0.340042750267189,23.44102492388464
0.254339355295785,8.459512694116615
0.220093123209169,29.818834879789996
0.251243781094527,15.19455346291968
0.215332380271623,20.610238766734803
0.438388625592417,24.564557052930112
0.349803079126387,25.182706644760003
0.254357879758093,11.155929430663283
0.347576301615799,27.51210755976389
0.350302598789605,30.704628800835746
0.362940548237807,25.780383272783546
0.325,22.643067577872003
0.349928876244666,14.078696717974031
0.253283635072772,13.840910129961006
0.333747779751332,22.950765912344355
0.234330484330484,26.306677879815666
0.391470054446461,24.034923035117053
0.39737513671163,23.232708170198297
0.337158469945355,31.464943925936044
0.278915229885057,28.564235889483406
0.229758522727273,22.37630352309114
0.348878604485582,19.12451058420285
0.343151693667158,23.0310567473257
0.413582464965864,15.71572304094383
0.353840682788051,10.165080794731198
0.41015484335614,16.357490483411315
0.34614010007148,23.174090284358247
0.370350500715308,22.60855894118075
0.244726492670719,13.613186856050907
0.23683267646005,26.271092212970007
0.321798073492686,21.491290450138642
0.239572192513369,21.82283293691469
0.413217138707335,15.916290649753401
0.254807692307692,11.762452209631487
0.246263079222721,22.426970069114912
0.231816553206736,25.147273085774916
0.24496644295302,12.306375698652188
0.341235632183908,36.75971090194179
0.404366654637315,13.257630165815046
0.385237068965517,12.455651587454652
0.351752503576538,21.068821758401608
0.304517965136962,24.215210316969735
0.306104129263914,20.044022407470184
0.32956584140653,10.040742077681331
0.210225241329996,23.179800944165017
0.319689866570501,23.542959847559267
0.230110595790225,28.587867802821894
0.189074139765874,22.56893244185166
0.337200999642985,16.07710112523569
0.217236467236467,16.208082595364843
0.236175526221905,42.03937331077154
0.221393034825871,21.82075199187522
0.3506075768406,16.61685175122435
0.346331908831909,16.87777652240528
0.218181818181818,12.772817756007486
0.233380732314255,64.50295576869883
0.411817528735632,22.9732522677729
0.337450054486015,26.976665552237154
0.211517952364024,14.310196975360721
0.40435878962536,28.049090647914692
0.315461346633416,13.16524977654217
0.207196029776675,12.143518016769995
0.283605974395448,22.65165979312956
0.230741924032659,13.667081059846677
0.326545194712397,17.540475770513602
0.227710413694722,9.523066419746463
0.283381191672649,23.81094258260004
0.30796586059744,14.998465610828669
0.343649946638207,26.695054521439683
0.343221862639338,13.99022733030692
0.320741268709907,14.031423616563801
0.315225160829164,13.800869409002635
0.330774723313102,14.528033726142123
0.325159914712154,12.001886646907264
0.327082582041111,13.65778532976749
0.287257414866349,17.187001134958965
0.311653599429793,15.128697508303928
0.228642325416519,30.048879742311566
0.202895959957097,16.229595941918223
0.223030518097942,22.695132443424654
0.206754824874911,15.445888184982474
0.443210775391336,18.191717562984582
0.304363376251788,14.534283364108221
0.228032728566346,24.981882081166166
0.340035906642729,12.542086518955259
0.342948717948718,9.49853946050769
0.325266903914591,13.217744311689648
0.29135405501965,14.775382573407505
0.333155460690146,19.671823457940853
0.227740333451579,23.56905108283493
0.316696269982238,17.52413214376397
0.204318344039971,15.21070196382478
0.387758808572466,17.07295823758892
0.387408759124088,13.718078963489178
0.281409788166545,12.543752933974385
0.258620689655172,13.159197218954011
0.206112295664534,15.099936406019395
0.323487544483986,14.538124761967897
0.341930729550479,17.37084584164257
0.42358863718087,21.403717423711793
0.330544677821289,29.357848605317063
0.412549585286693,17.866574887610717
0.313080771979986,16.594343233211916
0.362482117310443,13.159480869754267
0.239821428571429,17.945709671984847
0.207199140401146,13.100887277854069
0.288289896465548,15.025695527496667
0.227288920555753,12.492884954992382
0.41578947368421,26.850991016011932
0.225657427149965,29.599782180096156
0.247010463378176,18.578748726507815
0.210836909871245,13.111174512678613
0.233096750093388,23.342199587825906
0.342143113987774,18.30414512817542
0.411637152150343,23.397070525643688
0.387311286843997,28.307602042013748
0.342387419585418,17.532095210199753
0.196155215379138,11.61840467738877
0.418330955777461,19.5186956996146
0.297936677339025,9.863470531983523
0.418367346938776,8.482467972371747
0.351983002832861,9.753731970071252
0.284379407616361,10.708087169223662
0.253985122210414,16.81613136449753
0.347895295366113,17.47558388701941
0.347872340425532,40.9899901045142
0.347035991531404,14.532298814964006
0.199964576691463,12.931970321730848
0.200105969622042,12.434381485830139
0.321302193913659,18.687498877825547
0.343915343915344,62.297062693818354
0.332738944365193,9.439226285607674
0.252161383285303,13.226997899343635
0.317232837933475,20.090519639313865
0.331488754016423,10.310122378822095
0.209865629420085,20.747356764632716
0.281888653981677,23.864571190741284
0.210730674196964,11.805799250270455
0.348623853211009,19.825006650872105
0.253633463310883,12.89391595642136
0.311725115125753,23.024809192937248
0.23365316275764,11.450478786359248
0.200740218540712,18.40641437783129
0.200352733686067,13.880229130510239
0.195187165775401,26.42488923712449
0.198867657466384,15.859293517961683
0.193165722379603,16.90886498449844
0.184824902723735,23.042821003111083
0.196119929453263,16.95973446072969
0.194096601073345,20.5701673779788
0.394823186292381,12.681296172450512
0.202540578687368,21.35329968288505
0.350281491907108,15.136092618129927
0.320590327169274,27.391585773927616
0.34973544973545,14.044890052743126
0.310056858564321,18.117677909119447
0.346654611211573,20.11246123470266
0.194000709975151,21.5723122932885
0.355449398443029,13.202387173956772
0.186166429587482,24.94667592791054
0.192307692307692,26.443965407025626
0.182492057889163,21.820540111005215
0.196029776674938,19.277517490221996
0.241889985895628,11.880474942109851
0.351075079309129,14.535678944586644
0.218287526427061,19.371628696469426
0.294472005669738,24.412485662533687
0.285302593659942,21.98666931588205
0.284292435758234,18.645185239741913
0.140969960188201,26.97568782872985
0.34332619557459,24.1944461531144
0.303350970017637,19.434961793866464
0.201692524682652,17.30807725955452
0.242982136347065,22.096671803714518
0.334579772079772,13.28536514601089
0.252642706131078,11.375028272134026
0.333035395066142,13.524429371414517
0.19727047146402,18.356723131227845
0.230127750177431,20.712899502504417
0.350301525363604,13.104125230180177
0.282384341637011,24.11314991484218
0.193668199504775,19.725313666028384
0.290841584158416,18.200648758538737
0.342256557671577,15.978744294062542
0.346113074204947,13.944962615235415
0.346582466567608,18.012728715912658
0.289473684210526,20.82113421710211
0.345383759733037,8.816114790201867
0.215431218816821,33.55712240430463
0.330590339892666,9.867703217805088
0.288591800356506,14.130046149585382
0.229883020205601,15.010830698422406
0.419575386829795,17.01857460189555
0.309002869440459,10.380961427200448
0.413263462233466,10.950749575262469
0.353488372093023,13.202628583824044
0.310209889718961,12.868841034564209
0.258577555396712,13.513411427660909
0.35581727337616,11.720752614699562
0.365783822476736,40.79995452749473
0.321644713421146,13.296913684402258
0.244912531238843,8.733885479650654
0.245989304812834,6.037379413740704
0.32583065380493,14.67501703372267
0.35688857244571,61.82926641239839
0.331713462922966,9.568532637949842
0.25609756097561,16.387496799211235
0.321364773133262,15.287000969576757
0.335493160547156,13.287377064018187
0.201888809693514,14.928352919981284
0.267247510668563,19.100844984733573
0.210929156283375,11.288276441028064
0.359152421652422,15.276982207413665
0.260164051355207,12.74790401400345
0.328443649373882,18.140556726383195
0.2497308934338,12.385501218017776
0.22350640113798,14.125581667637553
0.240925266903915,15.400425290756688
0.227011494252874,19.82764367308413
0.171357320983256,13.717815453833193
0.176554681915654,10.53824412007337
0.200927908636688,19.589398574284495
0.171286425017768,12.770915343056664
0.179538072897871,15.945273986997234
0.375275532696547,13.29966533114921
0.188168210976479,15.779848416325263
0.322861199858005,13.81734539494213
0.320365722481176,21.841671079880783
0.322712709149163,13.945553153246355
0.317090648513078,11.927554986709318
0.353862973760933,21.02806982805586
0.167024320457797,16.839624536807897
0.329224723115398,11.462503799344129
0.243083003952569,19.37187467372433
0.244923405771286,22.208517843792205
0.195234708392603,17.172884125546787
0.226607142857143,13.31017274987488
0.250356125356125,7.9245540810628565
0.322953736654804,12.283093473076468
0.223249200142197,15.017525643711917
0.286199499463711,16.55439871854608
0.308796801163213,16.187879690131265
0.297223237120935,16.460037206465362
0.189189189189189,22.285659011773678
0.361521817526145,20.41232231038714
0.325560697757209,15.154558882112042
0.22265764161026,12.627960321662547
0.226032448377581,15.530403956197038
0.335850413520316,6.766354639559141
0.265764161026006,12.960702689346135
0.325765765765766,8.38197486146853
0.213595706618962,17.025204289402748
0.216505894962487,15.46504484659449
0.357347670250896,7.7490677459745285
0.320503597122302,18.493036672682543
0.228035714285714,14.321984866955557
0.317012151536812,14.092850141051569
0.341875681570338,14.981262766715306
0.330185317177477,12.101767806727574
0.357999250655676,15.440869779501702
0.310462199928341,20.24703642997865
0.331584863244661,12.16091363563276
0.23490294751977,27.178590312843042
0.33652111151209,13.101281173934023
0.301475881929446,13.562628958701112
0.242928750447547,14.558760936946227
0.292054402290623,19.34740140534868
0.247830802603037,19.61082654502853
0.317221625492302,24.47034988105059
0.310074759700961,19.161734632939343
0.41493553008596,11.833588951999793
0.326304503216583,14.537422443208932
0.318882121103547,37.959935287347726
0.317598859992875,18.360873792019657
0.406418070993187,12.995524061417418
0.402321428571429,13.564399134426475
0.32433881343817,11.697129068245582
0.32174688057041,61.247345524660204
0.351945244956772,18.942445012417267
0.398724954462659,22.73797610847316
0.315112540192926,10.998788055348461
0.357246114925913,23.941820621037063
0.417977126518942,10.935377250464981
0.313833570412518,11.330589131011642
0.420207068903963,19.494426356887228
0.323968705547653,12.165442569970248
0.422842821339062,12.426095741333114
0.314576634512326,8.057528125714759
0.414208633093525,20.230376680291712
0.426381461675579,11.702092306940608
0.407730673316708,24.060110913758795
0.421621621621622,15.80149686754618
0.423434704830054,8.492424829563179
0.41493553008596,11.526561433424694
0.417114214106695,12.58652901036853
0.421802636266477,10.551808003681801
0.434310532030402,11.636940154137315
0.283510833639368,13.15624484309766
0.425608011444921,12.447921499779666
0.315452930728242,27.171661155533123
0.327295552367288,16.25068139216727
0.316999287241625,20.01339372668855
0.328612405880244,12.80125272773712
0.292914536157779,13.511445679139062
0.424731182795699,13.428318344876784
0.314973262032086,20.759462035782324
0.413966882649388,14.425349241330023
0.415535714285714,11.237860384155397
0.415716322166785,11.046581642065076
0.413861031518625,12.422294470352677
0.425080271138066,15.04082136900165
0.316079686944148,19.89885037741071
0.410110359558562,14.501109892699374
0.290114613180516,16.190752653423477
0.256372906045157,13.98948042065629
0.26819012797075,8.324759567870462
0.422950219619327,12.41483316732291
0.21271613832853,9.928379825123193
0.337606837606838,11.989913539117126
0.368270944741533,11.580506972469859
0.427279438907346,16.49795591722407
0.335073820669788,17.98379131591097
0.422047805922226,25.5962997372092
0.35943702634428,14.331380023783467
0.422966678609817,12.604293924005843
0.393010752688172,11.38629389784513
0.318539727988547,14.60356544789689
0.309712230215827,16.541210221953023
0.410701503221188,13.203848408191913
0.319935691318328,8.407455449510188
0.362463662790698,24.784576490897845
0.313949339992865,26.64561354653948
0.287158367652565,13.181212048864314
0.323698384201077,10.169440851997324
0.274326347305389,17.421905620127095
0.430115273775216,20.372292224442425
0.356704011564872,19.371017826401896
0.386945546339704,26.303733514904753
0.4084229390681,12.524665354543416
0.273153153153153,8.944328160875012
0.237678571428571,11.436487630835575
0.200212992545261,12.019754185204253
0.349589138978207,16.305033088044723
0.24465811965812,15.239658967902987
0.241342377722242,42.748528521781424
0.237113402061856,13.978268105659218
0.338692390139335,13.266785905121765
0.334164588528678,12.149265639895257
0.23984319315752,17.12573523203135
0.238644428672818,63.45641068648274
0.387711103126123,8.329378762178782
0.341636363636364,15.638155313124189
0.190594941218383,20.036027905412357
0.386731391585761,11.263501795824562
0.291814946619217,20.20098149131164
0.192702798441374,23.689265274716238
0.317211948790896,10.837213470429482
0.248492373181979,17.747455360940265
0.353109363831308,12.324567571208025
0.232964680699251,23.013851803776333
0.310975609756098,12.062735689385859
0.325754884547069,19.02374900190311
0.332147937411095,15.80190206242346
0.329439252336449,24.96281993431573
0.315864527629234,16.799393279393023
0.304821428571429,16.518629386640345
0.316755793226381,21.88956487493137
0.317471590909091,17.633651885376413
0.332430480317804,19.515072591818836
0.265459202341749,12.62609420292271
0.296401852511578,20.33289224583097
0.233250620347395,15.150868451074462
0.19449410082231,27.22752336090585
0.235701598579041,14.317569018167386
0.22244094488189,17.2500763164108
0.42831083546151,23.63245549752503
0.308876163206872,22.499604027508248
0.235566642908054,13.875969687336866
0.332256907068533,23.947993727502624
0.336654804270463,25.419348155879536
0.317649147727273,22.149187240729397
0.321479628305933,17.41109917397782
0.345305832147937,13.754563525978757
0.233759318423855,14.156783039665871
0.296736431358638,17.68298008997652
0.19747150997151,22.719541299547483
0.364065335753176,22.37710279035757
0.364697301239971,19.40296935800698
0.288426433004746,26.491286617076426
0.236520488856937,24.156086817303105
0.223702914001422,19.567025078264905
0.307719672714337,17.45970276614355
0.324503311258278,20.9128202273021
0.391023339317774,11.3144865664887
0.342404838135895,10.545973022230438
0.392368610511159,11.591456032028153
0.330532713621738,16.491878188642527
0.314914163090129,20.984846374893067
0.240806854694752,13.407694517950304
0.195519713261649,20.60703929090236
0.316851124598358,20.306511440114644
0.214795008912656,18.69327726907784
0.401704751541531,14.003562536219505
0.226495726495726,11.947721723100956
0.252708255509899,20.304727888668122
0.202755905511811,19.89975017146277
0.217967874486365,10.156501032925304
0.349012567324955,31.510452805350354
0.386945546339704,12.91996864045299
0.360093390804598,11.039879300731437
0.34251968503937,16.79207932497819
0.295617816091954,8.708170501505874
0.300071530758226,12.70857471466115
0.401512423478574,16.19503916633483
0.291202872531418,15.396810191629257
0.296875,40.97299785919596
0.285944206008584,14.980405829325766
0.409974792942024,11.922547555852383
0.407181328545781,11.013519155535048
0.313711414213927,16.451672424501698
0.292918454935622,61.968075579776865
0.266726943942134,9.134273251583721
0.36641081871345,15.77955570968998
0.30254662840746,19.65244712439051
0.266243194192378,12.564215444111161
0.411437791323055,20.49179227893806
0.305674518201285,22.98675477849816
0.412942438326779,10.253857336728721
0.298640915593705,18.440547603679093
0.399280575539568,13.978033103139321
0.309489575844716,22.406722480452665
0.415582067968185,12.430237412476544
0.418159025787966,17.2632156409595
0.406876790830946,15.042395594684798
0.41545981173063,25.088863720513192
0.417864845434939,16.74938072887066
0.413700107874865,15.624440270239495
0.415948275862069,22.97066210413114
0.415414878397711,16.962818022052414
0.419302071973828,20.347393842622534
0.18828297715549,13.57418160267952
0.422565576715774,19.885718716091343
0.288543897216274,15.226313667710127
0.319083694083694,26.1947921677018
0.285484447622453,14.749564000333942
0.314187972632337,17.208882667747325
0.400110172603746,22.933936025828245
0.417687319884726,21.35095391311129
0.285868005738881,15.128276268424926
0.418743228602384,23.770465678325394
0.419534050179211,25.690969207976742
0.411712034383954,21.164767917935418
0.411023054755043,18.144325603319942
0.392230576441103,12.639183571312055
0.286940966010733,15.644380564300429
0.401932712956335,17.930907106175425
0.303052064631957,22.882060341897276
0.355916727538349,22.77629948349633
0.363986784140969,20.046785552668428
0.420521292217327,26.62209724940086
0.282923299565847,25.140587985782275
0.320943531093638,18.7298202036397
0.396632031529918,16.853656017306626
0.415647015202076,19.711986846776757
0.260665220535069,11.035853351137645
0.398997134670487,12.6430696017919
0.267185238784371,11.258154624124451
0.421014753508456,16.82842989303873
0.349603746397695,20.135861234982183
0.288330341113106,12.999448411676195
0.304402742692169,21.10194824983761
0.407667386609071,18.437517888157366
0.302513464991023,18.47997856382695
0.264330047462578,11.70773559449998
0.285406955898171,13.52748358320303
0.292073628850488,18.148835291626792
0.305335255948089,21.174634975245183
0.266616597822005,10.297734143140959
0.420281995661605,32.27206644248892
0.260996001454017,11.900422823499799
0.34971098265896,11.31180354415079
0.407747747747748,16.652391325495987
0.226017699115044,13.115900092256112
0.123221906116643,21.705776578393298
0.181624689606243,18.43176371738643
0.175613224315677,43.268068443740866
0.198159943382873,14.608350705950961
0.352742165242165,16.45192489882272
0.348721590909091,14.775358292051473
0.249467707594038,21.24461808111444
0.175460339943343,62.88326231259878
0.409530634181297,10.887244113937369
0.331161780673181,15.317687262477117
0.210255500354862,25.28898959515568
0.392139267767408,9.834507283490607
0.283990060347888,25.5407846581563
0.226228349240014,28.398566140024787
0.323352232459249,12.926998630059316
0.196819787985866,24.228032497557756
0.292808828764685,16.68864787128086
0.247246891651865,27.181890145988277
0.33410797282803,11.870429434821924
0.336995038979447,23.187647222718493
0.342487597448618,15.13633461556917
0.352488363766559,30.508253443498457
0.361811722912966,20.726610568108068
0.364850427350427,19.936561045311567
0.34962673302524,27.779908635761895
0.355118668083599,20.687277786007524
0.347302158273381,25.168924938077847
0.29108838568298,15.769848495832406
0.313631522896699,25.905379203084575
0.198659139026112,12.97452947088807
0.226122594440485,32.111449291891844
0.200035373187124,13.098762673865975
0.23655147844674,21.970609447639532
0.449401523394995,26.936994528597634
0.358672376873662,26.800371521441228
0.201312522170983,13.868201560541545
0.3659627773801,29.362362937236373
0.369233498935415,31.08199712137855
0.335342077277561,26.567644521483473
0.344551282051282,23.608923622001676
0.288877081119377,13.788765200713106
0.199398443029016,14.82455822756486
0.317409766454352,24.112058032876927
0.230987917555082,27.477137963275997
0.396638959161547,26.4468314464649
0.399309342057434,23.637393853667426
0.351307189542484,31.62590723141069
0.278732545649839,29.319363655329578
0.235127478753541,24.61506312568408
0.349822695035461,22.53878270319738
0.341526045487894,25.816270569671637
0.400752418487997,13.229757009175671
0.293231750531538,9.55678756250756
0.402513464991023,15.707167754071513
0.34726173541963,23.252579045126332
0.362923351158645,25.83361502414535
0.191307445671535,15.33711499948792
0.231593995711222,26.55085636842831
0.340981856990395,24.18759709304628
0.237943262411348,23.559285040366923
0.397903867003975,13.917956770146063
0.203152674459795,10.642359077324219
0.231870583860171,20.90195247459465
0.249821556031406,26.237623892821755
0.239494235775381,11.322595963439795
0.331245526127416,37.68410338248324
0.395323741007194,11.164674359198592
0.37809250627465,11.438342666467635
0.348770929818311,19.747156546007574
0.333628318584071,18.71547376706672
0.223595902507948,16.104990851271406
0.226822363765039,43.67256882658397
0.235035211267606,11.51309204820234
0.328667611622962,16.160614754734322
0.324796891557753,13.80751803577573
0.210321668434076,17.537640350624788
0.21961958436069,65.3835109990721
0.413492346030616,10.501438674008162
0.344560518731988,10.259661911625491
0.226951607205934,21.05583615333989
0.404642857142857,9.26504400959241
0.322324267043448,21.43064742807924
0.169184820801124,24.773599737785926
0.302928722653493,8.56140957814327
0.231432594156987,21.40473047124708
0.333628632175762,14.957024738060548
0.22338167668907,22.1273183616837
0.323131672597865,6.3553141965360735
0.310144417048256,20.887569695943892
0.329281183932347,10.636466135320665
0.314946619217082,27.677818269061707
0.315594059405941,14.290837975274664
0.305909412597311,17.026709137104742
0.308141592920354,25.414834904796766
0.313293370944993,16.052267981940442
0.316881258941345,22.84726291596945
0.278363636363636,10.056418455609357
0.302864214992928,22.33430185694805
0.244120744120744,13.993550147665198
0.207831325301205,29.126464386098135
0.237684729064039,11.73315554566474
0.208997520368402,19.951976466135093
0.444745395449621,21.365737702991602
0.302804401845935,24.199125175248238
0.245146487822097,12.053086262794576
0.311498754004984,25.708450518439335
0.313625132368514,26.844391178879956
0.291255289139633,23.804953478214898
0.319277108433735,21.5781886123813
0.337213403880071,12.681974197337937
0.242173760112557,12.72554305828437
0.332042253521127,22.467687985834306
0.181737901801484,25.39745183429534
0.371130309575234,23.68348780567185
0.373371924746744,19.329489383435426
0.265461121157324,28.15033816634835
0.227450980392157,25.172552588710357
0.205105633802817,22.09810663271013
0.301340860973888,18.54916342155064
0.334730320699708,23.17788043804113
0.41449946562166,16.161062567890745
0.338504936530324,13.309710854352119
0.411396927474098,15.427935909293405
0.310839532412327,20.48902144525045
0.338709677419355,21.080271551569385
0.224070796460177,12.682474429240017
0.176271789398791,23.43535814932103
0.315398230088496,21.0905030748807
0.205259442287328,19.439680396628837
0.412738395106153,15.703081032407031
0.241348870056497,15.181928588023771
0.246943312337903,20.504011547581708
0.198049645390071,20.15559788062187
0.231951129211403,11.124304857803041
0.335531004989309,34.86973014987562
0.414311270125224,8.741499633103341
0.378922967189729,13.851052610097042
0.330851063829787,17.13807378152458
0.292539964476021,17.46810323079933
0.282128871484514,39.14973745050474
0.305742644452322,21.445329930294893
0.25801282051282,11.067039817068846
0.258681785967399,12.293056016652288
0.355314610735869,14.664830122815214
0.282654867256637,61.612018898381116
0.325277479412818,16.122458608346683
0.23252444766389,22.53886945807383
0.320376286829961,11.303519461482104
0.309651955507714,21.872607933179843
0.180752840909091,12.101831601694675
0.334394904458599,10.728636221127426
0.224327195467422,17.396096518078018
0.306165839829908,9.174417143878564
0.188565340909091,13.549750445160415
0.352260590957636,15.224732849217622
0.235,20.209497422138085
0.239646017699115,9.201261845053674
0.250619907899398,22.635932895315147
0.254835243553009,14.18712700014908
0.263597582651973,12.876134303752469
0.270106761565836,11.881158800368452
0.252132196162047,11.777485363690175
0.256378454996456,14.412549649602774
0.246225736879943,9.613529270929515
0.400658616904501,15.968254770866475
0.217962371317004,11.927028497335327
0.306320621468927,24.905047984311786
0.335357142857143,15.195078759331446
0.304778761061947,21.849735413536393
0.346126383434488,8.479363201175095
0.363883847549909,15.104103282354018
0.262904948380207,12.817464690765867
0.309726659566915,20.87434827389685
0.270275098249375,12.418297023931173
0.274033345157857,15.117915680142154
0.23830616583983,10.605399845364829
0.248932384341637,11.345663189865824
0.188695960311836,14.682347607584195
0.306480169971671,21.563742736801053
0.22169143665959,11.681824130220246
0.342526690391459,13.14813584343512
0.309541019154319,14.471806893388399
0.305555555555556,12.513928181336265
0.25127365356623,15.020077954586782
0.381498745069918,15.221141263170194
0.341592920353982,10.237256475868643
0.253903477643719,9.198662997252805
0.246429879165141,13.169344322720665
0.315139584824624,15.380472998274929
0.192171448813319,21.826269775892506
0.312926391382406,13.133522916078904
0.250266808964781,13.394406440025165
0.267557932263815,10.917769662128775
0.301355206847361,14.577950584906453
0.341624910522548,15.49935629261327
0.248046875,10.14782731405973
0.347972972972973,9.121571510484017
0.316389290882779,21.470299787745105
0.313676731793961,23.313760728823585
0.342223051100336,15.942409043399554
0.357040743388134,13.343452288686388
0.347558702944465,15.833759672914951
0.235947010383101,20.180988298394578
0.312140804597701,19.941790349461083
0.286327845382964,22.550299949055194
0.254898468115426,14.631987647701399
0.124423145189918,38.550427167300796
0.205892731122089,11.386940242699094
0.350462304409673,13.090206428657892
0.345854004252303,9.98084782341343
0.240616147308782,9.03825797450765
0.127121640735502,59.34244601710794
0.399105545617173,14.141945717907866
0.325568797399783,19.75671806946296
0.223562810503903,15.573964412928738
0.39147564469914,19.032311640837147
0.329907866761162,14.688904184398329
0.234744268077601,19.097445478486357
0.333805309734513,14.51817766191885
0.145531614270576,16.243041491543284
0.120432777580702,14.209957675606127
0.249911378943637,14.354251610492327
0.32441113490364,15.265089299177124
0.319483734087694,16.101416284325172
0.347895295366113,20.124818185873053
0.353540772532189,19.547143485927364
0.371671991480298,12.754997350531477
0.368477103301385,8.86704779387141
0.357904085257549,20.152212438582694
0.367480537862704,10.19196896708841
0.352888410477216,17.103009280521068
0.276483436476156,14.12083614206173
0.329726853494147,15.361284035753577
0.2038407329105,18.638609776978928
0.222597864768683,22.12604059114123
0.205010585744531,14.414468625365325
0.233285917496444,14.834938147293865
0.455765047135606,23.08003768149382
0.358517462580185,17.428375741089102
0.20474672334396,15.026967187344782
0.348766535573829,19.952842124109523
0.352691218130312,19.873678633131075
0.340176991150443,17.429197396353494
0.340803984347207,13.525446585983113
0.284577290413866,11.647220389562909
0.203069865913903,12.235961518559352
0.329328621908127,16.40547064670142
0.242912827781715,18.02581082963965
0.391233766233766,17.404207900740378
0.398729582577133,16.800640519391926
0.353282553500181,20.887094037965564
0.283851375491247,18.774299529004264
0.215118332744613,17.158403971122297
0.358533994334278,15.232277808584987
0.349523460410557,15.938683873904731
0.408327376697641,10.626076559798864
0.244342291371994,20.18118308541707
0.387634408602151,9.884933873627334
0.360775248933144,16.03195629821904
0.372688477951636,16.698728397045617
0.175728500355366,9.26840049446032
0.235912981455064,16.697522516404806
0.336767317939609,16.494091238188716
0.245480326125487,15.084559379171589
0.397579479768786,17.920352298261122
0.200460014154282,17.87972006312969
0.259865971705138,14.578810652209796
0.24848592803705,20.03603905407626
0.250464511334077,15.979880399995789
0.323382195209153,26.046691594096924
0.395795903701042,15.031095670451863
0.380007153075823,18.915473416895207
0.358285917496444,13.823708783528112
0.204070796460177,40.88358967247799
0.344385026737968,40.02109457219964
0.339964476021314,38.46752469882779
0.240938166311301,37.897377576554064
0.0691790516631281,27.532134041913302
0.405836018617973,39.994874203159185
0.323305545487495,44.25695869917618
0.225789286981199,36.24552204916569
0.397343862167983,45.41688687293068
0.327476038338658,36.09316038266746
0.232944503358077,37.661866925257634
0.337765957446808,43.04695004255586
0.133628318584071,41.3162552981447
0.235671057315771,38.15266974749743
0.245467472449342,37.51762883362686
0.337924865831843,44.13035449049668
0.330796460176991,38.62336737711093
0.344735909252038,47.68162289602221
0.346829093514869,42.1289628069514
0.366951262895767,38.4098714293507
0.367343304843305,35.90887716509674
0.347741017431519,38.41307661541755
0.367162592986185,38.08815126761873
0.354653251886453,38.56097600405369
0.282998171846435,42.32167664136395
0.325284090909091,38.032684150698856
0.212094499294781,45.26131016353284
0.222797003210846,40.77964319346018
0.203323903818953,41.57608021215952
0.233155080213904,39.848708031756935
0.450254175744372,38.00610899982463
0.357372367011782,37.24314607775345
0.212234042553191,41.37598193834476
0.339828387558098,42.63786415907134
0.345047923322684,40.62515142193338
0.332978723404255,36.40464319053702
0.350802139037433,36.693579804902576
0.282446808510638,38.1060787883259
0.211837455830389,39.85514706771677
0.329263977353149,38.19710665112767
0.233913970849627,41.209325053994206
0.387803112558813,38.546567717491435
0.39440203562341,38.10236667733432
0.348727272727273,38.19387678496956
0.287199713158838,37.814069925305645
0.225583864118896,38.94464272883728
0.355445193330968,39.507168142931754
0.344587155963303,38.621734908751236
0.408634897886062,38.36541380442005
0.239992915338293,45.73176622208936
0.391522988505747,36.755357432059114
0.348770929818311,35.63502958274306
0.370317516946129,39.25552782110376
0.170106761565836,38.775655659907464
0.227872947894361,44.70699015404535
0.346318036286019,39.70115810722194
0.236347517730496,37.0253882469233
0.395546705286025,42.66517066847133
0.213449254790632,44.93028183133812
0.257270693512304,31.54278590467124
0.245538900785154,43.842192055134596
0.245627093412728,39.89724493884756
0.335422636103152,43.49766225444404
0.38746849117753,40.58195643114454
0.380781642165651,47.602520128563526
0.360506600071352,33.42155981770412
0.352534562211982,15.712441352033332
0.347826086956522,12.437739146615742
0.255571276972055,16.39633467798506
0.195767195767196,62.11650139588191
0.398253741981468,12.644568081591185
0.328102453102453,13.944160679917948
0.180918727915194,20.907664326865554
0.386030725259021,13.375353824405911
0.313912429378531,20.23350165530795
0.218782975729863,24.98581983798251
0.320331803741617,13.08085518623037
0.218265162200282,22.674001555245013
0.317328136073707,13.948886656806915
0.258407079646018,20.175760528530777
0.343360626557494,10.347448587263763
0.311001410437236,20.997863413573327
0.350088183421517,15.660379802876866
0.347237076648841,27.42530348448642
0.337345132743363,14.178186694925945
0.334160170092133,15.361951560631349
0.326610049539986,25.16159173265451
0.337447108603667,13.683756771262935
0.348012889366273,22.483125409875342
0.259535052669815,11.187115164462313
0.303963198867657,22.078535609199484
0.0376928471248247,13.70586351376656
0.24140375753279,28.86392734269196
0.0050966608084358,7.352858491472745
0.24103656372027,20.377346422071625
0.450795947901592,23.24813036423447
0.315340909090909,23.405745771474777
0.0393714689265536,8.429628354637813
0.361239757748486,26.350064263020695
0.365690081186022,26.18188189244772
0.335863042710907,23.50571716089392
0.346699787083038,19.91120055131226
0.271700776287932,10.999401812094499
0.0356640899508082,6.972788500448082
0.286896794646002,22.265277610263777
0.202865228157057,24.74406375349261
0.385225225225225,21.524333133332703
0.383013400941688,18.195802282081353
0.343591600289645,27.121690821683487
0.262303851640514,23.056867417813127
0.208245243128964,21.718773166377407
0.345624558927311,19.644049844430775
0.338143953233467,23.679501606292742
0.398752228163993,13.703990131458703
0.292196327683616,15.525478014181319
0.375982844889207,13.600058580515242
0.329078014184397,20.290454847115335
0.345402910898119,21.87102567484179
0.213449254790632,11.064767563785965
0.220049768929968,23.959805307699263
0.342431761786601,21.962273539570717
0.238515901060071,19.505072821528003
0.384850665707089,19.12337214767564
0.0535588442565187,14.84774305431278
0.265717455621302,16.93945896870932
0.244843527738265,22.14331203249905
0.234826054774241,12.397271958422374
0.342368045649073,33.845396303574695
0.378581661891118,9.623783582069526
0.380706134094151,17.242093840609574
0.36639460610362,15.244873770458693
0.0040621688449311,6.123281990772967
0.294880910060434,13.168139334453597
0.345200141693234,61.8647601489507
0.336621233859397,13.225373530608904
0.279912980420595,19.439038478778844
0.339025257915333,12.859469049896182
0.317594254937163,17.73760646316837
0.251242897727273,12.320853297044398
0.317651220374956,15.039834389459775
0.239184397163121,15.492424973007635
0.347340425531915,12.853890845720391
0.255871886120996,11.303320641997718
0.207369170523318,14.595641667811792
0.253485877726135,16.454473775364615
0.209248759744862,9.2150282399719
0.0989030431705591,18.433405405682503
0.198642372275813,16.85015508979848
0.23411430599929,12.010758805738107
0.235849056603774,9.672139772777227
0.19950213371266,16.080225675112633
0.227610619469026,11.180938491366547
0.178173318950018,12.845098813785196
0.394399707174231,12.641377101605833
0.240411931818182,13.644781957135176
0.353783592644979,19.612165906880126
0.338513754912469,17.696979137888583
0.352993269571378,16.028248128736635
0.322154834106315,9.911593389922562
0.344952795933188,17.062090871290955
0.226721369960756,12.934113986464002
0.358031272210377,15.27306973807272
0.145,16.118875164109554
0.148194050991501,18.07256073535767
0.221119773210489,13.062963202747092
0.235126469540435,10.81037818098593
0.262048192771084,10.015026591997167
0.353649893692417,15.622797852118758
0.246725663716814,12.371567615314659
0.337602276769833,14.736459238319087
0.288245931283906,13.87512183790938
0.289760348583878,13.33814621454983
0.219330178376411,18.108147135197658
0.361809045226131,16.645466641610824
0.308537017357421,11.113157673583556
0.232825779036827,10.139565896459155
0.23489564262175,15.02637523212684
0.332558970693352,10.248583456998896
0.259311812699539,17.748262112040745
0.327821710999281,9.253310170267776
0.220106761565836,14.28486615004399
0.252492877492878,12.25104946227185
0.353193007491973,9.378733345389826
0.316994633273703,17.103476892980375
0.233380732314255,11.220178138501534
0.187388987566607,10.330731101936284
0.335019877123238,19.050824082821737
0.349786931818182,17.95365281333093
0.306487695749441,12.678657640356263
0.319285714285714,16.645738191788702
0.333581811405144,13.317275416767304
0.222977809591983,23.979098149280187
0.324757106872976,15.754168563439382
0.213467048710602,18.704494814752387
0.175382426182853,12.872899836153367
0.289567068843151,11.825511871756522
0.340989399293286,60.14094791229019
0.338450553373795,11.114998176602008
0.279241877256318,17.53970883684666
0.335579992905286,12.830375278617039
0.320278969957081,15.866811349008081
0.250619469026549,12.27647374813365
0.313161609033169,16.08493613958983
0.239583333333333,12.540890817359655
0.342281879194631,14.00962834712459
0.255851063829787,10.626157675237366
0.202875399361022,14.522800894708647
0.253561253561254,13.769784781832216
0.209039548022599,11.255915911433778
0.0964726631393298,16.868852609010055
0.199785943631823,18.329508144459584
0.233522324592488,11.18130216189939
0.234918381831086,7.83798937527773
0.198795180722892,17.52689628875634
0.226984126984127,9.54629898393141
0.17921146953405,14.094367905620704
0.390123906705539,11.804036563368914
0.240176991150442,13.837151905792094
0.348484848484849,16.395586386421652
0.333155270655271,19.441849246842256
0.348586572438162,12.898534217179252
0.315770736917052,10.76387176540469
0.346557971014493,18.37883100309698
0.226820603907638,14.28437784162115
0.352993269571378,12.291581757981985
0.144333570919458,17.599746401534485
0.149135192375574,19.336144684063242
0.221123277993642,14.263736221478709
0.234291799787007,11.258597285308838
0.262089657606777,7.253721596868846
0.348516949152542,12.286843038057357
0.246647847565279,13.485148405781047
0.334397163120567,15.319482218923204
0.288315903353768,14.441904511780592
0.290217391304348,13.382232090483752
0.219746376811594,19.323625004926544
0.356657122405154,17.58349737550189
0.304378531073446,12.653734589851142
0.23172024019781,10.891762917868729
0.237755847953216,14.439379596093566
0.334224598930481,7.486650994327828
0.25954738330976,15.98869801772013
0.328673835125448,6.549348968034441
0.218217329545455,14.258922835778197
0.253641207815275,13.25154476645891
0.347493778883754,6.836089168739397
0.312321428571429,16.962744758115537
0.231314204746723,12.192476332824622
0.181560283687943,11.29389429962815
0.337062432334897,16.253040780737944
0.344723796033994,15.314538290651548
0.302044609665427,11.789632707646534
0.314768683274021,18.15371081199731
0.330483271375465,12.002153284565335
0.222142857142857,25.15093891466974
0.326048011465425,13.416673857015692
0.214668094218415,16.68656842183428
0.175896343627973,12.325501093695395
0.247613997879109,59.128010304418225
0.417859699355762,16.33190967156966
0.368211440984794,22.235475813491192
0.248403122782115,13.779217135227908
0.405667144906743,22.083798501928943
0.342553191489362,13.443083096993616
0.21070293182621,15.58650983084958
0.312079348211123,16.570699142848408
0.249735075944896,12.592534083993026
0.348597799077032,14.253979832452929
0.110401135960241,12.622860292331694
0.347678571428571,18.654875291507818
0.287433628318584,14.361272901413544
0.291092258748674,21.98344753262129
0.295096635647817,16.91249543169653
0.314808238636364,11.95324817487123
0.323027718550107,9.104495165880751
0.300995024875622,17.883256807254266
0.31530576175327,10.911652828620475
0.291502330584439,15.51677731595582
0.28855267954794,14.474509166190762
0.329549485633203,13.90143042943997
0.257671957671958,23.43277619475781
0.220064148253742,20.0834441502078
0.256455606650159,17.552697393923207
0.194809811589051,13.250201428586301
0.42854552049329,20.83466419680706
0.309158945117605,16.411594273140256
0.26063829787234,19.68655186339555
0.29188996070025,17.07029208140072
0.292449485997873,16.31877201627542
0.290796460176991,14.96767757952503
0.31661330487371,13.146539487219957
0.342533616418967,15.129245071522389
0.257693668199505,17.261655944743158
0.350300459526334,15.47365131831292
0.221570717839375,16.726475193769957
0.385574837310195,18.23377383360785
0.388666908826734,16.09672984993324
0.301962209302326,17.96809758176628
0.256703611011798,17.587394974941496
0.187102473498233,15.468719503141108
0.321643641516118,13.836069646416522
0.327586206896552,14.741139554215048
0.416487839771102,14.617699012304357
0.356712716967765,23.21124958668781
0.414213926776741,12.20577203659636
0.265647226173542,14.04487814384014
0.354292839330246,14.653703820039288
0.247864768683274,11.537731119987727
0.206218727662616,12.581360105757398
0.312255772646536,14.530231681526892
0.184929078014184,13.172774103574943
0.415823699421965,19.36947464171818
0.257264351523742,22.192881227660507
0.201375976199331,15.55113289712822
0.210976478973628,16.857424198614687
0.233333333333333,16.92531257852864
0.312678571428571,23.41042900611536
0.408405172413793,18.34056126262518
0.323908375089477,21.733907624531135
0.29288256227758,14.10503823316787
0.406060606060606,60.399651286909425
0.320938628158845,66.53544141738378
0.222791519434629,59.51509192976123
0.392205934930282,66.31937910338057
0.3273788468341,59.09732009303836
0.231866197183099,60.16938937230752
0.337866478276228,64.4087564848647
0.138429024304332,62.914207814167234
0.238036157390996,59.920514290979035
0.249822820694543,60.757187819581695
0.327868852459016,65.6804965936286
0.334333098094566,61.57898249471556
0.340508115737474,69.61520284307521
0.3509272467903,63.48810954895531
0.359242209631728,62.06488203877613
0.355673758865248,57.723824643060226
0.346956829440906,60.52231108512341
0.363267466478476,60.36712996045036
0.349803079126387,60.81158045793412
0.278566229985444,64.85657817795017
0.317185289957567,60.72130190871337
0.205096660808436,65.18695867177178
0.22165131112686,63.33023752345944
0.195843606903839,62.08093795712779
0.236431358637815,61.67828393380118
0.454940282301846,62.21949264777111
0.346946022727273,59.74231555161289
0.207877075238432,62.47929528497762
0.34644128113879,64.98764684508751
0.351146384479718,62.937801334616005
0.336511299435028,59.1896435656031
0.346631205673759,58.68050739272893
0.278306878306878,59.88055121841381
0.203383856186112,60.364814233812005
0.327871740662438,60.32026135106792
0.234867256637168,62.12094946351468
0.38746849117753,61.13031852747078
0.395079594790159,61.28570088906159
0.347353154459753,60.26156321244412
0.2825,60.82004454540878
0.231488011283498,61.8085327863258
0.363700564971751,62.378135945696066
0.344367227505486,60.28077014876866
0.402069211559044,58.702004998346744
0.244436594842812,65.30625015699239
0.389860764012853,58.64377883043478
0.353014184397163,58.3817645858396
0.366347177848775,62.63265879847511
0.177179305457123,60.470889984256786
0.225783475783476,65.00775618076021
0.34141592920354,62.622486083963544
0.231707317073171,60.34532318490903
0.396613832853026,62.456064406015734
0.206920903954802,63.46742348284721
0.256576509818451,54.2913188636635
0.246979388770434,67.34459060812527
0.247959940652819,61.643801469911274
0.335292022792023,63.6557049132127
0.38815318539728,62.09874777720054
0.37981455064194,67.08939510418985
0.357396239801348,55.41565432634452
0.287691187181355,15.099487187047814
0.417352415026834,18.76601524711729
0.165107913669065,11.60725227689693
0.332857142857143,19.30722560732727
0.410758817242608,22.818232786095322
0.32762312633833,9.469299044086402
0.405771286070538,18.493048015095052
0.319727891156463,12.634760992360976
0.415293696275072,22.047288183152318
0.329439252336449,11.400483525145304
0.34270462633452,18.51791836210732
0.331669044222539,15.401182206240161
0.337779379956741,25.272377508485622
0.337030411449016,15.846603607943672
0.33345259391771,14.588133076322274
0.332677165354331,22.886097901740516
0.339158345221113,15.784581830238361
0.337793851717902,20.28552584748861
0.310294117647059,12.681766512803566
0.345659163987138,19.44870113838746
0.3984375,13.60546643965001
0.421875,26.617441319534816
0.39554367201426,12.96708543295973
0.418462643678161,16.717918359548403
0.327913774205334,22.406531105273153
0.343604442852024,21.373176492131474
0.401287553648069,11.943420717865544
0.350485786254048,24.298700738873105
0.35253209700428,25.725149628384305
0.34093338083363,21.61636267568696
0.328550932568149,17.421679769062955
0.311586452762923,10.85805519806671
0.398111863199145,12.161756924602365
0.336123975774849,17.91914778689379
0.403116045845272,22.362165850538336
0.284780239738467,21.791695367886483
0.290782735918069,18.55551183921666
0.335285505124451,26.293403391911536
0.400216528329123,24.053263090957355
0.426229508196721,18.882239500777462
0.32309889325241,16.692817278170075
0.345330380214101,19.703004847797963
0.175826149425287,11.04399178983999
0.317712045616536,10.336774151523425
0.183783783783784,12.086821228883531
0.344141884629165,17.445488987814855
0.268266475644699,20.521231249410864
0.39167862266858,11.430232715058498
0.414625360230548,21.247038691000892
0.326950608446671,19.515869622572723
0.418812589413448,18.22046668998128
0.174346879535559,14.310969078710464
0.401214719542694,11.423179677338226
0.406367041198502,17.933817348035753
0.412410071942446,21.06641079021361
0.365118021730985,9.741986975700913
0.335376848178868,31.58305114298039
0.172979797979798,10.516496540364153
0.26036036036036,12.236987179851527
0.333333333333333,13.977957048394273
0.349005424954792,23.13580001052003
0.289416058394161,8.77182656276767
0.256044749188019,23.809522822204354
0.344920749279539,28.648909724877914
0.243770314192849,12.175507060877239
0.330328164442842,25.64737706489089
0.22819399203764,19.529622925193735
0.376538740043447,24.773131249284496
0.252183406113537,9.28327297788018
0.248646697942981,23.19555941107599
0.271958243340533,9.312231017050797
0.260204081632653,30.879023427216385
0.254884225759768,16.00167379056767
0.251357220412595,21.03575783920493
0.263758146270818,28.43883043103534
0.245674116798846,20.13130133592823
0.251003283473185,25.816995003598276
0.363873370577281,13.46879594096686
0.250361794500724,24.680250493136956
0.324290334171757,13.406435780912782
0.348892117689793,31.240908122353936
0.328170028818444,15.239613546572324
0.365349764407394,23.107354392003025
0.34349593495935,22.942822874297754
0.258526850507983,26.73500621597789
0.329418142392483,11.986622193508373
0.260909090909091,28.822578365081483
0.262806637806638,30.292382450540124
0.243238369996394,26.70766977639577
0.257696486780152,24.487880388346156
0.240440115440115,15.073741944814016
0.325405405405405,14.129802631510548
0.253871083903493,25.068454857003186
0.346613545816733,29.088179638575124
0.295621780721118,24.386114349200167
0.293791574279379,22.344306099168296
0.260644205849685,31.57785077860192
0.359751643535427,27.37644463414585
0.350684438040346,24.219471199790778
0.248736462093863,20.629515236152685
0.258562918838421,25.882918512092534
0.278142076502732,19.05273087983395
0.167925206760158,14.99003512826557
0.282219788243885,17.96288018617908
0.260507246376812,23.28068704587535
0.24646611090975,23.432969947777906
0.321895424836601,15.507497137348329
0.346615720524017,28.719758493317293
0.254252623959464,23.58635879979202
0.360477741585233,22.085018803218688
0.291620727673649,19.141618860406858
0.327910339840926,17.569523389330406
0.367184539598333,22.00215604150598
0.354492542742816,23.370588208738916
0.324252743094968,12.409769591040783
0.262946754194019,38.55696001178217
0.285009140767824,11.735576780010824
0.28287795992714,17.347561742554497
0.276430123099203,20.78403735921088
0.408960573476703,24.5112305235859
0.254429482636428,5.757788476319639
0.205716302046577,11.535796894785662
0.301309271054494,19.648833036830847
0.237093352192362,11.982633651672515
0.33321479374111,16.499137612900462
0.247869318181818,10.16458530938049
0.322983583154889,21.739369228117983
0.326025459688826,8.285837096757216
0.334512022630834,23.400691697780204
0.336253128351806,13.602231261426727
0.342674707343029,10.739047340661813
0.319843805466809,10.501367794579965
0.318133427963094,14.480353375857518
0.329858657243816,12.701236763919281
0.336497134670487,11.819947252960244
0.275673707210488,17.567994807485913
0.280851063829787,5.382874057624197
0.18564880112835,25.473591611341885
0.185988620199147,11.46481462925506
0.182492057889163,22.630249590549507
0.225169099323603,10.003452920955414
0.442126269956459,15.081197171207679
0.311320754716981,8.57106620470275
0.187610619469027,20.68580625505174
0.34941050375134,13.17533813152751
0.351753453772582,14.237373877846487
0.330913597733711,9.049885341114873
0.322838847385272,8.024090126691407
0.311217268223638,15.50689308531981
0.185204802259887,20.410227486008214
0.117055084745763,8.913413762561554
0.200496806245564,14.372401621938717
0.389830508474576,11.41534530113816
0.386371873867343,12.805533021479276
0.317422867513612,14.214169348696617
0.271750805585392,13.034958488621886
0.229056203605514,7.872538709244701
0.326786978060863,6.8276048964669425
0.253477306002928,9.144742228379533
0.40939957112223,16.521432101073373
0.321946902654867,25.540066144203575
0.401612903225806,12.424211815178431
0.336118023462496,11.406562484856234
0.344017094017094,6.921125122778517
0.236683238636364,14.119190684949434
0.206669044222539,17.582640052787983
0.318133427963094,8.239566175958384
0.227224388514711,7.071493323111884
0.41101083032491,23.304164405567587
0.181126062322946,25.732080794906135
0.256324404761905,13.377358512168863
0.229070181688636,16.006411420295596
0.230326651818857,19.03236193613633
0.339055793991416,19.382141773381584
0.401509705248023,21.48686935788624
0.389385275196569,25.94601783310751
0.35439658241367,14.683814930465799
0.323792486583184,24.839614847639346
0.412236889047449,29.058070510906806
0.324633535931355,11.093740756822289
0.390636168691923,24.51145491925975
0.310283052669294,17.496399514219895
0.402797704447633,26.605756016978702
0.328288288288288,8.113462484979088
0.33018194791295,23.54450670104427
0.32529474812433,9.632005172895335
0.326534296028881,30.64354389580989
0.326234788833214,18.565126579911865
0.33183776022972,20.709643509226385
0.321812320916905,28.299002527114684
0.329403358342265,20.824568420810884
0.328628302569671,25.411655608560952
0.284053156146179,13.994195249414872
0.333273703041145,25.468879634381043
0.394230769230769,9.918797104383664
0.412738395106153,32.044002962017224
0.384189864382584,13.555133479455503
0.412167026637869,22.061151918698123
0.328696925329429,25.614931486855784
0.338066139468009,27.151238665610233
0.395773638968481,10.814298393743156
0.335372436128104,29.07827278630278
0.33547466095646,31.137979554513336
0.332857652515162,27.12335690658316
0.32262118491921,23.932922799640227
0.302749018207783,14.008000208454217
0.39154477345701,13.338847685991619
0.328163992869875,24.447481939242735
0.402404018658055,28.070184281455862
0.280794460641399,25.35610945001831
0.287097953216374,23.164940120638125
0.330589096231248,32.08464947576315
0.394793926247288,28.660930495332096
0.411186561829878,24.623538160320553
0.326001430615165,21.476980754811645
0.334689349112426,25.814170633880256
0.206654676258993,15.848694970708735
0.313280971081757,8.926361456153828
0.195369030390738,16.77504900995449
0.334829443447038,23.6591472679025
0.276980996773037,24.674559529547032
0.371675053918045,14.647960552383678
0.403068592057762,27.320880309474305
0.321903052064632,24.02934109753108
0.407739161590828,22.998624034044756
0.143142961076755,15.972936991383923
0.390977443609023,11.333344065342045
0.396123447497177,22.75490629106202
0.407847372210223,24.65012534968152
0.377585558480632,11.173005649792717
0.32990990990991,38.18949569761233
0.169011544011544,11.035981043649857
0.26647461289161,11.839877255384886
0.31718693936132,20.81053343872604
0.301128349788434,10.071164069270866
0.204987619384506,20.44482807117169
0.332272887946271,12.464554564529985
0.233333333333333,15.923643658188164
0.341909155429382,9.031995757689536
0.217368045649073,22.069461021913618
0.22165312610385,9.089943869921779
0.253886925795053,24.249619113573218
0.2419757489301,12.508081165223805
0.232731137088204,11.399951958703914
0.236786094359702,9.381164589412204
0.224150141643059,13.512557582112645
0.232603320381491,11.346288467761218
0.230286738351254,10.542183777956078
0.395476103611821,17.44330617252683
0.161650141643059,8.337978050075375
0.311091549295775,25.517694503919593
0.276629853936587,12.09060199708889
0.312787001059696,21.78948338920133
0.326156583629893,9.961930985516137
0.364820846905538,15.164220644304246
0.227418207681366,8.249632989435531
0.316041076487252,20.189099081919796
0.25972172672137,12.397746129058312
0.263633144475921,13.370681402753089
0.223753976670201,8.485809276782474
0.2272565742715,7.5365771167134366
0.207773851590106,15.219823186570741
0.31095406360424,19.511462274460445
0.150494001411433,10.615157629174764
0.307487579843861,12.109047827862033
0.296356421356421,9.26420471152795
0.288844621513944,12.215939290743398
0.20221254987305,12.295761010904364
0.373032904148784,11.033118674528588
0.321680790960452,8.85548618217652
0.223753976670201,8.08120654155702
0.211517367458867,11.206658275163498
0.329525169582292,16.248566545942328
0.226598375132462,25.536899817224064
0.322898032200358,12.525736016008807
0.243785511363636,13.08624437048853
0.252487562189055,7.64613556386714
0.338428723782439,13.277306426699282
0.317273376159886,17.252240341943665
0.226304579339723,9.555622348935433
0.34420418291386,7.057134499443216
0.33044733044733,24.52561224414425
0.31411390166254,25.298577975803887
0.350316102640387,12.982122674460738
0.327156094084106,16.504173234836706
0.31728624535316,19.696811963457094
0.237857142857143,18.232443534360467
0.325985663082437,21.54259059483628
0.297466095645967,26.292923790626197
0.268534941468606,14.124607737525483
0.298731053930208,23.719471061654982
0.231080605420627,11.5914505590325
0.341472045293701,17.51622875726999
0.215142957995058,11.06016240820764
0.332089552238806,25.95330772659036
0.310587407667956,10.38713940027493
0.32112676056338,28.791417677194655
0.316660733357067,10.543974071848586
0.291563713378044,15.40977518073265
0.288291475061903,12.651473529950847
0.307882644043832,10.584458044601465
0.281667839549613,14.24936343850188
0.291636883488206,9.353471787943253
0.281023222060958,20.154436515128463
0.272149664666431,12.134261064587703
0.223508771929825,30.839706882439334
0.201946902654867,11.168592419083566
0.222847100175747,25.364593829602303
0.194828196953595,11.190367803344639
0.447833935018051,15.87083397942679
0.285967399007796,10.526503300382185
0.22310405643739,25.73453053453763
0.314946619217082,8.988835780885235
0.319703912583715,9.207116477168011
0.274295774647887,6.980442845473676
0.313052706048815,12.231659807111201
0.337205209433298,18.93666116758435
0.222652128033767,25.42498214614354
0.309247538677918,14.39137998539746
0.165783898305085,9.794618323239096
0.382543103448276,13.164937997260193
0.378158844765343,12.880407220479
0.260390314419949,7.612336093717586
0.253648985404058,11.186206859224814
0.206223628691983,11.208579881502393
0.307299012693935,11.884071382332053
0.321493624772313,14.19380512929885
0.404770380918476,20.02178246790939
0.346845259076489,29.224747407152822
0.402569593147752,17.068629439612337
0.296145685997171,15.424774402439219
0.323706591070163,10.299270165066085
0.224619738238415,18.0648195973657
0.178026269080582,15.407603300139217
0.307746727980191,11.391570496479584
0.191928093056045,9.329287629776536
0.409777138749101,27.304408500273503
0.223749119097956,29.734119838213754
0.244082840236686,15.971934360540168
0.182494684620836,15.69744766569013
0.231152993348115,22.885508585162352
0.322724039829303,14.146439971904186
0.402072909220872,24.99222451322831
0.38202846975089,29.513130332280912
0.33929836995039,16.6627346855352
0.338686904341687,19.396419078461733
0.23954642097803,15.945465261678175
0.324477506199079,21.78986122479036
0.21116246000711,8.079006338321802
0.199364855328158,18.992477103297738
0.243376898622395,12.532354094377887
0.22876516773733,25.624050418702478
0.207891012031139,15.144120855891636
0.204537398085785,15.903244793884872
0.221572794899044,24.290410634368424
0.202259089304624,16.488311942931762
0.204301075268817,21.644274694795193
0.389435336976321,12.448361148721064
0.202793493635078,19.88834978789564
0.317158931082982,12.819098748796218
0.315190323728211,27.237527899424478
0.320521861777151,14.238998291891285
0.323205401563611,18.290241892092503
0.364112757499096,23.255933458198395
0.190205819730305,22.894680389009103
0.322780332507959,13.366850613241915
0.229508196721312,23.869467275256444
0.233121244255921,25.895786548136158
0.204232804232804,22.591130539403572
0.216589861751152,19.5695709787133
0.239252995066949,12.58069336165043
0.317283950617284,14.061616650239502
0.204193093727977,20.26066970899598
0.297910024796316,23.2785405040036
0.304105149441844,22.85106336496215
0.296269467584209,20.325216045869148
0.169021739130435,27.406192088369263
0.354233654876742,25.118492705215306
0.298412698412698,20.192453787374887
0.226614895870102,16.992136825337436
0.228419897585955,19.813945860888644
0.329889561809761,13.713650226990731
0.232767762460233,12.984564413764499
0.319921316165951,13.317563508943191
0.207049238398866,18.8839378712409
0.223109691160809,19.969960395414095
0.333214920071048,12.738217804198653
0.296613190730838,21.165892583456237
0.214943342776204,19.33154162414342
0.322477876106195,19.044659497582575
0.328648648648649,12.957401800315587
0.318663838812301,13.835630584271934
0.355790645879733,20.4294119307412
0.322890708437166,20.50714407500295
0.335003711952487,11.562633947739524
0.231481481481482,32.79929696341445
0.316797994269341,11.402136409811387
0.277460770328103,10.901897871495185
0.250621669626998,18.04740820283867
0.255315379163714,14.606594593618059
0.251504424778761,14.515277691313917
0.328291814946619,22.059960967705916
0.325044091710758,11.070301107155947
0.343562610229277,24.983214829920563
0.35222816399287,10.647531883900747
0.370534135125575,14.935903996107918
0.365343727852587,12.679449357995065
0.351203113941967,11.98739684776536
0.369274136715997,15.542273634872728
0.35750089509488,9.875419349586544
0.277838427947598,17.51156087652458
0.32956152758133,10.872607268405602
0.220112517580872,27.17708667189402
0.228515625,14.527945345190982
0.220324057766819,23.48903087641753
0.236786094359702,8.452664500570528
0.455877034358047,20.23065519216469
0.357015985790408,13.224518177565692
0.221829742140586,23.75544957608229
0.344907407407407,10.514490624797457
0.347457627118644,12.154190332303898
0.357319223985891,10.816109525653324
0.346385542168675,10.49089618170934
0.294957686882934,17.694640086940776
0.219640971488912,23.38260140605835
0.341557983785689,10.877467784666171
0.248317392844492,11.726576288210689
0.389369369369369,15.996049987995539
0.395289855072464,15.13235267124341
0.346905537459283,13.532000255841266
0.296289689618266,14.88286095352663
0.220246478873239,11.075910186446587
0.362464689265537,10.552898345395002
0.339292229113462,11.860313877167886
0.414855717848237,16.317157841363255
0.245765702187721,24.303457907064693
0.389703253485878,14.171249424815985
0.353827072997874,13.329531764214467
0.367328840014189,11.668925928207456
0.177396533427662,15.917081500387148
0.228840682788051,10.277884157812595
0.342133238837704,11.489124527237395
0.243104667609618,11.524620601072991
0.395930860640979,22.384832211198137
0.217590957258919,24.793314538014076
0.257867456497593,18.863626277015868
0.249466571834993,13.502210535336381
0.251204149685069,19.500814345189493
0.335294117647059,16.27922091005263
0.388968481375358,22.638817529803664
0.376248216833096,23.213017638600874
0.358283079106066,17.13987960581374
0.355263157894737,17.24308145926194
0.227678571428571,15.592212687039106
0.224168435951875,15.96912525128853
0.254429482636428,21.17205126940537
0.25411596277738,21.18387940289857
0.278152753108348,13.125449989316174
0.275524724297403,13.203626542668694
0.261016346837242,15.398762106711239
0.269462137296532,12.683297217153463
0.251077586206897,14.076875127037086
0.385756133284511,10.475437564018856
0.235440340909091,17.987048179007946
0.314134275618375,21.55113558116749
0.333095323098893,23.302236415624026
0.315286624203822,13.540680006020535
0.346002855103497,13.667316568337874
0.370733478576616,18.077512628652684
0.264255167498218,18.29535970390615
0.317584369449378,15.787363590707722
0.253040057224607,20.00679961855006
0.255760368663594,18.78263248729521
0.24442082890542,16.25370752981709
0.247597009611962,14.823917544715291
0.185198300283286,11.667221398947332
0.313628318584071,15.712150215440218
0.232566371681416,16.7706684438849
0.350961538461538,18.781459458288193
0.306469100108421,17.71865011246144
0.308460421205519,11.075412013351729
0.259097525473071,18.87396950967419
0.387872264083244,16.060901100018487
0.321466524973433,15.913995868573796
0.26391350584899,15.076527712813107
0.254765395894428,20.169545616555386
0.326421165534501,12.979456453241186
0.141846480367881,17.172172644293568
0.297166427546628,11.939913824482975
0.264957264957265,14.600464125227811
0.279579472558803,17.82837878982318
0.285663338088445,12.343213363965651
0.342340730136006,18.658248181919845
0.24644128113879,17.90531894990073
0.353996447602131,14.350372648676165
0.312138728323699,20.311905641792325
0.313475177304965,18.84915475598563
0.370757180156658,14.576025405619484
0.353697749196141,15.094528504514217
0.357888847444983,11.778907434690488
0.223575779290577,25.77035984266032
0.313218390804598,13.875732072827795
0.290830945558739,19.684688617700598
0.263186029935852,11.257851995996829
0.347212294496069,22.554631645938027
0.304670912951168,11.658462638141309
0.248937677053824,25.35754336291832
0.291815582558971,14.0884455477105
0.320298613579808,10.476494257814567
0.326766063187788,10.86673369763863
0.290511727078891,15.133020623417877
0.318117480537863,10.763582816611512
0.285457809694794,13.238516103015131
0.293720335889011,16.743176046862544
0.336767317939609,11.277486733448125
0.256880733944954,27.97624798634355
0.218995010691376,13.393647201978386
0.26025459688826,21.897370876169383
0.209090909090909,13.490832123146845
0.428649237472767,15.93926834885539
0.317955112219451,11.654649731664763
0.259397163120567,22.12549275285646
0.270825884876654,13.553694361827809
0.277383906416165,11.307307305326262
0.299220963172805,10.022210033944628
0.333036667853329,12.385536049439132
0.350513637973787,16.254685662481048
0.257345132743363,20.993583615176313
0.349009900990099,15.195639565695595
0.23097439544808,14.769632351910515
0.371562952243126,12.348026489969202
0.379636363636364,11.88504232662568
0.310889292196007,11.977834177484969
0.253040057224607,10.52958088404617
0.203218960028299,12.473213388749986
0.315509915014164,11.685621080394835
0.331073653352877,14.61998644347946
0.414669051878354,18.88052258640043
0.355827134254339,28.478727997510905
0.415859346968066,15.276623812339903
0.302701741912549,14.946987747728882
0.354470965443534,9.565314494676763
0.247241011035956,14.884961983970504
0.21344297461566,17.43296670321529
0.32864768683274,11.98654292976639
0.124645892351275,8.935061573924852
0.421005061460593,26.066727527468494
0.252926569705569,28.386084108396435
0.197951582867784,13.016779844799641
0.213801711840228,15.415440271067085
0.237829803047194,21.292572377882067
0.322540250447227,19.085427093138797
0.410919540229885,21.992430815140604
0.31824686940966,28.507954206405724
0.275898896404414,15.399866369476541
0.23373622467117,21.291609495942495
0.253914590747331,10.698279026904501
0.258707360861759,27.90787508131703
0.266059957173448,15.061797542738677
0.260278870218091,17.43234718686259
0.256071428571429,25.838043926853196
0.262540021344717,16.95303768084756
0.252528901734104,23.108478997263887
0.402461425422483,10.605379896014503
0.212758374910905,22.487946220929725
0.348952786652467,12.327732504698597
0.325385442811043,29.497907305377616
0.343894624421502,11.52473552049349
0.340021497671086,20.26728275712507
0.357716161984677,23.59044020429197
0.244897959183674,24.616842375851775
0.35176596503746,10.989471848065
0.253230437903805,26.104333423955566
0.25543284645529,27.431324857206864
0.24465811965812,24.297752358796007
0.220892857142857,21.786722850705964
0.223960184856026,11.890595983534235
0.348630380647456,12.061324543408011
0.223150782361309,22.667249380840268
0.349016100178891,25.562142992292348
0.308850199492202,23.3389307556307
0.305585980284775,20.229752463615068
0.227603787327021,28.716088193898567
0.383423423423423,25.355100951268216
0.330722677109292,22.77113818607612
0.236907730673317,19.170696367663282
0.255604557148107,23.323744354450938
0.339748201438849,14.89178820984691
0.23995734091717,12.72764627842988
0.329426613775694,14.685118479565032
0.263223731236598,21.159762628767343
0.263873970640888,21.743529602187074
0.343951324266285,12.664319115674779
0.322250179726815,24.409455308076154
0.219229397074563,21.673487049982413
0.345178571428571,20.427496062500424
0.338774029742474,15.240079002939051
0.350267379679144,14.110654828655735
0.364232209737828,20.364115941553603
0.351632579834948,21.47393578070509
0.357463524130191,11.952327272252013
0.255847427132062,35.35518231985784
0.337964633706243,8.371811824562613
0.286381602587136,12.61135613074908
0.24588403722262,18.349222509864752
0.209654686398872,22.765925306920085
0.178457163170992,12.348778558688764
0.212796041003888,11.858705044608513
0.223912274495932,10.122016733044841
0.201661364439731,13.854701073209448
0.216402116402116,12.666285220896373
0.217554522702896,10.375750484104627
0.389333818711321,17.17847307243224
0.217966819625838,8.215525604829224
0.315752461322082,24.803041362346107
0.327353463587922,10.654875424876563
0.312191684284708,22.34142792935524
0.30315938942137,8.672791262888818
0.363570654138056,15.141744670927855
0.209145693016661,8.00014149016335
0.31966053748232,20.656109638683432
0.188766441521507,11.073946257573553
0.192484121383204,14.184240838171934
0.211212976022567,8.362791497007398
0.230237504431053,8.793609353737377
0.23440253789214,14.381888018217309
0.315362931642001,21.153985627126975
0.232582688247713,9.798337892582536
0.307610619469027,12.37524993523034
0.300215594681998,11.125108448220645
0.294830079537238,13.340578513998803
0.195007235890014,14.073505475910407
0.351818830242511,13.733704571092993
0.124691792884819,6.5768672367367955
0.219851904090268,6.9915055684423875
0.240416210295728,10.700442439100733
0.342826628693485,15.092249257646955
0.226375176304654,24.312960031883183
0.328867452661665,12.146309834631207
0.185951875442321,13.00454735121094
0.247608926673751,6.835010265762317
0.336586231369766,13.773081073771259
0.278767367296046,16.750922901719413
0.229380530973451,5.957767752629267
0.306605439773932,6.514216134987863
0.336334173568599,23.112973894196287
0.321743734557007,24.570124779529422
0.345640074211503,13.359518840395046
0.305792466240227,15.472504841564554
0.329503335804299,18.035762076993837
0.133274021352313,19.42400860353094
0.330829756795422,20.951951158272127
0.274946543121882,24.4562506357552
0.228642325416519,14.851020191084249
0.190747330960854,30.239137171150176
0.234607218683652,17.65860689042973
0.230347025495751,21.217182652506082
0.189844302901628,30.146177934585737
0.227529080014099,20.87263287083742
0.200178890876565,26.795784919777628
0.386603567528213,14.867155633031182
0.235252560932533,24.42135945012031
0.348399577910658,11.956739847675731
0.336651261997867,30.508395717373183
0.350617283950617,16.161831728339987
0.319602272727273,22.612135489736108
0.340917298663778,24.837666215986346
0.231451899183529,26.379485115737584
0.351963211885391,13.520627826414014
0.144176136363636,28.20936394877028
0.14827221438646,31.036526951986833
0.213605921748326,27.08947761168779
0.232446808510638,24.527209120371214
0.25194209039548,16.46101046009854
0.348677248677249,15.589722395082633
0.241288278775079,24.311487550335222
0.331325301204819,28.39190071906922
0.288031723143475,25.723438727362886
0.289254703328509,24.1383748995684
0.212115732368897,32.576345851742225
0.361478043555873,29.50202468183136
0.308709449929478,24.003585003954683
0.232874293785311,20.50502842589964
0.2436177972283,24.682093269467284
0.329003558718861,19.047065270419616
0.259774568510039,14.857827978474594
0.332975679542203,18.246877471328936
0.222929936305732,23.914403558659878
0.259489180560482,22.885311186415468
0.347872340425532,15.241609480468808
0.309158945117605,27.095096996496217
0.228141592920354,22.348456649713043
0.189246551114255,22.560085711261017
0.331112711559237,17.12359766640877
0.344632768361582,16.532646021305712
0.304234769687964,23.90092313759144
0.311367673179396,24.4596024886905
0.328258447827701,14.968287806215049
0.218003565062389,38.43439945263258
0.326172574292875,14.3573780644993
0.209269162210339,15.02905963634272
0.150177304964539,23.07020084437931
0.222698072805139,18.618519615639276
0.235872675250358,14.675182382777125
0.103528153955809,12.428113919434722
0.222736992159658,17.50189376352181
0.194124008651766,9.764017479546734
0.389338235294118,23.702303618524347
0.235714285714286,12.331261403257203
0.352596017069701,31.760498439065096
0.327945402298851,9.840830248919652
0.349946600213599,28.508821721832792
0.300932568149211,11.563763392601482
0.357873584216295,22.286047155818064
0.23765211166786,11.363166378334533
0.357398141529664,28.049745789961335
0.202227011494253,5.968073413721199
0.201710620099786,10.112558088466695
0.192910580691129,9.54955694839336
0.217204301075269,11.903231525824623
0.251872993221548,21.71252433676692
0.351851851851852,27.665156235122023
0.239494301994302,14.20356482077144
0.324919441460795,8.378611207777618
0.291031227305737,13.449506563951221
0.282426013883814,18.151263433132716
0.196382900986482,10.418726392340604
0.352432432432432,13.882648513955646
0.281639928698752,12.810830219451226
0.201247771836007,13.253950528341102
0.243830570902394,12.70264222525311
0.324397265203311,20.718876386217612
0.252051373528362,30.805940358694567
0.328819068255688,18.56772697669278
0.219040801717967,18.63319959236387
0.238180515759312,11.731906022449696
0.349713055954089,19.980731526178374
0.308606409794743,13.656765716022377
0.216660707901323,12.057087831349959
0.296997855611151,12.969264567210935
0.334849036013096,28.559743558404307
0.35028551034975,30.240003862490283
0.333895131086142,20.505317564355767
0.277019748653501,18.781658694219352
0.335583052118485,25.934093408463653
0.157553956834532,11.215540336565399
0.326943942133816,28.24582885457186
0.258378378378378,29.643443931757822
0.205123611608742,20.949127000520118
0.0767045454545454,10.276187487891386
0.195035460992908,17.054185645615227
0.0767737380868337,9.42207679106622
0.151705565529623,14.371756206864227
0.381065304633346,10.375225781387341
0.218971631205674,12.63700364525172
0.344146685472496,21.289146096084448
0.341889483065954,18.42348523457408
0.337517680339463,16.37926867730483
0.335943060498221,12.916621616006616
0.349891225525743,13.291719558082072
0.105861456483126,14.72764477397852
0.347695035460993,15.307714913625395
0.222162740899358,16.82177895924187
0.225743626062323,16.552802367962162
0.185001768659356,13.791079073449268
0.233285917496444,13.267454529857256
0.259357344632768,11.153246732606341
0.344644750795334,15.242098509287592
0.247613997879109,15.083880771527248
0.301561945331913,18.375763006037324
0.303610108303249,13.554209212282574
0.296370235934664,10.80557674226196
0.18731884057971,17.852983854877426
0.342406876790831,14.001567803522168
0.310930314821365,12.883897999801166
0.2296388101983,10.28512019024534
0.256959706959707,16.18029383803543
0.332738307747233,15.598571868435604
0.272646850672328,21.64319510784216
0.328371592539455,11.897804491453233
0.157203690560681,13.731222438624265
0.178050515830665,11.093254567760306
0.36934852260591,10.308032307098523
0.300570816981805,19.205912757855153
0.229078014184397,12.44955219939949
0.314295849592054,8.84970643911663
0.329056740151789,21.58462832507265
0.34863523573201,22.64399867909558
0.350687988099665,12.320430399075638
0.2904031394934,13.203820155971226
0.335562987736901,13.285735858362678
0.246340592645484,25.492337638845793
0.321005385996409,14.972370530820845
0.293781272337384,22.83457251091275
0.251424501424501,12.006977334208035
0.211422490244768,15.590244174452915
0.0493630573248408,7.018375294202665
0.155790605951954,11.962361403231364
0.376737381126555,14.744392846226281
0.2209797657082,10.941797372937776
0.339632638643589,20.926434067396563
0.343928571428571,16.420889253649044
0.334218916046759,16.686929654590955
0.333095323098893,9.753636577025576
0.343625136215038,17.860101246814043
0.0750889679715302,11.487588906781141
0.343694493783304,16.46162750105999
0.216893342877595,14.559058222420761
0.218871940404399,15.69164194316318
0.186659589525832,11.313609140274691
0.239587041651833,8.661857177683054
0.257527453064116,10.302493081872804
0.339943342776204,15.430758386049751
0.224381625441696,12.786997859019456
0.29925320056899,12.819795610408443
0.321221981200289,12.610373809134433
0.309411337209302,13.066584316304525
0.181256810751907,15.705224781873248
0.342718794835007,14.728815122727818
0.319773611602405,12.038023312336296
0.226950354609929,10.303636446523
0.243580337490829,12.10437266127454
0.330708661417323,10.493112603587443
0.266477675407512,21.291324632953206
0.32902762827413,8.736097300167055
0.1694464158978,13.734913969080484
0.191595441595442,11.101773757509262
0.369340463458111,8.661238937187703
0.299463327370304,15.276130119257758
0.234886201991465,10.848310438591037
0.315985790408526,9.02817920711921
0.330802603036876,19.695734687800247
0.340014189428876,20.139099291307616
0.355572120760343,10.77515426777975
0.296607142857143,17.695466958362466
0.335132117603275,15.811139562643708
0.248837209302326,21.62019612156224
0.322314049586777,16.200915465023296
0.297563597276962,21.24073599455687
0.25650160313502,10.253425850800525
0.203677510608204,16.52146758559134
0.190527448869752,5.772158485363544
0.378244972577697,20.065844597528343
0.217653314427508,15.431481626903938
0.333921637839746,31.56505009125251
0.317047075606277,15.315957633420476
0.328556263269639,25.463139031650584
0.312076950480941,12.777621928050797
0.345540246555475,17.390961534662463
0.204197794379224,13.54863715903193
0.338125665601704,26.17763562713314
0.20264474624732,11.467849305242693
0.204674220963173,9.568994101205172
0.193913658881812,9.57613833850244
0.219139096406973,12.88207228372488
0.245399858457183,19.52524240978208
0.333156404812456,26.021916276896935
0.22208480565371,15.233338103410087
0.311166429587482,13.058485186743289
0.277075812274368,14.043808880510968
0.271392313270486,12.644353750886543
0.191497093023256,8.763453336700787
0.335186513629842,9.98276571020238
0.304386275203396,13.533760808328969
0.201592920353982,14.37553069257461
0.236533528765115,17.752371770918256
0.321543408360129,19.856723640420665
0.256201275690999,28.22410985240983
0.329150233058444,17.24294703906843
0.197443181818182,15.803688249600567
0.231494661921708,14.497994420912546
0.348096762717894,20.04125010668847
0.298464833987861,17.00009054254118
0.220326936744847,15.399199437549914
0.286044034090909,12.008207483505387
0.335618910140743,27.756496542434302
0.336582772066643,29.260573594151396
0.33891369047619,17.36843484583612
0.284362727597287,14.40320954708998
0.333333333333333,22.093286969717678
0.223571428571429,15.62909741890745
0.327102803738318,24.89247676857373
0.254733833511969,29.00965353290221
0.210423336890786,16.95366508027256
0.131785714285714,13.71674285451819
0.382417182380779,12.943743703688286
0.221102863202545,14.1814447059855
0.339254308828702,21.692880637897453
0.350035536602701,18.721971284231287
0.337914023960536,14.869519081987331
0.331500532103583,13.108895149218071
0.346264886322627,15.754469913649446
0.11317747077577,13.258378699945972
0.343164959378312,16.095169628291604
0.218827708703375,16.472926698852167
0.220028208744711,15.922958357651064
0.183051444679352,13.437585305703426
0.23830616583983,12.305763180120083
0.251675485008818,10.935401491436812
0.339971801198449,15.051577125405139
0.232652342374075,16.14574566209307
0.300673281360737,15.816031514347278
0.320064841498559,13.869383566458351
0.311099060014461,11.157277486726802
0.191458559536735,16.514465262078442
0.346291012838802,14.314004057833657
0.314834390415786,13.508283774802884
0.218595624558927,11.958300786071344
0.242971887550201,16.21986394734556
0.329415954415954,13.60949581365829
0.265878616796048,22.055478993189688
0.327376697641172,11.089718412759538
0.171742209631728,15.11723645976813
0.187699397376817,12.89523195840578
0.367328840014189,10.325656299978254
0.301067615658363,16.926170024651086
0.23549186128804,13.456013833701924
0.309094125973107,10.337552366435325
0.332132564841499,21.53357636079878
0.343220338983051,21.676500509497878
0.348888888888889,11.50622543495982
0.299040511727079,16.579156690741176
0.334938866246758,16.070365127363363
0.244480056980057,23.560741687145697
0.324034334763948,14.4786646706405
0.292722083481984,22.382553842107466
0.25,9.690247969971512
0.389258028792912,18.33081428476529
0.203012912482066,12.496276533427617
0.350767583006069,27.954238534707297
0.332732516222062,13.016276204309996
0.349481587415088,23.14451099029383
0.328952106589845,9.135259873830671
0.365172667156503,16.750043595142824
0.170381020848311,10.357623254496604
0.354144241119483,23.02071602729877
0.199819494584837,8.975172239490261
0.197457930540637,10.061458048323043
0.198174006444683,7.199860751965243
0.223877917414722,9.428322240370623
0.242928750447547,16.418762206176485
0.350679542203147,23.050268897336395
0.235693848354793,12.394464976986306
0.312589928057554,10.127623835273376
0.31172388604821,10.365685755049228
0.304954128440367,11.586278477577505
0.194933920704846,9.184895140310037
0.359081041968162,9.474059886587678
0.315695387915624,10.438509566633465
0.215359828141783,10.927020820006785
0.22537037037037,14.402975095119341
0.326291079812207,16.556462446407604
0.2584229390681,25.6506556176626
0.318000724375226,13.978934789461372
0.178750897343862,14.564492528246342
0.215005397625045,11.442325255763688
0.366942743968311,16.49318261551936
0.30951519536903,15.371807584564507
0.224757455982752,11.76862550667801
0.279712746858169,9.015721335571985
0.329192546583851,25.336208098934428
0.353015075376884,26.126674623877232
0.335716974030862,15.364023843347752
0.294733044733045,14.557981683184813
0.32957957957958,19.785152151519803
0.22854038391887,15.730850769489171
0.322984749455338,22.471942963146862
0.260759493670886,26.206078647801526
0.222562072688017,15.106479701786679
0.397407813070464,19.023827216726872
0.261223750905141,18.981098123148048
0.294149908592322,24.964013687849796
0.259521218715996,11.023619524949904
0.278265642151482,16.505556450951804
0.419090231170768,17.72105848313611
0.380183486238532,20.798446350456967
0.263109978150036,13.40240183533146
0.401654411764706,21.479075406740108
0.401932191031717,20.893119241661868
0.390932265112891,19.400382789801494
0.384699853587116,18.117940428483735
0.377138696760102,11.734296758633375
0.262880986937591,13.400138786550503
0.379090909090909,19.48372586506227
0.283005105762217,21.730576764690344
0.375418371141688,19.714504495993022
0.380097268986158,13.591736988106614
0.38662682106836,22.584350939327198
0.282216494845361,19.151553998888577
0.287377228082939,18.01156540899814
0.388990156762669,15.313402603662853
0.379706325301205,21.506452712787688
0.311924917188075,15.442966039065398
0.391684901531729,16.382489789451352
0.305309734513274,13.321451599075695
0.386937431394072,16.46356918042332
0.344139194139194,17.723709414445004
0.271595900439239,11.247699666016278
0.271512266569022,20.019479887438624
0.380665204678363,18.445625804184814
0.280372126960963,15.45595405517475
0.239041604754829,18.8690922183231
0.260624772974936,19.02002224811079
0.267645936665395,16.57892934368449
0.293438416422287,13.988123253787462
0.235238095238095,10.856432279102256
0.395250368188513,29.949530569560093
0.271148873291467,11.033931049114843
0.355670103092783,18.012249012768933
0.393628707433175,14.64279052305217
0.305467372134039,26.084787591875344
0.280926916221034,10.534090392500845
0.304809052333805,24.243666444133414
0.306020662629141,9.804080830736108
0.370471014492754,18.427926871690346
0.202952685876912,9.495044197270738
0.308797445902802,22.23524727086367
0.227807486631016,12.299202088948512
0.230442477876106,14.27450438573268
0.196498054474708,9.981233757877943
0.21101243339254,8.082845147758205
0.213224893917963,16.80296531656109
0.305054789678332,21.93119901032601
0.178609248146841,7.72502854314905
0.290305397727273,13.595883446810513
0.306998556998557,13.132560153213552
0.291047480971366,15.456506187579429
0.182197244379986,14.915051556961865
0.370748299319728,14.667475929122157
0.319194061505832,8.73839194750397
0.217137809187279,8.145891673476433
0.208775137111517,6.754437574195189
0.340592645483756,16.378657793305333
0.230374823196605,26.368059551474467
0.323592685550376,12.85554999871433
0.206321022727273,11.429689474711559
0.234069063723745,7.647625259112776
0.326156583629893,15.131493152675793
0.289614561027837,16.24897468359595
0.209294075913445,8.19637797519638
0.326002128414331,8.966229569306009
0.343073593073593,23.003941333524104
0.304286220332979,26.074741344910674
0.347712904425437,15.535343998538815
0.310271041369472,16.83850965808363
0.327938988095238,20.400663815946032
0.230357142857143,18.27406177169926
0.333871546465734,22.695363858330555
0.295746962115797,25.609356465151826
0.243690010664771,16.370638657053625
0.242129465864874,32.812195178775326
0.03788144510698,14.865561135578801
0.244342291371994,23.774830613326312
0.451676884240894,29.199426070191507
0.321289408430747,27.748908662304192
0.0089599437807449,9.872078553396737
0.368028419182948,30.836354233799618
0.371609721733005,33.77195132684907
0.341540626099191,28.89668332168299
0.351432614078528,24.365219130493358
0.27584388185654,15.291487161291233
0.0063091482649841,12.2776492484432
0.290379213483146,25.386353790991517
0.211436639604659,28.56736043813719
0.384642985288841,26.12746863078378
0.383020908435472,26.23244732064707
0.344584837545126,34.36019460977982
0.263345195729537,31.16409885053542
0.214335910049192,25.734522782777145
0.346816742877242,23.01812686663257
0.340975254730713,25.45686856403427
0.398615056818182,15.561787527897584
0.287649542575651,11.08430827329718
0.379850480598078,17.57674049470925
0.332921229247616,25.956215680004338
0.34736469755925,26.024410420794542
0.20565371024735,15.240874102799069
0.226532058094226,28.771479011659903
0.347173144876325,24.91563800015454
0.238808600634473,25.04425590164952
0.386396267049533,17.1105395304097
0.0300527240773286,8.731639991926498
0.266913123844732,23.795359799133706
0.249291282778171,29.491946068225683
0.237883832778394,15.519141283143464
0.344171997157072,39.270800173095644
0.378879771673207,14.407783865759448
0.382332029861358,12.601150826830521
0.372216330858961,22.64187137106203
0.242730496453901,30.33632462851786
0.199643493761141,13.578954811575066
0.446649672250546,19.48541017038128
0.336672629695886,8.680566035920483
0.243411680911681,28.776005802748653
0.336441893830703,10.06086881095477
0.339679715302491,13.16194900833463
0.319879089615932,9.480343985418235
0.319285714285714,12.623903615170473
0.329719161038038,22.11098506006256
0.241489361702128,28.887380967928525
0.290528556225612,12.814779365297474
0.211819152723389,13.179886639174713
0.380174291938998,13.345552896484167
0.378782355085673,18.003067257253328
0.307944606413994,12.380811659748735
0.274883219547251,14.721114812841444
0.223623445825933,10.62295302163147
0.330427046263345,12.671066211874713
0.32223040117777,12.149604381451812
0.425440172475746,22.643152514692208
0.325978647686833,32.83640136561967
0.408600215905002,19.631800550009764
0.333035714285714,17.916615041222098
0.356223175965665,9.92857144580186
0.225276686897537,21.394958910196763
0.215795128939828,19.20107784414936
0.314306100606493,10.104044826927986
0.227773826458037,11.851850157481245
0.421023965141612,30.125852888823616
0.237113402061856,32.70098323560121
0.256247668780306,19.095725345269436
0.212522361359571,19.663444000278467
0.23562359970127,26.862364119531183
0.345614665708124,14.208872121495686
0.416486291486291,29.280733210992516
0.381919482386772,32.408051929096764
0.341973543081873,21.500677700583722
0.24228996809642,20.868044100390712
0.449945789663896,23.656662362841924
0.315294535131299,24.89475107128701
0.0391258371519211,10.1901980277798
0.362455516014235,27.132552840576228
0.366443189837685,26.951684627925104
0.335626102292769,24.120045543982798
0.345444877702942,21.536164039191267
0.270965468639887,12.309728427760568
0.0363285363285363,9.657953424843708
0.286870820133756,24.08414319324065
0.204312477907388,25.281244267946914
0.38566798703637,23.263065952522954
0.382182869533791,18.74432187750767
0.344733984799131,27.810624546361314
0.264245014245014,24.564747321574437
0.211091549295775,23.138663173807583
0.345977417078335,20.804750293362375
0.337285662167092,25.47152781268496
0.396011396011396,14.31431279640495
0.291990119971771,14.173183369350525
0.374687611567297,14.73041601120951
0.329613885936947,21.37011133123391
0.34509039347749,23.52193881209606
0.21600566572238,12.151337072957315
0.221471738357625,23.918074656130468
0.341182719546742,23.435654570773114
0.241336633663366,20.767051824357758
0.382649388048956,18.557462038226028
0.0533826638477801,14.595210191603147
0.268134715025907,17.859203519070913
0.248136315228967,23.353109353676775
0.236229205175601,12.43397312226317
0.343905915894512,34.75372359313428
0.377730039384175,9.77950871561773
0.380833630210189,16.94210521608242
0.368262411347518,16.130876198384414
0.448037790697674,18.23403780647791
0.320879513764748,11.037817854062117
0.243151903237282,19.77400624041058
0.324363114459993,11.227261127376535
0.326280227596017,14.434384113351447
0.296019900497512,9.143465241652782
0.307884409561184,9.351439618260754
0.335995740149095,13.593449550613405
0.242639233770841,20.35656019489955
0.33031914893617,10.623450346168823
0.210320284697509,9.900323490923437
0.400833937635968,11.560971279151543
0.39672131147541,12.970211114565622
0.303864382063434,14.107753501726014
0.261563284331301,13.936376481876087
0.197237960339943,9.513507318108552
0.319409882687522,8.244969911270102
0.308455882352941,10.721752352044748
0.420495333811917,13.037351956038119
0.343283582089552,21.840934352213406
0.416636658264314,11.787809335842063
0.309243397573162,14.425184903466153
0.350178571428571,10.236874074076953
0.226542989653942,11.627347796962688
0.214924838940587,14.266069342056317
0.302927525883613,9.125335262555758
0.208926031294452,9.488825721194745
0.419051068453459,21.566934701875613
0.236140724946695,22.179216756955945
0.230540037243948,14.924158049337068
0.20811003929975,16.048798823948204
0.229780096906448,17.20186854730504
0.283614198637504,18.209784486697387
0.416906993511175,20.32785138096667
0.374102011494253,22.514971984058747
0.320178571428571,15.031407429487537
0.358909090909091,15.756927967335221
0.455237404856832,22.81438687129984
0.352554744525547,19.636593740712605
0.353548153511948,19.022005126877936
0.345070422535211,15.542539037847856
0.358466569767442,18.45608663167542
0.375,18.09652455544156
0.452475605348753,23.480392514808532
0.361913357400722,19.331180744719287
0.436502177068215,22.01350723480433
0.270902394106814,16.568028151305953
0.270340236686391,12.338266645538491
0.35650723025584,18.227056599366318
0.368690563277249,15.457356971138859
0.451356238698011,15.185676603835534
0.327361563517915,14.908283476384243
0.366281238343902,21.77367200942456
0.2909057706355,23.3389100573772
0.369125090383225,27.829325816501527
0.333455344070278,19.621799409819612
0.356261343012704,18.12173115467677
0.344101633393829,14.734095493212417
0.454181818181818,19.279049366020548
0.433917488134356,25.649972165101232
0.357997823721436,16.153900720868297
0.428882438316401,11.94512099870314
0.32780847145488,28.813098141587858
0.448406951484432,30.111853390025715
0.401751713632902,15.647334445437416
0.430181818181818,15.667620076970836
0.421042617960426,19.70356070141056
0.37472607742878,27.085616455772637
0.32845111680703,21.43526078735175
0.334124087591241,30.434820007352837
0.330850290697674,15.560879475030934
0.325204699181203,23.394965866245528
0.20816911501254,11.51640543737874
0.211750088746894,13.807865274810696
0.181107954545455,7.623422975063976
0.226559714795009,8.754293137224378
0.247424511545293,16.77248634641371
0.321022727272727,23.21428630477487
0.215602836879433,10.050294802695438
0.291295041027471,12.42657825383883
0.312160694896851,10.473518826343257
0.296687295231161,14.184570151753798
0.169096209912536,12.135660051957798
0.344176851186197,12.669765243845259
0.306136927988648,8.257046298963456
0.213423295454545,9.729391683128261
0.237228959941198,10.937374083162783
0.337513436044429,17.609744789276746
0.258976182012087,27.855774836569207
0.329259525521208,14.548726562957356
0.149625935162095,14.925159451571771
0.191580449518373,8.235126286808987
0.361557699178278,16.48808819957707
0.283715925394548,18.54957349708742
0.224500713266762,8.102053666772166
0.316061253561254,8.201090161011429
0.337617668356264,26.015470633461277
0.323613086770982,27.41740281680545
0.351270553064275,13.833649611459052
0.305187835420394,18.303529467170932
0.33289817232376,22.290120389705066
0.242728904847397,17.487612652054636
0.330813534917207,23.511377238051654
0.30225887414844,27.928939946023345
0.246964285714286,15.548938925647123
0.371698786581014,27.06034125003403
0.375221238938053,28.41253652658381
0.344656758669498,24.02936225446871
0.353892641308212,20.08397901846673
0.27689313517339,9.9929563301201
0.008453680873547,6.09254729401635
0.294844632768362,22.095610788490045
0.212739531582683,24.716094018716227
0.387445887445887,20.2724961905228
0.385828198622689,19.037342517242013
0.348314606741573,28.58093381349158
0.263581129378127,24.33967542184471
0.215572033898305,21.401964075321693
0.351255748142908,18.868238875480944
0.343944383461398,23.431937781239995
0.399571122230164,13.315405440102037
0.291504424778761,12.04741485854645
0.38202649480845,14.272215085334913
0.337122557726465,21.76131085640245
0.352313167259786,21.782715315329913
0.206541059367224,10.662522479486643
0.228505173028898,26.44384697944711
0.349733570159858,21.655819029851923
0.23929203539823,19.628840645856105
0.388046226074395,19.745675903088248
0.0309515387336399,12.134653714058718
0.266282098995162,17.44102246931734
0.250889679715303,24.281921668165342
0.23821017452655,11.662422416507617
0.347212294496069,34.78916418276442
0.381234302116972,11.017277248121484
0.384368308351178,16.889727338280824
0.375666074600355,16.449435845651788
0.0090489709013484,8.840839128266792
0.187833511205976,9.077099596422636
0.229889166964605,12.70328536408029
0.257127583749109,20.741561766472376
0.368149466192171,27.17443894111142
0.254357879758093,14.626596800757865
0.328085867620751,9.003789147241585
0.288804071246819,13.723440956049934
0.291377420533431,16.4850222596138
0.191493245710113,10.506423410592587
0.357374684457267,13.478664020205857
0.292274830900676,12.046506704261532
0.220619658119658,12.005717171341976
0.246688741721854,13.472736679238578
0.33902263744161,20.83134765282957
0.250355871886121,29.68723151428846
0.336764174792344,17.9526894244664
0.195605573419078,17.61265518722694
0.248388252148997,10.268845528677684
0.353435934144596,19.433071193131866
0.301330456670262,13.572657796409576
0.228035714285714,10.967935547071288
0.26490539093181,11.634300820362663
0.341808935706502,27.563552458319975
0.36537089871612,29.96153679060855
0.319954988747187,20.008418151042687
0.309694793536804,15.829333415891629
0.330898876404494,24.468612047048875
0.204962243797195,13.693192468061966
0.333935670401156,26.499280899636513
0.226344086021505,28.569045977978085
0.175259577515217,20.280088517053603
0.191451783821971,9.889627170785067
0.23083747338538,14.165489238384488
0.258206847864455,21.928009822586368
0.37169078715143,27.647160694959823
0.255904124074727,16.857147257508927
0.333215297450425,13.029910804347361
0.292568542568543,15.359954845790115
0.295331161780673,14.453529827691913
0.195068890500363,6.752934375335447
0.362223016440315,9.812696433208163
0.295975997176138,14.112755167417921
0.225282485875706,14.722279103688054
0.245703839122486,17.274214836585685
0.338617741360884,22.752602907560586
0.253973860826563,31.936377466804704
0.337987826709631,19.410094643820916
0.192307692307692,16.690638832294706
0.2493778883754,13.10414898923516
0.357726465364121,21.04428862106727
0.304851944345344,14.584438442032956
0.229336644200071,15.13452701701639
0.271666077113548,12.514298006187582
0.340835433921498,29.799849998956745
0.368411743898125,32.511659151647294
0.321136701337296,19.110850921292485
0.312989323843416,13.991208791197751
0.334261321455085,25.15000780291353
0.208273894436519,13.108123960619688
0.33428775948461,26.938525193484296
0.226254002134472,31.442884671902988
0.172046825115289,19.0560516851474
0.201841359773371,9.679271948921606
0.227433004231312,16.85685500881259
0.341381741275996,23.8733473939625
0.235107507930913,11.631004647687393
0.301488833746898,10.703016101904627
0.301693083573487,10.465957453708864
0.297791455467053,12.207474868911701
0.171614771904417,8.383101004534582
0.346730975348339,9.887045943831174
0.306946403385049,8.937577595403123
0.204337094499295,9.342717430668985
0.235229759299781,11.917052888192154
0.325498575498576,17.620491384334557
0.238708539167255,27.744609205297426
0.332321428571429,14.507922522532867
0.195398230088496,13.822038536549195
0.222005669737775,8.343374491222264
0.338480653177139,16.29079315682473
0.289989312433203,16.29508701885017
0.198586572438163,8.977971374516574
0.29865534324133,7.590909165315749
0.335133189344852,25.559746668810373
0.344114528101803,27.931657800730317
0.342936802973978,13.699545053558646
0.293207681365576,16.181632956382074
0.334384272997033,21.14670858566688
0.214107588172426,15.373160889896955
0.32952108649035,23.43210878937054
0.266108935564258,27.923073647792382
0.220901348474095,15.412573647448102
0.249290780141844,14.894819159291366
0.351222104144527,19.4992930371163
0.227160056657224,7.265284438671713
0.320932716269135,12.079267444521378
0.308179515019906,11.341452278015767
0.300801165331391,13.92800524981875
0.192797380865769,13.938873972825164
0.354091888011486,13.330345215781056
0.327250177179305,8.430443029577058
0.223030518097942,9.237962455914055
0.234776228906823,10.325921655890957
0.331303724928367,13.04512948073489
0.260553387726144,23.71977594241343
0.325727632051743,10.32142405664311
0.229166666666667,11.347301711404791
0.259985734664765,10.148170053297106
0.349393290506781,13.673192336728478
0.310394265232975,15.42317499466442
0.0049610205527994,10.214087207322233
0.314656705798648,8.41577456365858
0.32760492040521,22.740834516496477
0.347602131438721,22.93837201426436
0.348919523099851,13.771201312247477
0.318913121201287,17.307579773525255
0.346311475409836,18.527497227937722
0.244982078853047,17.918301437749573
0.323804386911183,21.094843927255607
0.270609318996416,23.832660252414858
0.232442067736185,13.265533970613587
0.273095909732017,11.022150762049526
0.213103205353998,17.04252347864047
0.342599150141643,18.513675937077267
0.315988476773497,15.087619131325312
0.314801444043321,13.506860010236704
0.243937748823742,21.53021385603829
0.378793288111389,18.340817478097254
0.328218694885362,15.57413983229452
0.261122881355932,13.588618730963235
0.245345016429354,17.87776597709177
0.322166785459729,9.480679607576258
0.178596614950635,15.255750773129247
0.291220556745182,10.25131078475466
0.244511331444759,17.752748997364467
0.266855926188786,16.00042391660983
0.299219581411848,7.467815005096633
0.33048128342246,21.639138059105548
0.248053786270347,15.223949370642162
0.343064401981599,13.404270102643785
0.29960460100647,18.32779172436554
0.284098939929329,15.355354042766146
0.359792284866469,11.05370370655948
0.353077196727143,19.525016820748178
0.346923647146034,11.024131804620188
0.23762023512647,28.400903504520645
0.301825993555317,10.730247907415725
0.275757575757576,17.87418135627066
0.263204537398086,11.472589678428491
0.290492957746479,21.73436878811009
0.210339943342776,24.70989055922997
0.385832434376124,20.871180498694088
0.383267076255873,19.415667415885803
0.344733984799131,27.92810711550333
0.263814616755793,24.00293456408861
0.212398731947869,21.82996740413597
0.347212420606916,19.45396668796672
0.340817816721431,23.060144388584696
0.398504273504274,13.343063906809093
0.28863796753705,14.590066791537708
0.379199428162974,13.846812968523091
0.332742735648476,20.824662875085817
0.347217298830202,21.975216978501383
0.203893805309735,10.519846614349547
0.225399644760213,25.284060955724865
0.346848441926346,21.954264520388552
0.238515901060071,19.558906197578484
0.386249100071994,19.27527690946405
0.0292562566090941,13.101898971439368
0.266864343958488,16.740543227842938
0.250088746893859,24.324384216453723
0.237046632124352,12.936729421971888
0.343249020306377,34.31507521872605
0.379205440229062,11.58911649094099
0.380256593014968,17.744464590227274
0.371099290780142,15.566624909623998
0.306371681415929,14.963466832830575
0.308093525179856,14.776041019085746
0.297145953757225,16.476208963915767
0.218987341772152,16.612947464566876
0.372814841241527,16.560524923287723
0.328933474128828,9.393277784530895
0.232098765432099,10.365256370076516
0.154939846882975,9.52867259266583
0.32846975088968,15.226388935406725
0.224083215796897,24.550159539643484
0.310603355944306,12.200769307922533
0.237707817474354,10.148625255943816
0.249556894718185,11.183360224271317
0.345267635590216,15.804858596552693
0.307254623044097,17.281491337316243
0.223833097595474,10.281194004070818
0.330271988696574,10.540686332265663
0.325368307581746,21.86022743930376
0.287402964008469,24.1606143981369
0.360296846011132,16.29002662787676
0.331203407880724,17.99478935250112
0.336047372316802,19.630767344136004
0.244310099573257,20.120347287258127
0.320357142857143,22.620893112171476
0.300213675213675,24.034848457311938
0.261323425336164,16.221107074231245
0.364425162689805,12.747936514803465
0.360566448801743,16.490729195673005
0.286206896551724,11.686955549115323
0.235588972431078,14.514033820742855
0.20583038869258,12.997189773805351
0.306451612903226,13.146669817582614
0.335043988269795,13.439059648013929
0.405656999641962,17.730230500989798
0.352002835873804,27.155909280928373
0.404411764705882,16.81687044839153
0.310921380291711,18.90393545293129
0.326977904490378,12.761983481331269
0.240384615384615,17.298698412655913
0.196996782266714,13.981124258215393
0.317081850533808,12.702829531109488
0.216465578424414,13.062641685170695
0.416847433116414,26.44926519376946
0.211048158640227,26.625673038307674
0.242565055762082,18.825677699759613
0.206312410841655,19.724156647564694
0.194124209743399,24.037385276208234
0.340852130325815,13.776773763452233
0.409712230215827,25.640200890386417
0.395848246241947,26.804999089771545
0.34200213751336,19.212920635142048
0.0412390029325513,12.371034022142876
0.281180811808118,13.41907994248716
0.246812386156648,10.091395688746337
0.390388768898488,10.93801868585305
0.219323497661029,10.94880338215746
0.309568131049888,15.551955256002902
0.263253449527959,17.470826018646722
0.311442965095358,26.215132994299932
0.282854022570076,15.553329635967076
0.303539183820874,18.506878780265456
0.293596237337192,11.41473607923029
0.390358825661472,15.181412502967254
0.365041833393961,21.295732813564438
0.305485384337784,12.352309085517122
0.380685920577617,9.891986940127294
0.294236417033774,28.150365110182058
0.382936507936508,26.17836252178795
0.377182991647684,13.68235700281959
0.370967741935484,19.170671861786502
0.356683074592957,20.610277149224714
0.302942244823829,19.369146536862797
0.28219627873039,22.920374705761454
0.306896551724138,28.34813178409008
0.297795446331767,16.06412549001502
0.269959153360564,13.788135840947051
0.246069469835466,9.79735589913013
0.389190166305134,12.635831407025599
0.200289750090547,12.218168894582297
0.305389221556886,18.760175610008112
0.265681983953319,17.533853065114474
0.310282404055033,23.73919753343902
0.284958013873676,14.913830780317813
0.297856883399927,15.435074734005234
0.286492374727669,14.004828137201132
0.398980706224973,14.812154847596565
0.366228070175439,19.89101677201701
0.29989114658926,15.18869481467737
0.384015947807177,10.414333243777577
0.298598303209148,25.986564942903684
0.382022471910112,25.688245488069327
0.375762195121951,12.531347225136159
0.373724489795918,12.785548565173627
0.358174904942966,16.783657929638068
0.301055697124135,21.58653313972617
0.279244591125779,18.34324465768851
0.308506754289887,26.56551678863028
0.29437386569873,12.109245313185195
0.32960381511372,7.897141163228421
0.291530944625407,13.904040795635193
0.196447988401595,15.254609256617954
0.223013493253373,17.500998862052466
0.330718715797154,22.735026002897797
0.255792903692976,32.48835348972552
0.335350201686835,19.900911696151976
0.169213973799127,17.837387573006012
0.23152530032763,13.499317766277116
0.354956268221574,21.269165258296972
0.272943327239488,17.57288429754892
0.193090909090909,15.157973109937538
0.301742919389978,12.300206797299523
0.341404805914972,31.077481261735606
0.344927536231884,32.823544792289105
0.340114068441065,17.78921806436826
0.288686131386861,16.680148777623938
0.340865932396506,26.02790601702992
0.218590211833455,11.933276906833337
0.335229357798165,27.832817209586526
0.280051150895141,32.854063887242674
0.215714805383776,18.601027726243014
0.256939501779359,12.932984816808448
0.288777698355969,13.79426739151948
0.379615952732644,18.54535464541248
0.383032490974729,21.025123452443246
0.389067524115756,29.57555955753109
0.397431259044863,18.144324260968883
0.348098995695839,17.16545310880231
0.355910887531441,13.187907323130624
0.278276481149013,18.53900164717914
0.250719424460432,20.145020269024123
0.349766941556113,15.386750630572132
0.263412017167382,10.936205808908154
0.403025884068538,30.550402489573475
0.263581129378127,30.380788089969432
0.266504126031508,15.314090840019107
0.235537190082645,14.61638408495583
0.251309880239521,22.50882896485313
0.370717634331049,16.645165740987444
0.387781000725163,24.3949362552948
0.381673881673882,31.26758765659815
0.362787356321839,15.783560987821355
0.318406205923836,6.510753110825837
0.336250911743253,11.215614700297472
0.426460113960114,16.51041854284216
0.321932299012694,24.787231869447734
0.417024320457797,13.516922156514472
0.288216560509554,13.337125756752513
0.346631205673759,8.311656596086296
0.231832683445587,15.228956525159582
0.175133214920071,16.994820942337785
0.324185552407932,7.553711280048235
0.199010250972075,8.02266783619963
0.415556355779618,24.674160956714555
0.218849276385457,25.373517210793235
0.243243243243243,14.846904931985293
0.202271114265436,15.35405314563848
0.228935698447894,18.532639745858148
0.241717135732098,18.195769197722296
0.415324024346581,22.03191058776334
0.368758915834522,25.312372532171448
0.326888967719049,15.207895173589533
0.252102376599634,9.879766716224315
0.307417974322397,14.881927975101714
0.265277287177676,22.33792390118133
0.31283518055059,11.47083577183806
0.218716767103864,12.855764806191557
0.241924032658857,6.65041441397291
0.36056838365897,12.36315128746817
0.311831789023521,16.132017942649906
0.22070796460177,7.2915795720966745
0.327201980898479,7.626096944387408
0.335194524495677,21.778572278347674
0.346819787985866,23.125000391286786
0.347082868821999,14.906867418639113
0.292022792022792,14.704569099200285
0.328878990348924,16.75671535762444
0.228148412415269,20.069058858328525
0.318474758324382,19.25457101514023
0.276470588235294,22.60322504786759
0.233770840723661,14.7183681137686
0.336159233321047,16.17468362011002
0.2493615468807,26.342204073725963
0.322062084257206,13.46347960827999
0.238548919017955,14.240746163310524
0.266140865737344,10.041757289458372
0.346238532110092,15.921131514098679
0.325405604719764,15.59928475608828
0.232967032967033,8.701030314502754
0.33180987202925,12.461343865109747
0.337239583333333,21.136560482105423
0.337111517367459,25.228161970000293
0.344170834936514,18.02584974979987
0.340699815837937,20.404233237232543
0.325478927203065,22.013036709988967
0.229135893648449,19.046776953141165
0.315906562847608,23.859331644893793
0.28210332103321,24.329748433945763
0.243213499633162,19.08457067229129
0.327567760342368,14.666133181242971
0.185631976953547,6.732574380930459
0.335836909871245,16.183772549674273
0.278254649499285,17.651505412234506
0.408031552527788,9.308565275835331
0.410547156227502,19.025275116861277
0.332140300644238,16.19902199696774
0.41493924231594,15.592533488890368
0.197063089195069,15.03822295422173
0.403248839700107,12.799164224498384
0.396661665416354,14.288927311326917
0.40453074433657,22.1571368264418
0.373828271466067,12.908368728054697
0.339034929780338,27.22910775565805
0.181425485961123,13.873412697994889
0.277498202731848,15.189684195331994
0.327839484055894,14.13094449733993
0.29957127545552,17.537720840572888
0.254961020552799,24.464334916364116
0.276143211627083,26.408614918333758
0.267223011363636,15.841115475795135
0.330958318489491,26.787158824018825
0.258498583569405,25.376554167600357
0.345718329794763,24.51245541140684
0.313869924541861,17.28255434115759
0.291298195967457,7.579046169500012
0.366171003717472,23.893420242779033
0.354907539118065,26.30830974829897
0.351576994434137,12.253293634801365
0.24331073849447,37.262265269508134
0.310912343470483,13.372220265475907
0.29126559714795,10.510007486892546
0.2837646224743,20.932557278167625
0.32956584140653,11.483566065557712
0.265877287405813,13.720261608400795
0.390726096333573,9.227594367485226
0.402236652236652,17.22797664255504
0.324533045977011,13.089965774289151
0.422525107604017,11.868507089187489
0.168183472879505,14.850419773508703
0.376074498567335,16.70318310449119
0.412274096385542,12.427628726389127
0.409844933285251,18.640400880942092
0.377067669172932,12.780467391845217
0.328108108108108,25.355854378783587
0.163468501086169,13.891484903269964
0.268772563176895,17.098308449541587
0.325673249551167,12.985704659357443
0.226042037762736,13.997490170068954
0.356149732620321,16.377403100257503
0.295169946332737,17.459975509008213
0.226059095763617,14.750692039750364
0.311036195883605,11.843811054303403
0.341591320072333,20.002261531034083
0.337176303653778,25.077043992340414
0.341290563222678,15.927311982556338
0.307925740806855,16.078995836435457
0.341272794938593,17.725328771230757
0.229874776386404,23.32680509108105
0.333812949640288,20.101373894864214
0.274320457796853,23.861990132993004
0.237001424501424,14.764321003464117
0.362874465049929,14.720733010479602
0.331124641833811,16.872931853070803
0.257478632478632,5.1936114913364255
0.339381003201708,6.499587830128239
0.279927667269439,23.93068096169171
0.348560255954497,26.549124531972282
0.369207772795217,15.27342445384467
0.334704830053667,15.199405363548316
0.334328358208955,20.282721924037457
0.254750806740767,18.951240227125005
0.259884974838246,22.175351355620467
0.277060931899642,25.874820838504437
0.269628836545325,16.795826545439827
0.232437275985663,18.703964938446763
0.342892768079801,14.232711377407595
0.239161336176262,12.964552596728144
0.38786231884058,17.265131637831537
0.205683836589698,15.21728903497466
0.253826054497947,12.918849455954687
0.243122543765631,19.193995593292026
0.243752331219694,11.919807530821073
0.331480817497311,27.22883518890554
0.385405405405405,12.477022943948713
0.379928315412186,17.36925232438083
0.362062812276945,12.545570345539
0.305008944543828,16.60960453519393
0.198180520870496,16.977098678616297
0.409239723535831,22.808226654197806
0.224101103595586,26.296269644381756
0.232089552238806,23.160918544177953
0.195550771438823,17.909253788937935
0.223590892123927,23.24705859000573
0.308966510622974,18.184658016360142
0.399602026049204,24.98541275058618
0.368515850144092,23.754797113126237
0.336855300859599,21.036943285979277
0.310522573764664,7.909080018589443
0.327424023154848,22.37212019562554
0.343572443181818,25.174082240459782
0.345953002610966,14.998987143679686
0.314821428571429,16.745902410601268
0.342026825633383,19.441028751029545
0.241779842744818,19.80596458971548
0.322777977689817,21.914000833134303
0.270758768790265,24.551639098927545
0.230042765502495,17.087260553419426
0.414739884393064,23.33517188202971
0.237867516826072,24.945316640119973
0.202270189802754,11.473955926840324
0.202741189035244,14.006086916465545
0.228656273199703,17.316817862597752
0.319221150410861,19.691735665226112
0.410887531440891,19.707083229016614
0.312656417590275,25.32466485152241
0.268765563856279,12.289535518440987
0.386544011544012,16.269362390256198
0.407779886148008,23.42494079064071
0.41799709724238,26.60365650460251
0.3855193328279,17.464924830254162
0.327454545454545,35.635117268506576
0.131550218340611,16.646332598556864
0.260632497273719,11.933388395481764
0.331525668835864,23.051915436256866
0.264476614699332,23.712031827941196
0.252939080869255,28.918278878687904
0.235642830678029,14.957140203626668
0.346304891110318,37.07401667465811
0.379662840746054,15.062180027760615
0.381343817012152,10.10931449810251
0.367934589406328,21.389210990753
0.225149476831091,20.483862862262775
0.180216802168022,16.360672301955923
0.349774943735934,25.967436491296205
0.406614054866592,17.36920841460673
0.331332082551595,26.333013429390196
0.286567164179104,10.67118617177887
0.232375979112272,19.18748111691966
0.29467817331895,22.800736569273134
0.404804913294798,21.768561756859178
0.379266978081207,26.605688186504178
0.330714285714286,18.34599757890395
0.34649943841258,32.507537184659725
0.377731725697061,10.632294782745968
0.363227016885553,16.28123867401111
0.333705772811918,14.307747199202526
0.326763110307414,34.874997253480494
0.283063063063063,36.80628745007888
0.231733524355301,26.04781887720366
0.249186844958439,15.195011461446496
0.322110190853439,14.101037125834575
0.214949928469242,23.41629553960773
