genomic_dist,phenomic_dist
0.379202802580425,21.001619940629237
0.319837691614067,18.2680562931921
0.335195412960074,12.938592715192089
0.306884533562667,15.087093213252146
0.378240310732078,13.986900273655289
0.307123479478428,18.406915911564248
0.369337979094077,13.149096369748762
0.367412208243318,15.413013546932028
0.381083582215118,9.767490425794369
0.353986226710043,16.40470923487618
0.378497573327706,42.62115402627156
0.373708479207583,17.294535047837464
0.142890285569663,10.49371040147856
0.369299759989894,14.075101229170292
0.373528664577864,11.515334062575509
0.322619251154043,17.42770831526989
0.314202049780381,15.996199937614765
0.117194780987884,11.61086015533096
0.359538784067086,15.108128105197649
0.364340106861879,11.466680836013325
0.322640010038061,14.690210292731079
0.115274758067954,16.73955468425939
0.141986959505834,14.5738051462889
0.139125617862621,19.85181724274355
0.144887695520607,23.54562587561047
0.318709348297411,19.315678730846003
0.134315497457022,24.498855792318206
0.316412965991529,13.138902789973088
0.180224021479213,15.488722514907286
0.296274166702232,13.697733157284876
0.311973090351699,12.660037404919851
0.317499472907443,14.702392434353207
0.316645780216931,15.856053326144538
0.317032801685224,16.152253614509323
0.330701566187513,14.398714850804808
0.235853844201979,21.824858459750104
0.14264619019492,15.288654550144063
0.137531914893617,26.515823825765654
0.324305584737572,18.229766278946645
0.133582309997046,18.14762602395689
0.350967467573889,21.62240236464561
0.373059204913837,13.231295339178034
0.366637875188944,14.918385599064083
0.153482855294371,23.97497454472803
0.107127420470263,22.435433649710404
0.091893066724625,17.814878689006285
0.328089404685149,12.928085068956701
0.349233426905636,21.54103289057799
0.315760364585638,15.635520231560305
0.36834228365173,12.970941649124278
0.304119235963728,17.679224261456266
0.324701021961296,15.750501719935032
0.321223709369025,23.72670972990843
0.324522320281038,13.879317664366749
0.3148196606917,18.069605035522727
0.325050083116662,13.49307068800243
0.307517030772845,23.19469810916411
0.327295306611853,19.66892198399392
0.368192698982645,18.370753528212827
0.152476747611633,15.86992005763434
0.373842592592593,35.606976719777236
0.382234355312894,31.817620693012795
0.383136218755242,14.995423663193515
0.367783778997698,16.475723569407812
0.295714159213672,12.62404989745684
0.325439698492462,16.12184332993469
0.325216961194298,10.648776070485528
0.36924179205125,13.373734482348866
0.337673310225303,15.68557891460429
0.336682252832891,13.981015736263355
0.371434005325219,16.536098699358277
0.363459422865363,17.145377113861343
0.332674487800731,15.269368583670875
0.314420259522813,12.534324840483189
0.360365175746173,10.081337116192486
0.358406706829001,15.48639841437783
0.365525352848928,14.081633878204586
0.365819452835074,15.782572270396198
0.37350222526532,18.775660272124988
0.371794330136465,13.278764336047939
0.327823574402991,16.318784200286245
0.360157699443414,31.18645568351805
0.368317875210793,23.462816572164453
0.327227011494253,14.4549263228309
0.323475906417904,13.710923787853943
0.376127778976905,18.340458908406763
0.364052315794017,12.599637360490103
0.378932477513618,36.55934078620144
0.374694873881204,23.50893048786174
0.374524714828897,14.404390004518765
0.316591757123474,14.466526174479599
0.371676033889774,13.652040436802185
0.318478581357146,12.525707613936275
0.306901677638564,13.595375181997143
0.322027824620573,18.62059386787394
0.323202793084592,19.32987510295145
0.309716088328076,22.864459682949306
0.302148593533196,15.959238171325476
0.136814332524788,13.574812568310206
0.326593730275615,18.4013955349786
0.376766522806127,11.120102764787323
0.372864996432918,32.389224879924534
0.14184126984127,19.42364143684582
0.358776214941464,29.573695281476493
0.372771439725849,11.746955588465989
0.368336503910378,12.34857759246884
0.367366579177603,11.905276575270683
0.327067346851288,16.214951295974952
0.316975904625976,15.8078281580611
0.343288307302659,15.228095133048832
0.333823467630131,16.557408308489578
0.323520747411834,14.17690145820328
0.368911719939117,17.093423265442926
0.328531657316404,18.36212533242035
0.37920958587345,16.549752842205038
0.374128533400938,22.57551242851559
0.371829535213081,18.01208911259559
0.370712014725569,11.340907211830343
0.379046175863956,10.837731419443305
0.379381918819188,11.880729431399297
0.328952348908609,14.56262767290519
0.326166150238673,20.00352170105396
0.383829502156345,22.026018671160678
0.325105812345472,16.098966596938503
0.380766635742599,11.654322130982164
0.09,12.80975258059585
0.319000336587008,18.811564413572977
0.366409232905241,15.322294802688628
0.374266800737389,14.53602662815005
0.383212611844908,39.61051284900835
0.323793466807165,19.65938010616912
0.357604153476003,15.847279638459623
0.373985485463993,13.95291219927349
0.37396606122623,29.661129298394908
0.367958599427439,13.505957615282028
0.367025182497516,15.10663938112606
0.379028186790072,10.836133541695334
0.374267526664137,16.309393205219482
0.371886046120182,33.03976733487305
0.361366622864652,12.374651181119395
0.316267387944359,18.55129857453694
0.361083807000299,30.363773434370728
0.371046742389055,27.93853602153093
0.377250925614271,14.904261119469876
0.37659827534939,14.508555629988384
0.386075085324232,21.0501540816872
0.377098423519386,20.805733831421822
0.373063742289239,16.017371527229873
0.278926941613,21.82892118596436
0.37834195059437,20.251588307272904
0.275973199898227,18.412827581025503
0.299940127443014,26.49109726860078
0.293740172538354,21.42949530737062
0.332707568905197,28.081627747962994
0.191510197130327,28.496768571761486
0.256801034705756,17.120162248235935
0.381847269624573,19.605458746131514
0.250967467573889,21.172096289935038
0.247980682935168,17.31785410395983
0.379305135951662,23.11026309162901
0.378941584242117,26.503183721510258
0.38341413188039,22.460252064087456
0.325909129439688,28.080968228740048
0.317849553761156,23.60167110549532
0.370910474258179,25.544284163526974
0.382872188889368,21.258682830208027
0.377531549503448,20.49766369451559
0.381525065735592,22.18926393280537
0.380781688620168,20.55976586648532
0.370716310229322,23.624256715456553
0.382475631039033,19.777094441125264
0.374872924432396,19.76944279509502
0.357912372227171,23.109782963701207
0.373733672457645,15.406962766939891
0.377227339244211,23.776415437905516
0.369786563285477,22.86468214979898
0.370232172470978,23.47865408310665
0.370052083333333,21.36873335287323
0.341318014307392,23.568745364247587
0.359253399469768,16.287768181423054
0.379675943739045,17.026136338517926
0.382921890482961,22.044804148998566
0.346328522920204,26.7213506979808
0.383166581152728,29.747420858080915
0.286665235129912,20.20191412162219
0.265576592082616,16.862829344793123
0.199351666521626,16.80182568217302
0.378767392157718,16.079269426996316
0.377719889672081,19.269032066368084
0.370976276567599,18.57774566226983
0.382977337848398,16.23239075617688
0.338493067062004,14.220374569858347
0.376155391828533,19.501187626109118
0.283627159287713,21.055250256012346
0.376940294876162,21.37660812716449
0.375834651203655,20.848688383382807
0.382008423269281,24.356663191165012
0.378109452736318,17.698737513924318
0.375247917493058,15.920018685826069
0.385294244263636,18.50428426832873
0.37978375302319,16.438685923446133
0.382316071582952,16.302184223080218
0.201865093039283,24.949860589330527
0.384675910173528,20.430042140883465
0.241801505581033,22.607017706145832
0.213044583827767,18.411789875361666
0.176315009944564,12.35255255817421
0.263594120012511,16.711303063983998
0.287863882305594,25.138317754379152
0.377930596699111,30.412164974090764
0.349300127249591,21.175782964045744
0.301745052138753,23.826930637722075
0.291420571378571,30.393242167415757
0.368720197547684,21.419255724215656
0.250757608092535,29.61801225948905
0.289524297986921,20.222814806026935
0.381523605150215,18.905611433308938
0.375972927241963,21.301446659766096
0.279794535330427,19.11650294556102
0.317361318063775,18.805651068495674
0.287436743674367,21.51115910976711
0.278854529616725,29.1838128907715
0.277173208964892,18.040882611788998
0.27655669839102,24.89530012673533
0.38701025619019,22.290286457747214
0.233,16.527405110276778
0.282113509601056,13.484617000678144
0.380567406143345,18.02998140973332
0.382130496090245,17.078177433748856
0.277889097007449,15.562833810038317
0.243543399677714,20.216963319779694
0.168625947695715,22.0390285370888
0.281525496974935,15.687977253910402
0.279721771784586,19.643409012868194
0.367098101401449,19.265543639956245
0.294088983050847,19.39582644756559
0.371212121212121,24.51961062031981
0.373069663692519,22.736746329935936
0.38162265758092,13.436927909627332
0.3773701215883,19.14209491125525
0.333892760027192,13.909281669425546
0.374697259400892,21.728818882630865
0.367577350685168,23.693620307774903
0.353688594254632,17.838824472004337
0.273350416399744,20.861349850995666
0.285044746999194,20.319842103834546
0.380519981153896,19.85388562731024
0.230476716519375,19.069852964888373
0.284969553598808,21.171202074926647
0.275054442973654,19.421572183562503
0.279114958265248,20.64774517274359
0.378680928460073,20.587736503774593
0.38002800407332,17.7959649083018
0.327158388403326,14.816523580803644
0.373753024578682,26.68454945344056
0.372358967818731,13.954428850058875
0.256551989072904,20.886398401096223
0.379094432849172,17.401568954114836
0.278945803601767,12.29319677185419
0.070687529231685,10.395141615610532
0.279413039708687,13.74368351198008
0.285146673429707,21.319973124766744
0.282233373022623,16.69053057189036
0.272367362493119,17.222597909863726
0.378968844306541,15.346046372140087
0.365247926891183,18.346594964932578
0.28350886097365,26.453080549460758
0.383436362096706,25.83373038940177
0.288514809290433,16.41598583359241
0.382009544912221,27.700406783240325
0.373119102269829,22.59627849018953
0.277816731670976,14.722833195527539
0.281533056801828,18.087535489462756
0.231882499677433,24.34488205508968
0.38010388725678,17.105386919678608
0.301006482429205,26.113374080097266
0.292409069233104,18.858944159760426
0.249601996471753,16.672225315321093
0.277918556059394,17.173030551138226
0.253999738436724,17.976330032217522
0.280705482362941,17.20452534990422
0.302619250425894,20.916966857882514
0.271267785092376,18.557018202178316
0.247775115522848,23.659014385552194
0.310756885708089,12.568575612128928
0.236455008196014,15.590748730616328
0.20064345676908,14.845060485839557
0.212863510931862,16.55354822077608
0.271957286216657,23.591170372457256
0.224845027400952,22.06191581633588
0.222441039435131,20.774045279337436
0.361122361729895,24.327673892386848
0.16925364810856,13.676316802748039
0.364858817738399,13.16846639838807
0.334446048357994,20.64147552092265
0.357808648890881,17.667207638321752
0.297457245724572,18.94930999867937
0.389975715056665,36.80679087267307
0.357980367205963,18.94029196304489
0.32285945799946,15.066178755485332
0.361981504758484,17.34317780682539
0.369310235936302,14.167579424450809
0.176171449328006,10.441470743053364
0.178206785857595,15.318998452735663
0.327365613273656,14.135539698381955
0.315993025127426,18.009267839477914
0.320117441391367,20.493923071238374
0.196987253765933,13.122458928943724
0.326090913227465,15.579537517689587
0.32461355529132,22.44838061761757
0.327855811627801,19.64055049112706
0.329464773347897,22.802124644794652
0.17951556780695,9.496931095864396
0.324824892241379,20.974233891604516
0.190151549018731,13.518589605360761
0.331006711409396,20.180487397671122
0.249386920980926,15.27375004760439
0.172226250906454,13.43390464158113
0.193389876144319,24.132917492859285
0.187456989493967,11.818422854524226
0.187793963194666,13.456893808991243
0.266467202631098,16.096115188773794
0.295503743122576,21.20304150701565
0.32848575036075,18.262689065833435
0.326444404069767,24.45271368903905
0.251365508595988,11.567334031134706
0.326796501668019,14.530350080039746
0.366252719361856,19.372840521622038
0.354167611960615,20.92035390229063
0.379037074470529,10.359895567453385
0.328793238090863,24.441315100349687
0.327113796761843,14.960573599987129
0.323920111472364,18.67739839766349
0.178416411568511,16.216795835668602
0.24067275480703,21.347714985534516
0.221052384748863,16.28491399575411
0.346828515296099,13.53665144330662
0.19036837285031,10.469482803832436
0.17442772752446,9.009169679408881
0.189410026774998,14.339862051921287
0.204732838336446,13.710052279397036
0.160119654948521,12.504728003569575
0.171761775362319,14.501558268310234
0.141725264930177,17.01006427886488
0.140469368263065,17.122903658017485
0.367352512745812,29.292023156341585
0.326186417870279,27.889054133675586
0.378761587287091,29.44521041838702
0.38771537256657,28.250971982476127
0.389236685596745,20.778061489479995
0.365729200959413,15.256759816663864
0.348782904047552,22.796550828740717
0.17519078859285,27.081774526721855
0.199241806228706,21.85195483464529
0.351200897867565,21.75431715724596
0.357577714233004,19.5777680412209
0.260374562112638,15.397232449478654
0.369831546707504,20.931936863820756
0.359228550829128,16.266344414750844
0.147381737676772,18.499172545415103
0.173245907489183,21.8030859897583
0.360070976841531,18.45704276108866
0.335324232081911,18.584779484481324
0.353966708397088,13.303208170243968
0.367584940312213,22.04751237393116
0.370119812309234,16.294463564125916
0.368449486763911,17.39232011200013
0.21225818116073,12.083139750026989
0.258224496207531,26.926429027105495
0.360850222441918,20.577205658230554
0.167971386151977,15.978179766746754
0.184465363480767,15.68176044316018
0.35939293750287,20.323469942660417
0.360589073197629,16.06989556609744
0.384769403824522,29.86198769785095
0.353552385726655,23.75038385929491
0.369602413435994,16.910099768124276
0.244558836810259,15.259340277436799
0.346991237482117,16.77057696751116
0.204163115158584,17.76010657781456
0.224665521605496,14.702849086476604
0.210957857848863,21.08627337287516
0.170153666950405,11.542726882067562
0.234497601219567,20.135990317744444
0.210575845843603,14.519457253250435
0.324519121458779,15.516352761020133
0.23893844981396,17.435218470974988
0.369817952415285,16.67581461857226
0.374077552663357,22.48042199642495
0.328710187485882,20.514252248572358
0.300515926424406,24.32472013320826
0.355613492686078,12.24506433252785
0.361875591189586,22.40566024278576
0.356946579106702,16.67026627835526
0.169859514687101,12.697593714458709
0.184130463961344,13.704764854772087
0.266377411087631,16.849828710486843
0.19006803330051,16.657798073282002
0.187970598780925,17.639883138605605
0.373411446597566,12.546425219548842
0.169092869658984,9.847365757046878
0.364831571402974,18.098810222483568
0.374966243586281,22.621856562394136
0.362677503310351,19.635206876590697
0.364982384159122,16.126219050328377
0.347976307996051,17.856012503635693
0.363729828796209,15.66511815326397
0.181323358122032,12.816520293304857
0.214081678196831,17.826461192604324
0.358217282628102,16.46249130155367
0.19080033924028,26.96247063850363
0.360167969100871,18.008229712763395
0.322794481146915,23.19907637460239
0.171649484536082,19.100253005040624
0.349172598687252,18.011659761533934
0.357069489103251,12.806395793670704
0.384913969219594,32.21645049537145
0.215957064582772,18.630716656708014
0.345012143563911,19.124642332453647
0.363829592722951,19.74132786295479
0.379263363458831,25.40478164876658
0.352941176470588,14.473206385076312
0.347111805523643,17.744636523123305
0.35928747479274,18.767486892008176
0.351204386122596,16.374036478281123
0.380740940078938,31.177154660089005
0.353404322519514,22.401230461104298
0.353059360730594,17.525866709332835
0.363756372906045,23.986839198902604
0.381267440813755,20.121512271400466
0.375201793721973,10.241737511839467
0.356499705895661,14.550519399149525
0.18451091860675,13.066615338724239
0.359812297462228,13.990795126604679
0.221381205828462,21.765401435627464
0.361808519541384,15.30765253805985
0.326388888888889,15.323031340000304
0.348161502662362,10.777880308449884
0.286402862555251,18.25000670840963
0.387904922170804,40.34759764165118
0.356081886278515,17.664526379487715
0.334659090909091,14.21784167327013
0.357445736596834,16.88919037114843
0.363730373121729,15.10520053375242
0.205941226575809,18.376746578942832
0.201208333333333,16.220349587095033
0.342587110960758,16.37686824790171
0.298725182863114,16.53750359126704
0.327920036880265,13.858090157373118
0.277914442961975,20.64530302287365
0.341342470417979,20.97729667129522
0.335950872988703,19.35351204655045
0.340174393874947,23.06337539279222
0.33789769581328,26.208574269060495
0.253199152542373,22.689510310749302
0.338560033585222,24.947996134866585
0.26432482133155,16.790414399333095
0.338625998912179,17.947491249497038
0.209653412715288,15.614074935819943
0.219167621229477,16.193435469925927
0.271244851643271,18.373660238209602
0.268327877325982,18.048457823471402
0.268883081273296,19.248946955213807
0.305903743315508,14.169616780458135
0.317229459129042,21.249297090574295
0.337233818258486,18.231691550966037
0.340703453549127,27.234211082347493
0.302115626309175,22.937411068206664
0.341342100826168,23.02427827596384
0.365347920111945,23.25913867099949
0.360506630397824,13.709041239836036
0.372058507205851,18.32021044087008
0.345458847825152,24.140905134792657
0.347350006479202,22.595393960369464
0.336046309192201,20.10724422886301
0.189326828433261,14.926189940817798
0.259877765343893,18.52973506941822
0.172153514369966,14.650857271052926
0.356732330101347,14.932841906848674
0.191434195995583,18.258009099075505
0.204888195527821,17.67440384553229
0.16546980446444,25.050147084953437
0.157921657218362,15.672631848794333
0.222355037816222,20.156029751850415
0.20243757431629,16.548771658759346
0.213295880149813,23.597985636151023
0.22599846390169,22.571294304369278
0.36591083454096,13.69507907472519
0.340842352546355,14.036224775247083
0.383400307797538,33.318175893775305
0.39264034830661,30.176900178517826
0.382274247491639,13.69170235154725
0.362649006622517,17.128535612349562
0.35431559438708,13.92891383482868
0.21535510238125,18.2066270474904
0.203304083094556,12.181991381235132
0.340056245802552,13.873679224930305
0.362646855563234,20.974054453328808
0.196374622356495,17.863254618680006
0.371214992630027,17.549510828710865
0.358700236167341,19.32683359063776
0.24580579562786,17.631579414862806
0.219252897523555,18.764678441424984
0.361396478963298,9.871877761752351
0.305801603627052,13.187908448106151
0.337892999826298,16.414105172578164
0.371598091061525,19.6540991447244
0.372686567164179,19.535882925579973
0.365102083771838,15.720842808581738
0.163165236505051,17.503819891106428
0.324528222586475,29.7134289822962
0.371874606042779,23.597973285158147
0.199675871358815,17.080805655412362
0.219957850368809,12.767289024788193
0.360118791426358,15.344240315484472
0.35302599862259,13.665174754180752
0.380667705131983,35.74427806555721
0.359603072983355,23.01652659644682
0.370868595006526,14.741526300430232
0.266672301580593,16.078328564496708
0.349418750522706,16.955077796618045
0.220545645330535,17.867838668759727
0.217483286790217,16.969709661082796
0.184384056449242,17.09888634311573
0.237579137143097,18.556607319511215
0.267503773268489,21.569533906376424
0.22952640402347,17.960340452019725
0.337442087814001,16.82426357968462
0.269182389937107,19.191448199647265
0.365889642962526,10.281098699595889
0.378571727398235,31.713577644788696
0.342519851326238,21.45246445463404
0.324388401661701,28.1209365696192
0.357615321430115,14.079481896444843
0.371607955503118,15.043390922487315
0.37099589770446,17.42225190990078
0.211841599384852,17.491395309994072
0.220187322294698,18.093062090222944
0.309404586576899,16.8373871765563
0.246138390054,17.983481003739204
0.253575472885123,17.225438717218147
0.37519497491674,18.888260493461257
0.201723051061147,18.884082100651217
0.359711627127169,16.949208527901533
0.36941320190404,21.538653961958
0.365559881904925,18.987417342905992
0.366597164303586,11.625651889275284
0.359918586596164,13.644422407202365
0.357650353157521,14.922879881695259
0.215901474530831,15.445154578368642
0.272334654704778,20.346009281535853
0.363439065108514,22.518455041447176
0.198559198162456,11.996229986964527
0.361157823930043,13.121421175704802
0.337046065904506,15.721778684963311
0.231443428667282,17.7663384631879
0.361216812245957,17.875141967624838
0.367764971185167,16.318110686813508
0.385708218305373,37.30871188637358
0.188302964144764,18.0012866343048
0.335675812152836,19.520284449283068
0.360366140553488,14.544611614076699
0.38037474507138,27.605941488902225
0.369032456410031,15.627733140466606
0.350891549659747,14.5889140112252
0.363068539090337,10.365448597269268
0.338193889986133,16.017213240287532
0.372808489220703,30.279411802544924
0.346781007096992,11.618786826916239
0.356503682137352,17.97542310235273
0.368584692704119,28.868381488236416
0.373105422701246,27.577904217387058
0.376404965609797,19.679382150159956
0.36837758861644,18.945497275682126
0.35362600596799,16.504039783299113
0.212014215822025,20.733810394889492
0.369554466573754,14.152059509587891
0.338625656821888,18.507545605918892
0.360261320117144,13.297191904282258
0.305492766726944,22.502000870630507
0.383457627118644,34.86341406609635
0.354649303175691,12.956952198332331
0.312536746415811,13.03612951778242
0.351248985481107,15.94165292956341
0.359824100099737,12.647315851496703
0.222486071787378,19.14551280619103
0.218747199569854,21.66004729636177
0.316034733587925,17.46544469993592
0.316777438476738,20.32529490414923
0.338137921715238,16.788903609300984
0.271088115396676,23.48272813148566
0.315463399021535,21.44332389665525
0.311565877213152,17.89723361823652
0.316228190371791,20.866273970742238
0.317412389056638,21.42901112149779
0.252478399272397,22.469769142914377
0.314533231060777,20.703715913195538
0.261985993894775,15.925497805344943
0.322094852775905,18.739495946087267
0.237119518094282,14.098657183372753
0.227123736683966,18.671723136652744
0.269296740994854,17.12162956107899
0.254443880142204,20.2986236237003
0.254901060557366,18.39160979531324
0.29835343760033,17.63260298518713
0.294198957625198,17.237060748508714
0.315340008154759,15.151955468188973
0.31378412930326,23.892069861003517
0.301179064848567,24.140457327731113
0.315691694231728,24.78677205186534
0.358093025374698,21.180657644298808
0.353059269060547,9.266834655486901
0.372310959283538,16.755568746973296
0.314355522773373,17.806455908747818
0.314765162721893,18.630475317104942
0.308307305020745,18.361043223896125
0.210371864826448,12.64135422425067
0.267183831315317,13.352582092331224
0.176026882225773,12.93608036298745
0.349265568539115,13.902426395206682
0.210195779303331,18.25115348539017
0.213425089207099,16.474022326512916
0.202930419887968,23.599690719443835
0.20858265198922,16.740877419741768
0.230674303809258,17.744817010143393
0.217477362697365,14.412480773836757
0.22312898089172,19.498245026522383
0.230742872807018,18.905806221449975
0.364937142857143,17.919013440272575
0.308629464486781,14.317293637796597
0.377511786515311,27.293992286006898
0.386464846385678,24.715664844904854
0.377206377722883,11.641321324906126
0.363202645252716,14.006271683605627
0.346372284537839,18.1632180098885
0.230901999462028,23.978414137280495
0.235769619400472,14.988298637493108
0.349411180796824,15.63722134061323
0.355126541207008,24.767115321779468
0.197479938689027,18.25611606882878
0.371175778421434,23.071297948462078
0.360939907550077,18.498983064927952
0.249113555777798,18.96266230049257
0.228230179715861,16.469406856666264
0.355846174950844,11.750200976065702
0.305143243852921,12.054602273565084
0.338175722866322,18.112358492762322
0.372430916363971,23.61017436497947
0.372597361092088,16.25342276769216
0.36585751740349,17.6164716569953
0.20633658868953,19.386092961601253
0.31911339833875,23.274137245687168
0.363702031602709,16.22948657041918
0.207994212334961,17.648737125695384
0.203852762955594,12.57937350808436
0.356700697556243,10.949978343700556
0.344381400498201,12.2766034115284
0.378069183811892,28.80992639055155
0.35026101291327,15.173826632981484
0.367527358234602,14.854341289216851
0.222789115646258,15.530495520732462
0.335968024430772,16.304286328851504
0.204833115625422,19.158952043311064
0.163393505079826,16.133187003729898
0.152420881796051,9.829096597409299
0.235682125168843,18.541431486152963
0.240053110090917,15.705185538404352
0.186985469431823,19.47118212655667
0.305304276315789,17.24724984179194
0.256743369207907,15.036131442030468
0.35982875005663,13.763253070286916
0.373909720348889,26.031976847166348
0.316743108850643,19.35900032090016
0.326965582570256,21.648629158945432
0.355156643036817,14.407322612454458
0.363683686402318,13.602044978590136
0.361805107402969,15.241345135425089
0.20641328011611,17.730871229412003
0.214712623017121,17.657423797785604
0.303706214689266,8.436101501480657
0.240115154513967,21.60740764643994
0.243816174814147,10.472270268612052
0.367933502446095,18.405663574980682
0.20865875129791,18.10535457580038
0.355972265994327,10.464004134793012
0.365190646343118,15.451432897423684
0.356930194210333,11.326236535925403
0.36198476702509,14.287452157588367
0.357094564139547,11.675911674210958
0.359231149234293,14.825310474600155
0.229413353743641,12.954321677891302
0.245167944750886,16.77823071213136
0.356438307030129,22.32183566433568
0.17055341286214,18.066456707201695
0.358864960043343,10.59097286176448
0.314716111838836,21.123780707545148
0.223845322769425,19.004610674721842
0.354824479940565,10.730908011958043
0.360572608149345,15.554136153856351
0.380695033520317,30.25689561170562
0.157702538208377,12.460152319413622
0.33016610995757,22.456594864369194
0.362193891589471,15.93835429680102
0.373277985585257,20.73667517716403
0.359489222118088,12.545741486309726
0.341009886353137,11.093418418750662
0.360392828182719,7.765774290502739
0.345086000632026,14.203294138422999
0.371438874864767,22.538417127872464
0.346396478170101,15.132429934682698
0.349528627270637,12.126184348568254
0.354750903518002,21.15008692337583
0.364289587852495,20.78223008772832
0.377382722725429,18.807821983845688
0.369477272727273,20.01346272242108
0.357096041247924,23.356852759777446
0.273921240050272,17.489659436327074
0.292400997421918,15.41597361602187
0.290160769004743,15.948415726584205
0.313996627318718,19.17179413031186
0.303555630450352,45.05082226083601
0.191157733797673,18.400824207935276
0.382351702055949,15.089018528228227
0.207311439610281,16.606672013539914
0.192560867547154,17.745131967215166
0.354275108797679,24.113902391368697
0.356328558900906,22.8117590739254
0.384801118312365,17.40958706676495
0.313135752856963,18.568824215474784
0.302825475460767,16.7614831600154
0.35249665998664,21.53108218426648
0.383970832800307,19.387452925876577
0.383677579705177,14.669666624062584
0.386292967585296,22.925114859161123
0.384331541677331,25.692184786568117
0.355494272380144,23.64532244078816
0.380928355196771,26.948788722901906
0.359654263111632,21.612739449442014
0.361509133567957,18.536399139356313
0.353371121718377,15.356029514866286
0.357604352631132,20.952624982106723
0.356544612794613,17.05029490723345
0.353088336783989,20.95039078577488
0.353183456324009,18.193581091459826
0.329062941856978,20.43217365099316
0.360072656613019,21.693990064804208
0.383334037073006,18.617655111754356
0.386172114402451,28.917845957052137
0.339052013422819,25.173269558783304
0.383629607735506,26.714453570851873
0.290425261013496,26.428559690851376
0.222952563284408,12.199530015624159
0.291181794672873,20.503142903955595
0.376476165847772,23.564043864461745
0.377671541057368,26.950703448405058
0.379865742556994,20.424769406607652
0.355555078745226,16.210801123091883
0.311823785507996,24.008538571953025
0.354249404289118,19.791106889217385
0.259728566408995,20.04986217919625
0.352211408749277,23.274891204370196
0.358298980256021,22.07284372527512
0.361103879198125,31.294687927551323
0.358428840232638,18.20759346649446
0.353382967607106,22.035699086431894
0.352371835779621,19.414666759730427
0.355153333958548,26.770600232844906
0.356978036065294,22.524450601187876
0.270303702439857,13.25081722364094
0.384904629863037,15.390223295358432
0.284217042349727,37.70061242672519
0.297120583427637,34.49840022263247
0.267005734857047,14.341603039943534
0.258395934600088,21.66823590627132
0.28280463020235,13.957113478080403
0.356683106244253,24.024315667039637
0.32758078994614,9.96863878330662
0.286846309063393,11.78693170925773
0.283001339497904,23.086610201389817
0.348826449062001,17.943401701428332
0.255217776278619,22.254531627751586
0.284791147527136,21.764602263853902
0.363719292290721,15.699660530183229
0.357906831000627,17.3793616700891
0.249104171998976,13.239085093189496
0.30541334452371,20.781486449605445
0.275881560067829,20.40692463599013
0.273114669421488,20.34346132014656
0.267934921854983,23.271279799847314
0.269456155143339,20.09391716139115
0.358345348146892,21.611689898628327
0.327251683501684,32.296272782969986
0.273050391183646,24.70000793158942
0.354244865252414,17.33111348027015
0.359426471830391,17.496834032720596
0.248632231939,20.183748458539373
0.229437508044793,16.530182201960265
0.293315631980444,39.39688099308099
0.250096125090785,26.86578227058545
0.25651239251391,19.11120459276283
0.329297718325361,22.099773113201422
0.255347201875183,16.113069451147165
0.348484848484849,15.565751391582927
0.356691678324643,17.836331705580896
0.352709753429269,20.409155813395426
0.35583504808298,24.940692394761335
0.315750808110491,23.419869999762927
0.354684351914036,19.632731672124503
0.371797599795727,17.832849827438928
0.340702019565856,22.839470079770177
0.238590788196057,15.515759444780619
0.286539427423405,35.96964749033787
0.387565073856181,21.17525505727415
0.327232611893255,31.440385844862252
0.239254642254253,18.94994588838407
0.256580612503164,12.219086766985793
0.240589519650655,17.285204701457822
0.361688923129601,22.323476670828146
0.35756471475245,20.384548649028105
0.301352262195636,20.179505131637917
0.358197064989518,22.329243748562398
0.355963880722386,17.765409332428053
0.285699210670719,21.315409988029007
0.353594881293147,22.800116620710856
0.253492469689978,18.65089633567862
0.272455089820359,23.65437644473209
0.247751413397293,21.250003398391108
0.268591590463067,17.653288622837465
0.227539759137258,12.57318186907588
0.243848342818882,16.636847353605248
0.360859158478206,18.855732419008373
0.350932196304657,22.433470506175553
0.240484645916023,29.318003841405737
0.353808507968377,16.28822531618193
0.246505851646039,17.851225911467676
0.379561429353087,14.635374278722786
0.358540887899534,21.418123217017857
0.259106067824505,19.174286326711336
0.250177653304351,21.078863081489878
0.273630253530713,41.2341750028753
0.351325199831721,21.85302141959223
0.255725833614011,20.10444329277684
0.290861685758249,18.800472027172372
0.273136355917813,31.963559221497416
0.241887257057427,17.149397020704164
0.222605397016984,15.413374912134575
0.235400310676351,14.988002874487426
0.29529015979815,20.968201910740163
0.296364704894635,33.697104639593114
0.233541922117458,17.05934437257703
0.317361556553346,22.71751600147437
0.297527343916245,31.853766825734457
0.258820553892847,30.56212718126913
0.269673301419333,21.395917019282603
0.232111064010174,19.14240660768956
0.37099226692154,13.71959670546482
0.344572981026248,22.097428683653472
0.368604397996952,17.385914744828344
0.304776262891103,21.080801452799374
0.389675052410902,34.55031199649212
0.362755484924734,19.063425092924238
0.311172769378659,13.851077863858455
0.358826861899159,22.258229670050056
0.365157954694825,14.394547517075292
0.196764368323475,15.196966301177047
0.172289104451758,18.885258729693255
0.315949033391916,12.477256497361484
0.318949424788366,21.949306240327694
0.336263927576602,21.185905121951162
0.19168326262014,18.173195162783884
0.314718232044199,10.66842650824623
0.311108642523884,19.24052502967134
0.313004900013243,14.00000914960126
0.317400335896756,16.486067886544458
0.17564243356029,15.110770014916751
0.311379986919555,15.449476082644951
0.196046521720262,18.151830613432708
0.319974803423259,15.069182360765076
0.242311256232626,12.832112145791516
0.174484093809126,15.350085389736421
0.192868047982552,26.2871446995586
0.173227116526086,14.591900065797114
0.173881193393713,16.18607796551644
0.266981676205688,17.013418722106625
0.271576827078863,16.063201270403468
0.314940465767817,12.860999454792104
0.313200141130811,18.02476750869263
0.245921962677802,18.174398122939046
0.317049137251467,22.01402104205962
0.366051774236154,13.86404168275405
0.358895164136957,19.323223934924854
0.371542648108494,14.77926511242098
0.320318423047763,22.20139059283318
0.319383555515791,15.607905111480715
0.306898106402164,10.953596876013378
0.177554550292709,15.647525812627753
0.247984679107469,19.68934110977848
0.220122062306431,19.713885328455145
0.355320501180316,19.246437936067235
0.183842773196385,15.151793586132468
0.186149224284818,12.423612792811703
0.195677491601344,22.08888724619093
0.209780015902465,17.53764930232073
0.168099954975236,13.106152727632088
0.189678697183099,18.127890487720162
0.172049749325106,12.267685531074338
0.175824418707453,10.472601240685435
0.36692141184786,27.66874238307549
0.314938174851968,27.129843108594308
0.380730897009967,27.265510938141972
0.390444309190505,25.10070221866001
0.377571391372277,19.364966116648144
0.36354076173929,14.92730738190445
0.350837835363062,21.387505623937642
0.187535214319768,27.28896130148644
0.224916232315711,20.513798132603025
0.356195751733764,21.951332728838647
0.36098282742232,20.11571321986756
0.260150015263181,13.51006919751628
0.364725428471494,20.600651758836836
0.362651077246453,9.139133538861149
0.162486823612087,15.002473999671201
0.175259965337955,22.54009636238624
0.362665782493369,17.335988036966494
0.335128417564209,20.057179320476614
0.351426253886711,14.341675409762834
0.372433299184892,21.549794408114092
0.377979217333628,14.076225759544513
0.37153597342425,18.578436456078588
0.225501822813722,15.85465547353862
0.307311433930986,23.863382026200355
0.367873500545256,18.099482392400024
0.185508196721311,9.58183073171231
0.144880650520241,14.533952604380588
0.360426709516158,18.043416770424766
0.359559841078523,18.320471546540965
0.383183288174111,29.15270841075888
0.36322403646179,26.490838127295078
0.378628256688232,12.6246104115897
0.234510750329092,19.38753595403269
0.349915316802015,10.762463279909868
0.17106180803766,15.205391917469068
0.205191268830427,18.931579666524524
0.206662016044646,18.406832496209237
0.191924249020461,15.83412078825547
0.227049037540284,16.800790525508564
0.18292205248727,12.413839404911721
0.313658838071693,16.6619971829739
0.207130101485256,19.023539656048676
0.369007486537367,18.696267840494023
0.378226857887875,23.11847814768943
0.317336374802597,14.062733798751585
0.289821272885789,22.659292439329988
0.353512405897813,17.029581714387987
0.369448212488514,21.679038770485313
0.362517959770115,14.810452146995805
0.174025115664243,19.29381341976079
0.186856398001303,7.124076448293158
0.272908018352633,18.10716614175719
0.188689906980788,16.876594624553096
0.164547315246266,15.444528543187499
0.380251181515841,8.390265756331159
0.18528539012044,14.13762510930821
0.36581970066133,16.98255091613086
0.370880321706443,23.923495797495193
0.364296788482835,21.87286897313797
0.370540353307932,17.510725955513145
0.355873126524922,16.827007697689112
0.36831025652155,11.61244155823799
0.184592960013923,13.756899128460496
0.202526981925361,15.567664671526801
0.35923213589288,23.610604524482515
0.182502168256722,27.807146361176105
0.364453755837807,18.136279803436693
0.314197153584214,21.28653712847919
0.146105308964317,15.282979715916458
0.35864344391076,15.7108775293743
0.362972117427692,17.374691233625587
0.387069041530729,32.85303240338522
0.20646961374139,18.831488575723274
0.341071896566786,21.915794180478866
0.369337592617241,14.41541803398691
0.383664021164021,24.245653643118263
0.364040660736976,16.343759283468792
0.347800848403662,19.731582187778308
0.367470403899721,17.366242128596525
0.359321811992668,23.135293580043026
0.380330153752341,28.85051835138326
0.352076845475679,23.979786909682296
0.358696619217082,15.651989309922827
0.369607539489403,25.807921561160416
0.371646421392991,21.64930318802933
0.378243078530385,12.207536382963566
0.365292488902562,19.241567221472277
0.288317639145788,14.263268865482397
0.259611772072636,9.296884219385106
0.304352383747746,14.10923753020258
0.262469115122074,37.67487086162963
0.253960857409133,14.8064853992289
0.377451391216896,8.963126202753264
0.267977269878411,14.16360054137265
0.2652208599261,10.896679619462523
0.361578925041361,12.565362846251528
0.368564191994685,13.93888770731716
0.373815639870299,10.36043668253701
0.302872606161532,14.399726015629348
0.294957421940224,13.649319794479325
0.360004151100041,14.127873332955208
0.373293768545994,13.611990581907431
0.379544001704667,16.035439565852062
0.382316814908937,18.00963346684648
0.382591178965225,20.434074333682926
0.367815849438771,14.175200198268765
0.37674010283851,19.035484096568084
0.367030131513235,14.984951457624463
0.337909340888259,15.166599406910404
0.362117168636421,9.689190122260861
0.363749735785246,11.947925787489476
0.366122619794936,20.99095659977695
0.36514950023594,10.78231982949173
0.36636809554276,10.813812615719787
0.310551865099642,12.381402241871422
0.358051915322581,17.619485236505525
0.378579225795617,13.4740251137996
0.378834680319892,23.127605408837162
0.331526271893244,13.628817198608768
0.37776564927159,16.49599307831692
0.232063773250664,18.872949280469324
0.269689787972407,12.973789720391961
0.269222527001543,12.534746034873237
0.372380095152372,21.565914658495966
0.374139858936866,16.0061099321108
0.366811091854419,13.38648295840906
0.367350857728087,12.892279574580119
0.318442939209466,17.556802348040527
0.369106155061902,11.84411015638676
0.262581913499345,10.463288546987611
0.363059308230334,12.376355583811518
0.367394493829291,8.879369454572945
0.369160088003106,18.7154466940231
0.363168636788843,12.894501612062887
0.364949123186837,13.152871133568233
0.365726249894256,14.704624086664404
0.363407352117932,16.466242556223833
0.370632491711298,13.207282765083658
0.250424088210348,22.489116228910103
0.382623224728488,20.762395605830736
0.264111186786991,29.534372929977106
0.268386182757615,27.513979720959142
0.281220090716158,14.32111792147528
0.248363428671851,13.37628677776476
0.261590859151835,14.151367947873503
0.363122454069332,22.63368536384857
0.319717869737958,13.874454457963783
0.257431330741252,14.52776364205151
0.219087119095715,15.929900529687613
0.342700623092042,9.145328935883073
0.25156204134692,15.83657873399973
0.242864937463275,12.074769496023128
0.358495739475238,12.427345284048922
0.363490942330065,18.16635738304963
0.188265457473408,9.196301372252861
0.269351398820725,13.631040481159397
0.228439891064713,10.253340796021423
0.19585312620362,15.955449275727915
0.222833007895407,14.547173835918473
0.200934187926773,12.740603498828984
0.362467324394974,11.256043046005209
0.319821705101913,26.039126233353365
0.246153202876735,18.295080336955664
0.363041563561632,11.403536463214424
0.37127320063828,10.910812749007977
0.256415749111006,15.373484564459599
0.264210751766974,12.111471300678277
0.276704521644387,31.21465416203242
0.264999575082859,22.512521992425825
0.201231516776274,11.121979803406457
0.355678565415053,14.985980205559471
0.267730791642387,10.051263091295208
0.370405987372998,13.846453281023841
0.374083284160836,10.41435383915409
0.364905012971797,16.173061687982155
0.36523445655351,14.25106232845914
0.334829630866878,14.938874802880393
0.376423951596078,10.380807900755613
0.363651754348838,9.71418282431005
0.348847406664996,17.094182314716182
0.256003862624905,10.990884129874111
0.243243243243243,24.82519986561427
0.380438441471009,16.609302972883967
0.317682213306586,23.50255403119889
0.273780304008957,9.85308944805042
0.233185172760819,17.132517054602804
0.251585715526979,10.622739480605382
0.366398570151921,14.031418199452267
0.366801400116676,11.238754547539328
0.319432808310992,13.823520248611644
0.358846586881281,11.570001269208747
0.36885519776135,13.259583396496927
0.252623404969778,10.291355610395321
0.362491106181727,11.299943482414562
0.261670351674941,14.032357953125029
0.27219356732503,20.013751476481605
0.237233272285872,17.415771856995782
0.24839138195857,11.856875789664088
0.266985625940164,10.376957195574057
0.247026037767241,8.761866098358947
0.355458150699228,10.76485184506854
0.364977762999293,15.748127617348992
0.26864431426316,17.970528428355706
0.369239727166861,20.01761749110633
0.254018417748012,11.783588135408385
0.371998159149862,16.044576950316603
0.367759448736688,14.155731180508742
0.245166846071044,13.863306693682286
0.259417096291369,13.713968977396362
0.274222880101501,33.483211989745215
0.364672662622882,15.805705316983062
0.286644610101349,15.657681784959001
0.256487281094209,13.71149257045389
0.257488576747335,23.276837505837754
0.257334615889117,11.550788050326073
0.261674027700356,11.702133181159356
0.263444676409186,10.829027618754049
0.262567963195316,14.512136841519222
0.265125892521608,28.37782717074967
0.287606711804533,17.52759931693185
0.309287358281476,13.798470845221841
0.273120651620567,23.777343571975095
0.288259211133001,19.814525254919012
0.253997411597712,10.783154340622396
0.254901134111893,11.776647432181585
0.165264220801077,11.830003444362312
0.220681491502494,9.018931937435728
0.307549243384902,47.66684969172539
0.284642673961361,19.392972016245032
0.371623049930241,12.968260823856733
0.289441491605501,14.116234910199767
0.278743060558546,17.508896740940994
0.337057488977355,18.775513044388823
0.336224233283057,15.753282954963357
0.369682546428116,14.607703059162182
0.205541561712846,7.254102295916899
0.238798113366462,15.454959935244048
0.333815028901734,16.71437456339926
0.369456442714793,17.551677663734978
0.372039035295129,19.448029016060374
0.375064091608272,23.422792430889473
0.376235928605059,28.016762464829966
0.337839563995572,18.723931455947675
0.367987007508648,27.838372357439734
0.340080631614312,20.4680524376053
0.343514820264873,17.65668777406758
0.331588617330371,16.57112119776443
0.33911133853567,15.269966786044737
0.344253989698556,22.66831607965604
0.339181413057587,14.8952385678342
0.338711759390732,13.881598814688987
0.312223415682062,14.919863774359868
0.343906263242648,23.53913654766572
0.370837217184984,20.234265397221318
0.372801024765158,30.14226550876469
0.311973905723906,18.84244984168557
0.372536971905589,19.09072602558288
0.298637428145625,26.61928310624495
0.29999573142101,16.02794127074994
0.306556242702071,18.30947871025209
0.370129308480733,27.364670042849596
0.376502495118247,24.365808967922327
0.363405781256833,21.381068878371977
0.338852049603858,17.758616580934905
0.325103770321688,26.357245120904047
0.321904761904762,17.102465820586808
0.294223906243116,16.295075977672735
0.333260953483883,18.39461125871369
0.331548707234265,17.272763145945884
0.336741353056341,25.821165260747755
0.321200291707777,15.074916002283762
0.347089392549893,20.96257754166997
0.335943835090265,17.878348967328712
0.337668752057952,27.024647877404483
0.344213459065581,23.52026943412989
0.293956514295497,20.86732968028089
0.379768981071624,21.605116235973238
0.306686421025509,39.366024688087435
0.308405516777395,37.5943366614202
0.299117832388154,19.394298513230208
0.211753772624685,21.600336630863236
0.284982708167066,9.528941245089964
0.33946397114336,23.890941871361914
0.301161691206268,12.680951995913288
0.269029646185637,7.325330457439713
0.290538781884435,17.41844438146145
0.325871381551186,13.40107053888997
0.279303486797563,16.676041969844356
0.261633569039251,20.308340393882272
0.342552014636429,16.264753068257804
0.340132489203807,21.819295639513715
0.283602208053404,13.06084680029765
0.304899147607393,20.383617208824813
0.281112322791712,16.795925454424022
0.28224726864447,15.815857596458647
0.219148480958494,23.56299492810669
0.280323222067098,13.679078890994923
0.328420112302195,15.636657587973806
0.318120408680233,35.675677511865466
0.29877611310403,27.035136767267687
0.342359113217126,18.338719496856644
0.345280460938824,18.443557930921756
0.295019239915258,21.134676590721728
0.295011455496477,13.856982493367374
0.298968418382446,41.21844226385165
0.294619506966774,28.522778035824683
0.283305834073698,17.21151106709123
0.343286751900777,20.135447367554402
0.30230213409511,15.86049683387478
0.329614476126202,12.85224171758907
0.34288995703773,12.014107214435985
0.327936333699232,23.07712854666185
0.328712871287129,21.44388105351442
0.318109041880846,24.337864482243088
0.34142694688961,15.844895488711492
0.355733925369311,10.287929759564507
0.339056969492668,23.77838943027603
0.296360632123035,12.636559922470484
0.295183254875588,35.56445942852103
0.374012906512694,22.60311829962408
0.31640312038794,32.92457608172349
0.298398298463408,14.033681574089057
0.295771965464703,18.33079977098293
0.299702094103216,15.91981624106703
0.330613997423787,16.576534414081223
0.333886903510616,18.955340094435783
0.323342915116672,21.334701602543667
0.330269246949937,16.448609606293267
0.339789251844046,21.119828988003228
0.29970772619451,16.88575985787943
0.341280567639481,19.037103227216665
0.304142809026608,21.237926113203997
0.299555837563452,26.68251055626552
0.2939823769611,24.69367128211404
0.294181711556989,14.744479665988417
0.29456155143339,14.185952546621142
0.297199714513624,16.992689950674084
0.336274798871151,18.892318689854463
0.337479026845638,23.353947068080906
0.292103497441919,21.842809710282168
0.328324378777703,20.653405471087268
0.297254487856389,18.69240445727398
0.367250844594595,10.467694477823022
0.339808689056508,18.904367785521547
0.292691405231598,21.38772501866712
0.304947129909366,17.968843188228025
0.30032841422844,42.75827115120666
0.322803241326918,22.250483743242505
0.309480535948265,16.869383212613148
0.273412988352602,19.751096315888645
0.285912368275097,33.941227469146106
0.303392597167689,15.86895220825572
0.291904514789829,12.082966278046321
0.295364517488411,15.915524632089785
0.178703937937431,16.118618052136714
0.316149827252043,37.6847684368012
0.298926419417805,16.32647785739987
0.328514885561865,24.200228524745683
0.303625700954582,33.095419261459554
0.305273619216781,30.016535527962247
0.282179260382445,19.686123596630306
0.29344080990259,12.577603686035747
0.254123819517314,13.219865109937748
0.287141178445526,40.66268061409639
0.277381558838512,16.00618970483532
0.385306465155332,9.162856047959032
0.284078060220277,14.489101345969207
0.279714538335228,11.354855490124635
0.358694266162282,14.188574771455613
0.35646530204693,12.965386256700077
0.383115238497256,10.585198986938382
0.250479406369852,11.859168191889292
0.250282155248088,9.766415175973998
0.360713691565463,15.931086596454167
0.383576192701474,16.85534596517254
0.386006490733624,16.836619738715992
0.387710066202682,19.70759848484147
0.387750765045903,23.601805444066056
0.361835707944024,18.237742913175172
0.381451072386059,22.264725675450663
0.362214902222407,13.686025160218593
0.358532309233595,13.988332284548765
0.347436767951112,12.844294954597478
0.361202880135536,10.25258279286035
0.366788244665241,19.00052065689554
0.361351037772335,12.039449281421186
0.361428022048455,14.835543415301302
0.322704571648098,9.166741581229731
0.35691142436356,19.68532238041259
0.383965002313549,14.888265116668427
0.386808853459973,24.80701191714648
0.340591824793112,16.895755241391285
0.38572871087176,17.108558972429197
0.27885306174196,20.441775278761003
0.29061188144002,13.157675500994465
0.295216420474064,14.606164201921748
0.382749441868453,23.752114899026544
0.384744667097608,19.253077798162245
0.377870880909999,16.1413529495722
0.358468379869158,13.287908232596516
0.328494739102426,18.528005027920063
0.351888493162731,12.897548679476115
0.280804235582393,10.81519099797162
0.356728092907189,14.919641493320619
0.356358131487889,12.209975158797205
0.359359467519557,21.37771703025798
0.34976785790348,14.192234153263742
0.363598907056425,17.178518273382455
0.354454522336187,13.962321511268224
0.362833099579243,20.652615788865955
0.363485441852545,19.019175506420236
0.279962586624718,17.94249874463666
0.390139784046204,16.80333000530016
0.292363124680198,32.87009881140974
0.296889352818372,30.087268252998488
0.28971280897003,14.525403385012222
0.194687348947577,14.347680931389386
0.271210320081011,9.567518013170336
0.362341772151899,17.225285738715684
0.313164953062137,11.196098164687129
0.25163248221013,11.621287729799427
0.274342190258817,14.75621056645051
0.334066716955829,12.355278657846082
0.275699168556311,12.952777109900028
0.257506307821699,14.308474522955484
0.366608894149476,15.458734026309205
0.361299587894934,17.55536580067353
0.266109835926209,6.113854941938642
0.301952813979801,11.599291416863029
0.273065927401889,11.094360940942966
0.253227812808304,15.226704630490127
0.169463087248322,16.140847485846372
0.253990255376344,9.778720640447665
0.346829721623791,13.186574923300467
0.329958495786693,29.375558752114447
0.274580888516345,22.102059904942788
0.356884743056431,14.615601266721232
0.367613038906414,11.416593440369214
0.285557892929206,14.694718005570996
0.280298802215258,10.742043160317689
0.29808136361728,34.62100098965839
0.287332339791356,23.6412365102004
0.26150873655914,10.232914397173976
0.357100679067021,14.215401096349664
0.293749739398741,12.484387998758265
0.358118297587131,12.521889732234435
0.362730190910627,12.090067212727313
0.352066912627872,16.66714245218594
0.360059406769025,16.96126431503516
0.340794042588796,19.55836807124679
0.365966878554701,13.816899647264009
0.373292610503097,9.515019619230351
0.350131793648801,18.334861784241102
0.277226265090649,7.937500361866648
0.288518503066461,29.60129209300252
0.386619451119261,18.382664479560923
0.33038181361467,26.763238426037454
0.286786916371796,9.167219888997945
0.271477807666442,15.731688975501608
0.289014194896804,12.048318059034406
0.356865671641791,14.779944331914496
0.354157969441429,14.566545616095148
0.322925846657434,14.770669722453777
0.352418950534759,11.814556845782304
0.360218428320362,15.346485650294213
0.27663107449134,13.713523777814522
0.355905908004528,15.348740050264825
0.283146630998161,15.701625815151848
0.29266089732818,21.599491327151433
0.278534232542257,18.48344343840008
0.280853541865979,7.811871309256171
0.289783191026285,10.91728947354029
0.275778676562565,10.637572894839083
0.351666736375423,12.247660278879676
0.360015822125994,17.574250431904236
0.275742945142762,18.9914189577361
0.362283809126901,15.708711806299846
0.282584081187621,10.406815476978919
0.382651349991615,12.340113794828623
0.360804251401791,14.39688718166976
0.277679496030376,15.602303034824645
0.2866872162286,14.295192092113009
0.294375502943543,37.226458586504705
0.347040576794098,16.472007384628288
0.313300037772275,16.238342971424785
0.275491033304868,11.763577420483442
0.28125397431006,26.8655683704564
0.287166900420757,13.044490992214563
0.284066004898801,12.255052377657378
0.278661087866109,7.951912235246785
0.166931737328925,13.706302657323805
0.301167266337545,30.952040754754663
0.292319683181665,12.733226075011961
0.330656528982102,16.404754299200818
0.291470200926044,28.07389691422621
0.302615010073875,25.32390233515195
0.274518004265819,15.02956240751727
0.283451596553472,13.923992967005832
0.334141303431414,48.3648925388304
0.309720741846088,23.78718183138574
0.364104077931936,15.686628451842841
0.303696849896959,18.229924016573563
0.301986894948214,19.435325712729917
0.307958182206102,17.93497514859684
0.294479040414594,13.702952098010536
0.365197117422637,15.345160700990846
0.161322729175387,7.6923436126661695
0.214345708046363,13.84831614979196
0.307817657627544,12.213217077438456
0.364435342804727,17.259513891461093
0.363870303654143,22.0770175132832
0.366418069465161,26.027119086823983
0.36638354176448,30.811982087343093
0.299070379488921,18.507918074018196
0.359983168525142,30.09642973847382
0.306128005361481,20.949218185398855
0.346934496351589,20.53593720214202
0.305124818948624,18.254960119027263
0.294768183751595,14.244193765366976
0.306636348324069,25.89408812461683
0.304155519116251,12.691319939030171
0.304277868360079,15.658248323061764
0.299031373221327,13.855232211794883
0.326344267839026,26.302800277701706
0.364049359759963,22.64368079792951
0.363357608279034,32.41606020928873
0.299979009235936,14.494682510329396
0.365126991505726,15.648665353287889
0.314633939188042,27.901183140123194
0.32029053420806,19.98403570455042
0.316590497542468,19.59233447558303
0.362903225806452,31.19217578131982
0.368647736126742,25.758441357689552
0.355554586675968,22.47919308120692
0.308976945863564,21.223175997731566
0.31801335918983,28.304670355979415
0.314631778670079,17.128733345392657
0.315181082981716,15.981108085347595
0.306008955655063,18.818749916083608
0.299336254392434,16.692596721427464
0.308464942728219,24.181973169888952
0.284046692607004,16.29814297389535
0.306973603972471,22.185038070772173
0.31667872494361,20.590466441462173
0.310405437075228,27.161357483325713
0.311540599478343,22.97183500239135
0.306932172279848,24.918941947555158
0.371378715889501,25.080308269923858
0.336402175309382,40.53956364046602
0.333298376609757,38.361374684158285
0.330219112656584,21.241178486061415
0.275296041003888,23.677097640467824
0.323589244648859,11.800233427164027
0.298456583570353,22.81056316851274
0.292828595805829,14.85890730140938
0.275964329281117,12.76458503199222
0.298299878871777,12.439829354224566
0.310208377183751,13.161842076801273
0.298159716359953,14.584508206670701
0.277521966880703,21.027223038840482
0.301294841859478,15.451966751404946
0.295961031901994,23.92409337785754
0.288991804678163,15.013834909182913
0.298438355011155,20.845630845802315
0.282779929500849,14.2296224895089
0.299819074696304,11.848298661825252
0.307486973605535,25.1262252839606
0.290383804301982,13.106705038627402
0.298057758364785,12.425654421424916
0.335060012634239,37.15186292961621
0.321094736842105,29.220985013831456
0.31457805907173,17.52404360008938
0.310250126753422,20.590584264688356
0.32403655487542,23.70862719628481
0.317090517241379,17.841766070474495
0.323634830276197,42.334125896789786
0.316572601334017,31.390063563104842
0.291640292020087,18.800083444526376
0.324423924093528,21.373084404157527
0.314662756598241,17.408107699040023
0.305157111008287,14.56148995810726
0.310194215927402,12.426429143960535
0.308955412403688,25.905487538522152
0.312439588148771,21.37910464285928
0.302277693730039,25.767234173861972
0.314450745641672,13.136235016952828
0.355846258735299,11.615977357513843
0.315715366509751,26.776411466132657
0.314422751859364,13.077410611703579
0.314305479854094,35.922902654010244
0.366799373173521,24.755256756083018
0.328393037336024,35.22616120311133
0.320860941492356,14.680292532539891
0.310790273556231,22.028989254289897
0.316109289617486,18.620090418456055
0.300826410893209,16.981713073649914
0.301576652130158,18.13239876155702
0.314497091307647,23.87241055196006
0.307377565151706,12.721136733491697
0.310674511451986,23.674264258814418
0.32680691082668,17.179741750941915
0.31421651221567,18.748322674158786
0.32390491789509,24.213441800826892
0.330569270371777,29.540528049585753
0.315592043213581,26.855424183936204
0.316060010865477,15.670013546894033
0.302481076534903,17.61635363356113
0.316531244764617,16.714435682742103
0.305,19.891359982735732
0.300802977709004,25.911345130465012
0.315746549560853,20.804902938803124
0.319791535853322,22.41202379250135
0.312960700897182,19.43409634722536
0.359519797809604,12.559367343529198
0.30860409398512,21.217407745161367
0.314525914369908,24.707899997394
0.318027709179189,19.612095275999536
0.330496936691627,44.56816237756056
0.310542270124621,24.92358149712426
0.317597199966265,11.738502171305012
0.285659163987138,19.741342127014608
0.325555650174572,35.224813868924095
0.325904250638036,19.520954425778832
0.311453839516825,17.361799513448734
0.314013113651648,18.705079956939247
0.241991833985773,17.747785990398288
0.329683493758144,39.850115098850345
0.322056145996528,19.88227986019298
0.33142403569743,25.27766850835592
0.33436512680386,34.748566328035224
0.327962205255832,30.965775155366625
0.301735367032228,17.538394865289963
0.308758009080494,9.973480895230066
0.290600655570218,35.80849314561859
0.388217204482265,39.60891412562337
0.290752877909419,43.37160352418047
0.289863951326686,36.54023317262138
0.391338649835814,37.25875537107512
0.387847541120481,42.90134302182327
0.387350188455512,41.086094512484785
0.324119025696828,48.00114276599489
0.323737988334522,43.02948935592009
0.377149415692821,45.298724090335
0.38722669735328,41.445692555274654
0.385943121466507,41.65001466514764
0.387976165141519,37.621490198744176
0.386780383795309,34.047538487592774
0.384706730565334,40.83564872876862
0.386061853937306,28.73007797245633
0.381825028241496,36.245440873571205
0.358863198458574,40.89644141188782
0.37683165786335,36.27337836642586
0.38652783680408,41.04350683934381
0.383749789668518,42.679577145809404
0.383333333333333,40.68482238082902
0.383269733739227,41.74018379428855
0.34444159068533,39.62758817256568
0.361736266520289,30.446368894081047
0.385011393366529,34.656625936581754
0.389463161476944,29.585928852463535
0.348846960167715,43.65140446068492
0.390375685943436,46.56099701570085
0.273913043478261,30.276757232251533
0.303199183187271,38.44512285004735
0.200004301630318,36.51206665743382
0.379647580888372,31.895582099603622
0.382074451986683,29.056974446459847
0.374444541256426,34.566910989093124
0.393557242740102,35.86334893488221
0.344836499935375,24.246616250861173
0.385937431055024,37.09157445515675
0.291335470554653,39.47906170280622
0.389511667067597,36.194593138633174
0.383435316582042,35.93546676186948
0.394995880490872,35.90565094460366
0.387378723768004,40.363778490146025
0.383209296252775,33.30082293511615
0.388343114740155,38.12527399466274
0.386599146621653,24.79804440925268
0.392825092944746,32.43912584692525
0.234067948335394,44.499877834555825
0.388177236455271,41.483926736995734
0.24151636892042,10.41050912235533
0.166826902980395,12.879676389293785
0.194278555021925,34.86541439009733
0.277556968733439,31.816980291640974
0.28448999425719,45.93990118683896
0.387377788919529,47.05988803474269
0.347263346792284,44.258688227365674
0.309028215802531,46.349870011452694
0.28741739017753,48.551103916103685
0.369382435784252,41.36810710982274
0.264749231481871,46.0573308853648
0.287236736588866,34.69634805514722
0.385189583510052,40.35564871608818
0.386057973435803,42.049746524949654
0.288057155043719,38.774083735664256
0.325374138220952,33.44218183273582
0.289948285602538,37.976284188068874
0.272394802512693,48.86880371102665
0.273691172078338,30.207408307527114
0.272675545814718,42.44411285265628
0.391335678860582,39.64471149658869
0.227969590053763,16.85681218169782
0.289150546677881,26.81986613183057
0.388368955777581,37.28908619995975
0.389235832735559,33.742902089767654
0.283954339866466,29.349228357558356
0.280822212656048,39.33579743428397
0.161342524484049,13.933009413591506
0.291807270086711,31.39036109536421
0.277939317319848,35.171337233932206
0.376660461968018,36.55384996894719
0.297313133004101,38.859843230195715
0.386096166778749,44.70362168500531
0.386407931531226,42.725274891282986
0.389127234490011,29.15133330377697
0.388984509466437,34.2341098065431
0.356813029972294,27.293047718284306
0.385888721047331,39.277986657191356
0.371132484998085,42.62553559618025
0.359146059868172,32.57136754357998
0.2882082242675,40.61444631926222
0.27197388247112,18.507240331656373
0.389685359045927,34.74367895685183
0.228385744234801,20.638939018048475
0.30047619047619,39.21982406018712
0.287736247046912,42.19348905818915
0.288895681411292,39.97710058596195
0.386920806058272,39.994409318895464
0.38477167993297,35.29288856584806
0.333284185693824,31.934295878210182
0.37773959686544,41.984962686591835
0.377099428955324,32.890333153986575
0.236413845440364,36.56832085279203
0.387911810493542,34.25302490843454
0.296497483221477,31.286273658818263
0.218996249631284,29.114297493886077
0.288329764453961,31.33293688376739
0.279743771647957,39.52225589095288
0.291372647849462,39.21296227370939
0.283021630894105,36.35229931674569
0.381882659056572,32.86220802139296
0.376477961144767,31.27829851528484
0.295752589375209,40.74744717829045
0.388387258590419,44.25283747211212
0.295027136185788,35.38691998006696
0.38261399966347,49.174704618550926
0.381623142161391,36.869444670533106
0.278936888581075,33.350671447135895
0.292584542072483,37.492839430451966
0.231113847721772,15.784532275263082
0.385555088309504,30.331160187732063
0.323202325287502,46.39569664925881
0.285799957164275,34.878425649059295
0.247247374909663,17.398232404694365
0.291849832952347,37.913283477108415
0.288316447510239,39.49460484060841
0.297376154492023,36.58228480928538
0.297417781142232,39.81665635028161
0.247116312235225,17.843630993738397
0.30970606893635,43.89941690020971
0.307621454888184,26.46491242312659
0.248263518984105,21.376787543476127
0.204376183463076,24.08041339856172
0.225763166722576,35.974642943455216
0.288369431611071,45.05223272849595
0.378015000426148,12.821490494119093
0.198025058398811,14.2918859136486
0.195744953267039,12.245523386394517
0.350659425911559,18.43233904350408
0.359037162162162,21.879738835757383
0.378737897352412,15.302059720283765
0.309859453052239,20.938116000658372
0.298378538987224,22.685454646176634
0.358080722789834,23.796622296742395
0.377721257059102,18.280873591636034
0.377664644714038,15.082014592749358
0.384073882717644,14.162213517473113
0.379993098093348,15.343279188849591
0.359780417720976,16.701406507556946
0.377110175617638,15.36153645706007
0.359032421908067,16.040150347923184
0.350313479623824,14.953614093140967
0.35508744723012,11.220201035506514
0.358168221085658,18.759078701199513
0.360097013020168,17.426089098582093
0.358048908068524,18.398296549048258
0.358295030786575,13.3074008284996
0.332554112554113,19.47354188101448
0.358604194251057,14.576201638421253
0.37812740158825,12.887394592703867
0.379093686792615,18.221466126771347
0.333241455347299,23.08061714620777
0.378885567890692,25.01661322614889
0.283492104359767,16.846548632109638
0.212615516870836,13.431605410534605
0.281029527044683,12.659213045719016
0.367009455749706,12.632690789354724
0.371725917180463,13.664546301159499
0.370630448181738,14.380469423488448
0.358616952091914,9.264193201062449
0.305940249107221,16.058344390547894
0.356661459495648,19.426567246183094
0.248801704242855,18.110388455115128
0.356069082948188,14.868477465801107
0.357738016927597,16.00979650359621
0.360810277546367,23.987526804148107
0.34958066747363,16.66993742865592
0.361056105610561,12.993211289934917
0.360994066557744,13.713808856630113
0.359115237057737,17.94796675789661
0.360320476828057,18.908058093526293
0.257953957578893,21.545469567408066
0.379009985128532,19.377822846604175
0.278432133920097,27.604120965623057
0.282680569684639,26.295905696348516
0.256868887854028,16.13672701117307
0.253090827940192,11.48180020606996
0.271969798507796,20.25154881739095
0.354313733778586,28.589318208591003
0.323071334513917,18.687469400675013
0.280334283162506,17.260828297889468
0.266432130058561,26.89091054953939
0.342563055591,16.175963009109594
0.260317189631651,24.796774553153593
0.266214081379958,15.427880658744169
0.358858343697731,19.331434700388247
0.358274871101344,17.98424797379426
0.251314881876186,15.29701752512725
0.287415110356537,18.58759994522491
0.265150516370029,19.673238860731086
0.25658324265506,27.05928721575168
0.265784817228432,13.033906775852643
0.264067695455708,20.67439068874154
0.358230073318184,20.9313723030895
0.318293980004254,22.794254415250716
0.261385380788366,14.576600332242984
0.358672011599642,18.503740328623472
0.366285275156897,11.935283660711166
0.221990166644911,14.92736597488005
0.213201162639365,9.984686567113604
0.271981417551038,27.853896203062632
0.245810659065388,18.796060062576796
0.253336460154351,14.422268957854923
0.339478417266187,17.5094052303036
0.237935997290891,14.400544535284844
0.353365078015391,17.298596270405117
0.359644234890699,17.608148671451687
0.353914893617021,14.166713395613803
0.353197180706522,18.563471767346126
0.304864589523729,16.033344835225783
0.362337607200475,20.37551753770449
0.369177787343952,16.006725008526836
0.350477808451901,10.583012609317421
0.217769811803866,17.827045819865535
0.271905689129699,23.88006534475982
0.379332477535302,15.01897643458056
0.320721447994561,18.747185992276087
0.235117876044264,15.555566320046552
0.237259584630475,16.58155774794353
0.228880547582248,11.71571481861723
0.360351393456811,18.600693922502717
0.363931160188207,18.384828417003032
0.30074531516184,12.88914075122976
0.360216193302247,22.800747650206556
0.364713375796178,11.963413724419887
0.272932844099326,15.431983929790503
0.357027291693277,17.308107563075648
0.229331919406151,10.559999859082627
0.249882784195047,14.93026478416307
0.232881458703279,14.921738466627108
0.257777871585968,17.286258759183145
0.221813933729822,11.841566543339331
0.236260946820663,16.85239571156771
0.361834005518998,12.454196611070754
0.354788268109205,11.036939800740111
0.228847209901576,24.777832214988567
0.355689939527213,22.94089060764838
0.242364301514378,17.00471073444678
0.371617597004765,21.545848084698484
0.359985558953449,14.75696982341592
0.240773171052056,10.0074469800368
0.232673685990951,15.872287999554146
0.256911303151468,29.297834999992517
0.354310271466258,12.262800815728893
0.271643316441681,26.99784203484393
0.275058325412598,19.538198451061728
0.266625193066758,21.81378864974559
0.233681404132415,9.087901232865379
0.205674839945995,11.145518261076239
0.227934621099554,12.748649058824913
0.295859750648909,18.45034448364596
0.290550010617966,24.722508889241954
0.221939539060162,19.05744158971415
0.302991711276118,15.668211778492099
0.287327397083495,20.955428626688022
0.252779552715655,20.02367718747895
0.256005432476021,19.150109525466167
0.234264535755602,21.584216903179648
0.374574418897903,12.437722472456395
0.380187642633759,9.429221960033987
0.329087728281277,13.913332341773353
0.318728343005052,14.809438072018368
0.12411227595536,7.253015089460373
0.363042932462968,14.08016291430099
0.368971162322126,15.089631739584497
0.324072141276667,15.593772919801284
0.122272321238675,12.03610701086526
0.100786963774005,13.745172871831794
0.10945601359966,14.246282979865127
0.12770120809937,17.858179396266774
0.324651083867136,14.084197466241111
0.122584566374649,18.186130725514282
0.314883020131419,14.37095274269355
0.166066644340255,10.583577752001618
0.287369048632996,9.72134890017539
0.315853243771788,11.763441111981336
0.313270501114991,18.458172953452628
0.315695241382286,13.306405014826716
0.31688540058329,10.629213998370432
0.334404731293392,14.196585791568923
0.221950705708869,15.936475708508832
0.129001010781671,10.712573408912574
0.118419935472916,21.140220711579254
0.32589641434263,16.7950929204148
0.116035709773866,18.12449900129665
0.360286939173989,17.163789421452805
0.37946010389168,12.097911334797873
0.374929953877322,11.46851556892931
0.143038738311716,19.884226877897518
0.144790900834667,16.71076152362156
0.135242156564118,13.043889312643502
0.333848399004206,9.3568706488753
0.353786801155222,19.2121409592854
0.316086879745718,15.224172584415976
0.370485104139204,12.889465718765214
0.306980777569013,13.223597261698059
0.331075800989841,11.133940561847739
0.327054943147296,21.523543469254825
0.323325635103926,13.16973742666752
0.325131733658494,13.886445079698662
0.329660980900932,12.749604201086278
0.30925248546239,18.655039040963985
0.331438584494401,15.308409718753229
0.37448779238518,20.050707567412406
0.127357499894989,18.292601544308347
0.378960438431238,31.34222839770849
0.39089422714124,29.274738874647966
0.391895851647202,14.395108531873817
0.373635117810884,12.963927974063685
0.298214995802589,12.738160289012152
0.333180070222371,21.656183945631263
0.32668911335578,13.086330278139261
0.377444589308996,12.6949315448382
0.343302625318974,17.183498057225542
0.336508136747824,9.811551147528666
0.382147073705515,16.73041674249365
0.359443600135089,11.445375496958343
0.340736498239362,13.491935355581822
0.319302277000209,15.689124977573929
0.367706688292287,9.044062330409641
0.36464378837581,16.159795419925384
0.372124874994565,12.871376888673389
0.375,17.474665533725208
0.379703583479264,14.770952760521752
0.377250685220325,12.481182229956149
0.33110771969986,14.64052426587635
0.369186413569595,27.783813035040485
0.371875263024998,18.99030640006815
0.330949970471611,11.589323059463371
0.326057586760111,10.715640939305981
0.377639858632877,15.061103941718153
0.369598000775561,9.740709265942213
0.388085501075087,33.25133661191962
0.379796598581318,22.559287034133597
0.382784500569212,10.017970372274387
0.320562211591381,14.768253003347251
0.377601004814737,7.952161962490022
0.323496027241771,10.247903857649582
0.309866915317454,11.308092844601335
0.325780526802996,16.417057840125192
0.327322725555229,16.405653252004694
0.32060972537163,17.66148853543858
0.306116028356894,12.871831525357042
0.15865895658829,8.930674937008826
0.329826992525405,15.228068227885458
0.383609949744499,12.077744876451051
0.381173809224582,27.630974819905582
0.122989573219638,14.17629580149213
0.365733736762481,24.48681860362798
0.378876472626473,10.748731061432217
0.374636183405745,13.834966366827832
0.374136574276471,7.2768158778501935
0.33198510529019,15.065966637220662
0.322046683149646,11.962914792447881
0.350743752897055,13.555205559912105
0.336967917802474,15.149423107591135
0.323966733870968,11.685809439987446
0.378065251340058,10.316384474391205
0.332842229331537,14.31646626097112
0.388326897246474,13.411386509392267
0.378210806023029,20.597298313438813
0.380379801097394,17.955765378396773
0.377969852603449,12.03374154056466
0.383413158558104,8.444477730977999
0.387900728216289,10.091679142067127
0.332899487782349,11.875622017271857
0.330073145245559,15.2097378996767
0.388963182748966,20.278709145798445
0.327680662428906,20.070431275595826
0.388657319691803,13.03840953698886
0.142070993488763,13.464244792952735
0.32258674283794,13.509833691747165
0.372655200797123,11.528341697681201
0.384922626516102,12.971309790604831
0.392677842069435,35.4527131022824
0.327317093693466,16.8382564393143
0.361792214357937,18.584116938117504
0.381858710562414,13.720400145472677
0.37833007064431,26.138654978654138
0.375456505478066,8.658256716816007
0.372078482104355,10.461976561280224
0.381651337617068,10.148744814865141
0.384940671547589,15.832986490726624
0.383531437691629,30.069025030115963
0.368431073876618,14.479166585072296
0.320060829335161,15.641981328854492
0.36469935560961,26.417252537882725
0.381116965226554,22.962449928788264
0.387892659163447,13.89645187704958
0.383967944369064,13.737497243922295
0.0745584524810765,13.141786868321022
0.352993744414656,17.38322311634637
0.354994584687161,17.753707722276157
0.376246408653034,15.320844932338279
0.298250375814264,14.444784070070876
0.297132091270672,19.046357764688967
0.356598509140882,17.495464219010373
0.375935692412385,18.45491761347361
0.376491213067089,17.35440225697575
0.381166872052012,20.428780745716367
0.377287039400902,23.44415215484201
0.354086426545901,15.941486171856992
0.373227917121047,24.425179194688486
0.358335768861425,15.966318824767487
0.351034482758621,18.49411888408915
0.351663762696018,14.606210263019554
0.354235563469855,16.176261471596785
0.354983625829205,16.56168985089631
0.353110747784184,17.280526027593595
0.352875727490585,11.632820100981137
0.338062475962566,18.48750041934827
0.354299195349033,22.106947750847485
0.373468098547063,18.050918056105107
0.37712260146035,27.09407575863868
0.33091373106853,18.713074390732608
0.374531440845723,18.73369051037556
0.279589934762349,23.356457602488824
0.206582633053221,14.972457089054046
0.283205811554333,12.786828100542538
0.370793036750484,21.77822457534285
0.375587867282219,20.866143877427557
0.369782608695652,21.122119806403067
0.360338184931507,12.597109998876439
0.316104063642227,23.42590645026876
0.352781815779041,17.4303735691935
0.253373641780582,14.01050584368629
0.356456571867794,16.175013407509415
0.356252164877035,16.245177719797518
0.361631681454231,21.343657370879324
0.358255119453925,11.496721207125187
0.355244299674267,15.66395761517383
0.358303632043449,11.163730725791561
0.35803191240466,24.863612663357117
0.365554276946682,22.341210006053196
0.239363512593601,21.737731230311727
0.377629704132093,20.02678446656902
0.259233955335411,35.382358906815256
0.288689107254861,33.650609281519685
0.244823411538783,18.5852321997573
0.256456588805641,16.756111094865638
0.273540821724564,17.241216329181096
0.352687320185131,24.681333485852413
0.328175385166607,16.41649332064526
0.288234060402685,14.38589919136396
0.274914830307473,22.12969876865613
0.347501363655436,15.803735815986757
0.261723514320562,21.336493431884993
0.26875131606654,20.610846024108913
0.360706728734659,19.081036512521028
0.354375,16.191434740463386
0.252915389853592,14.744512822307708
0.292004027352435,19.62959034627432
0.263621377754642,18.057607256625566
0.266536380036079,21.38680902834935
0.269348724283341,19.777927247053675
0.257643298708945,16.74433780736118
0.357598951285521,18.494847097455565
0.322900923593619,31.878362878615956
0.262199471321277,22.94191870645777
0.353662641477679,19.22934197778109
0.362206216830933,15.667183635011948
0.237256081836156,20.109615853520694
0.214619908142679,11.291690827715664
0.274055235613099,35.78832867439359
0.255272913204653,20.994143097798183
0.25110419383334,17.786344654165177
0.329259540695711,14.004558243564201
0.243540510080561,16.936505208520458
0.346353839057324,16.5745380247604
0.354331374455672,11.839412833378649
0.351068295344835,21.20698526899828
0.355455991960472,17.47214229624796
0.306344221105528,23.058945250965884
0.352696139998325,19.46956741170258
0.364115198368873,13.37364793107178
0.343840321702342,16.7646279997574
0.230584568733154,15.3546931984665
0.280900050142069,30.64841298803072
0.373791735258115,21.083932303992608
0.328736114022218,27.82276893287777
0.238553904630269,12.981659248943883
0.244782901380007,15.372070563595738
0.235510719888443,13.192188255463298
0.362668089647812,13.05249539522054
0.354379074043122,19.84942708739526
0.311683126707291,16.11070093662348
0.364039305874974,20.303925229947396
0.364112447107126,16.365653099324653
0.267799250557871,18.061244461699417
0.353180768423263,15.903015332231522
0.241828150504332,16.848703557319183
0.240630914826498,19.95026253343474
0.242840044455843,18.691636174067813
0.264921487775418,15.64559849494303
0.242763791731245,12.399354883642793
0.243106253389512,17.54834987172972
0.363090002931692,16.07654077481508
0.345377590592552,19.48637016548609
0.243894815802634,19.407701483974506
0.35715179838104,20.6450134952908
0.242517106754544,16.943260411798907
0.368576826196474,17.634685857005245
0.358205203401902,19.33104179322515
0.239191465468838,15.826962382843986
0.234277254149637,12.290955931108192
0.263956053279036,36.626900488616315
0.348468317247167,19.927311439741942
0.274730121392868,20.670828091615885
0.282592893487835,21.290518620502667
0.276891077341031,29.600034251639748
0.227591804501382,9.485401485615482
0.193154454764362,9.677727414704298
0.230421308317279,15.29947964639767
0.291787317973897,13.116123925232706
0.282419422352449,33.34639284376126
0.189552679286648,14.909805583595032
0.310654301465875,21.00252074638659
0.283917780236616,27.611386562349992
0.231410687279449,24.84548260460052
0.266765802370879,17.53155448562866
0.230674898511502,14.138428414928484
0.357210078282072,13.155139892870034
0.363586865471603,16.13703301348092
0.37889280706972,11.507201590849496
0.298605862097926,16.677549135843417
0.292766620352827,15.87343410927113
0.360421290673814,17.000642821884593
0.377661393758016,15.66296249192131
0.381715808475888,15.473837179442958
0.385177274668945,15.310083401016342
0.377979374384869,18.07298065235975
0.36322059136354,14.702629355603245
0.377609548310911,18.13544732801916
0.361749023888492,12.182336047349464
0.353405891498928,15.479233116172539
0.356678916331937,10.517912379696615
0.360007671980223,13.215997153471669
0.35980164591686,17.28629536441165
0.35917564119199,13.69159939456048
0.358525048376693,12.515537593645693
0.336538461538462,14.467068829731616
0.358858668022369,17.172404479138933
0.375047643247364,13.009314017408446
0.381331342009814,21.15402315915923
0.338122685964322,17.299652653301134
0.378075636302037,18.636671354169078
0.280026387470208,16.593548706135742
0.198447893569845,12.404218935169068
0.28196203899866,9.639688697155616
0.374724419660226,18.02315613490691
0.376822283929191,15.21975740917428
0.37223581854733,14.728776038774885
0.364226733184242,9.956654043093161
0.319991355089691,16.476116516301836
0.360069920785945,14.661373625705602
0.249196283084511,12.083811202495085
0.361705209288852,12.352614980087349
0.359731952482486,10.943563450313677
0.36670435765852,19.012772910744342
0.36456635497984,12.125867592568333
0.360685439860293,12.034372020319934
0.364260728606774,10.617869712584517
0.35867418899859,16.90157036119697
0.367969821673525,16.324786286552868
0.244353665839678,20.84737376964918
0.380878139221305,18.58602914988811
0.268141441016178,28.84930784365741
0.288659577151024,26.0700937778517
0.241901644847264,15.107946043470587
0.249280623312232,9.831176457838326
0.271045635799734,17.450510622868308
0.357765667574932,21.992110842491208
0.329035016653164,14.86556592084292
0.276466124204224,15.804623561742039
0.273164600849441,18.93002401709796
0.353620987810536,13.617931287235985
0.251131413103244,17.890555033889488
0.269310534557921,13.9010443996542
0.367022634445201,17.24527747151184
0.360087994971716,15.18852606230997
0.24822528224427,12.112659938741174
0.301839041673697,13.857847218617724
0.269596510359869,12.297336825042052
0.262592256894989,20.22111671823619
0.261945538619627,12.694328232086438
0.258020203727968,14.01795086493515
0.361274134558136,14.852413131323347
0.33006839483239,25.25090265865402
0.261399586619986,16.562160086730294
0.360335786179481,13.145398150230557
0.361998136540742,9.806365546146587
0.233415392588754,13.820310397286653
0.225303180700013,10.21340730053266
0.273778322624281,29.952717698570204
0.251328191945159,19.232981758787897
0.248171170028331,10.893747221306674
0.340663072547438,13.121448920732066
0.246106049792183,11.931005318760157
0.35298457128404,14.582707121174167
0.362110005950863,12.126423167911401
0.358059342421812,14.389095472288028
0.362108897966059,13.589769494206982
0.306505263157895,17.82044075194709
0.360517009093971,15.866861785438875
0.367066456101413,12.919151540397417
0.339819728750737,13.215890938266925
0.230783882163718,13.13919206216445
0.276230093701416,24.734488275695064
0.37827341793642,16.4562730566893
0.323281493657015,22.378738606722262
0.236690116380059,10.70487690087458
0.241688520429744,15.62028783935968
0.234069110497964,10.402261086674212
0.367166037087912,13.161696275757075
0.360783160371413,12.884754357962706
0.309598242575303,10.010474177693728
0.360795693498192,16.581803693621122
0.362349968414403,10.756718455586231
0.264761904761905,12.199689291853304
0.359171872361979,13.864998780156098
0.236199932682598,11.996012183905693
0.233675885984945,17.983622249394923
0.239147236892954,14.429205588675599
0.259914569286821,11.096538056864292
0.237221052631579,10.943705097888763
0.240757060724327,12.362657685949058
0.361762600530549,9.480435385227024
0.353429481804461,13.32730074069233
0.235353281367865,19.429323747464636
0.364166456917527,19.758203242941395
0.239196488858879,12.718267313434685
0.372472455570096,17.518823266172262
0.361616544520259,15.437575482525181
0.240824392998306,9.343892895135154
0.238142168169428,11.375684605162093
0.259196112697669,31.911540000852042
0.354385520820149,13.999440151263517
0.275337837837838,19.958716573768356
0.28511863823934,14.537181004143207
0.274812254650964,23.11153368656887
0.226685764654033,9.16629478785593
0.194153992395437,11.844525035074271
0.226543755524687,9.246193317713264
0.28645525849709,14.825490358713695
0.285133883462445,27.057784963174687
0.181785472400948,15.10703867126345
0.314108347295614,13.808993711093077
0.286166481307212,23.602462395744887
0.233185466835657,21.680412200452675
0.262120382460722,13.410514257543191
0.22759148285095,15.590124641477304
0.165877478543948,10.050451995365568
0.332232751597273,14.139707142803577
0.320152574698029,16.13338714436176
0.322948102180474,18.724710542008047
0.238363982244769,14.55990842598475
0.331556687238358,17.96581467448887
0.329544961610203,24.03229637682088
0.332104832104832,20.688732539052122
0.335901752568419,23.70118464499587
0.208192078273184,13.18255379255024
0.328480204342273,21.114041821316675
0.225042372881356,13.310925818260845
0.334471496437055,19.572934025433177
0.243599689681924,16.531557200567466
0.168487376887016,9.678393474399199
0.232358076742899,24.40714410694711
0.233951155691234,12.28238872261963
0.234103042666782,14.515857065383399
0.284076626359814,13.045018328980415
0.300983116050438,21.78563133673972
0.333639627318574,19.08737647887297
0.331574413094982,24.75779757787496
0.276352671366687,12.916521657742454
0.335086144243512,13.307412585594506
0.363739900292247,19.513193520157195
0.3526395173454,20.657621306975948
0.375054542281176,12.814467197356882
0.339803707742639,26.048956910008837
0.33638313706606,13.865158120413831
0.328590965237339,19.54468851292644
0.157505101819287,15.07628119133134
0.232855212102716,20.34629990352965
0.208759319612483,13.839332693274617
0.354069431479753,11.32346612776367
0.152291170610817,7.25616252150963
0.18199569967967,7.6254131273210914
0.155791226609404,13.057232161139014
0.194816704132803,14.662715184317081
0.169252747252747,15.230266610973311
0.172695599810745,15.09494393815606
0.149079638480102,18.43683367016203
0.1786084477844,19.246650951703497
0.364707914166055,26.944907285885744
0.336657876828853,26.535142761157278
0.381988385195458,29.799512354233745
0.388530572410574,29.070298476255672
0.382805544957395,21.09205992732941
0.359343558556544,12.599302279981377
0.345231168598666,20.710138324541088
0.170684259494206,23.297990585968783
0.205556312752715,20.951143371657277
0.348217707934074,20.678965768405845
0.354366382140512,17.45883261045831
0.250628113954776,15.697009662452144
0.372390385518507,16.030608415456857
0.353745566428785,15.70678064287218
0.194164342415791,19.39374740512134
0.169148441135412,21.666277499132228
0.356600025907854,16.020552255125466
0.331246806336229,15.563118495350158
0.345005942686094,11.657815717687415
0.366447311078184,19.527125712858265
0.371358803699542,14.275417017211339
0.363201707577375,14.00735450838098
0.180960144150328,11.393985534936526
0.317067973577669,28.034414316829373
0.358290023004175,22.724816477556672
0.167910288662431,16.73200428571845
0.198782051282051,12.76889221841631
0.358709874389393,18.786432620678326
0.353710647946281,13.734623524455492
0.380057186753158,31.769141540297102
0.355940636898581,23.899267365755538
0.364385433121291,14.818986455588277
0.25866649526503,13.268736142666963
0.35299105439437,16.366390735338303
0.208778349857453,17.54221858436492
0.222939637050066,13.889513105012224
0.205351441100089,20.356282716696356
0.191261475688541,9.591880127374477
0.258458726515345,21.154137969273737
0.222951725310216,13.450067057284299
0.332923779962062,14.714050894428253
0.241694281587221,16.779662090897737
0.361132495081687,14.884820070039515
0.375917363084885,23.902731298828844
0.338574917520031,21.64981052619383
0.314164751936005,23.78742141661416
0.358795687615041,9.96692928798595
0.360057250277707,22.32108081629014
0.358314542158553,16.234336562890874
0.185396413912292,11.853233081185703
0.217857900318134,13.945180925692206
0.291551157930652,16.52749624219615
0.225382885749438,13.137236279236996
0.217009608026528,18.051501979599696
0.372366790582404,12.164279996605064
0.168724455040872,10.948106331551811
0.356544836379091,19.407871507423987
0.371826057269662,23.38599783091703
0.359733611002647,21.098095551965113
0.359139148450383,13.236891473007075
0.351754311443378,18.19987635988639
0.357315367992882,15.768529851071234
0.173720890702023,11.972054930869469
0.246942834172555,16.60949525968013
0.357723233178163,12.74461129198455
0.19462192696653,23.61881596651923
0.356330408111102,16.483120787214926
0.329605010865397,20.759391079560416
0.202929048165625,14.621015689556689
0.348177871332719,17.861566421927858
0.352358370734186,13.214989897742022
0.380490956072351,33.03985177022015
0.211561382598331,17.01732667342858
0.338837685611879,19.307229304640348
0.369945331482124,17.756407888505468
0.37376632332026,25.478664330765525
0.361532642072004,14.23850281736741
0.347587049480757,17.259002239512302
0.356811803724807,16.203635880832095
0.355277730448117,14.568549973116301
0.381650010631512,31.62277238069177
0.345926497044462,18.08135545253319
0.351233577591814,16.525961356092502
0.364089829410495,26.060161168303836
0.371922863603396,22.261366610614388
0.374564163619355,14.508983843905956
0.364495211920814,15.621171946173671
0.324552934262446,14.159646904169449
0.315458656598764,12.499215731730363
0.331391720407739,16.066192851766584
0.213018118639861,12.096037392069283
0.323488401571809,18.819206164313492
0.317845918627368,23.81248574490231
0.320242265648082,23.59613841797707
0.324448296271244,27.89411166176758
0.180013444813243,16.11801377445084
0.317456681106298,25.97234200604125
0.194629898403483,16.089062727247768
0.330178104371653,19.907436954697552
0.230157054800304,18.506536783457456
0.119450762362059,9.517784021177043
0.205433468162295,24.317133222498672
0.201342281879195,12.432656797875628
0.20190018704302,16.023335681303458
0.267078503799941,12.652253638133205
0.292783936414976,25.15207398580854
0.321869377850299,21.500762275338893
0.319992412746586,28.699197260460497
0.270923371010638,13.324937160364689
0.320865235764194,12.168484669221684
0.36893591955232,23.24232185620421
0.355189873417722,21.854593134103602
0.372313608203375,16.08062770854095
0.328300516806902,29.882913921710465
0.326073908942811,20.29076059602373
0.316454329518463,21.714197090658747
0.17694170632223,17.616212867730958
0.244725377978987,24.635003349842346
0.215898647761586,15.927250706288062
0.356113071126791,13.014175369240295
0.165402775790528,11.746145671520603
0.157349273243313,12.524133478446448
0.164376502919959,17.281176945463393
0.17773966802168,15.18515995632337
0.158177348399897,19.11552725934033
0.183046061780943,17.803805969511156
0.165381040892193,23.736920855876612
0.186044542298247,22.619900293923667
0.369142277110472,25.898228440490175
0.325701440346349,25.460019312952852
0.383463431189547,35.601794186464
0.387836490528415,34.04031942361603
0.383675585978013,21.915597452927884
0.363435254950061,18.320307394438483
0.345982045106197,16.90199612932736
0.112843846949328,19.297022060016317
0.211985768289971,19.239926535607697
0.354093713523428,19.012640250144823
0.362444292080905,13.996989392413916
0.24087423951996,15.235139347976997
0.372006019311959,12.12353602393213
0.36173996735992,18.380786670641196
0.179508196721311,18.523219821749656
0.119004262715722,22.15896155873146
0.358073247060814,14.918367822134076
0.324074845807635,17.518342016407264
0.348636304881727,11.692220644687792
0.373388817755015,15.77228785372295
0.373476383951244,20.276842698997918
0.372095938492395,12.122795815775316
0.181776172071921,11.442358053368396
0.321105318039625,34.05723573537473
0.367442248352931,27.68083871566988
0.176170781635126,17.61831953989294
0.195209205020921,15.659347009204442
0.362683124759749,21.504771904453392
0.353543979504697,16.003077578097944
0.384857978279031,38.07338376965164
0.359493456439795,28.212078870309412
0.373662878154772,16.00833088984583
0.238517679627532,15.604046701590594
0.353711156287599,17.734264812985295
0.188700070806781,17.402616186283744
0.204028057795699,13.74848505062298
0.205633391710449,24.421891205829194
0.200923499313615,14.78374815171499
0.243228061415554,25.164728221241127
0.199530125992765,13.621867796241206
0.32445260093659,13.76475481003902
0.236312198369113,21.14101097161511
0.366038920276208,13.55643654336039
0.37824318153514,30.547816281398067
0.322882172947143,23.503380426071736
0.315626171338137,30.49267130660015
0.362725321888412,11.500596289920162
0.361566446433052,22.98604632330654
0.36156944263999,17.614574454396276
0.191192061405369,13.70330065575851
0.198023502055392,16.715854859091845
0.288559498956159,20.869781503637306
0.217264872050515,11.092931280154994
0.209505576827035,21.474969975348046
0.373630051033213,15.082686048103447
0.177716620798933,15.413715268455435
0.360965568862275,22.850823336585847
0.3726592543053,27.073739135643052
0.361271553554744,24.842276874697976
0.365359152598477,13.121485201245761
0.352221158249719,18.779456167074716
0.363052042297325,16.836966157426048
0.178202995008319,16.899419205492183
0.222707694856291,22.008938426385303
0.363809523809524,14.306963107431178
0.199950271435083,21.077700485218546
0.361516643029949,17.763143202214753
0.319842362066808,16.521824238373828
0.177624734717656,17.124662801563108
0.351285242243488,22.08422106510152
0.360298383754662,15.255460583838008
0.387778761435015,39.59891444440872
0.211787753740986,22.487473861653008
0.336729155358858,16.48023085395038
0.367714528462192,17.923570498876906
0.382143309012695,31.068094165074417
0.362044909526924,17.065397018724934
0.346523652835349,18.548239533573916
0.359904286308781,17.645119998993763
0.35081939869063,15.943677330026095
0.380384567361718,36.84719803879312
0.344226899211806,16.7246839976886
0.355683025281496,21.429628121644964
0.366510291196484,31.810968213056963
0.376968709529181,27.88319219373216
0.381137649800266,16.662966319186683
0.36379295857491,13.899789483390022
0.366571260207088,14.237343631587427
0.371485859012241,16.10847642029249
0.326709195450539,14.352782761256174
0.0078822129684711,10.66472359121438
0.115720430107527,14.633963359111112
0.112067124983987,13.192705955717534
0.127109591967528,18.58633904702133
0.325231333418618,12.669578707888254
0.113052090357384,18.546168861565377
0.324084981068574,14.684105443890548
0.15445940260833,9.480670768175202
0.299687379555479,11.178104962684413
0.321684894053315,10.939815360685513
0.319516115387869,20.29272540496027
0.317868596688914,11.21881523433695
0.317680272402052,11.581157308542256
0.337215309768804,13.522905192357356
0.22115913805512,17.634616961484387
0.118393771421318,11.87792034937664
0.123772311896831,21.114738303036635
0.330480607082631,15.615405596417732
0.0981108951060773,17.01985428235411
0.357203823830659,16.657518187679607
0.380752780153978,15.897687846690879
0.370922323788069,11.939386858306886
0.156715448562522,22.387365526791655
0.140855777584709,17.51565266813396
0.110244988864143,11.94342967094501
0.335461329422422,12.178245619670662
0.352103826320579,21.06098974542927
0.325313761142401,18.18269658936356
0.376744699646643,14.805754217667424
0.309349908097127,13.416192905032077
0.337374618403838,10.977840556518832
0.330397628182769,22.47647272315185
0.326448590096286,14.96952247867335
0.32514880952381,14.232740739426292
0.33216469280431,14.358900505138912
0.309692003390788,18.905355436545715
0.33335480546251,16.51267276700139
0.374222336637062,21.732339244481626
0.14173244966018,21.113947862484416
0.379702160626668,32.933914522745056
0.388624294023434,30.73455760978134
0.388594276094276,17.252838862779676
0.375327617609169,14.352609471175436
0.295305143466288,13.840648687784803
0.337997982854261,21.533647535012452
0.329349149790267,15.03596371339309
0.374846755442824,15.0734008557613
0.345396452790819,15.638558572071464
0.344293145007823,10.003760769040166
0.379085244372854,15.737955611572945
0.364465755749809,10.341274856585418
0.339876385336743,14.884679139076622
0.323870317486981,18.010862824342766
0.367680494187294,11.591691657030559
0.362606232294618,17.915488481333078
0.369130890967911,12.245535081594674
0.373842091593801,17.856063188276377
0.378320387932884,15.31192856834517
0.37585841458245,12.917908724212896
0.338056680161943,14.788686723472091
0.368552447848348,29.53620258104026
0.37407470073178,21.10153684467058
0.336237229217008,12.0438085265103
0.331479988115954,11.9397746724618
0.378323949761802,17.753320618116604
0.371184899779211,12.026941032039744
0.384455651142094,34.619752090253286
0.381579512740085,26.182342361398366
0.382000084785281,9.835211615875101
0.326963183656097,16.708147521691544
0.375620843505346,8.652711188037758
0.323632597852735,9.160990795504878
0.314683824782683,13.686887926807072
0.330808935522085,19.260033603042427
0.328556352891515,17.23845864028687
0.316177091246729,19.839847187023167
0.312521093486331,12.8178561598431
0.142774788624135,8.941750192408456
0.327985815004011,16.787364232537364
0.384391714067408,13.042594184693266
0.381595014526927,28.665652276332217
0.121715134790915,13.720819292122462
0.363613317559574,26.32455024898856
0.382100726940321,11.7666850964346
0.37261430146747,16.913297799072588
0.377219194937599,8.733178753761166
0.333942783394278,16.770396198656233
0.324813676365321,12.397271506322591
0.350419384902144,16.834789175720697
0.338048060708263,14.082462542594333
0.326697348420875,14.925168128664136
0.376713491490897,9.421212103918888
0.337220129512846,15.084957421311952
0.386554444585074,15.811450285889256
0.380708077167691,23.597398141564586
0.377729916002585,20.739238251115946
0.376516264428122,12.239877519008473
0.385115729008278,11.084379355440994
0.38545523392797,10.933990017276223
0.336505993584332,13.232595436448845
0.328935759001723,15.958840555681814
0.39016090408772,21.434783421917754
0.335638901736535,21.015843797017368
0.386502158638788,15.541737289239151
0.126542166638499,13.66978283904278
0.326951492379786,13.56754686868398
0.374325030482494,14.656468957997124
0.38505360521337,14.448444240746053
0.39128854295856,37.6144022383273
0.333918375978008,18.792674282428194
0.368900372754998,18.967076649809737
0.380504093063335,13.832468465375518
0.377229755742824,28.266882514783095
0.377288405412576,11.571348436062015
0.371873238826029,14.41385662653408
0.383065366924083,12.961954578633685
0.381769334912845,18.32913115653395
0.38084279863193,32.594141965128244
0.370036561516878,17.415398817677723
0.323425519083312,17.984852043786734
0.36666237721443,28.88585004296227
0.378607450099589,25.23835170181913
0.386517186048476,13.49142462709625
0.384435067979372,14.861660146757872
0.213285839270091,14.543597248021477
0.31801966233874,13.425381347357682
0.365171157430944,18.623714484258862
0.36503341705334,21.611695707281093
0.366591928251121,24.60128489798516
0.362608032536858,29.685666885929734
0.318873571940475,16.83983355045598
0.36061706746827,29.141171236382117
0.325751590502724,18.516921979787877
0.349302809573361,19.788405047125842
0.295979686838764,17.92715642798088
0.317559863169897,13.041688322289676
0.320923913043478,22.87578337010763
0.317096691239499,12.248979255858101
0.316823664805422,14.082982682748117
0.320533015454042,13.215135133134702
0.326434323100151,25.99945090969475
0.355866812043949,22.171063883076314
0.364608427369934,31.573089200945084
0.306892528232696,15.039424875411378
0.360821067639535,14.002053101224634
0.312231035355666,27.02872210737657
0.321185329328652,18.51458161966264
0.316028441703075,17.196543718889522
0.359965746092914,29.29942147308382
0.368848583831177,23.92582456124662
0.361450216450216,22.902930764694432
0.319577080491132,18.973355734047225
0.333304779852664,27.015991954362253
0.316957627862093,16.73726649673576
0.308948057616761,13.901265152511193
0.31555140723722,16.56778565905315
0.303889439868915,15.24367119333929
0.315457209342411,22.479132151960382
0.299987253569001,14.60065773785613
0.319860732667272,20.718909133657576
0.318397024010822,17.039322125787205
0.326420282425316,27.313721946021104
0.321414922077371,24.823349914140834
0.304368108566582,23.27618025171117
0.369954501815753,23.535088715192828
0.330724070450098,39.857638661304264
0.333062635348992,38.10629418860796
0.325146612319594,21.519671758201525
0.267638407165123,21.50682428132901
0.310738431820177,12.477421700459448
0.319721818559269,22.22017085549134
0.300695404092186,14.846839822876657
0.284502569673672,11.162916988388625
0.307847601048065,13.97104564639842
0.302214793146678,14.328470094194364
0.302262253875157,14.497490157845796
0.271299131674986,21.258084809813305
0.321026678467569,18.610936203716044
0.317496886674969,22.016661309728434
0.291108378561737,14.501518491459292
0.296724188359169,19.524017638670045
0.281514601693451,14.438980119540181
0.30170201847417,14.97922544425805
0.30849032586558,23.46205185904589
0.284885668816484,11.702365837448962
0.303436802425978,13.118573278408302
0.326085138412645,36.84743611802351
0.315818075411755,28.107465431390835
0.318360848068382,19.156281854085066
0.327767756009565,18.801242325134652
0.31111396523675,22.274555443684974
0.316190639318289,14.260536037247988
0.316700866870472,41.41984009597287
0.310224089635854,28.97069151184215
0.29867219569406,17.644187479788915
0.331602186711522,18.98384914720023
0.312991388992887,17.70310081288863
0.313152618828836,13.851254939292744
0.321807614555256,10.488196807220847
0.311901676351323,24.702784241540506
0.321289999582794,19.653844168667217
0.31883604505632,26.238945271858206
0.320744880510489,15.672444039862322
0.354230980674081,10.31991546559663
0.329556835252879,23.85837745151856
0.322090779427804,12.292619051668835
0.305979776122508,35.23267011713639
0.359834481599731,24.43379367370691
0.324969732392602,33.79375394215031
0.313113061435209,12.140538032644443
0.317659877629704,20.83051008303077
0.311026186650454,16.957105587879607
0.3133344672166,14.25283623863037
0.315349069564131,19.40256673339298
0.311534759134474,21.43573873409131
0.317077743521373,13.940200447787785
0.314143226775728,22.44571725485095
0.322554940446234,16.916027147603405
0.317923305315101,18.167511267572273
0.316984199774878,22.448327251777222
0.317478942295604,27.87161135907011
0.30886296879656,24.771045858116366
0.322685031530036,13.129407825928093
0.321005176156287,16.309127641718813
0.315774155995343,17.921738342503147
0.318581856100104,18.537552231902083
0.319823934889129,23.74492518466742
0.311062681610627,18.769698866898235
0.317133477393617,20.730955947789003
0.312824050844623,18.960244878290553
0.360119545226551,12.276884592159943
0.315473209814722,20.168641857025957
0.31003098373354,22.5752041568844
0.319069380972165,16.762554155770545
0.319706764693455,43.08492422912994
0.312442531137675,22.720549361697685
0.31783740790355,14.977046293141028
0.283454677055392,20.40419951279036
0.316511627906977,34.526583930063744
0.317414870830966,16.72192985176295
0.307875230301213,14.462704599647141
0.313060526425562,16.91290060318761
0.21924553496912,14.604987104757964
0.325221054387721,39.019667244182045
0.319313070164375,16.67563751170895
0.338025469568551,24.74047282638371
0.327235341501675,33.79021317096042
0.322303664921466,30.77937095676383
0.296822219442012,18.538381815406225
0.308990184100771,10.681759846437576
0.314197761970132,15.720028714712488
0.37129322797179,20.959479518174216
0.368722241202597,20.098547495729175
0.371291541106065,26.224635426674922
0.365669103893896,29.616887692274215
0.310246438686224,23.29170802671567
0.367449945547457,28.57727639547673
0.309250844207279,16.964334486496284
0.351035404141617,20.787688147967952
0.322197223755147,17.7829850416045
0.324183034202506,14.450554273683462
0.30650096403722,20.767067825570695
0.311874167347114,15.761080122232212
0.312117973926053,20.20255034768576
0.299910378968931,12.623648298851666
0.33987711989227,24.10591570841169
0.3626304274655,20.140575833193026
0.371963369652775,30.616828791224506
0.29834531171653,18.547836040479908
0.366811124668658,18.301100239739416
0.299217428087986,25.833012945006388
0.302553444180523,16.05488248065687
0.30992569686037,19.638402728575382
0.367904680120223,28.7439052674225
0.369748804343143,25.393858290885277
0.365572489253615,21.610059293310794
0.331217406172523,19.05847350689109
0.320791994158828,22.12106103662918
0.33150907732208,13.110863622431447
0.296492534045628,12.586608805113785
0.331421027364378,20.421109960984236
0.328821621621622,17.146946397379086
0.341043711358035,23.847136158698614
0.32488390917224,17.606877800645684
0.326528398490042,22.504062830407626
0.340198321891686,18.914964358327996
0.322978464988088,24.51075771304333
0.322803133514986,21.432369793697315
0.298715931799821,19.988452733698377
0.374911054371939,18.038375596789532
0.314277794362233,35.9725723193717
0.321746210697733,32.29048010219583
0.322696366745923,15.796079644549156
0.255931681119866,20.484838207328902
0.292307014839931,12.159154906590125
0.324288867602349,15.958799023591045
0.304945669185709,11.62871631066678
0.275332886692907,14.532522985741654
0.295769794089773,13.639534824943196
0.328683923933987,16.624251717591793
0.298046218487395,14.631060859200863
0.266994783779236,20.31902307489708
0.310550342378899,16.75586462409187
0.323770491803279,18.988559525988368
0.286640588460394,10.64836069818753
0.316019946362722,13.062757138096401
0.291625146224167,11.861355812042824
0.28963846120856,13.296160551651315
0.292845293291931,22.13445966642169
0.287970430107527,11.251936538712904
0.325035892238831,14.302047478359178
0.327007758439924,32.83196668213672
0.288961991367389,26.250723531361874
0.32997814575103,16.709129035969866
0.332464036342223,17.247133951249232
0.300983381285696,18.082907758669503
0.295731707317073,17.30575352969004
0.316917972195388,38.01386970154173
0.29759472115794,26.516826826531062
0.29252972564178,15.872200451546616
0.336966604823748,17.931792557986675
0.310093044602996,17.728499468297603
0.325673467677741,16.76934133301258
0.341505131128848,13.886530553524205
0.329071473485642,20.08294001074258
0.31010460251046,21.262631249830378
0.326651880989245,23.362892887903303
0.342419934777155,15.73856165515062
0.357379205022695,14.568213122855191
0.330390023434885,24.054603432884658
0.30467435207001,9.395971667636173
0.300175284837861,33.47750734861644
0.368237972762154,23.507114337659704
0.32382128799933,32.16607306905776
0.30839589265683,13.362610875555525
0.303304186985034,18.267998410438974
0.302730717303253,18.173423314056794
0.321798643981067,18.153857981426853
0.319483881743778,17.428376135459114
0.296351498866404,18.084052163929528
0.317498119829531,13.701291949341337
0.319193906164986,18.800605823680893
0.30547144419211,19.550007628583558
0.329481587115175,19.68788554465387
0.310127111557117,20.256675287927195
0.315158009749538,25.24613610236483
0.304551082269564,20.758456467428477
0.299409293231832,11.373062561763057
0.305911412542912,15.294191253163726
0.303447844576003,13.598542315214724
0.322345317725752,17.055861379524583
0.316516053804189,23.992234920261193
0.302914238134888,21.16686185197144
0.330805450227093,15.308252586307022
0.311556524656156,12.167673786811594
0.367221569942972,14.850907282074505
0.325913218126281,21.821438510777085
0.290519547769052,20.747302233238262
0.307559278243114,18.61945156148831
0.314759099961863,41.01085301632153
0.327500942961318,21.363345787634454
0.311154023760547,11.589758082255964
0.292743347712809,13.301111922485385
0.303260270487981,30.14806068532268
0.305716289672102,19.236136904177226
0.299484425349087,17.63396839097871
0.304007697456493,12.864928031398449
0.249497276916632,15.686471797147503
0.3128868997825,33.75942934619525
0.310449523488235,16.039962965932812
0.339194154845326,19.91974083677595
0.310061208875287,31.254773825822582
0.325780167163678,29.035228329443516
0.297381520056887,16.494178473469443
0.305987492605425,13.984040693222108
0.325968484643657,15.611258775977555
0.321693907875186,22.23560722866849
0.324331167187104,24.532289494600395
0.325951908042091,28.658098367488922
0.159633490248823,15.007203976899106
0.323622506351256,28.59654576550019
0.139944469769177,17.21407903304788
0.329832717612386,21.64589238826001
0.255234718000675,18.15888169730572
0.187889506484757,12.105247967223677
0.137180128365425,24.325187783641578
0.137837491455913,12.80381527690538
0.13779627899074,15.197018154828525
0.215358825276917,16.081392190393085
0.267745848496256,26.66884164439547
0.325713210072785,21.8674554775663
0.326102538156674,31.29329617712302
0.180809968847352,9.98032311320228
0.326186990169421,11.045528309112223
0.356286543557818,25.646809706548535
0.35213466081674,21.632985289049724
0.367321657411363,15.96546790769853
0.33425850804902,30.596241622025932
0.333211897822733,23.63552267615921
0.321414691022153,22.236905575588533
0.225606904468347,19.36726194920923
0.266498654478664,27.565326984976945
0.271517962630727,17.148819132677357
0.355429292929293,14.068142224880974
0.228673664122137,16.24898628973869
0.21623597196543,14.53821795978093
0.247517303641288,19.248942315185253
0.256652542372881,14.374971763825132
0.189085418464193,19.34914523309371
0.231749978926073,18.446681606536963
0.191537317594572,25.138601721079404
0.186454672481687,20.721745096035377
0.358206114940584,27.54209565763547
0.336760176475485,26.391501472685277
0.367263394561575,38.24170165720828
0.37421083236418,35.71700340765192
0.378966361109959,21.533315675535984
0.345311610388473,21.439399039247583
0.347213100398441,17.851713116814786
0.208542089354478,21.622366881613626
0.255702788029703,18.089792149132272
0.34916433959905,18.923744411700003
0.357090831191088,11.548622791023694
0.299774934355854,14.442817275143272
0.355823477788457,16.097858047311913
0.351264896508467,20.31440811249005
0.162737930165133,15.99276736623497
0.188180275628026,20.999152878634842
0.355376094034079,17.262312393203707
0.337931321886981,20.723687417685746
0.350982250560055,12.606155525323182
0.36563980031574,13.109364942194247
0.363455599272327,23.179228969218947
0.364895350294523,14.068559802413942
0.273513967653854,11.710348189520174
0.31973980485364,35.27275056581163
0.366590245935807,27.901431335417666
0.225472171151596,15.781635841561574
0.202514433938583,19.350211365326146
0.352854519834323,24.407094555507147
0.354382818837795,18.320596762201532
0.379113765452723,39.39111635679554
0.356864571864148,29.061617123797323
0.365391042780749,19.232481167645165
0.274883603875676,18.114592026250055
0.352810620203277,17.497994141326878
0.201191071131101,15.584745170916658
0.254924608341384,12.511607144435489
0.264769647696477,26.073636487934746
0.186060051567828,17.79019541700617
0.256416122457468,26.10480841772069
0.237672542823882,12.113800141369913
0.325655952079642,14.65969943117407
0.217957248606837,24.090054958024773
0.361064613324406,15.373723206887222
0.365019090305445,32.45073540115904
0.327443829644534,24.299895976623056
0.311495545007911,33.377150601085575
0.354473288993778,13.833340224881555
0.359051003344482,21.662642533937863
0.358806719778317,17.85603442574887
0.205903558250986,14.454520718090976
0.210466226595259,15.629317499363287
0.266864251127066,21.812483454228786
0.200892857142857,13.924798817318939
0.167221297836938,21.59646768807957
0.368576207401213,16.41316240625708
0.225674604829628,15.953828636268303
0.354089567133769,23.462333247323535
0.361799490158385,28.00503767842903
0.356248142329413,24.951910986058856
0.369864713913367,15.790843584058411
0.349708576186511,18.106908728085106
0.355626503026785,16.054267014710636
0.22118464290171,17.8099948723396
0.175973837810986,24.515005187940993
0.358133565188589,17.9528971739472
0.246612802983219,23.91576326622016
0.359389338449987,18.674767155333836
0.322180529497603,16.582134425857333
0.177891014975042,22.039122926535548
0.352122044371969,22.747729283762855
0.356832117998011,16.628561041574994
0.381284504193181,41.70717738331025
0.26981910636879,24.84769630362917
0.348130060939978,11.091328220623817
0.364126741420319,19.522709025104028
0.374673299047298,33.337871191471685
0.354393688431697,18.062554726460164
0.346222867885831,19.449904875394395
0.361544542920151,19.80740450721318
0.351279806569952,17.513058506153747
0.375868380548276,38.7058251693539
0.354010314032955,19.95979794957547
0.355143560992185,23.20826613140632
0.365017966603255,32.7739700597142
0.374707651186101,28.39203270025687
0.369315581443728,12.593879205903697
0.358619385740095,8.721051666128453
0.115814074266424,15.778079842267893
0.111891868660822,14.138296325723633
0.127445079747216,17.931483900384215
0.324880937057536,13.277196180178114
0.112472963229993,19.612576245796088
0.323657689701897,19.586252262115984
0.154634373544481,12.882695997168756
0.298686194270946,11.210259055305666
0.320588361790891,15.523568760011635
0.318462258531189,24.543244158547193
0.316624531427077,14.201907815078162
0.316803989592368,12.261588224285918
0.336669699727025,18.135905150368345
0.220879682904999,17.927344692147333
0.118505110732538,13.140237745853826
0.122023553683487,21.624475727755627
0.330320390409506,17.533286509571155
0.0972145439081438,21.643225983037528
0.357538540816765,18.057220918880212
0.379524813842379,17.964721316495375
0.370380055788006,14.142519077391844
0.154929884156432,22.630174429354888
0.139582149569474,19.650620220552117
0.108514190317195,12.364045041920905
0.334222858630565,15.008718432117245
0.350804517507522,24.386043345742568
0.324076552462527,21.2364840790469
0.376166148378498,19.99264339380537
0.307203389830508,16.853136023196335
0.335842844600527,15.655297055112754
0.329495109005571,25.04173232339065
0.325727756390847,15.07290672652369
0.324818321955516,14.004877478420314
0.330437026841019,17.74830835924024
0.309028436018957,19.23291453304577
0.331957470717898,13.465487869137325
0.373245822358478,25.50440343458503
0.139448410674826,25.371589663807086
0.37972463956358,33.7879129038011
0.388493022861263,31.324507361020345
0.388088783463233,18.94622696417799
0.374815642458101,18.06633899434796
0.295118243998391,17.96843736117252
0.337041109795297,27.524063002631596
0.328891209589539,17.58493879490891
0.374632963104813,17.786531773314827
0.344812497265129,19.451286350747832
0.343397591386868,9.924680449280997
0.378776241679467,21.060372064637637
0.363731477131998,12.474840685381023
0.339376126319403,11.648201609037185
0.322610643784081,20.86553268848673
0.366922778089524,16.645293727290177
0.360708054976384,23.290702773266638
0.368690869086909,16.399375658448854
0.372772816379874,19.23828141198187
0.378276830058303,18.608533841896442
0.375021327418529,18.560502037972878
0.336578462066304,16.671209374211
0.367030112014992,29.168195321893137
0.372674245327202,21.352632886508605
0.334911898971799,10.30507179169177
0.329722685125839,16.798213715299195
0.378050906555091,21.211053783903296
0.370380055788006,16.960367881439847
0.38465475327334,34.7777051828791
0.380033738483498,27.941560608659557
0.381153485197509,15.26148697785541
0.325035348558207,20.389571629433554
0.375142966069386,9.146674072573834
0.322045435208032,11.450803488555652
0.313387380431519,17.136442751804758
0.328961376314781,21.76700395519012
0.326756435307111,18.935404104653447
0.314876173484559,20.03191183995457
0.31098233995585,12.244570880192873
0.141325368516051,14.525622606706918
0.326952494263619,20.61352712199676
0.382913284920974,18.022346613218808
0.381129996185309,28.889743348499763
0.121346153846154,14.633922709914621
0.362546243143258,27.55336841551098
0.381592780795514,17.34483163056129
0.372342696149577,18.525157531175108
0.375585713022721,13.230409301199746
0.332683898341776,18.86515923663649
0.323246450519178,10.825715206972356
0.349520358132594,20.754690544873025
0.336579260013578,18.23905112253366
0.325883752549286,17.06090912433974
0.376158148669997,10.945316682979033
0.336109217924689,15.504235193867421
0.386131045904285,17.86849632751181
0.379599590198924,24.844349447438756
0.376842379053234,23.574475700611668
0.376494444679143,18.21450543069946
0.384944087758833,13.892262463064474
0.383252170230786,12.539080659576824
0.335337100131696,16.223056848858985
0.328096587304944,18.905327909376
0.388959364032306,24.866398605627744
0.33391171865081,26.875804389201775
0.386011245527347,19.349809397524712
0.125297669671713,17.066922264870357
0.325537428838474,16.797976669271517
0.373603015295613,17.253552104418702
0.384135246075071,16.89722055347612
0.3916515973478,37.93021798161188
0.331900587284024,21.992488162365106
0.368039566811631,20.170149805038672
0.380220304436446,17.195859454604726
0.376695225384251,29.670382467152866
0.375722800462592,14.411027250798652
0.371619853454292,16.966649205801804
0.381753312945973,18.2152438771885
0.381536365184807,22.723714331809415
0.380853233619444,33.58642480669517
0.37001540304638,22.66917321857464
0.321688626907074,20.472783618348107
0.364852617496008,29.388938612371295
0.378327077290565,24.79051162369919
0.386523014152748,13.033837996163188
0.384126984126984,15.785728939919746
0.0524955858920805,15.553708372456331
0.0984776403425309,17.403103802042434
0.32177982917781,20.126734633836424
0.114561987704918,20.447131963579032
0.317833581613109,19.648357475599326
0.157777115613826,13.439767229867488
0.281386687453986,10.897937563216258
0.315442479789028,20.633059398407514
0.31271396781924,15.509680791486037
0.313851959106665,19.393464671567187
0.314576611145025,15.746460251106782
0.332273242136447,21.397453881980564
0.222424892703863,17.16385969822682
0.11024212556246,11.80719578028696
0.112394731159577,21.2642085970227
0.323486755108135,23.75563023967232
0.110134990357832,27.037379633398928
0.359104451832981,19.561271343431187
0.381631945948287,12.795267962267351
0.370755750273823,17.99568249228399
0.146495838808585,17.072439921789876
0.139374505842045,22.92761786738148
0.125929203539823,13.30258210548907
0.333449674970551,14.109065656722722
0.34990573896269,22.247007804401857
0.320453524921419,22.806130152778252
0.373514165698454,21.855120827052403
0.307551050389305,21.916096740187793
0.329309736075558,20.670559915587553
0.32551371373137,30.03534067840716
0.321296578112092,19.094061481290222
0.321392197670814,17.150887752136605
0.330542937486481,18.003506800802835
0.31066526877621,21.550673882683615
0.334064835737876,17.293201431863416
0.372444772362311,21.17081985252504
0.130664104206705,18.826169881195725
0.378058869633371,34.16602583116003
0.387896867675261,30.71545402251942
0.387006851938545,16.781000303885317
0.373342920055723,19.173632206401447
0.294366070626292,17.2849693195645
0.329840149647139,27.22427067677131
0.327919708029197,15.881517124178965
0.375748759199042,16.86855078896204
0.34431164037439,24.44949582143412
0.336691478439425,13.681317845354261
0.378078078078078,24.729502651566843
0.363411911202714,16.740743046366415
0.335094681447612,15.723815850628508
0.318324763078492,15.374168752157267
0.368100156222878,14.826207433201997
0.362559343056328,22.39274681896045
0.369594056778986,20.299271737328418
0.376051340459085,23.550563822536933
0.380103370396108,19.93186463469289
0.378988677303139,21.631529138967025
0.331529239261687,22.633120921021412
0.366163129065389,29.148474386913936
0.373887176853279,19.76410457325574
0.33232531205765,16.076210356291323
0.327105613537774,16.738878838716275
0.375821431700692,19.284114633419836
0.368755477651183,16.612081908686825
0.384839525217466,34.841194079752384
0.379768836360476,26.03681010079914
0.382527020072054,16.364728506611446
0.322429906542056,21.291417350162785
0.379615040667717,13.04462189628302
0.320265070542967,15.635545022851595
0.30873032981246,18.72812969419135
0.327319808252012,19.716226938123576
0.32773198958022,24.897363272137472
0.318463312548048,20.106042274208313
0.306329762260447,20.55909474928856
0.154494746400311,16.179537191888883
0.325368353619475,18.987514284589217
0.383219516385346,18.446339458281166
0.384117246080436,31.538535663174077
0.109213405999228,13.59045853553804
0.362550737022004,27.759070261115106
0.38068807541518,18.95381024058369
0.369818930747447,14.48779544330182
0.376800320056899,11.639184131797753
0.330090537128928,23.615499744547126
0.319681213774292,18.933438993681136
0.348039425755303,18.09992714003908
0.334271579665643,22.493051116850555
0.322974069802213,13.710411170377338
0.378955050873653,18.221983669314792
0.334118251487777,21.987072590862358
0.389166346523242,15.077524957437973
0.377289691561924,22.45484332123531
0.375473835562721,19.166849317014346
0.379947341600136,20.22385784885978
0.384390223057858,11.048738984675067
0.387952320136228,15.166049030112207
0.334557567475231,18.511125913853824
0.3255888104753,19.575619561992774
0.38935645668622,30.271257445489006
0.332028923862186,22.425560096872708
0.389376552196626,18.100113827002215
0.139568191534844,18.04895184387966
0.318366300679284,19.921261222669333
0.373089627835279,14.97420864749958
0.385398945219462,19.738575610122666
0.391116301198045,38.28735821374626
0.327664399092971,21.410263045765582
0.362691747364813,24.137309102219344
0.382499128008371,18.76004099965161
0.37777585385914,28.705177865036266
0.379010246543469,15.091113321641123
0.374303758607079,16.000587950955843
0.381907080023913,15.6614355136649
0.3834003938019,24.18293733605749
0.381523874604937,30.68105795251826
0.368271589002194,22.34590784815951
0.31481642785593,21.321255383957347
0.36662617146824,28.663110413574188
0.375412505892941,26.917103531773556
0.38417367544721,18.970933965212783
0.383357777586058,20.83900432434271
0.0927339795830832,9.015612661580839
0.321987396579071,16.440463117869704
0.111899817773446,11.383868236482023
0.32016412165306,20.055600963369052
0.153517672924066,10.519278858854848
0.282054040099819,13.371473273333178
0.320061847700039,19.98724081543166
0.316938844943438,23.173041292521837
0.316615103054599,19.694569937296258
0.317134442134442,15.916932240103286
0.335570469798658,22.10992458708897
0.220388846252238,14.995868011501203
0.104777692765451,10.653992334463242
0.109662478020328,13.243927542823263
0.326557863501484,23.68888552487498
0.107445044432161,26.775626245238104
0.361472140007721,11.79071796855092
0.386701944587851,19.452946536791
0.372751818142229,15.46076842852294
0.148425265355838,17.280864989443238
0.142850909725555,16.577366326949527
0.123074560056172,10.256877428570544
0.335883653387663,13.671311847183935
0.354147615937296,21.68413344402359
0.326371862880578,25.601436586823475
0.377435965730013,23.551182905666245
0.310399261705848,18.04349527468307
0.334844900105152,17.801348366688828
0.327354358300482,27.527885449974175
0.326845811552253,20.714783449699667
0.323808895341164,14.12023740181653
0.33506638594079,18.110453570551343
0.313505203405866,17.45417020148224
0.335384814718839,17.020812358757194
0.377566425120773,26.01143292184852
0.133777419491705,25.220641524040484
0.380184232149808,29.826075813802685
0.389695917330171,28.305323939081916
0.390799492385787,21.54087284261807
0.375133880756873,15.340798817219168
0.294590610622236,23.10061694342613
0.332840424183531,30.068927645360052
0.332237289673001,22.784790951536053
0.380373315191972,22.529101698613495
0.349082167832168,26.552061010912443
0.3409564293305,16.235590981925494
0.38384484228474,25.34580388443728
0.36723115642196,11.37886250786041
0.337748628257888,20.521001141505597
0.322767970267759,21.203555342519977
0.371281365870484,19.576188526808775
0.365548897105699,24.413750009084854
0.373264804076612,21.07962346882159
0.377671381936888,27.775128555084923
0.382304704359085,15.012067329364454
0.382718943106755,22.930891081647953
0.337146039497922,23.762526986067176
0.369036482694107,25.86816078443327
0.374468356583872,18.278533483882832
0.335144464331373,16.639389275708545
0.33092880314154,15.782537531392144
0.378721274373259,20.088293829950274
0.373258749782344,17.356967807910504
0.390445371710806,30.73531550145746
0.382065898000605,26.627309029290462
0.386537969828688,14.427546215455772
0.325017117425539,21.56718740994499
0.382035548032163,12.286448381026968
0.323566906046828,16.396371240155148
0.312473219641786,22.003351977879042
0.330660598068825,20.21315113941157
0.331572471147318,21.05944287282324
0.322822950263113,19.594439553524687
0.311768199558799,20.766501503455313
0.151320592656216,17.686219242650626
0.328147550725868,15.348148577840595
0.386057035519126,22.30707124948013
0.385950798153872,26.17958045372901
0.105447105958571,9.90226470915614
0.364745575690702,21.985038803047196
0.384574980302898,20.20569708693437
0.37420029002815,20.12840413255276
0.381188993419019,11.795301602825683
0.334083044982699,23.37874370710097
0.323302697895049,16.874770151753875
0.351873935264055,19.375266926585518
0.336879132056281,23.56870490712212
0.324603107224722,15.46653261153647
0.380897534340073,13.47065618660208
0.336573640772569,19.73692568812478
0.390031813361612,16.019950679596672
0.38154305200341,23.2740283025074
0.379174427166804,22.36822671939401
0.381678906052165,21.041800923212428
0.389934168613294,16.179698517377933
0.387749058758831,16.956484592500207
0.335723985740961,17.180939149597357
0.330094626563028,13.887742324299284
0.393900996789998,28.66697051492201
0.334974848881938,28.11942947625849
0.390732703599694,21.714508919212186
0.140479021572957,22.721632902712955
0.323618069117772,15.149292935711161
0.376641568902119,13.507949094474974
0.387426035502959,19.122644894901313
0.39266374419804,33.91416129229225
0.332213480756964,20.178066878829085
0.36846923568235,29.271275918917027
0.385395449620802,19.669837956214213
0.380548864418445,26.510759050802537
0.382107134918871,13.776171129812472
0.378764764852025,18.75692601954834
0.384830864564322,18.297029343615044
0.384208063967336,25.880980299953805
0.38353780192724,29.559167777351316
0.372878094667978,24.77559778329906
0.317644767592833,19.726877686505677
0.367524684171948,27.125470409101055
0.37777825087286,24.16696051115019
0.386496690989309,19.575437926194148
0.38710092136276,24.418320437760677
0.326099089816246,20.72664182603328
0.119932145886344,9.295140569132673
0.319824591136344,22.66980285618726
0.1568706330722,15.647784326497515
0.283872914601026,15.579340099476472
0.323141100073109,23.91594198067331
0.318334752981261,24.666880759586185
0.321246236418379,24.39650080721051
0.322133958414724,19.49397204243607
0.337285931064383,26.41290830813673
0.217119576809863,14.59237157236249
0.0539525607841473,12.410393085280983
0.104335520391097,11.432418161823938
0.317361582880435,27.70218209731421
0.105844072987112,30.98085105740747
0.359012377514183,12.525339190933988
0.378263679448514,20.701492077095857
0.36986301369863,18.781966217434693
0.149701381925978,15.272541841241548
0.140080458262276,17.00223727410831
0.125010981287885,12.721458030413462
0.336467063268053,15.322026376477291
0.356226266858714,20.995841757319376
0.329866071428571,27.342192441878197
0.375038911371014,26.15345154184846
0.314766145909378,21.246911439311187
0.338272092716976,21.188840658918352
0.331072181243414,29.164662742320196
0.326840670042852,23.853239760590988
0.325135528229539,15.856281511449005
0.338155515370705,20.858022209549347
0.314669068841267,16.44437405955506
0.338659459459459,16.099686282074057
0.370691144708423,28.927649260937148
0.137009012072777,27.398461914359984
0.381407340006066,26.602196602343454
0.388605983450032,25.41422329228144
0.389884735994576,22.894116448077366
0.371284916201117,16.054545861112544
0.284253624485413,27.592106303314324
0.336442864999788,33.91900518536849
0.336800981238359,26.282514643723637
0.378049819033426,26.651051527262485
0.349627845884413,31.1735659446192
0.339529832630638,19.67580605058216
0.377698609096339,29.893395757755478
0.363430572758724,14.569341770291238
0.341781115879828,22.722994682623984
0.325829634326781,21.701148578236893
0.371243523316062,22.334397409841706
0.368202529489418,26.25137878464274
0.372914924519167,24.511223939570254
0.378396057738433,31.443733383008905
0.381905420593067,15.21308285499428
0.379997439945385,26.828241649400734
0.341221144769587,27.398815158155877
0.369566143879986,22.527053980000492
0.374978701652752,16.513098714513045
0.335809109147565,19.020238768949415
0.331950917097781,17.60972237930236
0.377834961618981,20.77911685783457
0.371588630220595,20.434219795330343
0.385201143295934,27.13946371348375
0.37985200571206,25.15747315758469
0.386085137269971,18.047844397882393
0.325899742930591,23.490030632403943
0.382242000423819,15.586720439453224
0.324651004426285,21.601207572090683
0.316131662518239,25.335555156071656
0.330507391471052,20.165825790472862
0.338645249022608,23.055945336422266
0.322616973354299,18.677786536604547
0.311974343726107,23.860908626664838
0.158148132227142,22.665283665445568
0.3297546664399,15.611334910992458
0.382215955219416,26.1709905081489
0.381441112854659,23.465955273616167
0.0984089067098921,11.949819507451217
0.362934773365082,18.6269838193687
0.378500986193294,23.81316605108611
0.373056884181756,21.81118861940892
0.374883926597391,15.416229966848352
0.33510868623885,26.627309754521345
0.324434926423816,19.34061477120599
0.349471080020474,19.4074993769889
0.341623869954586,27.445795780433002
0.324602432179607,14.67172132407203
0.376420575920704,17.47456362952325
0.337686964673797,21.940554227901586
0.386608887755969,16.130720792125587
0.376179295624333,21.818676332895226
0.378279914993278,21.911490512214947
0.384506446839992,25.155649030484682
0.386863487471817,18.60778763111916
0.389543259045844,19.440647383336856
0.340035708212889,19.190427567521397
0.334454314720812,14.378020385018681
0.387321262374143,31.10221962478576
0.338351117886179,30.894961269912567
0.390075002130742,22.8927207247973
0.137738413831188,27.77023973856495
0.326274609856699,17.807704749427792
0.373821737033627,13.073712189084414
0.384582821826186,21.88913356384635
0.391726603212886,30.171210175137215
0.331814115943264,20.793645473514964
0.368527680627826,32.567533839732945
0.381700594643865,22.03193752845987
0.378613588384818,23.49623437990441
0.375634291818748,16.281884329363823
0.372693163474543,21.263514765619224
0.381180968564146,20.639531097838503
0.385262664564782,28.520389200227932
0.377784863945578,25.931233568268162
0.368574241321748,27.749576143738423
0.329951439472771,18.91585483398823
0.369672237336442,24.577285623002588
0.376264242734605,21.767716052132375
0.387067976023466,21.91915805490985
0.381632039835165,27.98899978129147
0.319978835978836,20.318942196300625
0.152314951341787,16.82365949208912
0.326852515710008,17.455260689589906
0.249882100750268,14.214132503311433
0.159451597724259,15.230517272597664
0.12786711807025,24.390927098745006
0.0971338269039269,11.850718805625077
0.0972252143564997,9.49565277734335
0.242278033860337,18.472381735137272
0.271944739638682,20.8709118047701
0.325722789115646,17.877006358402056
0.323301345214635,23.499878815916627
0.227541371158392,13.37161516348615
0.32398316970547,16.940603487190035
0.365932891643514,19.295379017352197
0.356628519994857,21.225151722791537
0.36699774462179,10.391423222374005
0.32791968428813,22.823403840012617
0.328357559404648,15.603217926981317
0.317321178120617,17.42330537451825
0.200526452058341,15.864752302764494
0.247701647875108,24.331120950704353
0.254570465033724,20.608856847156314
0.359810812005481,17.468038147863545
0.200043513997002,10.983128539325765
0.192811027743849,11.660642247379787
0.2187159482195,19.02418427371438
0.233974358974359,14.469583195448777
0.169053562825735,12.173524696740984
0.209669134956983,15.524151042179584
0.173732003387598,19.60289642888641
0.16969696969697,18.998466845935344
0.365705940466475,28.96224934603364
0.33052747345713,28.16240403987506
0.375070015942091,32.82175990237943
0.384069899962011,32.036212447298055
0.376238249799772,22.44147541514021
0.357501667037119,16.56335384964799
0.351007965822616,21.909185270991504
0.172403635751557,29.42881953371953
0.236027651018841,21.973138863430634
0.357409054334477,20.37825650368544
0.358355460758282,20.95266186227814
0.292879230736646,13.689653692048251
0.359499745201291,21.579613011591057
0.351883343253125,15.962450538616004
0.159761925078932,18.684905395905343
0.159185562239704,22.809064993744148
0.353530800600987,19.280309961870326
0.342425140824192,22.56889339362255
0.354972859394152,16.310031079035188
0.368206639507671,23.433116336357365
0.374581077597319,17.57940913745676
0.3689293598234,19.268137869489195
0.247097985660635,15.187103919015984
0.310291500720278,29.810190578964647
0.369100076264723,21.389940188335085
0.20775335257172,16.878134902109863
0.200408041824287,16.710441185952746
0.363725065047702,22.27676955233217
0.357003469210755,14.992636902932308
0.380825057295646,33.31816386274948
0.362120886212089,26.856886292322752
0.369852254394158,17.216698863979477
0.253877620589739,18.621009460685286
0.352034577271769,15.424870316435355
0.189906898011003,16.01814385002246
0.239737134078689,15.058079417760554
0.24912087446511,23.559671444669227
0.176639621365788,15.138604389560816
0.254259501965924,21.49134268747955
0.228041254543917,16.135110685910284
0.32378911273039,13.736387140767418
0.231307620739237,17.750341011467984
0.368100114732503,18.810151305688873
0.377082718184502,25.67801108328646
0.32565817500213,18.9914002658259
0.30909475465313,25.88585973183865
0.359404948597317,14.55727841238053
0.365431993883272,22.711787886637875
0.362870960650692,14.716257166118723
0.194442052695023,15.124712037520117
0.203045257075372,15.713666067582096
0.261896683348885,19.694601095359985
0.2024231678487,18.182440876789443
0.181516547614016,19.25716109694006
0.375961579327638,11.08127616967376
0.208702283608016,12.897023887056877
0.360206194278954,19.232237121440612
0.365817409766454,24.263904487344263
0.362858005521049,22.655236597158506
0.370764315143362,18.46935300791099
0.353259719930617,17.46611912872598
0.364806776518184,18.006312035944998
0.201039641619474,15.366999212315477
0.191137482641081,17.527407223587716
0.365774636034671,20.6696311252531
0.226376958059626,28.151058535836974
0.367880149177827,21.474028397703698
0.320988177465147,20.980517635765793
0.173874445149017,17.577630815009226
0.357616182753509,18.694688258936825
0.360604657038191,14.997837984139517
0.380977865308045,34.97799574671286
0.251228397153507,20.423333280163693
0.34418614516608,22.5907401371897
0.371543803649226,22.496285668517654
0.378604790675751,28.644457655762743
0.360886294281544,13.414482553764008
0.348534131321017,16.450378276640766
0.365020297699594,19.94247403820012
0.35413489239112,19.537765508808953
0.381174928100152,33.925020834710736
0.349829714772244,22.95235343124159
0.353898904511343,21.445488976749555
0.363111340117652,26.796421022143452
0.371923272789,23.166360445683633
0.372637720373737,14.824766065125399
0.361151416865825,15.872396194754865
0.317445404818573,21.239147809845974
0.153627668017209,16.063383445229352
0.299226322054072,15.848177348971777
0.317273845370881,22.68118331143876
0.312468513853904,26.43907364310518
0.314014548271855,22.45015115566576
0.313535025033164,20.23250702047226
0.333817808746206,23.606453362302208
0.205951580363147,12.28164280652076
0.114846703065939,12.580883735141086
0.0764370245139476,8.475188975401576
0.325062761506276,26.741068147725848
0.0903179796962832,30.10284576588127
0.355161754742547,9.571749581147937
0.377861298679237,21.610628293402062
0.37189247311828,18.233295928398242
0.160592255125285,16.208117917269753
0.143608536322483,12.756219511699744
0.119634030006071,11.812882102445373
0.333269115506465,15.69967501272245
0.354359327282894,16.463694048536098
0.324983476536682,25.35396035516736
0.37650153441473,24.73734914915464
0.30742983467897,18.600932191462316
0.331254601359837,18.455568720179098
0.32536247565462,26.46867662679035
0.323007339136371,24.012928454367476
0.319048653344917,14.899410727031023
0.330708494290444,21.07104187968542
0.30753216374269,11.438757357752245
0.332778985970748,15.66039448700856
0.375106473594549,28.82383256782351
0.148145820238843,27.709832630974002
0.378038361314025,20.79873785057283
0.387757236071608,20.81212460624838
0.387902956405545,22.048400923374135
0.370428376053293,13.79636180965258
0.27903389307594,27.100078521734808
0.32857917344343,33.03814536022908
0.327715104306563,26.845591661332307
0.375293772032902,27.17069451584416
0.344271844660194,30.828133393180238
0.33616387805594,20.137866890778206
0.37852334875894,28.218098001896955
0.359369077201702,11.783515527241915
0.3347371539829,23.02093784629733
0.320320967069612,24.70592538745484
0.36662266882398,20.92876843699553
0.36199446215808,23.02479279940739
0.367729342875732,22.374294468106083
0.371309467531909,31.672680847226385
0.376826722338205,11.736613046257215
0.376009761023224,25.63042453744012
0.331577834179357,25.330766770663683
0.372380632427666,18.16271219982646
0.373273437172006,14.993515733292204
0.332197113159113,19.19441071435585
0.328916322575209,15.186014078291105
0.377558479532164,17.644881779180114
0.368510400550112,19.956901013673153
0.384686540806458,22.771137831302422
0.381561553878299,24.655711809871555
0.378985446285859,15.58099476580649
0.319330038440417,22.18230784817998
0.374848573457538,16.16212903085641
0.322168624161074,22.619757004149783
0.31119428233105,25.316825471326677
0.329631806540997,17.708451456062384
0.329800603217158,20.436597571628717
0.320019269436997,15.055255938444985
0.309255693235097,22.770307661816894
0.158829764680941,21.88322443499741
0.329129305287857,14.772108476715308
0.382300884955752,24.609490550739025
0.378563069464181,18.152395421778504
0.0952100592960174,11.72649614183072
0.363329560223033,13.136183860319507
0.377263494533039,22.207679532064635
0.369138816398687,24.008535242347225
0.375245322517336,16.759445909508877
0.329603689784763,25.593278488707476
0.321815293281492,18.302236372596685
0.344774676307382,18.58782121297694
0.336777810316697,25.15590286310622
0.321970331880657,15.588773652182324
0.3750842034355,15.676902621511317
0.33373934226553,19.245576427429835
0.38381977304133,15.3316224955509
0.381559567394689,20.3171091858774
0.376528430953399,21.280288779073192
0.377088106644449,23.383493718872554
0.384810498071441,19.549302041687472
0.383560213796559,18.338692476192303
0.334478280903112,16.81783597958279
0.326106895689152,11.604713380013091
0.386637481759433,28.824227555084587
0.331073187014938,30.082532989653163
0.387059515309337,21.721520239737963
0.139234409682959,28.551758782455103
0.318254201064409,14.868409708329573
0.370845758243658,14.160896329913909
0.378926947306938,21.37806463799617
0.390065353929723,25.936457293116
0.331717451523546,17.542968040051253
0.362952376949267,32.26520181402481
0.378395140938449,19.93183664304352
0.376024633680187,18.480434992696868
0.373990519662921,17.073793900939958
0.36924069692407,21.173879687065824
0.382258064516129,19.663091188823607
0.377581863979849,26.854557866252048
0.380587323530644,22.381730080814286
0.364749082007344,27.667509206556183
0.321759952110147,15.504339548831522
0.36698595146871,20.72145571944146
0.376161641646693,18.044333444734356
0.383237672294608,20.95387534397814
0.382832000676905,28.1544570226423
0.324892846739628,18.02503169727979
0.244742965940343,14.839991736488466
0.170395542234792,11.150903781935257
0.0995240878350171,15.504627638092021
0.116143248331337,14.938144533922268
0.117334127760991,17.524361999154294
0.204601513991664,13.674868931354563
0.267292697241553,20.468170900900397
0.319062395169406,16.030814537055807
0.317666948436179,22.93151988636037
0.208142536008659,17.699428957398457
0.320488091244549,17.47218688064642
0.362493673021765,17.655348232348892
0.362446615078862,17.96308158823986
0.37017130620985,12.233981782240496
0.326192106840168,22.374685263044878
0.327875897039233,16.09581992316842
0.314466906194537,19.168301638360823
0.219076228215944,12.125490407193197
0.27115886810223,17.40709388260209
0.263907763798168,15.35888047392496
0.357255038827327,12.049275960692853
0.22020279318921,13.447043219594592
0.210355080582608,13.481955806669596
0.233168210208917,17.66933648051416
0.241368327175436,15.422410371391349
0.191497643039398,15.028865157204256
0.228614877708782,10.493201253468897
0.188052891330664,18.63667800758959
0.181104367386783,20.099292077933978
0.364171893541278,23.580481915043393
0.328652505946668,21.495048310059083
0.372487357103396,29.409794914241026
0.380698613597569,26.675558528907786
0.385322245322245,18.284740597905408
0.360924535756618,11.936064549378813
0.348573935936814,20.609693378187437
0.188265073239554,20.752318825503107
0.247426126487498,19.621047566962694
0.35762626895601,20.081993984282562
0.359998282450942,21.25114762275428
0.300676804812834,17.499558577878584
0.365919564306661,20.587195755572658
0.355207415796317,16.981618019349035
0.179558476575666,20.09153981702836
0.170199966810488,15.124237868741954
0.356761339550657,14.402558878790677
0.343273608152696,13.232410305974657
0.356087764004665,14.048077659638402
0.371657754010695,22.930842251914335
0.371712758737699,13.898817332100231
0.369403141361257,15.756118863035992
0.257429701970029,16.424622997826877
0.322902295246457,26.337698369507184
0.369994984535652,21.28830778681149
0.224655583937021,18.099578976387853
0.212254655259185,12.48315888949164
0.361001712328767,16.076959003803474
0.353935710311176,11.641423261075383
0.383311003182047,29.314848639049345
0.356109154182405,19.319422343440458
0.370628638438665,14.795164482776709
0.261559478772594,9.09557827634513
0.355595292552086,17.97018338136885
0.212785940891635,17.423254623769406
0.244306941112093,16.26735771213625
0.260917714906599,17.822661420378473
0.192235558889722,14.982177533369574
0.247821736774086,21.72187065687895
0.223004792665139,18.645468585275502
0.325589752261774,16.709117935964755
0.237719956634142,12.947875410037204
0.365760550381743,14.001427685452647
0.373850634491367,25.04128001087506
0.321083375357203,19.667124065836433
0.311503464396026,23.6255399899792
0.359437491936524,10.084141156906613
0.36444798390477,17.365396680254683
0.36071692053986,15.515758637740545
0.214771519659936,14.679345480662287
0.21310861423221,17.19689488635721
0.277484829462231,12.153572218592279
0.200561914672216,18.38145603657541
0.185508757297748,13.865508243158207
0.371971665688658,17.126932069853943
0.226142206245036,14.432555389675649
0.363880783659858,15.062609721861651
0.366152944132674,19.008988262729126
0.362496807695582,14.338237907223515
0.370805856248186,12.703185242775696
0.344757812174058,15.33656371203729
0.364639620916119,15.01309107848749
0.213368627287507,11.235478472635798
0.179201061932219,16.556072737512935
0.365754959741014,18.427146704098508
0.243187671346681,20.345459284974257
0.365108891025373,11.683338866357973
0.317782794080762,22.0828017375585
0.198573870981193,18.363273572372805
0.353719399389063,15.157897073213183
0.361144565804228,11.711331561492765
0.380666694832904,32.76580583565154
0.265151831585982,15.165634164545262
0.342923501841312,20.69661774022294
0.371039856923863,16.271427556255368
0.374165328374609,24.752212156576483
0.358450581141309,12.969407495846978
0.352783725910064,16.77514956162973
0.363285648746716,13.864997960661972
0.355569487983281,14.302389072300342
0.377976562825806,29.1104858001969
0.351040134482034,16.8740920858929
0.357018141555234,15.908167633091935
0.36486715538794,24.63337245414395
0.380961353263828,22.850335170836328
0.377606773440107,14.324346947825255
0.360304025602156,18.20572702014313
0.302901313002965,12.021796719275974
0.326866176346268,15.971023218760223
0.322922767969208,20.975510389123315
0.321229529280631,16.46349438586105
0.321265617670888,15.622648786277626
0.318588405673638,17.085002303144154
0.227326142611323,15.657515466144133
0.162579130507693,9.067914354427007
0.153358414000085,17.19246698051638
0.317960051707602,22.096460202084135
0.159870794529742,24.391112644269974
0.332552347180007,14.58497227726731
0.360942988953316,17.007289656538845
0.348395252174658,16.212268189469427
0.192792252314021,20.781028093503064
0.189133986928105,19.100602536791264
0.169819488333838,10.68716467247848
0.337292617392417,12.62342487432987
0.347859622059391,21.60945796436258
0.326354139232728,22.582164547296163
0.349067319033681,20.75863904686825
0.319139259897554,17.840795173154095
0.340086299892125,16.90149916471094
0.33252835396093,27.721274065194713
0.329336734693878,19.193122664307353
0.329993074192711,16.055709339681165
0.334207188160677,17.301714989665797
0.31798899869476,19.447185915555934
0.337914772485873,17.56094075668825
0.348583184864681,21.327241512642505
0.186012029070253,21.51581915755613
0.352966209890203,33.008130722807905
0.359176357800842,30.666257597722385
0.363532301032301,18.795202461158947
0.346566193593743,15.669207947200835
0.26862590054472,16.16764636745356
0.339158804704709,24.67788174815223
0.311716414580824,17.96868038208571
0.349861970888406,17.29879155240627
0.307406292984869,22.17312083139767
0.339084065244667,12.977559009576892
0.350654252642174,20.19507638645206
0.338329764453961,9.617333129429898
0.338921221322537,16.582226745212232
0.32972624932497,19.586858489949833
0.339613034623218,13.772791897006607
0.340999372778591,21.21340460793049
0.321884051705503,18.450928913717192
0.341174707821396,22.805268098388353
0.350146478155649,16.02796141786021
0.345776566757493,18.679081296262645
0.339236769976808,20.981062928687397
0.354721245605224,28.796732261455798
0.347008368200837,21.78260602910397
0.337415080097291,15.049968247231114
0.336356384095394,13.681900087496565
0.347074695905431,18.498206438323844
0.347470333718888,14.243673134027109
0.357696659821466,34.36809135503435
0.356563124123571,27.39615831768814
0.350746268656716,11.745204934885647
0.328429515511218,19.318053313999496
0.350684760437914,10.248765273083599
0.327202040048493,11.802831843537408
0.321896733403583,19.70771590568065
0.333270566574609,19.809395342737968
0.335719951571828,21.431460274942562
0.315143417811365,20.31950296588525
0.320247933884298,17.956340940764775
0.192384176010154,13.764832278939245
0.332672233820459,17.41939507623587
0.360834697904858,17.443104754770015
0.35113295568144,30.025917967546423
0.16020927007606,10.51256146449963
0.351441704972837,25.489198655712535
0.35534983853606,17.032464963854977
0.340940554599992,17.025382463980215
0.347685426437381,10.747237610303292
0.335673559697047,22.013251798616732
0.330847118629943,15.769982847137364
0.333347294354163,19.3684795522176
0.336849566377585,19.08160479085989
0.324773476971899,15.756473083129322
0.34834431527259,13.078381618107604
0.338320847110032,18.772451160656196
0.356567637486439,16.282757983146393
0.358817362130426,23.780373070434187
0.348255739660093,22.546035756662167
0.341595051272471,17.145396242630763
0.355943179444328,13.01506249144213
0.354417211102326,13.260564686990554
0.336346177931783,16.1889047468832
0.33126220855326,16.012324290789792
0.362021687648012,27.06137533385103
0.335274058055394,23.791541865148034
0.359657568653717,17.98704020078162
0.182335229173637,16.683214937117334
0.328294638383164,12.840463078224959
0.327613675508095,15.413329237405295
0.355592515592516,18.39479013662593
0.362803975470501,38.1063812514377
0.333186951066499,19.866943567639858
0.350469247528071,25.216358363474686
0.349929664521079,15.532145225872696
0.346443532348834,28.86368106002729
0.35283959253268,13.710068453037168
0.34953058687358,16.5874026975883
0.354145791583166,15.004066017296749
0.362289731358273,23.356938716408703
0.355099398596726,31.923599758607427
0.349873790492217,20.11624209451741
0.304909230375863,19.863579604784604
0.350731707317073,29.872213635579303
0.351762585404703,26.612766243262676
0.357739362812644,18.63485051908891
0.35596256797201,21.234658231813736
0.238363347229982,15.067383832636501
0.245302270215118,17.862388363495842
0.24743008972907,13.104486993544011
0.247607707295951,10.608352971971861
0.301381131748712,15.11922214344402
0.283168274566721,13.041701807039539
0.288790711572118,8.92982057058521
0.294883920894239,18.260217934853024
0.278856755152235,18.276965339705924
0.290475377656397,22.287878018195293
0.355233805233805,15.054409828715096
0.354881720430108,10.642081543898156
0.367542025955927,11.642179866552441
0.304795713912362,15.413086510965842
0.297906285514468,15.567593266390354
0.290384361378946,9.729451050575468
0.234660715833261,9.867645072977067
0.295092318411427,16.575355698067057
0.233766522764698,16.405230889995785
0.356508613034985,16.16903520950398
0.218813707407048,14.470286806426627
0.230104792388302,13.37923718658918
0.221765014883558,22.848389740532134
0.228234126127682,13.041768977825196
0.245743698033522,10.02877790041985
0.231800601633004,13.100848759743595
0.240333191348384,14.874209751340999
0.249967623570041,12.101519721515974
0.356692981320909,20.634855029982774
0.293942740633761,19.443066629420073
0.373826316472675,28.340906719330068
0.385978297728043,25.46112859603784
0.377539790044023,13.388764506665796
0.354488610987048,12.576078447278627
0.322526588613817,16.24605072688652
0.239394067438519,25.64027161038789
0.248231132075472,14.41832936142699
0.341764080765143,14.810807266791732
0.354108391608392,21.400373385435373
0.237806693030574,9.749463088414858
0.365445316498891,20.87602712761604
0.352966282543747,11.265799315372455
0.266939527707539,11.773176436321942
0.239183707960115,16.287882206537244
0.352013972744523,11.278561604245516
0.319698966792806,16.819404514005182
0.341516483516484,14.364926147964063
0.36937309534175,20.83840114486616
0.366599041740407,13.338203887401182
0.360605414623748,17.32644227359908
0.213377023901311,15.544610851788656
0.327888378424366,23.147030661936014
0.365432886619868,14.833274482170687
0.247058071117933,10.812104681170853
0.249434606358012,10.735958116328504
0.350733597457443,13.96731579171063
0.356797490961363,11.558594185958029
0.377077473791869,29.12794122466255
0.360042319816902,21.35187434093654
0.364018074086705,11.4360263086832
0.283642120576783,15.837872833721484
0.35447003047748,9.014770292333646
0.24650312486714,13.076210622745686
0.247108216947991,14.675002887186732
0.236261165461506,14.71977984624296
0.262288819084812,16.53141815543474
0.28508958138745,14.096405866827597
0.25677854627233,14.076055354563593
0.29722867716671,12.92265417188889
0.265430002546906,14.511112852481988
0.36444368542396,13.831049765917975
0.369678485195069,24.629459143915923
0.283606347033916,11.631724107356604
0.337383693758763,21.4894631978119
0.354094629491837,13.147680710708327
0.357587648212915,14.375904731312238
0.36142264217591,9.967762682927983
0.256812873085907,16.65143569509908
0.248273378246684,12.16138388022818
0.308571793561574,13.492543232748783
0.264350517212142,17.19524212186251
0.253576128019016,10.548191279117564
0.362029962866533,11.312136115665155
0.248020939734423,13.264614581713827
0.35110941411056,9.898698712143842
0.364981241473397,17.549944623865752
0.357814463364964,15.25702651385939
0.36975889878816,14.735813355318133
0.360996643867624,8.32178535595347
0.358771521637971,9.450049715866983
0.252408436956245,10.816738665725175
0.264621365787694,13.483468632202982
0.363499978869966,23.5518405229017
0.233138821937503,21.424185412809354
0.362214942137508,13.476260403666592
0.298391899940441,17.77683498207775
0.249214637459671,14.355661104876837
0.349244580687541,11.074403345821134
0.354980551327583,13.653360898029925
0.378417297111417,32.15087686092743
0.239126737808767,14.730520781575017
0.340127795527157,20.552254872829614
0.357087159937619,14.357628034988762
0.375451729478575,22.972837021836792
0.361169148699711,9.801042032491136
0.346187363834423,11.331728848956871
0.355744735054348,11.604021060086719
0.343360422073778,18.38933479026497
0.369133075648813,26.322648554433442
0.354360837964942,19.344472975213606
0.34474094610986,14.793091013990416
0.360629581716257,22.65211741869244
0.367212136708429,20.023323278855663
0.370429354057842,12.336831080096127
0.364926268861454,16.345799832759614
0.172544027158922,20.84752451102919
0.180109512841684,10.780098610319753
0.181046034147396,14.858403435906705
0.24749611466068,9.809891729056568
0.282104232308609,22.04835659208102
0.322870528109029,16.883110363786045
0.317534223061408,24.877004428337496
0.250042286874154,13.585076174140703
0.322983218332056,12.711541552785713
0.364387903709415,19.402836994523923
0.354363511424154,18.81188647078158
0.371022430881586,13.485611192714599
0.325832681102705,26.947714247642285
0.324412162456921,17.89460983923944
0.314352848170758,18.234521662937894
0.178188267866413,13.560678753773962
0.242052462433771,21.86190685637127
0.226442350431149,14.84031064474595
0.356933983163491,11.263581400062911
0.181584810617069,11.713228638871753
0.154956057889904,11.2551146583415
0.18522891250164,17.75639936175789
0.196996466431095,14.298752012230391
0.165137614678899,16.324929977646512
0.187987820567802,13.596499683272969
0.160186845333585,20.635882840523717
0.177356866121395,19.357788522274944
0.367913563772545,23.973275210043656
0.322992159355796,23.938423854109246
0.380882479924013,33.54482563242573
0.385682269863419,31.503965218573367
0.385000422404325,20.001127079271622
0.363290124281705,14.32988055127578
0.343063416373279,15.959959654330975
0.104676637876554,18.742457442504367
0.219838899447914,17.46518383236678
0.350867517923048,17.104585087650005
0.357569677672613,14.046814058771348
0.263208107191316,13.234846695773404
0.371330099565994,13.426985696088703
0.357739160064741,14.628585613084939
0.168027879928162,16.71454039323774
0.0092246270224837,17.851254537497674
0.357271983816124,12.611872696077485
0.33004455760662,15.302262821010196
0.349815805631085,10.320302426148494
0.368216549448641,15.600396241153502
0.371904208123358,15.774846552158282
0.369454251563231,10.43242159880688
0.198176460539802,12.237065037719864
0.31806021487112,30.754087379829553
0.366148751910341,25.032850820320142
0.187757704569607,15.325033174811649
0.202238583648977,12.992988321472923
0.357080742640984,18.65458164251542
0.354091521446265,12.3097278940328
0.382490537149662,34.801097439277875
0.355716995774769,24.971743528116058
0.371358087703628,12.839942415810473
0.24507126397542,12.10622829072952
0.346737064413939,14.330721255630287
0.20340851280312,12.476587534676149
0.218389330597589,13.467769964061041
0.215504435295616,20.93037538870658
0.202171796282969,14.298253669120822
0.241391724196349,23.122153025900158
0.208412718574029,12.553314878074467
0.320971482563133,12.649733965955273
0.230296870368018,18.123229911424406
0.36951427354069,12.484263363607415
0.375449051181269,28.672118466897324
0.322242615673553,19.860474977899297
0.318019927920288,27.41654999659525
0.356141959140912,9.20399583395983
0.362438816769525,18.889864478997183
0.357561211907698,14.1819637427097
0.193156828079859,13.28704435080182
0.202750084488003,13.783645021872818
0.286676869446924,17.123660034287578
0.220348296559303,11.780125582153758
0.201821647955941,17.070715660168023
0.372093518439656,13.295609202394353
0.189030341608317,13.35957952583505
0.359541047461789,19.070569338776487
0.371761051780624,24.065718043871513
0.358821496457577,21.192298731565653
0.361897539602292,10.259602779782272
0.347500741934116,15.240714612224807
0.359598006925091,12.847046080875485
0.172122827052405,12.864926207154804
0.214514632706418,18.021149954205043
0.362774030354132,15.445500654931285
0.215273969713587,20.792642204942716
0.360607347632194,13.388846158670328
0.316505390034802,16.074735077624542
0.18235343951203,14.623698334436497
0.346725215187661,17.99248262308245
0.354337186735297,13.097103549233108
0.38612756459782,37.75629910600472
0.221425540941875,18.57452727089849
0.335911602209945,16.189447549360377
0.367125005404938,14.292201828224476
0.377070993218302,29.014854408384178
0.356563372788935,13.561130481364401
0.346127082155439,16.57376197747397
0.359627197627621,14.599087300497253
0.354550471177519,14.975889566589863
0.376885593220339,34.31101949625651
0.343705980279165,15.647604802420584
0.356441638195736,18.508755942466124
0.368016699664285,29.768694004304866
0.376440324843743,25.849078893138866
0.37700160976023,13.242715494225674
0.357882131554187,13.557536237807877
0.091444286880667,23.266345752550112
0.0923139400675416,21.144018855303237
0.226823740699564,22.33555698032231
0.261291274828153,24.27119587975048
0.320312829377292,19.44532882615441
0.317109959211421,27.430345209293478
0.197919718722531,26.42081122245876
0.314692242833052,26.525415807552278
0.35954460651289,24.463348493212766
0.361450138209653,16.059213290447865
0.365484745470976,20.055815207920276
0.327163947832824,22.002063081790926
0.326458774240919,25.331429456539563
0.313834645326839,23.16207767513851
0.218336402963978,14.826128272049289
0.259464808122526,23.05841489678771
0.268000352516084,21.995206102042264
0.359230330422572,19.95979006417632
0.221432003844306,22.964456476178643
0.216690497855193,23.412372775760865
0.243199930699931,28.76838082300347
0.247310450819672,20.43060558458815
0.188711640441624,21.098547517737668
0.227108638409921,15.643926339998599
0.188087774294671,26.73306054493451
0.191120020472575,25.60990653867009
0.36113952100912,20.36467166116635
0.32812434450644,18.003042922966323
0.371227020094057,36.221337469158065
0.381599330123508,32.90380273274311
0.379311786595309,20.07773571739002
0.355314265536723,19.950797436885935
0.346910856134157,22.030809472858394
0.187473921388634,24.028519172637562
0.252184237645056,19.18649490526187
0.353893649193548,19.967200832317012
0.360823407560849,27.280597817322576
0.300836064196286,21.522304631951616
0.36196655011164,26.651840668783112
0.353020530331773,24.061882109868765
0.171373528664578,23.016681578508038
0.173229331776091,9.79187425183755
0.35740464521628,17.303468957939334
0.344176571884582,20.462057975893288
0.357189386372519,22.98362591600218
0.37218352253182,26.784047900523525
0.372302311694959,21.834650442343598
0.369231093144686,23.05183028792556
0.263696020321761,25.282781837003988
0.31376339567136,31.670151611628725
0.368003025718608,24.954655179039463
0.228329542582765,23.15685102517194
0.216396829412261,18.064432905887493
0.361234238498946,21.19853042861164
0.353964018249118,16.23261072505975
0.379141233424542,35.73922637600322
0.359843796679613,21.753787437837158
0.369957045397119,21.336318299814007
0.267682746374667,17.043063153326376
0.35845980183118,21.411456292558288
0.207289437240337,20.61738211243967
0.252222880853586,20.841647827970476
0.266526581214541,21.562704541483622
0.182961069438042,24.968281630967187
0.2562785627437,26.673200656327673
0.236704245421399,25.740924564971333
0.321273701215883,21.75166420943134
0.239906083602365,17.213783520759662
0.367656362026064,19.08181258626716
0.368844914864243,33.94371291644553
0.320319432120674,22.640523201104138
0.313499223700222,29.63064727184418
0.366777667257709,18.613087493089253
0.359996628455833,14.117992902918438
0.361226271001527,17.891502209804365
0.22134125491537,22.792079867844016
0.210582475520964,25.14717968988601
0.2726565129586,16.682554357557056
0.206193764385855,25.952028666231516
0.177353113737323,15.699967121005884
0.371896471778443,25.099042786422793
0.228869835665952,24.329191347996996
0.362049455155071,17.95716556543454
0.362596866576819,21.758737982021827
0.359814283880354,16.001609698155946
0.369677634596939,19.557590314186474
0.348613267318424,16.03001181129327
0.365281725463969,20.56578744739052
0.218582327297116,19.65264423952712
0.176428869420108,22.03941884839751
0.366398197220715,28.29974479753773
0.243871883743266,18.571097366793285
0.366351408154687,16.81878624969069
0.314695747184401,22.87731331797195
0.191475533565349,24.177282015981188
0.355752174101155,17.808178920270823
0.362121528502819,18.852429678099075
0.37747472172657,38.571699631930485
0.26892539069064,21.134085400177273
0.34329237502104,25.459161227866566
0.366506828787944,22.387927321299166
0.372088575314519,30.557764775728288
0.360258268546581,16.57865229020909
0.348243499225073,18.64321108525952
0.362963428954873,16.92504055464304
0.355426242594849,20.961623711939847
0.378895926842569,32.35920212656132
0.353053031903655,19.084086221275665
0.350250438803031,23.110124965315023
0.363973408335464,30.092603952008982
0.377767954870759,30.234821413956347
0.371199094073732,22.9606618005565
0.361099347844499,23.626747133193717
0.0099388379204893,12.134556169194681
0.227977232924694,9.361550729997228
0.264572342817608,20.998522484326244
0.322018150388937,17.304967097902743
0.315698915363506,24.985580230720796
0.21117452688495,11.17359256036743
0.319763170404944,14.715281850789056
0.362512492938774,20.331354630354838
0.359519972121793,18.332162089919798
0.363213577253692,12.74202906247906
0.321565516329499,25.18671128081352
0.321602371261724,17.437155767323784
0.313488703711956,16.126282631428683
0.21406010089932,16.601229184973555
0.259676780131226,21.600847459298677
0.263714221320712,15.95661246367645
0.357643254894916,14.18885121879035
0.213665358194308,11.847187676996294
0.214700407729126,10.275689395344553
0.238437001594896,19.13343598627517
0.247518040673518,13.993766865374448
0.17582173197527,14.522776994324756
0.215298621079647,15.55978916355926
0.180995367053542,18.865303673929624
0.176965432854084,18.614265640910507
0.364088904414654,24.868889431919015
0.323229717528699,24.919154881219278
0.373127791889288,32.9258476593836
0.378904909028493,30.78565617212382
0.374930350177875,19.45640794666199
0.357397464242206,16.274588832041808
0.349195225608102,15.915042857127611
0.200825633127995,23.97065090734462
0.249804804115189,17.258797925296673
0.359533140962143,16.050515117797847
0.354981419217838,14.846069784045365
0.299315333936184,11.128377469528743
0.360597685265158,15.336066851838718
0.350233301650393,14.331146491671467
0.164881391213843,15.828229455139573
0.180395175776238,22.181087156281937
0.350983985687481,14.215823230216072
0.34214605580434,16.762080475986934
0.354761162801051,11.054054987737086
0.366654923375022,17.64037101132777
0.371477873400026,17.04071114774251
0.366882416396979,14.263038329058267
0.259379744090219,8.964389406325889
0.312163500882974,29.490137407175123
0.36631062106986,22.29337711986648
0.224837137063721,15.325140177835793
0.205043433164787,14.87418175155154
0.35768417342263,18.830392080701742
0.354032613486117,13.973117283369797
0.377631124913734,33.824448671639495
0.356336919443716,27.32706074302174
0.367160184745543,13.45137787536628
0.256798891390958,17.08696570522784
0.353238736228405,14.19815271146428
0.18583842381485,13.224837199613527
0.244178483153376,13.68451439746175
0.265222633709413,20.77238582014212
0.177710972729225,15.399545338926028
0.247249914059814,20.297301552272366
0.220585076678552,12.24929901406762
0.319304666056725,10.722195865929615
0.22147031021741,19.974641581095547
0.367317832137609,12.234102200772169
0.371355685131195,27.29039823043587
0.318709649464881,19.09370535496632
0.306967741935484,27.25995252233347
0.362471790787203,10.339404973732826
0.364567133229653,21.547395409785025
0.357672382993926,15.168623392536917
0.200372154115587,14.10288306270834
0.211111111111111,13.964911906674358
0.269293782874881,18.753281648862494
0.198927498927499,10.6604980732372
0.169851425626932,19.27593968038927
0.373930700769031,11.015484597329829
0.225522291621796,12.537235663643646
0.360290328122316,18.288250082219808
0.363548052845177,24.50571644243775
0.359815950920245,21.19328153312953
0.371270411216551,12.020739194988426
0.3459073508538,15.37581536885819
0.361286038641134,13.362530458012202
0.223589809683378,12.885055005400535
0.171350958247775,17.998308902794733
0.362022500748599,19.183835078922325
0.236817325800377,23.180717481970525
0.361618686433374,16.939106290359057
0.315233785822021,16.801808707312954
0.170963306694165,15.904735112526982
0.352945087089483,19.523670986191725
0.359613079952063,14.89004472802318
0.37790014364689,36.67039755218706
0.264270340077486,17.93512388045186
0.342964336538876,17.090539667290816
0.367013112309784,16.7958306676424
0.373023478677527,27.910234521939728
0.357046557612799,15.604419084641279
0.347920984170378,15.656763748875758
0.361487212551042,15.662095783688372
0.352583979328165,17.247076725996227
0.377509781159981,33.072047131355696
0.351575348394356,20.731678571826095
0.349679936864258,19.6824274404494
0.361421585749214,27.71192086083093
0.374412081984898,24.713998018865745
0.367714064649243,12.408210525873104
0.359455003037403,13.055501185743852
0.228480571528141,16.986510094538133
0.264277426840273,18.76980692019021
0.322166831406592,15.692522988209607
0.31570741847473,23.36695925830375
0.210954169155927,14.156793887711753
0.319639020197679,17.593723969144552
0.363111956099036,20.114622972431015
0.359701169337376,15.535813300554432
0.362782944376206,10.872008914573493
0.322837233762819,20.38987464028876
0.322030541741847,16.56614704079695
0.31385713019587,15.590647074941694
0.214756172031754,12.88919134609448
0.259979843126944,23.0434426230012
0.264910158175382,17.77406515434347
0.358135275196569,15.635197239958828
0.214365908425266,12.076987879625834
0.215359189070075,12.321140716718041
0.239079649138273,20.937904476220755
0.24895624945638,12.280420194916207
0.176996635381619,12.705827275113029
0.215673126838553,14.351509255125764
0.181461768759207,20.46082422575834
0.177430570646269,17.408597018654014
0.364491054368595,24.862960108308492
0.324184515411911,23.821915648988586
0.374629661903102,33.34715733849838
0.379074927462024,32.118097214972174
0.374579088700396,18.84401186893976
0.358268954365792,15.819427537783065
0.348256467941507,17.07893074826818
0.201067994213258,27.83930588640634
0.25,17.18247755066321
0.359846700638034,14.65484802950512
0.355879246611512,19.654271908038613
0.299318999486037,9.413066257346777
0.360290328122316,20.044195764364755
0.350296442687747,15.541055845758338
0.166314290645495,15.233297007904188
0.18189163902356,19.073179570721678
0.352879899301185,15.278455036391705
0.342297974390818,20.861307987396334
0.355097796265156,15.418944346353044
0.367022907450396,19.90951052987261
0.37225215049092,17.593431380997508
0.367847177505903,16.740166932919877
0.260054371278157,14.514251577953502
0.312781085364287,29.457070764137914
0.366635249764373,19.900657788371074
0.224863751448311,15.176967440181281
0.20524664833276,14.991946739240626
0.358476917006445,19.84678404824992
0.353668698741283,11.885729532053851
0.377075556699704,34.28436243290747
0.357369565217391,24.684829445871717
0.367878761859786,15.319806685286617
0.257636465468959,17.91998185605763
0.353635666183616,11.851337945027971
0.186152925076976,13.420703147355322
0.244374030005173,11.0261330211264
0.264850743072508,20.815055420030554
0.178098573503032,16.45529461170799
0.247265191009315,19.26601622888076
0.221178078680962,14.187815147619725
0.319401690873618,10.251425152962497
0.221685614155056,16.750064396949277
0.367544688896528,15.478221783693975
0.371742931468293,27.40860892972481
0.318667355816858,17.161949284170937
0.307825529185375,25.682666669172633
0.363083700440529,12.620283975568787
0.364581543220485,18.25920622649477
0.357520550988669,10.605272933843889
0.200718015665796,14.329315683921964
0.211321076654012,15.404500646155135
0.269788182831661,17.414837363947786
0.198826791808874,17.012984508818025
0.1696001367054,16.17580720032816
0.375676720804331,11.291248164127232
0.226330220203924,14.028917422984842
0.360557003118192,16.440635843562145
0.363246212608901,22.17851139050961
0.360770806993068,20.41598676093998
0.371195374936235,16.329630988290134
0.346293682364515,12.11638066363604
0.360542913150942,15.014685626825262
0.225677524151492,14.191028312772577
0.171629727315268,16.6535391775501
0.36276220057014,20.582588617776228
0.237772953645767,24.24352851899363
0.361667023784015,18.611744433758272
0.315432072319095,16.99973370724884
0.170725975302312,15.674121815188036
0.354176768789949,15.468193680101622
0.359335092797548,14.017795590808255
0.378360826081309,35.47753192033742
0.264928727366123,18.76407899331354
0.342317423560187,20.082509293429677
0.367107099249956,20.245912641049824
0.37296431046431,28.03691898196569
0.357711042588372,9.81162283171793
0.348445652650502,10.991059414663411
0.361683481532148,15.965714889256667
0.354144356393232,17.288078429959853
0.378191148171905,32.54809464290805
0.350818260120586,20.048926221120148
0.350386142501854,19.975771604864814
0.362565104166667,26.35664013926088
0.374533602092894,22.598327662649766
0.368027356272708,14.705739754298628
0.359408033826638,12.966904002948462
0.300339245072358,21.594941660033836
0.33456419063976,17.569618376782582
0.334883620316691,25.8370136851654
0.232010401568761,15.493362631016124
0.336031084968443,16.440837433964386
0.3082528458089,20.745212156603987
0.329628027681661,17.356215065322623
0.327062894183602,16.058713460823707
0.337498905716537,26.84236535229909
0.337517587055927,18.841713984337495
0.330536615602586,18.155031340662006
0.289392289261599,16.571062318451908
0.313955524426545,19.501923697832275
0.300152316100708,13.09654140522997
0.326955668539827,12.667350242118
0.282959925806609,14.066482792982763
0.27097740386733,12.199896770434773
0.290186236956809,19.74261320864287
0.288395533735934,15.643923829354693
0.257296365083577,17.429411259927626
0.291032843560933,15.663620012780804
0.264882084442754,20.078889169449802
0.25949476973827,20.22026121932162
0.326165185345762,21.67168145998015
0.341754580788451,22.169381104754088
0.337146585471944,32.37288856557168
0.333986705300835,29.694502611096585
0.34807675942473,18.557887934373497
0.322044914608454,15.621738816662322
0.319317160826595,14.398300631218982
0.263342398232345,18.895105881145728
0.274847129688783,16.199198565743295
0.319894772863376,15.415515152804744
0.309876163709819,15.180216225777222
0.31080618962127,14.189511345007386
0.322346991256643,13.319468872407088
0.321733533576486,15.437361011993248
0.245864564486947,17.252231613174665
0.24932042133877,21.315691398405765
0.304220652597825,11.500228068028473
0.318037974683544,12.38776427557433
0.311226068886236,11.090046009336842
0.3133610321452,16.572039218759052
0.325033618184184,16.760171968208045
0.314908483003986,11.682637517530761
0.309404767035904,11.078675450298714
0.319597774925118,29.16239893301113
0.307874823650122,23.90894040450464
0.288384054864981,16.43884385753561
0.280944206008584,13.687511634627723
0.32597470791581,16.39235745529069
0.318424507658643,13.467037141249156
0.347215081405313,33.84453067479254
0.322297003907946,25.360588065081412
0.313951993141877,12.68343603126942
0.308771627786864,14.688703634146819
0.316866033800179,16.034242003926177
0.285821150722407,14.556402334418175
0.297049321559337,15.381533206216686
0.304418495230763,18.64629190672904
0.264629305561484,15.865921895659833
0.27202868852459,21.100351945139497
0.291759132809833,13.58677008515974
0.339690029871423,13.172175526445935
0.284714218636616,20.147791435244592
0.325281043508109,9.14667672059277
0.33231837151861,28.71921012931626
0.339765100671141,20.490663051001324
0.319954716336295,27.191996390072504
0.328458324169782,9.42668100135847
0.311749828532236,20.293121839884407
0.32368199352636,16.769032979432524
0.269087037761265,14.74354787028474
0.28402505539458,15.306164171139024
0.284157101250642,17.62517993102764
0.255476941437218,10.335020324259165
0.257918552036199,18.905286504962458
0.32512336408496,14.55081907330481
0.289266455533681,14.422393275710608
0.337370980124541,18.029122406358233
0.337620578778135,23.940942646006945
0.319906863385124,20.343683443765045
0.318440378656026,8.234697689731338
0.32752509075379,15.726864904825671
0.316982897983494,12.303868473502485
0.273047375160051,12.458144891420371
0.253239855534311,18.624180638611374
0.336966220522626,18.011297395320277
0.294606779805198,19.28554132984992
0.321506480174516,13.264322936227204
0.336399811732489,17.065410317625357
0.268885852158688,15.829878068461596
0.311894912867453,19.381119767117152
0.329160467587673,15.21589820696482
0.348233971726255,37.05776362414674
0.306488174158505,16.458081490799128
0.324559900629631,16.62369279941592
0.336288004181549,13.025817631365742
0.330362165202717,27.43059628016876
0.324477585283086,16.56465266845589
0.321489557336136,16.255210520427873
0.326780225409836,12.680881617285626
0.320162497327347,15.145218718835908
0.329192281420765,32.01326053345862
0.333190062752514,17.41556206431656
0.334524224468456,17.85257003076594
0.327719252611956,28.50120451675114
0.349438635584505,25.89539381024341
0.329569226828331,14.671769632550271
0.327708818205327,15.38463229839513
0.217885938621301,10.9347015172252
0.187088413986489,11.87819778319546
0.25,26.510210836942637
0.215620518012318,29.765237955044217
0.354300549006256,12.55439112697062
0.363981568393208,17.198963270178226
0.351570262214351,17.21926493930397
0.252818452766619,13.052148636970182
0.243813114896199,15.567363797316691
0.227986735317218,12.086732359617413
0.295438913249076,14.501456379871257
0.317651632970451,15.10976483539113
0.312461279759271,22.301320332525385
0.352059017837481,23.298187545293835
0.28391935561665,19.63759263445826
0.300065245759026,18.828001123999
0.301025730180807,27.252985281593954
0.311045390253311,21.317294895376605
0.286689941086624,15.71093512521493
0.300311247548393,19.599496749485407
0.282576006766599,12.825688835897768
0.286791159842385,14.342403007070986
0.351749657768652,24.793881185915563
0.247968677640719,22.769481190923134
0.357372757703201,21.977258497441394
0.377542016806723,20.491912675742924
0.360981749528005,16.33294880371432
0.348825875055383,15.278727410335847
0.304185119574845,22.285807238787505
0.294808457190705,31.738959555586316
0.307410405144116,21.93262714589776
0.363889357395851,22.17148025497962
0.343275817220151,29.46281719958605
0.321195262780798,17.871608072850254
0.354484390182079,27.633202014482997
0.347693609818028,13.653858968691498
0.28636711443632,18.590957363273223
0.284231236133785,23.36300373738455
0.342531981345997,17.491785263050712
0.34947936427638,21.10075010706862
0.352804043749183,19.772511152174502
0.357842714088398,29.212149932732498
0.364552574143022,14.766447635907044
0.358573904222495,22.521405131598822
0.318552670717716,22.419415543609176
0.339421292390754,19.037723229962072
0.364882534058796,13.183728482525105
0.298136645962733,16.76296517234087
0.29009394041977,15.362702290833816
0.360361138710095,12.180454860968814
0.350930604136978,18.067652831458016
0.360402230860233,25.19597288245399
0.361064713692235,23.31890437529552
0.366937188266126,13.456930148535466
0.317064889869711,21.755822257828644
0.355185293994208,14.92112225256759
0.277503897526651,20.28515548892844
0.290498640842678,22.03282835267868
0.31263441993843,14.285847959249883
0.2862972779671,21.6483747201066
0.293584350021035,12.186547305165055
0.282569386038688,20.44305036988169
0.243096394783943,18.784063816726846
0.299730673736481,16.181167117640328
0.364777345072807,20.507252959697613
0.359491119788386,21.39895862718858
0.198279506256341,10.270543693526117
0.330034115318199,17.33149102044173
0.355394497005468,20.133000933586573
0.353331642144428,20.70377190134564
0.354912180806798,16.39367637712772
0.288265306122449,23.906881598383958
0.288102137667465,16.32925366650994
0.313772278064026,16.62346407843602
0.291314761124417,24.283827598362173
0.273219097339171,13.38030854493488
0.354338537039387,15.416545620731624
0.298439477013918,18.781840502914903
0.35715788145219,12.380482434397729
0.357145876484761,17.88509122439148
0.358014348928126,19.048178131714803
0.360461222952329,21.188661708115713
0.364698698783004,15.452864354724252
0.36449244966443,15.989023771222811
0.290990157314714,16.211255095989134
0.272228504418478,14.69091921445623
0.359231026972692,28.513636934858415
0.294715447154472,26.83342720759084
0.369546873681546,19.33580546153649
0.238554927915016,25.100687513542923
0.280258395757933,16.73896203021223
0.3551803463692,13.69545156993621
0.356630899488641,19.894309925325175
0.367556161814229,28.044627745771315
0.311762225969646,16.598610769377395
0.362901182432432,28.663878526667563
0.367308353386043,16.582747861758513
0.361484325015995,19.9299386129126
0.354154727793696,16.125604459370752
0.349837907931705,17.03451845870462
0.358925265106884,17.032645555187
0.355934705584613,23.8918179661856
0.361060829299095,21.99057886426957
0.356306726609551,25.18416904561266
0.32840147740938,15.241359226679247
0.358789070851328,20.06147979881693
0.351973128274463,18.1738015338703
0.364298341611247,19.107003432819237
0.36061881082919,24.95138783591902
0.114292997960571,14.059249117051547
0.319073420698925,22.261196533645503
0.104091177214123,25.338939241980572
0.358282286881062,11.146635980985922
0.377351247600768,13.803798755927062
0.367380880383602,14.301410058854287
0.15947940947941,15.755147538282307
0.149664284167208,16.05317812189306
0.127415984676998,8.184705292515577
0.335655015262909,10.488893063217848
0.355970632692723,16.49456837374174
0.329830538471749,19.833378812364113
0.372122199234054,19.247105985576745
0.313290222951453,17.20080042164029
0.334985004563828,15.7136843024391
0.33076120506021,25.33978758628078
0.327662309835012,17.733403229495792
0.323632079588097,12.47976132180519
0.33550051159618,15.537786753708852
0.314922708264812,14.150615934478212
0.336266324127596,12.113155399373273
0.366447143345877,22.0607902450437
0.14557201784662,20.24813464600187
0.377787785211872,26.879447779978662
0.389028897849462,23.987568739114792
0.385347647404177,15.378749529242675
0.367869796279894,12.81069061664361
0.284465202762529,18.315378076112804
0.335441182629088,25.995331517373767
0.334539813857291,17.944238630554494
0.372977073499663,18.768345715369783
0.346858752166378,23.973412542717487
0.336859406608227,13.044867504477306
0.376705673609057,22.875728567984705
0.361308466548253,8.92579255667987
0.341692523483657,15.070138605653769
0.325526392900498,17.538633638682057
0.367728147039966,13.132632946850366
0.363352859370391,18.427093195252564
0.368786756697887,17.139484783736602
0.374584610072936,23.78038286139093
0.379931536157467,12.994923555345743
0.37393839523387,19.014415747359678
0.338587695445275,19.902630563150467
0.366254796946822,22.540416892902844
0.374325463743676,15.68551365371653
0.333262908814333,12.985412623243707
0.331062209056284,11.764290445915499
0.37488123002505,14.001473196189671
0.370105763004533,14.235833367036191
0.382236203183718,28.250158563013507
0.37678800856531,22.255439590291036
0.381585061890076,10.942481791112492
0.321231656629061,17.2856913076713
0.380993330257142,9.868988685650198
0.322218477482411,14.750377097216273
0.313511447139277,18.870540672750327
0.326854155247291,14.5112555215489
0.33551386142779,19.367097440823226
0.319782114915454,14.95676350489235
0.309561853502649,17.24589279062236
0.155715380032343,15.345780059690826
0.330366536211758,14.44966464215831
0.381034993441374,16.990412594329594
0.378672150411281,24.583229759379858
0.104440407283789,7.617771781413838
0.360227272727273,20.310909395375084
0.375656324582339,16.18397142966098
0.372210481825866,15.615840454137063
0.372438255386232,10.194814267533154
0.330981687181027,20.713153410058602
0.322368697258491,13.248188293347914
0.34565373411576,14.42364093980527
0.33796218487395,20.12159982229725
0.326059509279912,9.894399025251866
0.374191229331416,13.054925793468323
0.335512442007592,16.448776859424136
0.384099415450608,10.707815961087219
0.374160294055516,18.860675740091335
0.375477693331616,17.184667254886755
0.38163179916318,17.075139061077593
0.385544704495706,10.992205811950713
0.386536123107887,10.696916007021512
0.334805653710247,13.390019440777188
0.332698266476845,13.62266573044911
0.384436628564251,25.79549961465358
0.334618608549874,23.768693278616528
0.385608233507677,14.844289678496851
0.141786961828206,20.2102081875644
0.32673934088135,14.581998644716677
0.371908357198646,10.444447219182104
0.379446143533453,16.30129275104516
0.390250660755393,32.31236037644961
0.329862574825057,16.28507532540128
0.366072936012156,24.486685021995164
0.378501460732085,13.375682044854582
0.377004435346298,22.66302793438249
0.372697629329338,12.032442188147902
0.368842896647079,15.10026507355421
0.378628523348759,13.059499531489621
0.38063414428469,21.63634447446562
0.377441077441077,25.57276342355939
0.365341414826432,20.802351782878997
0.328000858922053,14.369092776267445
0.367782194298414,23.600869369152242
0.373632639270178,20.622537476413136
0.383079447904393,15.092486546141343
0.380103666567532,20.827915287463323
0.32545092725887,29.999208032449133
0.0949256900212314,33.11814480753613
0.359763415052289,8.267216168294627
0.381463016289165,24.33405269227479
0.376055173614133,20.758969500423152
0.15780203531356,16.893682757979906
0.142396373621584,16.174978883224167
0.123508510264959,14.272716998579726
0.33520980383666,17.821253870587103
0.357941931833021,19.304475620405906
0.326074358059914,29.109610758198674
0.379186443685401,28.425081864169126
0.30767734720669,22.173990556919737
0.331405538030144,22.57191019072917
0.327897202399194,29.643403644106602
0.323415097598894,26.820992086875354
0.323181458351658,17.89550180410805
0.332302405498282,23.195336567096025
0.310201183431953,14.265752828090323
0.333254228512254,18.555464641867673
0.376082927460023,30.60955454473343
0.14193630465205,29.18834798346141
0.382656810616868,22.212446814039037
0.395300592718036,21.62093509889716
0.392260873240627,24.325737337267622
0.373075378230017,17.200055127396805
0.280972563015838,28.883422897795803
0.330576070901034,34.71655867819544
0.331633809200091,29.292488065033634
0.375223005691955,29.312461806905315
0.349165793151642,33.74328470560057
0.338250902143919,22.507519759328442
0.381724093871119,31.08206664638972
0.365814151747656,14.884376979784584
0.339529704030496,25.10930999203161
0.320346776915289,26.247858844424293
0.370383140111193,23.50824422725417
0.366617116160544,26.13551501906927
0.37287651990694,24.46634891170397
0.377463134542607,34.54287547057032
0.382165193012724,15.237819809817292
0.3800630350526,27.475355103940235
0.334089741394074,28.30319849253381
0.373624038420672,20.50494990818985
0.375058433555735,18.139175019532804
0.334398159979555,21.662881182858495
0.330988317557773,18.816040583702563
0.37953091684435,18.794064608136683
0.371813832100913,22.501167717420266
0.390378313970807,24.20132286604764
0.385017271157168,26.946335456697035
0.386253300400307,17.232402523931928
0.322211772752533,24.553045015872215
0.379255656587016,19.348846254423897
0.321296650108266,24.597324143751276
0.308747378782043,28.178055704122986
0.330266457014152,20.75113561112402
0.329375848032564,24.555404268312728
0.318669436906377,18.92962966421256
0.307873214966736,25.847833413989395
0.161962163785337,24.19458415979247
0.332393111638955,17.2268153164117
0.38788214727327,27.201133871186425
0.388616269723762,21.32087770690153
0.0545909920618075,11.242419808869618
0.366975007425637,16.699495348619113
0.381264759905537,25.189423501454737
0.375569657992248,26.230860497302068
0.377256477026967,19.757391200053938
0.332663294860156,28.702991597726328
0.322240088012525,21.187656466367812
0.351912521805727,21.673931958918676
0.34009485898196,28.129752930585266
0.323966065747614,18.058532067730813
0.380077575550914,19.043854871613185
0.335600425079702,22.761743684737084
0.387459738938803,17.85998734908915
0.381602487646959,22.01129015928095
0.378174895071611,23.786489972619567
0.378842828828069,26.16596182244209
0.385555461257744,21.9012404763837
0.388346436723307,21.091385935929154
0.334188324076822,20.29607612818667
0.329499894492509,15.23201584273881
0.390811632127633,32.16884108059595
0.333769854680635,32.212867041177205
0.390263605442177,24.324453588155308
0.146240617446249,30.609662091314195
0.32117252789208,18.074004491811905
0.374218374218374,17.47865027833491
0.384233644465093,23.97256976425825
0.395451226321893,28.57186522496886
0.331251593168494,20.883217204967487
0.365326526271006,35.06810592799156
0.387225203392764,21.096901171785614
0.382390855964249,22.181112947092593
0.377181684949149,20.15248729878084
0.373650296064089,24.176729633389392
0.384572979391061,22.72803851978889
0.383021674458139,29.970476252206037
0.384437563624024,24.81775367831408
0.368191721132898,30.2196938158911
0.322921173314874,19.662069353436216
0.37036877477167,23.97208951969255
0.379788864294228,21.7467794687061
0.386212307561813,23.63907631957261
0.385079868099867,31.08910982241155
0.324131266019581,9.546555757096739
0.341093459523407,24.59163346498635
0.337231968810916,22.97714835922036
0.334784847054786,16.113780147579757
0.333776652795058,30.216559049615785
0.329781279600448,20.88339311782389
0.32191038042771,21.762464538604878
0.269045178922197,20.598806126238394
0.288169412976313,26.944548808912902
0.307986462133533,17.235380640624438
0.333457232814413,14.281536128438617
0.269992329082366,14.379531324307106
0.264374271026826,12.554456106776197
0.278831202487906,16.665490949578388
0.285577495957103,16.970209908910043
0.252610598379479,18.77775341000835
0.271942080528388,19.56441487066497
0.254164528020158,23.423058308455854
0.246842709529277,20.427636666005238
0.325753715498938,30.216924352707778
0.334929530341684,28.900835576801885
0.342188232286652,36.432929026606175
0.348268669169796,34.608028459208064
0.349549962496875,23.921213210197994
0.320817385948704,20.249884272888238
0.322945988740324,20.95077895674698
0.250561610782927,24.974626421872134
0.287198391420912,21.830113005363664
0.33621555983586,21.10467183052217
0.330664945125888,13.537856028300935
0.32175150703282,14.285862119537098
0.328336902212705,17.11538539917054
0.306101865859808,19.377066369344977
0.217726274907126,19.08327668658361
0.250561190555371,23.16452777360964
0.327719491993374,19.168513896098123
0.326397320494034,20.964385288006312
0.320465659756784,13.37735711470988
0.328288458240439,16.33442025465012
0.333092485549133,21.595763668818748
0.332864696995132,15.842044316497109
0.308883730744883,11.941398666164442
0.305940759981566,33.78040776813967
0.349128905268448,26.720802222411475
0.267640515468245,18.194920554311935
0.27166876839008,19.91044074993706
0.338331188331188,24.72934685974787
0.33206106870229,18.521734932641227
0.341851292379993,37.16790954362089
0.337124271927214,29.32264122971716
0.335418065815984,19.527833427611053
0.311454338573054,19.02981924676999
0.337674515524067,18.526547907601927
0.256172581185136,17.986629831504267
0.292301202278,13.506774609942862
0.298106726983329,26.308476624601667
0.239844533600802,17.028283119552057
0.286636580167983,24.699887096586423
0.288471984289475,13.869441219552924
0.326327386753676,14.19854024068413
0.272769070010449,23.028139085947988
0.343828821254414,16.6981026075856
0.328962728258151,29.4311001085323
0.323451383332631,24.108066678559577
0.326179718875502,30.986853154449438
0.329266189531775,13.216940736713406
0.337526249475011,24.258188222201596
0.327983646485734,17.761862819737857
0.258094751192911,15.566461792429747
0.270835071327271,17.337401451126212
0.272313564298297,22.024862691905952
0.266434325305731,12.534091929551467
0.221581410899365,22.368815246912447
0.340774497038935,15.531205966184737
0.267462811648858,15.341291348616895
0.330201286227345,23.42608127021984
0.336411332633788,28.358257002072573
0.333965965795198,24.846317807210657
0.346419219418929,17.392353545418135
0.339997490484755,19.89329383297512
0.336165958510372,16.999127002518527
0.261793339740108,17.230846698413888
0.225248451079047,23.145099213755746
0.331974543488208,17.213929220781253
0.281426906426906,26.221716304803646
0.337879740205322,20.015528229046097
0.320205192629816,20.91590507229218
0.239112262810332,21.24020630545794
0.326730752651091,22.802652266345863
0.326812619662033,17.580065052519473
0.352352119236143,39.48315988190487
0.302382547525333,23.658751631287483
0.338623783965112,15.246806295846744
0.330232558139535,21.547315096508672
0.345516920079624,31.310137695305954
0.329844536895117,18.312313955801454
0.324256469679413,20.010205453623673
0.331313469012495,20.501364192689095
0.336802647009549,18.48873182196328
0.348037781585656,37.17276525499571
0.340702374936837,23.62899355304585
0.332949161224228,22.799962368984286
0.345090461224836,30.6287663273121
0.350297893765209,26.081033560645338
0.330874362618072,13.72925476210577
0.334423669438231,11.609452681809085
0.359141751371582,27.29670602093562
0.376636669936452,25.07522940262969
0.373396951509133,17.59029244150063
0.15654407321074,33.31693245452766
0.144511799090712,23.202788406491038
0.12006614735193,25.907399965449482
0.337021441154986,21.829061175833097
0.357942027733379,28.785056234625248
0.328562580188471,18.195719129299462
0.374812857771907,12.618654660954641
0.313262599469496,15.788244042221688
0.334927605548067,14.33780094033653
0.331450176002781,16.4522042322949
0.327942940370117,18.278335618928537
0.325575815738964,22.26547264732806
0.335976129582268,19.39443846894414
0.312546974821496,27.29861866189155
0.334139865530384,25.345383967795552
0.371171941830625,30.679129078358407
0.138573232323232,29.176717411571683
0.380084091299125,39.14019350131214
0.393761814744802,37.70317146999935
0.391207684886111,25.97867879118402
0.369464127546501,21.588008637813367
0.284032050998273,21.5280088136676
0.335734327233134,22.112678094110187
0.335432220922911,22.884028083856943
0.378418812423617,21.811826762427973
0.348305598890622,13.217891766716019
0.336746734091867,18.436006477948006
0.380156382079459,16.381944100209424
0.361321433103507,22.74895233802013
0.34287475030813,23.171610895471083
0.325839403834882,23.35642721069719
0.368538076709283,20.140440292925465
0.363621038435604,20.90435621003129
0.36952924269477,14.295525021532228
0.377109317681585,17.21864013519341
0.379435052428847,23.512709690441103
0.378549095825587,13.664806351111736
0.339345655406841,14.385688695530368
0.371810013919939,37.44827008165926
0.376823817154424,30.341677265002794
0.334896691595893,21.523521662133444
0.332007279190825,21.309961254847185
0.376538411711362,26.1057882903309
0.368740286651701,18.80269259337371
0.388912354804646,40.19882431493388
0.377933367591641,29.654618016526875
0.384569883386851,20.640415695259314
0.323691576893715,18.597576368198567
0.37765890497168,21.732354769065527
0.323270413752423,19.42798567560123
0.314507221750212,13.923829280238245
0.328399746995572,28.173892341658163
0.335500021035803,17.887532808428872
0.321777179400875,28.82676917339019
0.309645950719031,17.055348917353765
0.157543277614734,15.88661586790617
0.331158993350728,24.038653259730093
0.384743969530258,17.28323317445313
0.38435060028545,32.63608156678306
0.0945136104663431,27.507579137326687
0.366631578947368,33.780862377396765
0.379036458333333,13.523003486073625
0.373314452381959,25.447494296212458
0.375750142362784,19.800115838886942
0.334034064095414,15.019850763211757
0.323591164861006,20.48022764598211
0.345604998733429,22.727745371863275
0.340974031431213,14.959314465179482
0.324538147540294,24.29769672326907
0.377765556918651,18.8941045805101
0.336525480931488,18.14322814835959
0.385587517873665,25.76077063377112
0.377567841744864,29.945998367350125
0.376830263214393,26.371804340685845
0.385188284518828,16.335338100176944
0.386472718086898,21.548131821126393
0.387607464877333,20.059162303445657
0.337596230701275,19.375883187697085
0.329535935667616,25.15814170092649
0.387023156484234,14.227175830518666
0.33450689467287,25.123835602799108
0.387328102590062,20.533518576645378
0.139111036282515,21.00408945018647
0.324614931403081,23.11399121929156
0.371766493055556,24.493115251334196
0.381007248502116,17.84172654790674
0.39313123561013,42.03963625432299
0.329743287105341,25.336026223918093
0.365232808476508,16.053163907253847
0.384983888292159,22.748381042230964
0.379446387443487,34.27684294091172
0.373804170524181,19.5249127959382
0.368259592118908,21.373135361333194
0.380532648939751,21.28265062944529
0.383523805507528,16.550940517869503
0.37901936026936,40.1729077222286
0.367915730575219,21.112038215658714
0.319018799896987,24.69927159742892
0.367936222963153,33.82716375347512
0.380221311821599,29.530759468467842
0.385672207027141,17.308382598032356
0.380805677134237,12.984439365093376
0.280004286326618,21.85847171849036
0.283546776644237,16.56670412602758
0.351406494183018,18.116464476866767
0.352751514095246,13.808519217931117
0.348986219608532,12.404448462276267
0.364943149885435,14.7066014020324
0.332783540952298,17.529207063203256
0.360137839039573,24.61735476375323
0.271773765268189,23.254143400640633
0.362493934983018,17.452453197763443
0.360973903920969,17.606557410231943
0.36919849663491,24.407765746654857
0.36640826873385,22.436658768029215
0.359680673743311,13.98651131882936
0.362465718203634,19.17942454180087
0.360983792467987,12.054707843462957
0.365074922493972,15.537868539705535
0.26525307209762,28.109013161077428
0.359994073823231,26.573654808048772
0.253112211931941,22.97997055599116
0.279006457603512,21.294885563110974
0.294869092288882,21.80218107611181
0.274722098710538,13.274713252954829
0.265604131421957,25.42874468917198
0.363806755959902,29.04126203999181
0.322628793703922,25.786141752724347
0.253701980030462,26.232259998466
0.25234011058383,28.145992913256233
0.344065068202999,18.73318266152653
0.272597849645149,25.742813740858473
0.288013436516711,11.268960311037013
0.365309000769297,21.695018868981123
0.365048625436787,22.493422846289278
0.250483143654713,19.54260215899769
0.297395171537484,21.69233825983087
0.26210295728368,18.9490823294118
0.242857142857143,29.44661297136739
0.266904679972471,11.994117441560974
0.234066027327506,22.351864709269382
0.36484812235656,23.432917754040833
0.334457167090755,21.417689787115997
0.237576193701321,17.864186195961263
0.36225356900068,17.17306920267266
0.364460137837148,14.730776290484522
0.269125623779562,16.46136535273586
0.272210407534395,18.816087933892046
0.291190829972405,24.951975573227973
0.265705679862306,24.50135865030534
0.242017663043478,13.085039329028552
0.347597117393715,19.446884600933277
0.272121748661523,16.27111257993629
0.362296123702605,20.867142599697367
0.359466382070438,23.69832635349728
0.36031032728506,19.118891781316005
0.36606727311191,19.287568041972758
0.351051228901392,18.169387673869995
0.365909859631321,21.171823729395694
0.339727377941618,20.3579073716651
0.334672644222636,14.554994213293767
0.265520027213198,22.75231062631797
0.261915809009617,20.691036965377354
0.360242093598159,10.072046204620781
0.333199271834385,17.5066151125527
0.286028962749716,20.335077358506904
0.252272341148488,23.34936905769761
0.277088284482,16.196044655093228
0.370256166982922,23.740715593504707
0.360032089174126,16.64177979280881
0.309108650460311,18.290621611668954
0.359334065748331,22.827679844623486
0.361183987813135,15.254221264738746
0.247556934058464,15.144561160648378
0.361802757158006,18.021285585656656
0.277425491439442,15.715398452340857
0.286655053745167,20.604847662305335
0.254261424934191,21.207560939131035
0.258370488769244,21.24681049636497
0.294941798941799,18.820141731657696
0.25934353010576,16.735427885109843
0.357203282294222,16.09102112359845
0.358779429726656,13.164205332851543
0.284186594813068,26.813607699576504
0.37037037037037,28.336623583754534
0.277240940877305,19.94027831426674
0.352730433307895,26.784605439764178
0.362870805298125,15.493667344633458
0.261037431288718,14.986359860752199
0.277576472570995,19.37003093760444
0.290840152521314,29.363554013728972
0.358344634683845,18.680294843981926
0.294160057678443,29.82594510494552
0.27068772111485,16.700206919851745
0.26551118347759,21.77370888365903
0.273456188535483,16.506650300423477
0.269718279289838,21.402704963869354
0.294159966144731,18.959244974130456
0.27947404082324,25.305543108126283
0.276260148849797,25.663458132774434
0.282988329499957,25.759981108556484
0.32133764832794,16.354316066065838
0.265918647558569,23.693348270031894
0.285074500148576,20.55815580019744
0.270353140198774,18.521452033809037
0.281756035035249,26.088616055139024
0.297354336190766,16.783240489982866
0.377143727692174,17.156180393098484
0.379308085440965,20.908857969813724
0.375934723321897,15.992445370962724
0.353799141779723,12.977042346841353
0.296380877811127,17.04813599337168
0.350556544968833,14.8522130052399
0.238764293945572,16.332502568817585
0.348659933967761,19.66416631914715
0.351706611751303,17.673114821112108
0.355384750142338,26.134286544326997
0.359362859362859,14.793413701164798
0.35544367250022,16.382191553615318
0.34905943995877,14.453953213438204
0.352651748119411,20.588850009154225
0.353270019425858,17.576086044660386
0.266984017576358,17.299706040501224
0.382556461198845,14.989739967598371
0.282454624027658,30.870934650970824
0.307511538298683,27.65544450896457
0.269411316924638,11.732162892239678
0.266871849770284,16.471084154949843
0.262551881108582,14.970221771087644
0.355061446851641,25.250774712854902
0.327217888243832,10.567764033341305
0.278888605875361,11.78565919249597
0.288705029689137,22.85555437970883
0.351910083712234,14.624915838230692
0.27406240687923,22.69110516562666
0.290842006483535,17.808370329609623
0.357794823448749,15.187886253896153
0.354223835859332,15.421235379712822
0.283372819297868,10.980396219598731
0.305811631760058,15.752780847065878
0.283141526838268,18.096710609666854
0.278072425335826,20.890774021343624
0.272876169130641,18.0965656475176
0.27088122605364,18.1948667788337
0.361621089570762,18.375155992378204
0.338724760892667,25.5016209597335
0.262462283795844,16.58999226055211
0.344399488926746,15.54830056593336
0.356317181368367,13.89949591233778
0.225482524778299,13.84036881357555
0.205800564849012,13.066790287678296
0.290306100728,31.90143458468929
0.234109529969815,19.64063812637478
0.267867791123605,15.033899956452139
0.331246260364134,17.65386797655375
0.247568093385214,13.09498431740577
0.34979397646659,15.690567998203388
0.353941002697264,15.272227777101786
0.347934200459067,12.456248909435276
0.36002460546411,20.44693654937738
0.320989225417833,16.38965372659138
0.355212928401765,17.849179495248585
0.371920546885077,15.75809769730137
0.339238733768989,17.784425769748502
0.237095605472913,13.071598051792265
0.294408938925805,29.1524622551182
0.377281470399658,17.833127819173445
0.337926202709015,24.88376684626934
0.22783095144443,14.840180001345823
0.250106491736241,11.980434153614024
0.234778008024338,13.104849221408331
0.360875767268955,18.22251347866727
0.352705962002285,16.801620240427212
0.281308490726561,12.018505158199774
0.358779434186007,20.466793537566193
0.358091479972845,11.479062607135095
0.272393945853763,17.530025566666993
0.343012627014158,18.61307216286443
0.22510593220339,10.58446760661365
0.256034225873739,18.536145314756645
0.243347323785211,13.506318240794393
0.249831252109349,14.450085384183827
0.241715110111597,7.641356992824247
0.246523815561473,12.727227738676739
0.345528972596929,14.631209813146794
0.347618645499071,17.928760555437517
0.226942720864463,25.09584930587846
0.352871621621622,18.548997126908958
0.240016144107401,12.690632986372608
0.372666184663803,17.31672360016704
0.353449007296793,19.242537811485665
0.24627061551249,11.710819364682186
0.247381314411218,15.6541869716625
0.277739593625156,33.95976134261813
0.347593355707549,15.443855228857553
0.279598263682015,20.411268313277446
0.303777748928989,16.03831284930952
0.287019520165104,24.425464064413596
0.222862972984962,12.74955355183681
0.165644572025052,9.882940791844106
0.224464702141191,9.12597715978869
0.288463989802422,17.22295804856278
0.292412798098956,25.995474953018185
0.192730761031763,17.200813370738867
0.323305341528872,16.054216852405613
0.298294353275617,24.365218650125623
0.267086560558345,23.540720051344348
0.274832470947493,17.298378772255745
0.232158910912282,17.685406348047522
0.368835118339283,18.578166404268863
0.368118505416759,13.2624891606084
0.359062792043078,15.59778908314423
0.378296679225445,10.811449785421994
0.342148141624097,18.507820361096726
0.378188373141055,17.178794463493553
0.304921268673456,13.813262267890632
0.374914106213802,10.303342723700679
0.372722436494215,10.936213101884158
0.381914893617021,17.384505295878075
0.373901831373749,10.162751381558268
0.369664871600872,9.771939745410027
0.382962995173283,9.71691754378762
0.371313160284908,17.062752993173998
0.38146288209607,17.64583221362938
0.225022874820269,24.356385469717825
0.372459720730397,21.85235402762626
0.281860709133039,28.675600055463843
0.231398236150355,26.75928573834202
0.19241789257612,16.575036620547
0.26944256375536,11.388315622563276
0.297158089730267,19.40168033203477
0.373540856031128,25.714516849411957
0.344332690364655,18.26241342400837
0.30035708139735,17.883228373533548
0.294295687522093,21.532348252837895
0.365224876264256,13.99368541322571
0.207230888563303,21.459622193814443
0.278775580692514,14.572210654414121
0.373314253501583,17.639447724150447
0.370592760374375,18.601416225963124
0.276112248899734,15.39154991732615
0.313819949245129,17.234182494749177
0.28486613893089,13.996480288838036
0.287324439748162,23.22629888175685
0.287607528055543,13.644369446419159
0.280192299400681,16.360097959567117
0.37880496054115,14.14540483355015
0.232081471295978,25.09285002783931
0.302543248128066,17.213552742077958
0.384879206212252,15.508131625273128
0.378282653766413,12.744971588997577
0.290570850558536,16.517601987675235
0.283617882601426,11.499747558118735
0.178374774154693,28.828821420767955
0.299100122313472,20.201466189962993
0.284436300926924,13.461644482580617
0.362405787057091,13.91846724891405
0.307516059957173,13.95265621341954
0.36568159332387,15.669377522659858
0.381886006766722,14.110143352008036
0.381378924249602,17.324157955975444
0.373716985183595,12.40102120293944
0.345299475809917,18.27818454568813
0.372412608434252,16.09048015320997
0.358269088374929,13.474310152351133
0.351937784652402,12.921116174234546
0.29101866251944,15.111851678762648
0.280686345914914,22.694831842949185
0.374361748160969,16.834379979289
0.230280662604068,21.957278386803704
0.30408813379347,11.538496620771737
0.290627427289203,18.22516003546034
0.292321077993932,12.820392023520427
0.371887989499016,11.370317222765484
0.373633440514469,13.848903482088996
0.327508941267721,13.638225829027215
0.367943548387097,18.94280712885067
0.365583773795711,14.109777515325078
0.284823239953382,12.009470879045308
0.384524271008313,11.03279090088533
0.300592300098717,12.880008837255142
0.2216714796776,17.250583258435327
0.290870860346942,16.11743762763253
0.283020076890218,13.712659033390816
0.296875,12.734612510956401
0.297764836858782,14.589337423813447
0.378683102826218,10.715340336758857
0.366968945162118,14.118140607430828
0.302509512205549,18.320082100986674
0.381403809116199,23.616463238285725
0.303729061706067,15.72545164774433
0.368653374101029,20.137995935609634
0.368236709785552,16.252425876999965
0.282847523699832,13.16104837461736
0.299670574142209,9.29739707232712
0.22956548161653,30.840386801798463
0.377679724494189,15.736905901615431
0.310491167600172,21.415254796625963
0.290278081891833,17.544313092142218
0.251000347947112,23.826528663734347
0.290081308117335,8.989158882566057
0.28945396853378,12.496298020842952
0.291670246584758,14.574631220844028
0.295278471205991,14.704830936166244
0.256768352855365,28.525037861887597
0.296721595086718,18.005253870804964
0.317685972137037,15.735782318362908
0.269965542809788,22.26169914714807
0.210378983634798,19.31741017234806
0.172920240137221,11.40002888641658
0.28529628505787,15.362555199395395
0.0971364278150371,18.14095278281067
0.149314824701904,16.942749817470183
0.339745558236455,16.37972953351085
0.353973918406908,16.92790379766262
0.325285179674467,25.561168418848233
0.361990848734972,25.846009369768947
0.31216256012565,22.920664679191635
0.338065031273566,22.951116118398588
0.330911024459412,29.776105497513896
0.333202237371089,22.096167105313114
0.327190991231584,16.768999415696246
0.337210313491891,19.293474776866283
0.315261620948825,18.059950699849935
0.337314410480349,20.070763670785386
0.371825639235535,26.38272526564618
0.0612717755084528,22.943772709189204
0.36926746017854,24.31743087879289
0.379319955406912,22.323181516497307
0.38755192052413,18.70744850264893
0.362607320379575,17.583328496203713
0.306546275395034,26.865400406935645
0.341021804189825,35.79337332030565
0.334633743344961,24.292670863034683
0.369348246934825,24.360915550570834
0.341387390573879,34.49449550490423
0.34325277371635,22.227072333030847
0.378666321601104,33.300151221776375
0.358120654661657,20.42709160313803
0.343518398127682,23.779210910042135
0.330071364471604,23.052866630913197
0.360158771700253,21.913901363715695
0.359907120743034,24.251780139471904
0.36552659669098,25.62633088084151
0.366788401460817,34.268414120335024
0.374104959832344,17.990863331835946
0.373506963908413,27.983514168838436
0.338065718744581,26.855070928662137
0.373859331955923,19.607179694199424
0.365807478807178,10.382152122648503
0.338991458890519,22.25532283485108
0.335744515460356,19.01782979465791
0.36788089679778,16.664472430584357
0.364370954247215,19.286558047975603
0.385409482758621,24.59920962664868
0.37070133275071,20.61224344017494
0.378800293242486,19.71991677236906
0.326406026756722,23.636854667253186
0.3703426124197,19.83565485758667
0.329134061398229,24.682955234030068
0.318960284425945,24.43608349782868
0.331698291811884,15.695081796348566
0.33724825009662,24.340177804544275
0.323070977714801,15.685670813388892
0.315212259089153,26.67755328652276
0.169377990430622,23.347037823493384
0.326361449922694,15.583266521720649
0.375064789219074,24.432470786104165
0.375342759211654,22.860155264232787
0.16217385660508,16.58980310541212
0.363138215575039,18.119287696198594
0.373828055899522,23.1048753365909
0.364720855984123,21.021710369136798
0.363914032193338,18.541626349360907
0.339390361235021,25.298746551078885
0.332719012515001,22.348808631762697
0.351070705329829,16.174386934583787
0.343526182613544,30.17926664460292
0.329990120699283,14.7856818689193
0.368605102965937,21.094044991009476
0.340710441334769,22.559297536604962
0.379023259806025,11.841173349427532
0.37805719708407,16.16236340817828
0.365919341419626,15.971978257962895
0.375491033304868,24.899561840880214
0.380832688837329,17.26917818552429
0.378215829801806,21.813883923979834
0.343292552049796,19.058831282546382
0.336510922070705,16.886370790043525
0.380582980724024,32.00264074655105
0.339628694871027,28.98577224030213
0.38203770661157,22.410217277870036
0.154951389486363,28.892997475450596
0.327886803796109,22.44108161176574
0.369363982637966,13.147714065883168
0.375604123005859,20.799397633366056
0.381362568519969,26.029504637028637
0.334838903944595,17.485783417711353
0.354828284569311,33.164657998527396
0.369855809265022,23.995622912779805
0.36498716442588,20.156988314811148
0.364791451533247,17.049423516797376
0.367825971965089,17.72211952494103
0.377061147372037,19.343946556762244
0.377087637741047,25.73744831077262
0.372583970449274,20.352221903799638
0.360156655703652,27.114635626134458
0.309016824395373,18.67225822250865
0.357476227863561,18.395408844562162
0.371788793103448,19.619908223720103
0.376492312977755,23.238126354301464
0.374382207578254,28.239459869685273
0.121874024874069,15.754251391592197
0.341267047954245,14.140812503857122
0.356921784498386,14.989015990187147
0.322906771610802,19.44896093956059
0.371633186199442,18.60876241265741
0.311989369032385,10.726462685068768
0.337629095441595,12.575298658418355
0.331858407079646,17.668664099145396
0.333998421329591,19.286560651547468
0.324418448899406,12.579364692138203
0.33583587952859,16.80661924110494
0.312961719274681,12.171556697342654
0.338177275118359,17.515925357147527
0.370981869142507,29.3268008614734
0.0907759252078756,27.124115980279605
0.372547298187086,20.810549968752717
0.381552896617027,21.39436592095065
0.385261755351156,20.528382146199405
0.369733623267192,10.91713437522185
0.302734197877936,25.239853046837123
0.336766220391349,30.74744617459537
0.33596664977659,25.26697778831077
0.375285942423065,24.419163831303834
0.341862323021615,27.217643699896453
0.343045843045843,18.223192109082866
0.376482812364707,25.16845792279201
0.36530125704378,14.29445234814124
0.341722546372899,21.914617349377835
0.327893811382253,23.759357378429744
0.364124009283181,19.28848660309297
0.362674840269384,18.425810003240862
0.370233263458365,18.05868541706021
0.36790036215882,28.768571823388292
0.377514352075025,10.617105033614699
0.376763611183242,21.229388551561335
0.340638057103064,18.61771613665417
0.366025917926566,18.934934798658077
0.368092460574638,14.834466637574101
0.337662337662338,19.32529253479573
0.336873130770231,13.734254344743071
0.37629822778097,15.579221066316107
0.364042261615313,15.148627549202619
0.384340790099952,22.06538330565842
0.376146386414498,20.503520641968944
0.379527456834999,15.226734380909061
0.328241786893795,17.652347590548576
0.374693666967625,17.59954528889828
0.328032624174686,21.371618553865662
0.320205404934941,20.1159758286124
0.334643288996372,16.547812475966452
0.337507543753772,14.878007962537312
0.320361990950226,14.979349622730213
0.314008100654947,18.774391907561792
0.151970841154132,18.789252019859923
0.33441852442758,11.815922749703288
0.38296858071506,20.323030886769914
0.369222169669347,14.971074261094756
0.143634550342555,17.12037875129894
0.364407145322748,13.850344852180202
0.376675246294488,16.120824845656735
0.368989863986832,24.233244871309402
0.36627412349438,17.058510463872146
0.338217873908656,18.32944520276965
0.330321803476166,16.764991143214363
0.343960892888043,15.215584282653703
0.344390390907525,21.41683664748343
0.330573880050015,15.843754662311438
0.372389740923664,13.26226497867057
0.338814225832937,13.848302337535477
0.384008960496274,14.597232281666248
0.376872456489739,17.86972516879027
0.372553331867165,18.008515820130807
0.378926841812026,19.033965884998878
0.385298938831852,18.902807789110355
0.38526492200593,18.402219795625324
0.340316392947972,12.114274799087735
0.338454935622318,10.86285314987956
0.387837837837838,20.847553174184164
0.338343281659295,28.32708430283088
0.384941034169943,18.949219396398455
0.115303395966213,27.08513911473065
0.324825385875657,14.806748470396894
0.370249366582211,14.757243072904332
0.379599021165157,16.49238027254465
0.38629120279415,23.95801577829107
0.336225877477011,12.700118011895219
0.357198477245198,28.004056620365294
0.370097608160394,19.810504471129683
0.37320929419986,17.539326583169448
0.369860234445446,14.77056891078258
0.369311138657694,17.848922648894682
0.383123599379417,17.694046506209535
0.378503260353241,20.004060948929364
0.376465769960338,23.384343174746114
0.365256850058622,24.15143793135277
0.31889538718614,13.488191231179453
0.357377264373851,17.7281346955807
0.371306830471082,15.049424040011916
0.379106665516944,17.601436189645398
0.37961270670148,23.277015100364633
0.330852053701981,13.90405866957298
0.344292583029116,17.250986939878594
0.315264428551906,21.51722860819856
0.36869557329463,21.174099546257555
0.303057375421878,17.35415965925837
0.327211982600117,15.51758870819072
0.323400349258944,26.26169939000422
0.326189739737528,19.274414239723097
0.317770881122656,13.11943598461223
0.325274725274725,18.58338537873444
0.307238813182565,12.819592590309206
0.32957957957958,11.79210366904719
0.362642208307611,24.002653405628095
0.139884443285981,22.70669548801845
0.368742260746506,26.840254113712376
0.376132668545415,24.26459318941637
0.379558250324816,16.53045046447226
0.366894820898928,14.560581488775313
0.28925242186072,18.939687826328313
0.329787694037272,27.98299518638424
0.328799554358927,18.85045682746064
0.368186366206987,19.993390353522717
0.334741972989894,23.529120501812432
0.334986297794597,12.431274941432138
0.37069191170055,22.812095199421023
0.357597975037095,7.2971509577926
0.336294249243322,15.015255949290491
0.31693729486958,21.228812149401204
0.3586860670194,15.142038989396347
0.356139664318636,20.01314817884872
0.36425166396834,17.386533232264455
0.361020871345289,24.118862684368192
0.372489295016113,13.427780623793003
0.366279830722918,20.698755450978805
0.328555146414168,19.43487308325564
0.358420365535248,22.087648025932513
0.365451539933879,15.059998824797841
0.3290805199337,12.755134530914786
0.324474822029087,13.327931014211744
0.373387025006674,16.135174867579398
0.363759793447293,16.944912555576696
0.374281108400139,28.26895410345593
0.373802269616285,25.82600410723625
0.372988881621975,11.146802557226735
0.311846308695462,20.862754996923194
0.367578920019053,8.865118342923965
0.315165876777251,15.231114560650862
0.301924004032081,20.368118722001867
0.320931244560487,15.857221567783032
0.323452768729642,20.067529886246163
0.31042345276873,13.404468796808134
0.301914644206139,16.072902507148843
0.120985433485433,15.677604577645768
0.324929424538545,16.91435446416541
0.373515024458421,18.38063027956343
0.369888234274822,23.781835801788155
0.125910895841515,8.404430669334042
0.357049693491587,20.605234089125045
0.371251061547401,17.972514416098587
0.36362446557892,19.3884911864422
0.367217108825122,11.601900520014098
0.328061405061051,22.323999104869955
0.317443120260022,12.863087849613981
0.342362170407496,17.523008424916434
0.333398378214301,19.229871004241964
0.321751216122307,13.70284399388371
0.368200471492185,11.077290283641767
0.330474531998259,17.235707599869425
0.377631636063724,13.12478354201691
0.368834227397619,21.200124845070388
0.369384138236597,19.789896922146266
0.372241178249039,18.23011761570103
0.37821683185533,13.2021670445894
0.376834494999783,11.627106725586135
0.330648312996656,14.216101868078132
0.324176536699231,13.461130940980219
0.38243938280676,27.420164756580892
0.326980487171722,25.35577505145394
0.379746559832782,17.63803865069408
0.0965075921908893,20.50905705847147
0.315537987055297,13.45747085765272
0.366097823165816,13.390609120690938
0.372496864322477,18.85497576775874
0.382823839894436,32.22087474865223
0.321543548246759,17.22290720117939
0.355197804112931,25.137795392395088
0.371606960988354,14.528050334507768
0.368432632227405,22.291603934028913
0.36761497909471,15.018080976582361
0.367113705221886,17.23311712942367
0.375667694445651,14.846970563685739
0.376463674748618,24.136333164529894
0.368989183788715,25.87468995377528
0.361270285639298,24.191135616199286
0.31458683907537,15.401128789587046
0.358176683434825,24.051619572229487
0.369621136155556,21.058418548271288
0.374397394136808,15.40980382120545
0.375942486410661,21.733499240774982
0.226910444493103,16.574851071778877
0.193945233720253,16.94299160609394
0.357264155159315,15.122685369815862
0.100393892238864,12.899010136898019
0.186516160324529,14.038703972621715
0.0997229916897507,21.63133119233397
0.182853169947421,13.76406249357177
0.175521317572055,11.906575105206633
0.156530947441217,10.581409237336603
0.129551388559221,17.149800908161662
0.158856993963608,16.333991087525703
0.370092077831828,20.258309776740617
0.338746255883612,18.681203181064085
0.390221603030171,28.108546632158568
0.392729058150457,26.085280196178946
0.384016882673943,14.56467511423505
0.361346991957586,9.805380087874138
0.354856859920778,17.811742097211187
0.180248383804015,23.730909824657747
0.200758614386254,16.606306102765434
0.35020138829377,16.633640159363498
0.360051954913702,23.143833425965404
0.239227276621263,14.100561314433975
0.370022765345131,20.995849195197188
0.364263902627844,13.176168399615838
0.191743594167889,15.724776898884315
0.177914893617021,13.08021370006351
0.360600929182406,11.720652967815681
0.332112567463377,16.37997804021959
0.350210223500774,15.983380533571294
0.367934449215669,22.767919888725924
0.374407891877798,11.853872809934693
0.368527264920567,16.953950630632832
0.18066936944708,18.22070749717789
0.332140868000514,23.990551918931693
0.368914981145012,17.483100749643214
0.165937178166838,14.298167639136329
0.180600928473177,8.637053030223841
0.353649986854789,14.05035757502853
0.358439281017098,8.703024836581204
0.39077992874619,29.115682022677028
0.360991426208818,18.23037014217845
0.372348192046723,12.063930086877335
0.239289716403758,12.132302454775955
0.349545822849588,11.624266932795976
0.180892046913792,14.074715717054806
0.205834124449814,15.551359497257742
0.191846265906851,14.836858090801755
0.185055358440559,15.781384646515933
0.251271965453846,17.58564803962143
0.202987434823489,16.63919490495373
0.335398882003727,14.802994566390552
0.228493244398837,9.681375524967278
0.36387862116393,15.133836040802837
0.375608090808227,24.751486126757282
0.337207800594085,13.792480435848306
0.317068995035097,20.369063567362478
0.356979253843104,12.896252923900903
0.364687177724304,12.991110265839584
0.3634,10.360449925019532
0.194871348339066,16.010673869873173
0.198528156996587,14.425922826843964
0.286553720780613,11.547326309062722
0.21184957527639,19.633080522783136
0.208434868111667,8.461295136927822
0.378255264288784,13.716562591887387
0.167844901456727,14.289662404763602
0.353528230114972,11.302410727042083
0.37377077339288,15.731538479808478
0.35981512165344,14.88106053184288
0.368515053580541,14.17633432641424
0.359578929350849,10.169368896049976
0.358996760995568,13.047090190996341
0.168418803418803,10.319222774027537
0.225295769852753,11.700833615255206
0.356160885294744,21.432277050460026
0.184899714687221,20.517109859888944
0.359732579069169,12.79203913108465
0.331412041997,18.623319964993033
0.184940583055484,12.861025537345348
0.355785342622806,9.365958443903533
0.361814929949325,12.27799141535481
0.38708490280123,31.434962398532072
0.196257279890373,13.963171961847348
0.338582339311765,22.774826834089215
0.37265035544507,15.000405135178939
0.383051582141309,23.376520235674125
0.363961547060139,7.046005029348744
0.344556062467099,12.022942680390836
0.361920034209964,11.645651787313751
0.353389903145624,16.666640777199717
0.388263975022454,26.96188830526774
0.355327215544354,15.169827410011962
0.359938904647611,14.320662505106784
0.374272687798524,23.48801558141538
0.377645190367858,20.952872541365313
0.379224056805544,15.592939045015305
0.367889512300388,18.46188373137811
0.265677756268852,17.855217278731555
0.296769279024959,19.41784869494585
0.229356450191008,19.264844194882038
0.251614758449832,17.83790792994529
0.238836025669396,23.429366253709876
0.254520440251572,21.40053179995179
0.229322305229456,17.160971394075002
0.228510028653295,18.476486725851554
0.20716228467815,12.694933386651693
0.231316260198072,18.55856087066326
0.330455259026688,23.468008853787733
0.355998109478388,20.68202125794209
0.338994535519126,16.930332916520694
0.354205086417635,14.156387544433287
0.347571942446043,14.783642138609594
0.326897080028839,13.080290438093508
0.315832279052955,24.41511076377644
0.240627538152439,28.249717143174777
0.256482628849419,22.279490518795214
0.323278829604131,24.19334580465654
0.320983563096501,29.442763628016372
0.287533887000301,22.4334640571691
0.33744012428257,26.875515913161287
0.319677795534056,17.499557758826285
0.234406831086646,22.636878679087765
0.24222089246025,23.395632825732157
0.322718548246379,16.94072639581455
0.312543029259897,12.54875429094455
0.315502669039146,19.599383376158233
0.318873735151782,29.746804476584003
0.33135526660267,12.829491625169467
0.331256467747499,22.63035511132933
0.267351182739797,21.529165043200884
0.305770720371805,13.971827349829542
0.310719511145538,12.35097832432515
0.231962761830877,19.981235591127067
0.244647327980661,13.274248727331027
0.28264695529743,8.915479846341722
0.313033905768384,18.156784241731643
0.352136052075699,19.1325076791062
0.292611526193909,17.471853704924094
0.327525982146707,15.13426807696885
0.282460925661341,18.476397669646623
0.311490856139449,19.824273592198356
0.239695706365238,24.372537297935242
0.261103167381602,23.072596387376223
0.253237812486554,8.46564353157284
0.24362277763463,18.615584190582776
0.275995361422497,11.89179319426115
0.270059674580346,22.10944426347116
0.345264029278494,22.329123677124862
0.272621859566244,15.583865321770476
0.296233912067029,18.871281445367075
0.345098795593845,17.461993153079533
0.358135607897471,18.771725342034795
0.306202716643741,14.030580246453926
0.306633374580166,18.5853526653235
0.30003017761683,21.83531114691737
0.298528428093645,20.21060262235574
0.242207650273224,21.82261689661256
0.26001714163274,18.638067385183767
0.289336492890995,11.959377281526562
0.265096929147367,23.6403922699734
0.26022424606925,14.30352743681042
0.328994517117817,19.177972739289988
0.232404976109509,18.024276089561997
0.265262345016946,11.098525809356373
0.329350873409532,13.999305629133515
0.294499868731951,12.627087679766722
0.295306026566437,17.939606519072555
0.275430830718982,17.75520679280537
0.290951504515687,16.988889716571446
0.236467053015669,13.29627085986634
0.274550040613911,14.31249764025486
0.290035054719562,25.395197435181977
0.262900051343488,23.070966148949594
0.288195042175934,14.823095868009572
0.349265814063644,27.815406654456236
0.244257931567424,19.023789748008777
0.29388062345023,14.261117637050623
0.295214472052346,18.908272217001823
0.344715906620876,21.93463817886175
0.260141966014197,10.505573071449446
0.310103403705299,27.942456947901807
0.34886114761279,16.053413660097167
0.337917228774098,11.333926995435476
0.300968262506724,18.26978285675057
0.288948597101705,18.579918340042017
0.286892286548703,13.87886339870612
0.331611570247934,20.30508715540562
0.342657042193005,14.248653183914131
0.307885289156105,22.962163676800515
0.340543502081964,8.460517419224011
0.334590399790731,14.69045726486672
0.338024223093832,16.121357020038435
0.332481532382752,19.35720988750322
0.303713815219275,26.159042873604477
0.341213427497019,8.663060008801837
0.189795409181637,15.506832118097913
0.214563986409966,13.107031967454295
0.186442977299448,17.879734562097745
0.195161146326221,14.43842582216738
0.229479479479479,18.860099692648394
0.185635531054106,16.25266427200914
0.215277101392812,20.495012194648023
0.223335863208179,18.99825686764023
0.36287513397642,22.90759359884045
0.321103339052395,21.005582132382237
0.375027985492321,30.146773625933925
0.378217517350435,27.719591688156534
0.381119494648184,15.363950857106266
0.360370131068857,16.447805274148894
0.347243438411332,17.840449690132104
0.231262867405493,22.29794073697504
0.210818438381938,15.64670315373456
0.34649084184572,16.55464855674893
0.353665158371041,18.788534468356183
0.19939244518799,16.723364228570496
0.36889988075785,18.68220893697744
0.360376691130958,19.780843284986894
0.250443892045455,16.973264405759664
0.227189182092687,19.8563229563839
0.362422997946612,12.937478815491193
0.306902779613233,10.425349164271895
0.341898042785617,13.872246444232777
0.36921483882586,17.432533031982487
0.365670641833043,18.70530621715685
0.367730120907246,14.715278888148381
0.177379371403276,11.304569072327183
0.334001939693176,26.689852976595866
0.356635958919205,21.384004179158406
0.186777297201871,17.301978059983252
0.211175456434287,14.80114633835128
0.353496440479409,16.010188617437514
0.345132344320693,14.875157200194522
0.382380216383308,31.836589614239806
0.344278428916525,20.07219623721456
0.367168861005567,17.276001439543357
0.241736818785999,14.326899248944686
0.339592015792937,18.173957560639966
0.221080200721894,19.35655463034884
0.202517618899871,12.937438207522206
0.177802246201277,15.710001195895385
0.225224234963067,14.922966253412321
0.259905888561502,18.441822678781417
0.215438395919444,14.46280295461278
0.320429915711546,16.461917693245734
0.261190088464416,19.55632221096981
0.354127994342792,9.94568184069173
0.367459829660198,26.518917341422366
0.329520262481156,24.073686041094817
0.335424646678114,25.786770742071308
0.349486216106107,10.101899336938803
0.354566351339404,18.30741930857272
0.360000912492016,18.28350358009103
0.210050970222659,13.189634782118794
0.215711653211653,15.691581112374367
0.296695053611614,13.379011939750587
0.244751405481377,15.668770439397896
0.251791760102009,16.18612856897693
0.36904709263763,17.555449085077306
0.187381550531094,14.583282923081944
0.350059343267836,17.133261953061616
0.367921194451807,21.147023231684457
0.355708458469676,16.254801849998437
0.360124256212811,12.532109209480069
0.354309737629864,15.884735225007201
0.344987067642804,14.214082172368716
0.209938925260337,12.884282258200619
0.257475592136947,20.656901880443083
0.352097565247854,15.818314475304712
0.166396530576485,19.405562860687635
0.346423531487035,11.079497914193178
0.313947333597989,20.662599674554663
0.226419242777362,20.117303703244584
0.353842666062117,17.571151713364085
0.357756165943838,14.90878431236878
0.37812374716023,33.14620562695538
0.179219520789288,15.47054365114375
0.321174809126616,14.957462961855924
0.357834783388645,16.54776195051442
0.372064001426216,23.66991811149565
0.359978861265567,16.216381171957323
0.331619305367614,14.581485971654295
0.353525584666784,12.421124568448928
0.342166762202919,11.094441021001254
0.366522906306386,28.044007803353132
0.339930924548353,16.5435158235172
0.339127899152124,14.426191427640955
0.357213085448695,23.700703467966708
0.363919300723998,21.589392036780595
0.375742378249967,14.927841161672562
0.360140325946978,14.29821134095317
0.348861593768724,13.062505312190062
0.357529671916603,10.39286244403533
0.358562863453996,15.214744544478089
0.352561534695331,13.286221683600687
0.348251494836021,17.604966056890003
0.35453216374269,13.448641036527018
0.350728508984944,21.36524411326792
0.356462948136287,20.107275457821494
0.268254250077678,23.17850139886078
0.375164257555848,20.70504222167197
0.272409493699069,31.997465818125622
0.289416185981472,29.89589283608524
0.291115476970094,16.882384730135755
0.263241233706628,14.798961729441977
0.261479298116336,17.559558832403088
0.352236073576846,19.21855238172811
0.318585726311851,16.08527114075771
0.282309345261588,16.565456051611783
0.274037378968701,16.119996426504006
0.345487633748465,16.040695161091044
0.281107105170594,16.22934014252921
0.273396956636468,18.78544763010234
0.349628712871287,18.616948352081845
0.357046365696357,17.526870121980505
0.266483150557208,12.40819134882271
0.295141629395773,10.906407151308315
0.272165088569746,11.467125432746924
0.260379809199624,17.02848021123858
0.258823006489466,17.387261386537645
0.270074275919659,11.440328811345823
0.351725051906171,11.862568387737133
0.323989998684037,29.30223731859154
0.221160170123208,22.725257564159886
0.343157941008396,17.006910939968854
0.364052661705781,13.598837072557009
0.212264150943396,17.432221406133714
0.247489914836396,12.471196357728651
0.295721126389316,33.13907965119164
0.139254531755529,20.00115157662407
0.261767678987386,15.642141853781284
0.328847511471938,11.856600255789136
0.226292350681104,17.377239366779712
0.355912517531557,17.641268259411135
0.355706773894216,10.26729454560533
0.350353116638154,18.294355054232092
0.357427433124644,13.201598654465656
0.31373150013136,21.047600645947234
0.356961471103328,14.95389387061925
0.364619415578648,14.024172020121348
0.340180448493343,17.618161486329637
0.223160487311431,10.239125801884626
0.28735255570118,27.17493416571603
0.375353107344633,23.209263703964933
0.323839985979056,26.545283560602197
0.199694024478042,7.9814846458166295
0.222712892169786,17.92468974216622
0.177095149507691,15.811804464210898
0.35310243380583,10.800315204194417
0.356128468429102,16.013023680557648
0.281425685172171,13.070996130818052
0.355921829230971,14.41174027177099
0.357496278132936,15.880931437896539
0.268728280473321,16.4536769054118
0.342793801308222,13.59097022313248
0.226455535628363,17.26892002630574
0.271944468851595,21.0503045354932
0.231153092140438,16.658022443454055
0.235210899751883,10.254031945135582
0.226165973286621,14.769054135437717
0.241543363449871,14.3156538847056
0.346312103304881,11.918667698188848
0.352637314734089,19.332767020156215
0.187894484830018,12.76911639888634
0.350745943116385,18.27149056737022
0.225819887758681,10.78260287573516
0.370933754774134,19.18254229180457
0.354061747317714,19.154958187394794
0.214150432900433,16.51958498658007
0.190049686192469,12.511999645063389
0.282381353303496,34.782490660554636
0.346793297069661,16.760378116097684
0.292363030223275,14.659073239264929
0.285915115812023,16.62094308904206
0.261067044799929,25.690028524444795
0.183635284990645,13.448845006901381
0.216396824684935,14.254785302440045
0.216155293911673,12.070833071292379
0.290721649484536,8.775415717218143
0.284663221511781,30.704796215234733
0.264149695847659,13.999209314533756
0.314652864536855,15.533508014400628
0.291796353935082,25.698562479513665
0.282041139240506,22.816018400867033
0.282093929181074,13.7920018608815
0.19358255726707,12.151455637644421
0.177682086614173,7.859506939890687
0.108027264257343,14.305934835374064
0.190499319992228,13.96048548274416
0.168647845468053,12.35355270931596
0.151620706337687,14.480197236253145
0.140859875959214,16.99547490423295
0.174480178779635,18.519418801893817
0.364697869027926,26.83865334281755
0.306405950095969,25.626980577713265
0.379859519047851,28.43953173588032
0.390699904122723,27.92752151910074
0.379356568364611,19.91475692625259
0.360094273392839,11.929821647634176
0.346631026830744,20.64982067015048
0.182341146703585,25.31749570448598
0.205063096337335,21.008496266297332
0.350697450697451,19.824070793595652
0.355301496370191,20.14922045098222
0.233403835985194,14.270714420432311
0.367884513423627,17.810951245460085
0.366502629420563,14.510709874658309
0.197573824368083,18.384349443118214
0.182601843450022,21.13764184528901
0.357122008172796,15.852525298241279
0.326809329165665,16.432835209367205
0.349257585539058,13.092166639036073
0.366722178683386,22.070401230738668
0.370912010901304,13.856062209361866
0.367922709969643,15.89224144864744
0.169411707882535,12.513629385413497
0.324517959321056,26.218419942363404
0.363227513227513,20.343990592257583
0.167797344110854,16.521670150871472
0.191835555769509,11.538321788874308
0.35063117048971,17.823475296283767
0.348845208845209,11.804470011282696
0.383575833493929,29.94833876910626
0.356101248536871,22.333529114116015
0.371447152904904,14.177510817120542
0.247451321447553,14.156581690061598
0.347958255541194,15.404356506540447
0.192516321044547,17.368422371120356
0.210373804694291,14.285813010578556
0.184865072505522,19.24619926940142
0.19276877337681,10.396113009560363
0.258035885626559,19.19956303730993
0.214460431654676,14.024492519257706
0.310894316854807,14.079456119060906
0.242451879230068,13.917995694607873
0.359227281497202,15.501217706259839
0.371617414627137,22.302738699991735
0.315204254290549,19.176681251690695
0.313235647369685,21.926236161402926
0.356795161766152,10.902879567378424
0.357476748108525,22.09644351149865
0.35764921673607,14.91874632936168
0.196152349450336,12.143129122978362
0.210499856363114,14.401506471942001
0.283355000240743,16.097343061305605
0.216646706586826,15.254661141022549
0.211557837163556,16.72040649503041
0.370621441667471,10.936702138859493
0.168605489592847,10.948373715294403
0.346762589928058,17.206237159239027
0.369227064772454,20.677348250491047
0.355570201132591,19.718629581634506
0.360689391769312,14.192256113139294
0.362168396770473,16.98499432011536
0.35347757407496,16.22444841494458
0.164995682624964,11.120736998528631
0.233615171491354,14.207621579300199
0.353638144379151,14.85238759871691
0.173649261930922,24.489114730750813
0.355813170426668,17.16745945821994
0.306436096012314,21.027412536251727
0.185297924356455,13.572618819473977
0.352690937870993,16.51953198305492
0.359843234717775,12.991541160700494
0.385812057081837,31.29019106515793
0.192841700696613,15.428411966648625
0.337243472396185,21.55306180135683
0.363603048959249,18.42934580685386
0.376761590047624,23.961457748105015
0.359387490007994,12.26078036889544
0.34007371007371,15.497112644383284
0.354597839135654,15.82114680677783
0.3515625,15.227590840833221
0.382779485209374,29.998991299004466
0.346064647050297,18.689608423708037
0.346086062564253,16.12713394692674
0.364960303930641,23.864487960814376
0.375084239915279,20.500836358749016
0.378167594547898,14.84146509108083
0.366234331897595,16.714552634978883
0.179143314651721,14.712567235821032
0.191786844882167,13.9005142297954
0.167726051924799,12.7920595193053
0.184555832567904,14.180544776710812
0.180063230503928,15.366827988086321
0.175610398735289,15.944724309117378
0.359237794169301,25.681585900931367
0.336657437051138,24.268566363463744
0.374372523117569,27.94097525043202
0.385304659498208,26.858018944746643
0.385512809453981,18.009538011606377
0.362509647251101,12.181914292490156
0.347077552876962,18.438421242915084
0.160196264095722,23.579457501460006
0.217098876716128,18.600829931810104
0.352965385781744,18.416233731481462
0.360605386156243,16.780765270043492
0.236482973745776,12.94240456395885
0.367471973581298,15.995602050004635
0.366140533959475,12.616749518811138
0.186207799005496,17.216605813417473
0.154986233006367,21.09768827065006
0.362682241349025,13.660823708590133
0.325292334343872,14.00004389893895
0.345957561106634,10.13741967222331
0.369754973636404,19.452549302312132
0.375500241875192,13.240849882449636
0.365418005035159,13.199850875428105
0.16414526747177,10.317664162410692
0.314915092704904,25.721420099435367
0.366461511789182,18.721678525180973
0.182080548563493,13.853841089873114
0.201186646961662,11.255532304501235
0.357383368038634,16.17225188726692
0.355863047720419,12.612714975070762
0.379483282674772,29.85444123326502
0.356171916241422,22.80494277234754
0.371075600330019,11.784958191195521
0.2484420621432,14.396364799453032
0.348414923441881,13.424723872048416
0.211243832770709,15.779285414867097
0.215990401396161,12.107776371505702
0.189818024263432,17.324305940335027
0.213615733736762,10.43660709956554
0.258787669159929,16.85430325807809
0.211142807745505,11.887999146590525
0.332331915266874,11.44421983194728
0.248010208495545,15.790284603692156
0.368459966076632,13.146677959212894
0.376666810512234,22.458041426967178
0.338026327260047,18.14039128147536
0.319340459600987,22.201626411776772
0.358507369639756,9.280397363091799
0.367232988615625,20.85789727014388
0.367401454610757,13.116055417409452
0.193191320804542,12.307204319699064
0.203724483190195,11.540011797959725
0.280221210149642,14.120850765349015
0.210127402288922,12.17010569312176
0.207909873286338,15.395284718739017
0.373668651914968,8.429903086440717
0.183738463538282,9.964413694050211
0.358118328363369,16.00500963694867
0.368305607436042,21.431399931999987
0.362458120260977,18.681048428288676
0.367096774193548,12.208161080530163
0.35766533933518,15.297435757237693
0.363477623523325,12.818465561964409
0.182973755890873,9.703653763460869
0.220105888429752,14.518158676686918
0.365577510870033,15.192881289505726
0.186498362915733,23.189923488444762
0.364266828485978,14.878702964826244
0.331064678342292,19.45882276609256
0.185659936881242,13.978689203505306
0.354909917945059,15.048831017552352
0.366722674593942,13.10835735331066
0.384719849301266,31.717659398068903
0.19122168810359,15.045483424380066
0.344368274904547,18.616886654483334
0.367442783436963,15.755283335206157
0.382968934846427,23.007611920265884
0.362636618191672,12.715188600001534
0.344592796309439,14.694680183927874
0.361467929587821,13.46102351726861
0.344455518481605,14.41032154043501
0.384805088045689,28.938022650881624
0.350612280472393,18.52382456139197
0.35980504587156,13.969406161571223
0.364958053322792,23.552401966820586
0.377966763570096,19.804818008171814
0.375140558775192,11.92044644928261
0.368878219118289,14.431937489123928
0.176606209652628,18.690761814704032
0.180386110738705,18.274957607330073
0.159515903530234,19.32013166595113
0.160247197470538,22.2058504482221
0.185327422752809,23.75741285015358
0.369434574724745,34.56762702284898
0.328721518440054,30.578231184210644
0.388013382048686,29.585989963212057
0.396357515860343,29.110612066335218
0.386491961553381,25.260583312847654
0.371238596650479,19.29866149874172
0.352442241222485,27.834533950985808
0.182820898731456,27.686496369860265
0.206658349505591,27.759385222954517
0.350907201316416,27.552666486631814
0.361392968402314,23.506997704303625
0.225578072226552,22.168896054631713
0.378435885188241,23.133212688761176
0.368801877363,23.495721311809046
0.219664268585132,25.31108763121675
0.185830429732869,26.130163528267524
0.365825285338016,22.892586468770187
0.332698467665137,19.23415754765616
0.352369869757866,17.473513126572787
0.369846330986227,25.865177610996838
0.377828054298643,21.14179929916596
0.372163159036667,19.779523988810222
0.171738751307987,16.801497540627572
0.32977340669815,29.447216659617798
0.372985268630849,25.378865799849066
0.166702777657408,23.192924646941723
0.196617014808703,20.202300086826522
0.361852885168947,22.87906769967456
0.358669149266303,21.001686673094014
0.390872413344323,29.66886782822162
0.361511423550088,21.56086173122122
0.378684610375515,22.033148138561383
0.250304745319983,15.75599790038238
0.3518087353943,24.622134088662488
0.207610435685545,26.127801236017884
0.203291911925005,18.923289322220114
0.177410277501191,24.877200703658357
0.20822349941662,13.076962057078873
0.263756213529285,24.476051248847956
0.21296816277161,20.222528246373297
0.326804259234915,21.612443220283076
0.250097213220998,21.490386742007253
0.36735492284286,21.21431592916939
0.379517812473044,22.786833188028517
0.332288128211828,27.66982334264444
0.325048669695003,26.364191374536073
0.362396547121118,17.03329356267784
0.365355390560549,29.29623142485906
0.370021999730616,23.455258346803745
0.203902503409741,13.471461450084579
0.216109553590684,20.873821319243735
0.292535437166761,20.068226533171693
0.223039744530272,19.72846133943747
0.227528211336417,23.152465551453837
0.378053020425902,20.106003701845847
0.168527413561816,14.208752539590467
0.357047182855168,23.250300146684086
0.374148922329676,23.125835631409476
0.36432349052446,22.830203948131885
0.370877585243153,19.75294999585523
0.363455465674612,24.267283001776555
0.360959110689819,22.243017151679148
0.17149278243582,18.020973632745115
0.251086722616742,22.638128123416102
0.362435456110155,10.154193524612927
0.176872066485811,29.878052430304624
0.366698436078499,20.576846391864375
0.323372627199445,28.98879908825788
0.197683464430806,24.012734594942252
0.364464946294068,22.890437735240543
0.368508311084317,16.57902501318006
0.387782349851164,30.8193143722192
0.181473948416133,22.304660629927472
0.335328043016348,23.145541407059316
0.37336889437489,23.64637589974605
0.386022164790398,25.559940769189566
0.372356290672451,19.978859462198375
0.35195865312098,22.126076433245277
0.368261790515714,22.286630845911173
0.354407623998267,16.14024003716971
0.389934250367679,32.070273308830764
0.351347233709137,24.220484954704368
0.355202821869488,19.781937086802245
0.373244998244998,24.797622340055838
0.379805606178946,21.033348849226215
0.384143178281169,17.305291817936535
0.375419993890998,19.276838449294456
0.214887516541685,12.671072856626251
0.200603188280913,10.331230418560349
0.194557694131033,21.46000565644627
0.212924875514181,19.42438501498282
0.366926406926407,23.313821497634375
0.328127663200955,21.31219310632815
0.379073905307469,33.11644811319036
0.387719074357666,30.5204856494826
0.385556499575191,16.039684232997743
0.357481759992838,16.25011129815913
0.350170388305982,17.06415753804138
0.195301245657148,24.708564846720268
0.189217470427661,14.356159651440006
0.338672524847502,14.547672958914236
0.357509430651812,19.88137256851693
0.217537870706209,13.90827417913219
0.366623876765083,20.386222274276683
0.351970865467009,18.78597955504583
0.227556109725686,15.209643566672893
0.197634490652423,18.74584209800652
0.354011597715077,14.73343754481534
0.314829043411448,17.506476216063906
0.342747451568775,15.368956598774547
0.37238219895288,19.48628399926679
0.36903164365179,19.04160485414293
0.366009156647127,16.403095619905997
0.168800206194424,12.337227598846754
0.322876179900056,28.753134797467517
0.36042689434365,20.659616025805015
0.208076791517017,15.359891425655315
0.218367434295009,15.040109400434204
0.357795358188732,18.83014151453216
0.353500262191925,13.388809020517838
0.386515268154991,33.29651239444181
0.358096393897365,20.578537092645266
0.367550802139037,16.833915063525414
0.251212810715666,13.402108278423636
0.348441084020049,15.27603331238297
0.223546722395189,16.042293713072166
0.210925416738271,12.706500404851434
0.185492471100115,18.5798499475534
0.218469140009371,12.637352886824141
0.262195901325039,20.587567904522317
0.218646232439336,15.231018192687387
0.332771656945345,14.691511562836032
0.26092884533447,18.163179595989554
0.366163996229972,12.893343381428133
0.372311027973812,27.98040353129905
0.326861953440426,21.40494178168665
0.323703735289101,27.24996457369977
0.363107776022468,11.875877248289225
0.363875690252986,17.12294335675917
0.364459297950511,15.4867106114154
0.210569669643631,7.3822478808683165
0.208919688788742,14.38177801290481
0.300495874834352,15.620476844645683
0.228914893617021,18.380726388013603
0.235127418392568,16.553818895290174
0.371825617746563,15.164152055138354
0.210302719781393,11.655463135147846
0.363905451448041,15.772277886696335
0.373983739837398,19.6846628380487
0.363873322038316,17.793286889534937
0.365951856246821,13.207372406511245
0.355257547330718,12.953063662830772
0.359162703804348,14.961962962066986
0.211474571939688,14.155937046384524
0.251685536191324,19.645553756002965
0.360814249363868,17.10348265876869
0.196533140965798,22.43272574256325
0.361473063613449,15.419320114867233
0.324605988126255,17.238697563958013
0.21694496507071,19.22980272305147
0.351955184534271,16.29061694902289
0.364014428177382,8.136527186325571
0.381974711949251,34.73559997932369
0.186833347555252,18.71374715547415
0.331309589978195,17.32759100048455
0.361706288843496,18.51223314265163
0.379523274894205,27.413938517823492
0.367084373885123,11.600571739154367
0.34887635536901,11.543272580491584
0.362156403153633,14.820424035122173
0.34069171648164,12.885894713200631
0.375037292758812,31.40554672101343
0.345433858571981,15.726169927783115
0.352478260869565,18.347599205074083
0.365501125151463,25.77149793008951
0.370798049781883,22.978132358844764
0.379095828539776,12.229815823537416
0.366485951551138,11.778531771729211
0.185281081318296,11.965533253329378
0.148682559598494,13.586238330421432
0.163082279317791,14.68400877777258
0.367888776274622,26.50868148040977
0.325999218851712,24.385348221172034
0.37492814503648,25.81169899719953
0.386083077056352,24.07411528277587
0.380104689392629,17.95564099980412
0.361049030786773,12.325663253678968
0.34632054382043,21.81991184237918
0.167112761181143,28.535568282558234
0.21729567029405,20.40561856248914
0.361894416684771,20.527568493050392
0.359111210361769,24.086895127289004
0.261624369893968,13.800669843955346
0.367301573464673,23.227575841109
0.363759267335369,13.355145359773164
0.138873091561311,16.77683845947696
0.164493567049478,19.669934282793573
0.357410427041558,16.584585327714574
0.337924741461719,18.56969450167866
0.352670349907919,16.478931413642975
0.369603876761659,25.023692790337655
0.375385836493518,13.07694538217178
0.368040428683454,20.13432820046224
0.214907674805286,16.737027661503394
0.309505174362988,21.806158169988258
0.363537545110657,14.606825088644612
0.171745755333043,14.720352310732084
0.189505580746425,12.28908149784522
0.357648000711649,16.5135701426332
0.354950627168401,14.382324163558586
0.377711000783904,25.280557773390285
0.354527003176844,19.42066897963641
0.37242941791565,14.339048311235162
0.244948832327473,14.61396291817689
0.345253547940464,13.633047033459441
0.191891774515765,17.39702689736176
0.221110478609274,17.548968892492976
0.226023824015303,16.785076453991547
0.195008240090207,12.904835806409737
0.244794829530667,15.691769495862026
0.218870624972893,16.67100322443811
0.323697641675466,16.330000515970827
0.232312497288856,13.899148325273815
0.364407888995549,17.975436287477788
0.374989180299489,20.555778011086243
0.326548014693021,14.6486472989494
0.300143266475645,19.36156426178001
0.358135896289674,15.189472801781035
0.358534565425856,20.577095039428517
0.358637326960364,13.79167745561434
0.192158419334921,14.544731061869992
0.204632034632035,13.964736161133875
0.279509052924791,14.593966222259702
0.199497356790016,19.32266680629293
0.193935976403227,13.765356608870924
0.374634869424947,12.064560961778403
0.173084445217089,10.058782386901164
0.358459070412764,11.986136996313203
0.367347827981352,16.37167009215594
0.358795170065018,16.37103966553941
0.362255684514821,16.71038450304309
0.345917128987517,14.249889331960778
0.355137963843958,14.428640650272367
0.187521686328938,12.279244991379151
0.208534899792674,12.715784584430642
0.360168393782383,20.754562467876593
0.210193146955883,26.49984772682775
0.360897352289031,16.949935091996817
0.32095652173913,22.605714333362773
0.171473177501193,16.11882618991928
0.345183229674706,13.19654243801643
0.357985480943739,11.916269322138577
0.381881288168358,28.21560558167371
0.231289116828929,15.785234082577544
0.336800417790931,23.820603959896516
0.36998849455704,17.918978156554733
0.37529132404028,21.357975927944803
0.353001224989792,11.054647171144104
0.342480081897895,14.29638172512647
0.360109360760318,15.960804944089775
0.353627787679868,18.402458052799307
0.378945083568483,25.876806383824448
0.348317307692308,21.919436679651625
0.354473812369947,15.060327286695388
0.358898678414097,20.442061989327353
0.37537550611694,17.616317471560887
0.379207877841402,12.191212922550022
0.357684053781807,18.487021489240924
0.155578083741984,20.06502272942293
0.17775624461671,20.7404099440599
0.363225222897015,22.189331625762286
0.336251483805325,20.300633130675592
0.374762562597133,30.633269980530255
0.39199136946313,28.399888230395707
0.390147512574496,17.359814502735844
0.360832553371663,12.584302867363688
0.348681568732432,19.12663617234992
0.192989116679322,24.094895658088507
0.20976581963129,17.226923615186006
0.35588110403397,16.740629213753774
0.35927412318967,22.61894154391179
0.23203821656051,16.557536352344275
0.371912791687958,22.291551683179396
0.36447721750991,17.8776849867182
0.205184139612473,19.570365659328278
0.187057186234818,15.362754539356745
0.359169788571675,14.683094449702313
0.328676970108696,15.788050397918182
0.348882644773236,16.714013216656863
0.367693042647442,23.461664977785716
0.369895761543763,14.937354063302932
0.365758672057885,17.05044941528313
0.182090062377168,16.683225143312068
0.320630469878494,26.710612280644245
0.362055050547957,18.9973822186704
0.165546575925138,18.008778812166515
0.202547282330891,13.17873488886689
0.356357791389722,16.24036400120056
0.356779550493414,10.558771977777127
0.393276595744681,30.10849335496601
0.355877026560883,17.6632451597085
0.37154713768887,15.135345013309509
0.25364238410596,9.924383813554519
0.348657789050941,16.306058711035245
0.193204954190702,15.728043154189278
0.21975625400898,15.231534980207345
0.198412361506134,16.55002516351539
0.195606118384814,14.110140869033788
0.260713831545929,20.755367118046596
0.219339123067147,19.023210145585242
0.332538044880062,15.514968719333117
0.246037799813544,13.10906797538455
0.361344358722987,14.263760682412245
0.377162190738,26.327274000066414
0.338695206357344,19.292459740314474
0.324761298535964,23.70196587553101
0.349086698129698,11.0616801145016
0.359695072611899,15.476183080570136
0.363295880149813,13.948955545425836
0.198792062122519,11.219581169549077
0.212503172320447,17.100089609514207
0.28959901347961,11.386523827765005
0.230818062550256,20.363122345705925
0.223448889642312,13.347411544776635
0.371048819971032,16.10766268221422
0.166015459101334,13.29802808306853
0.351298123755877,12.737386278204234
0.375207526286663,17.6279310825781
0.356046521682736,13.608881581193216
0.365608398684543,12.4129906330283
0.357130737252906,12.584857940176109
0.35745660345483,15.594020733779006
0.175911016949153,12.547397592175956
0.240284400185662,15.733396228592825
0.35556680588955,18.76402682609923
0.179098810226985,21.499499613860937
0.354429572976418,13.405265917953214
0.323676832894402,20.070694200362553
0.185710049144213,18.110809648887948
0.353143031998601,13.080980077143952
0.35635895487738,7.391986036086688
0.389644957712618,32.337232906870064
0.206606657608696,15.293551501207352
0.338693210821848,21.729488626870957
0.369263376443618,18.120169235529172
0.382222795033724,25.65041974184189
0.361035966118231,9.4959062272177
0.338626180014791,11.709923084093912
0.355210718222674,13.34820404803409
0.351178594181355,13.273207390484707
0.374088364993216,29.087956517561462
0.352615844544096,15.627603611132999
0.359744754488427,17.042147811164348
0.36414915604547,24.257270333078868
0.375856200808339,22.66446966339106
0.379880452753402,14.630502891045136
0.359395729019558,16.882527011635037
0.121230027417982,11.846719569925192
0.363237734060204,29.367326903513348
0.30866071845658,27.552974008718387
0.377767220902613,17.24297984933092
0.388404106392907,15.539372829556907
0.385624417520969,19.142124502639437
0.358688733290898,13.56662774260594
0.345708112355137,26.06090014025339
0.17094494047619,31.395304012944422
0.19552276138069,24.8821595445869
0.353844712934345,26.219456267835888
0.354700649194518,27.821387071763173
0.256413857677903,18.921095607312736
0.372764399380369,26.34046875647561
0.362130455185359,12.44629398070788
0.164329081752718,19.965936801011
0.161109561011905,24.827938075037586
0.355225152706094,19.43083043674909
0.337865031823287,18.44441256982106
0.352497461438035,17.919554311979354
0.368404702733703,28.896907530005688
0.372419194076605,11.587687662775288
0.368859381598086,23.24931969475992
0.203602542971509,19.94719576213312
0.309038992650845,14.571298579842566
0.36164434872179,12.620553422704852
0.154213706844053,16.204162977047854
0.175835523845287,14.845622494624818
0.354585382154962,14.465734387355246
0.357354628921194,20.076279447420507
0.38582215552012,19.263610478360498
0.354091513195367,22.792317947006524
0.370401651651652,14.659175181743086
0.247187308760533,20.273520476152335
0.340590182275885,16.817426410712603
0.168186068256195,22.665079381632673
0.22144774643244,22.889456584656106
0.20458268969714,14.788232165696215
0.168970025212438,17.018625929235515
0.236931844723689,11.206780324645013
0.210084033613445,19.007324354519483
0.315484084880637,21.044820794251105
0.21310364171848,16.724103059853615
0.362363773017663,21.460106179599567
0.372207453010587,13.976526939345343
0.313927747162169,14.748682628278813
0.300444340505145,14.041576703375723
0.356121322647214,19.600660697182906
0.354731950051638,24.525961870240575
0.354632587859425,18.753350809546887
0.164705324096043,22.430440874296306
0.197588731868849,14.103381854452428
0.273722456633849,16.04957058707067
0.197755797135259,21.709260611104362
0.181214953271028,14.834221462430703
0.369692842382115,14.240574074633074
0.155388001685946,15.254887511169395
0.359420966612188,14.48260631947774
0.372572018391667,18.766598200585165
0.356775545186173,18.199938861016914
0.359696011899228,20.941274524596878
0.345171252105559,19.39565291708184
0.356117455138662,15.666047545541106
0.164875221983363,13.74621575778238
0.217107099655718,13.552177691723283
0.3596613638478,25.54764882510244
0.197448076743969,29.093169613827833
0.361624912198548,18.45231948544549
0.308177132146204,28.29154756789966
0.163265782592454,17.20483002517637
0.347609417882421,15.536698156930289
0.354187031606386,19.682469994459364
0.381890881559646,23.586143257625423
0.211363849106056,14.88079788590759
0.338938136109939,27.565893220220616
0.366706358656823,16.888027712360238
0.374360674370146,14.295551543358084
0.354696482509987,18.540377268616975
0.338365472032155,20.99033333227313
0.359051623452464,18.289071630384626
0.352913621884954,23.93834341205057
0.385194537972316,19.46277008787795
0.348908338038773,27.36785265194164
0.345800181047215,11.458138090597838
0.362422949265055,16.783436372288854
0.376899268429938,14.578024060137928
0.378130841121495,15.976261652393188
0.361159556917276,24.889559248093384
0.364710711662274,27.951630013360393
0.336229661811057,25.910283874244133
0.379835212489159,25.25853171062961
0.392533696160551,22.56250861073975
0.388310971467391,17.32587188420867
0.35635297277937,16.513728376254857
0.355007842258571,22.535608913200676
0.180383099546553,29.259654058914062
0.209101251422071,20.941476340980106
0.354921285037758,22.84811587375069
0.360528854586915,23.492960102991194
0.264452408379197,13.869332326114808
0.367984257357974,24.019461171566025
0.359564994005823,12.219583626476394
0.152947241794123,13.246334288128555
0.177866700542005,21.258140727624102
0.364080608891195,17.120137092367948
0.33073116628274,20.53576382614024
0.349400246957135,16.46878128034701
0.369532955041467,22.453855455847698
0.375167756179921,16.15368391650592
0.365846877673225,20.74787788854308
0.222620837808808,18.7641884493905
0.30435617373496,21.452303875144114
0.363795458425815,16.040113120337395
0.167150790260572,10.0930763498625
0.169825852552308,15.869548780875833
0.357055536150891,17.444415069212297
0.359542218145285,19.807290056831853
0.385787561444753,27.216919575911046
0.361915077989601,24.244617637117802
0.368790081231295,15.30877494578077
0.248305157470179,20.52190429540951
0.34718447426533,12.272639615410974
0.186988578247528,19.069345062075826
0.231744530880646,19.254259006883473
0.228446436192915,17.375734530958724
0.152548502382573,18.844200180738017
0.246008430195427,13.09412656978827
0.213455891740074,14.360344358153917
0.334384040761691,18.53114236988562
0.212020601881411,19.581275106405016
0.365489188610576,19.90672163668006
0.382271703565206,21.848773805127575
0.338841201716738,13.8267844081739
0.3057722641429,21.395598387602433
0.352130600781147,19.09428581589226
0.371854134565999,20.403432691972196
0.362372731297034,15.413136125463009
0.168349438835204,21.964967449935383
0.191324472376746,10.33285731365397
0.271639750491327,17.34696720159001
0.192750605532656,19.549112326594667
0.182077479778629,13.07755778247286
0.375802722835859,13.459817789836544
0.168855814746897,15.89484216589909
0.361837064782498,15.622950801182277
0.375796450716271,21.274985562675464
0.366031097984712,20.21830519704983
0.371564101478125,20.877538297760957
0.354424986151945,16.035769961739852
0.362218260537374,11.3333846646237
0.167603355047473,15.193760652132072
0.196532281995845,17.71435414983841
0.356670482004324,25.445212888530698
0.20428898693365,27.781438662822964
0.364400990521732,17.16474989880503
0.331448205215758,23.905841892744736
0.171115936475497,18.298913158498387
0.355791183702143,14.774228313140936
0.360008481764207,19.61511495905475
0.390029325513196,30.988491484113293
0.230967714419755,19.43558300348904
0.351416606127943,22.13749759167314
0.372289104263549,15.423979240299918
0.380198446937015,21.165374209419554
0.35825350857652,16.887307068459062
0.343864708966964,19.317015061213343
0.364188066947745,17.554520512558916
0.354740974652215,23.61912293926128
0.386815761448349,25.238913765191757
0.354857387947673,25.706708339111856
0.361644788316091,14.000968019459814
0.37107027027027,22.40733139864772
0.382845903882333,17.649355026317735
0.371928105967034,13.044255389528178
0.363970430223063,20.039447422404866
0.376754871096741,13.343986336365765
0.173559790829336,37.914189309548455
0.237840590781767,34.21942416208734
0.249766850360322,18.074766895977977
0.252657911194497,22.325641899512128
0.274193548387097,18.213653952119525
0.36543183742591,22.234184008518323
0.327736629254328,15.759761686249988
0.275840040884119,17.504034820841678
0.264593908629442,27.27407229668078
0.351516571525944,24.64947046438705
0.207986511290391,24.476392117156248
0.268724350205198,24.65599195083526
0.36238827775868,23.71258032766961
0.367635855764347,22.24780682227971
0.255386674726888,16.701852038040286
0.298475363059495,20.60289575862241
0.266135423087083,24.174409500659294
0.252558463615381,25.24776253626138
0.249427522143011,23.883154239024616
0.246243810824654,22.87905962133157
0.369471876341778,26.127049290500317
0.268683425649766,33.121651194503784
0.265782075310956,27.455299568039923
0.365677694770544,23.03067773704527
0.378451739762332,19.56489916183885
0.272188317349608,20.627285398011097
0.251089799476896,19.507226898899056
0.231912806074567,40.01015022731671
0.269920878550737,28.73791830332872
0.249445061043285,20.76492674319269
0.354527525295833,24.232919625542667
0.288476214703638,21.707653154861404
0.366245156895304,20.878444374915542
0.371791019146561,23.849474330125545
0.368495077355837,21.202044474493732
0.363390882803198,27.090145711211665
0.344297499574758,26.653665925469866
0.373761850104153,25.060936889596903
0.358627231180478,22.800498944892325
0.35817215727949,24.618448258959937
0.254712545415687,18.55846094969059
0.255377370497645,37.48901071409171
0.373371335504886,24.521328294796668
0.290911411794741,31.53932780758565
0.274319236494177,22.04897320898385
0.263040970649806,15.200481782445372
0.27421205968041,22.142842074294187
0.365592794665281,26.04653965759036
0.367126485568761,24.714495061520942
0.318011176997568,22.406664294527634
0.36411889596603,25.824156574672568
0.369555045091033,21.990872724532313
0.195344172747834,25.407376381141106
0.363893978778711,26.6101606709701
0.27466105656849,21.06032975333294
0.184666837082481,25.720154509344507
0.260334517722506,23.26677500865488
0.252294353986044,18.571733864193607
0.287379797464046,18.089143971872552
0.270406001017122,20.56085627376892
0.367291826146126,20.944761898415944
0.353193921178512,23.873666925885388
0.278071697634063,32.14323856355905
0.368666327741061,13.057691329111512
0.272504475321797,19.709367839782487
0.369624515194135,19.68510614790224
0.36674182158506,22.751788256052627
0.261879712432053,22.067498246567887
0.272850487081745,24.17756365670631
0.251883421585088,41.44703867767322
0.365723779500724,21.92197528563787
0.302614741511687,26.158159976910074
0.27325556181968,20.013930697189423
0.24272429826072,32.369012524128074
0.265656970020461,21.178256379065974
0.247730446927374,19.56152125102538
0.270280612244898,16.13109730166922
0.289816787388155,23.555274800303334
0.24882050410167,33.15165627586578
0.260683394707545,17.61582014448608
0.292698798316776,23.945455532072568
0.221350010782834,33.55743892237368
0.251407609622931,33.32361070385765
0.213578200059516,26.44405238311521
0.267259144770737,25.855177713767763
0.378430870363256,35.075888505363395
0.391577847439916,30.760439792351175
0.394536955886649,12.804577115615091
0.373325991189427,21.78133900525785
0.309124151907657,17.647972757620288
0.340611717643137,21.305344053785443
0.334094061842753,14.912156894425959
0.378071794011574,17.649823116395456
0.346271551724138,26.843412452472315
0.337869574334242,22.858863261345817
0.385174907500841,25.613430424875983
0.368733425937618,24.215276054250335
0.343066773797945,22.235023254882158
0.32738367976007,19.50740096192727
0.370416063983664,15.379316084145273
0.36362492661243,18.153262790579337
0.374002947806485,22.861942426413723
0.37484436048259,25.721106317400505
0.384071851189716,24.101331468058763
0.382935340116035,21.590660879549887
0.336757556541957,24.770786316678645
0.372251133120698,30.63807949860965
0.377259952179202,23.844871133625723
0.336038687973087,22.091476667849143
0.333642066265314,19.27307696753981
0.380535154404501,17.84862016835016
0.369975090190689,18.981119565641503
0.391986721573241,36.39815898394089
0.383135968648833,22.587847910556565
0.387707054569915,19.847555541084482
0.326171380329253,21.8220982839083
0.378615853404015,21.255385410839438
0.326137983066477,22.151287572098905
0.31374952449385,21.713350152850293
0.329515418502203,18.203433308706202
0.336305785815959,26.37516769446917
0.325468933177022,23.521938766596975
0.310243106406126,24.593421343577873
0.160053471397046,21.271416039258778
0.332461171348432,22.121197968272785
0.387052631578947,17.0341358176884
0.38335282325426,34.66249562734721
0.145107549557149,23.163723042125124
0.368158578493001,30.234626227490427
0.381912367796244,20.71909577947282
0.377581058917532,15.71439482505195
0.376377575467178,20.278375795461947
0.33515311780261,23.579204886792972
0.327623663101604,23.84057899784485
0.353728208359588,18.54905290191174
0.342586012290456,26.074632683693675
0.328943511578242,18.858582404233996
0.378840164969279,24.914470509289295
0.337942756421017,25.502754656711673
0.389449023135171,17.57751121559784
0.384604062408007,20.72023670032949
0.379401709401709,18.58416434216206
0.385604862209641,18.143398231527154
0.392444295526889,15.472719746682865
0.390729305740988,19.563645695346704
0.339814969859344,20.182809476347284
0.334743290548425,23.998847216583194
0.393608599641682,29.3550384457136
0.334466080140099,14.970714729707687
0.389184992445862,16.29828918713129
0.152145643693108,20.734309923670228
0.326577614002764,24.79772845359122
0.377088460044036,18.9295019115381
0.386517134995414,21.409707425260155
0.390241316425633,38.32141972501586
0.332228839862428,21.53261027476897
0.363579080025205,25.092808143543177
0.379854731894894,18.658213446846542
0.379747104001358,28.757779846121167
0.374484875054801,19.400452729370837
0.374806568088033,17.405649811397527
0.387890968471298,13.374850087328863
0.383632625660821,20.711271166080607
0.386336990201826,29.228989327275066
0.369616568945881,16.960575293559838
0.316320424040352,20.727006419889992
0.364046282116726,29.299170966518115
0.378309657896949,29.43770844143516
0.38940757797781,23.931137205132682
0.386465466227069,23.9335797074254
0.228268731651279,9.036383147651833
0.296760066329351,27.96427886345342
0.276416573348264,24.169956282475514
0.269014906609195,38.14832733701564
0.38008578951839,41.41952779652526
0.332421590080233,36.91355504684162
0.295067954526028,38.305158474908005
0.278629138491262,41.45782928185791
0.364071242472131,33.42027015037603
0.28423014308971,38.952566264764606
0.286529141827851,26.90127987105047
0.375743598586085,33.28576491229018
0.381038288479497,35.50568570155625
0.273607381096769,31.06723628885847
0.308816636127328,26.760790135118853
0.280966900879403,30.35203222666762
0.265944434737026,41.88220605833717
0.268427438575205,22.438631552013977
0.272238869863014,34.54311651787607
0.384128487771271,32.305624886155236
0.312176774800188,11.970131376642248
0.257124546037171,18.997728459486574
0.377115557650285,30.090278264703812
0.392869401064012,26.132025901436016
0.281482291211194,21.251612319347004
0.248365443291779,31.231346788991463
0.275209724362267,11.36342161797905
0.280903018736988,25.81584549706288
0.267229194329036,26.880199426716867
0.364480756826489,29.917677427349325
0.29429652943178,30.87619926158661
0.375379095297083,36.73972168836502
0.383451037808974,34.58044535993074
0.378398597811218,21.92314037215382
0.379709031955288,27.286282101188416
0.351591161163723,19.165405364620845
0.383039065165472,31.907973226637992
0.364290965705142,34.07317019466422
0.356923470693627,25.02445101357091
0.271912521440823,33.09263793957732
0.241228256709055,11.861084030969952
0.381318775790922,26.721927331305675
0.320368868206464,13.035711564470603
0.275379819091947,31.406003223107565
0.264969354078265,35.162095379793946
0.280560722827531,31.77711383411781
0.379333565036059,32.78398673044676
0.377075351213282,28.004191984662345
0.331393109351594,24.441846820100015
0.374888197964138,34.70032651870491
0.378184611445398,25.33347039225059
0.150532574752962,28.306018800080448
0.37597313713748,26.766406198863766
0.276319154377291,23.406265128881884
0.239899854489429,22.585262245206277
0.276060013046314,24.799181098178725
0.253394145099703,32.042152036808055
0.292538205412789,31.12952766641763
0.262255006164704,28.97896313506191
0.37905220952056,25.405414114484785
0.364925690021231,23.336409357232256
0.289623402538955,33.8404605851317
0.37839445837406,37.63265030307916
0.280131685835222,28.60350069284536
0.376961224402548,41.42928531104335
0.375405428473882,28.943789255065155
0.261945617740232,25.491349875553677
0.273972893741768,30.1276220128195
0.265620277214042,13.113129769895389
0.375988374577937,22.790855114773642
0.313008304083555,39.71094547426153
0.259144357183147,27.978432808024913
0.229605234835766,11.013299508416697
0.262787068004459,29.74402974163452
0.261205462663048,31.041788303482445
0.278093003412969,29.051841749272516
0.296521070176938,32.35322377701211
0.231975455940003,13.614802858127637
0.274833440790888,36.855197198702996
0.260961963828772,19.300883285689707
0.18926431926906,14.686036472586144
0.280417843993493,16.613493622615994
0.259768791058783,28.968313623887127
0.279970728767595,37.434556384445735
0.242225178779311,24.01993681884931
0.276507824863724,22.271936489717103
0.285193000967203,35.26230750508534
0.385779625779626,37.471194976643
0.34098316738849,33.29068282149162
0.306688417618271,35.678211175003185
0.288143975230068,38.684170813251846
0.374994773154924,31.16458740068106
0.274649953886141,36.743872514201406
0.282195060483871,24.928230171379827
0.379257227263136,30.165688293744104
0.385400216108387,32.120664149259504
0.282649293323713,28.193666470436593
0.322588067944105,23.755400423520193
0.288145489144538,27.99025274560959
0.272289105008354,38.890145222215544
0.284467750838606,21.079826599690566
0.28210451266566,32.34770378037095
0.391445564601173,30.075532843780948
0.275974569181864,10.408438232714971
0.276222752186101,17.01924092806361
0.388914530273151,26.940038648524702
0.390644036465992,24.08676113105718
0.287463019337135,18.64318873570156
0.287533224727772,29.40132635175757
0.219484108705666,12.472796079867521
0.292981039027294,23.49672254759027
0.271957405777051,24.740854201870974
0.374520951779322,27.562397391555553
0.30525241586138,28.647800440646154
0.382863476660532,34.33262072257558
0.392206477732793,32.8142397715247
0.388181856239796,18.84016805598277
0.385071634434652,26.19888844517052
0.352846581178731,17.61593734612879
0.388754332484236,29.86027062410111
0.373829994494092,32.474829821923144
0.362552213868003,23.875975649131558
0.286635576842282,30.078466191961944
0.26079713464662,14.534578821360384
0.392675226268154,24.613088686325312
0.278397227094295,15.14330023742251
0.307286280592899,29.28773269749373
0.280762128588216,31.60526715732828
0.293526931269834,29.760049709731785
0.388063513686093,30.988314733524707
0.389736534934134,25.28539790192804
0.328953985416143,21.81021152410912
0.373274675784996,32.64655956662994
0.37868153903998,22.524198909786175
0.235380484940012,27.14939506601545
0.388011891801357,25.440208701881705
0.288793823038397,20.3770989503694
0.226914367189466,20.131902592157726
0.289680003408752,21.26845573177628
0.276278084638066,29.30049180851561
0.298019471023273,28.170401000411005
0.26791958041958,25.61197279099802
0.38431978614093,22.816623279091196
0.367500935434249,22.64597662334891
0.300419818771303,33.314412246858794
0.390735502121641,34.28595281906096
0.297475508666164,24.929310979095707
0.380165808315538,38.68265336631387
0.383737935068734,28.348383533056285
0.284268114069096,22.961497828904477
0.297786929572778,27.907441037073237
0.226404328162644,16.92288742583755
0.383976397723468,21.181865251813807
0.308607828346325,36.5504009267697
0.259632597391527,24.17798396301347
0.231143449384492,10.500690936530447
0.300288802345425,28.099390644731717
0.282126619198765,29.393405612082802
0.298955504491331,25.829345170572456
0.309046383121232,30.77225569220324
0.233929837734118,11.455017675253874
0.307027140753208,34.195760401124616
0.289574631318728,16.600965543148458
0.24958663670666,14.936650424720584
0.25757385292269,17.001780111734316
0.230042148311981,25.811080021720954
0.294448896950268,35.049079465448855
0.268754663974365,17.33216036941777
0.298261404047943,16.24805672434226
0.384731968608562,24.122686172027155
0.351859283039058,12.602614558637923
0.300004177458434,16.182905909815155
0.295714163016405,24.16734424433137
0.375281978444314,17.522840447745473
0.241184353798476,23.45546170071603
0.282774678021563,18.11822686020512
0.382202925431016,14.27056752163019
0.384147606990162,19.343988615736574
0.27673235855054,11.993697123512387
0.318836946985838,14.166027662949878
0.288099352051836,17.511271446228697
0.285219103046902,22.824558666075635
0.280823080186678,18.938850793755698
0.282919267669362,19.207858480152655
0.389307831655222,17.92210819261861
0.212657117801812,22.813707133936827
0.299962379300255,16.59389169544498
0.389538293950059,14.85093168608235
0.382535553970718,14.539931495651855
0.281631342324984,12.850629336111043
0.261708047945206,16.234400450342942
0.130640982784556,29.473398554956376
0.290906003226628,19.458431602972404
0.283072218498659,15.57048362762242
0.359263932702419,18.69519327675787
0.285143902844785,15.571748602681097
0.369419036879255,18.85569606829936
0.376736842105263,17.806302534002782
0.38656410685172,12.014507660605792
0.381987318538295,20.38619005051395
0.340730852661438,14.314407894694167
0.375953800608764,17.082381948549894
0.373350532904754,17.743286742067767
0.360924527514706,18.79616214304233
0.276186081630941,13.54527828900761
0.295164176619918,26.688887173337015
0.391573860054633,18.565933685951645
0.228337431750927,24.098565755052874
0.289017465370386,16.88913115362521
0.28593887561313,15.125638030995134
0.280191873589165,17.33080426752617
0.381607484584308,18.893214902244086
0.379163197335554,15.53247425275672
0.330836193186574,14.067825966829481
0.381045615496772,21.565915916173957
0.37817142380237,13.533294265446232
0.287409332942015,18.087698514978378
0.38839173705779,17.68247396576231
0.28894818026431,12.334446455338336
0.189373639256406,15.537414696855487
0.28219696969697,14.428907998510859
0.282843157589082,15.61419311400686
0.281716885068024,11.718151960870287
0.282765930914079,13.54943223087531
0.384592926259593,13.852784794439064
0.37598621376962,18.982746845346284
0.276590446943603,25.097521289264737
0.386093568223367,19.00575327984953
0.283581465373034,12.3130917666524
0.384850131683458,19.74612378470524
0.380085117035924,20.24032193727844
0.28579418344519,14.956576382344567
0.288464733737642,17.43002570471206
0.231751593701186,31.797489555808816
0.38432445986042,16.382120736024728
0.308858004018754,20.541860595688934
0.295856224181253,14.021252528758657
0.254375581297032,21.792373203246424
0.283591223009004,16.04780075460628
0.267919112291676,14.173943602138625
0.279803120046717,11.187740392850776
0.300267424369046,17.714863777844126
0.282137347287662,23.62549882157186
0.263854459896643,17.915872559236227
0.322481049314368,13.49273399993509
0.268890300720034,21.98215862064247
0.125814808624436,21.06281069911508
0.219617404351088,16.3368870808314
0.273701722612981,19.093800975764825
0.268591020710745,21.48837154852239
0.361499671124753,24.606586151972742
0.326585790191376,20.219585102474728
0.239633367117613,20.551640452510398
0.258766763320043,23.889067285786414
0.354971766366684,16.96339794779278
0.240709646060713,21.199739121031538
0.24348883484413,12.328662219888761
0.355675603574763,19.99038611277742
0.363943192776365,18.168401611177654
0.245191664063546,14.495948300904944
0.289794028139196,14.22472749061452
0.256872578071575,15.404412801918069
0.250889199045518,24.751135948300895
0.174353256021409,5.719761704912634
0.245383459975261,17.610229266272622
0.368285307719673,17.999417533954148
0.315407681792124,20.8043657720446
0.26642561072405,15.913405023719193
0.364202988241535,16.3297598029133
0.361299322439219,8.059216781308816
0.270933741723346,13.226409485022456
0.257156381012487,11.11594054455196
0.273464427750773,25.28867891381984
0.275051491000269,18.644124945613413
0.233623585572843,11.618986234889523
0.355665527495451,13.045327725096746
0.280698287220026,14.445989299910106
0.355728523549127,17.95503434831547
0.363811933937134,17.736328443497932
0.366306266548985,13.498566345989952
0.353745541022592,12.835908712789575
0.329744605900484,16.354127288272792
0.369626497533474,18.079742519658218
0.360365989734434,16.92822260512089
0.33575677461996,9.93107006777453
0.264146352254126,16.44517572397511
0.266505706760316,19.7689834999056
0.370284902813526,15.981718036854542
0.311216394887616,15.987428387165785
0.272241105823703,12.81582640147463
0.270555973284975,17.8718369070162
0.266531004207061,13.483369183564404
0.355554060720212,16.50536591328496
0.365174960436082,14.510176207228469
0.319229241160111,11.087553698057686
0.361283370717333,18.964109896308102
0.352794784830199,11.449501659105028
0.266904150809806,13.399536336676592
0.363186934451556,13.37342410510255
0.277609183269561,11.793959121317188
0.259138121546961,16.118214623499583
0.266980497646268,14.87949651777808
0.260976143576275,14.090562472766372
0.28296025381158,14.373190699893158
0.270804073033708,13.915306266775259
0.356463334067386,8.065341471007429
0.354818193780429,8.953878171166558
0.276431138774437,20.369507457435226
0.367567686164378,21.886438448368867
0.277258085866831,13.696386266148068
0.368863676496557,22.75131087040183
0.35905848159239,12.192854966019679
0.26088140516498,10.140149602036649
0.272043340937006,13.575304172189282
0.267805507362427,27.386356949788084
0.361722783637086,10.747739550990092
0.301329916493616,24.710854318726742
0.266855066612838,15.347044768065706
0.271160363895826,19.057834800125253
0.260337223192134,10.580993972720625
0.258644786078175,15.1056107098003
0.27038929011802,11.994479167294832
0.19,17.123498359750528
0.295252356205408,23.592624054899243
0.271344977391613,17.72731558340239
0.317153120790301,10.813416061076172
0.278909285809996,20.44021413728271
0.270547188976726,18.206083678156823
0.240975523859834,15.604169772299944
0.268694184031635,20.85439822500827
0.346922672277749,20.358503840353034
0.290191499299393,9.618470895461657
0.271359887080411,9.246581299123253
0.254715697832593,16.614067629830377
0.334751929437707,13.90327789570778
0.294239957529641,16.08067157264484
0.278095111583422,18.626891132359177
0.35043818675208,14.764178566622682
0.344010165629656,21.32387932209532
0.273392401664653,9.758341908309935
0.312163711740319,18.505427527595394
0.269891933792349,16.25198380640465
0.260896047644829,15.202963144875277
0.25680454830334,22.956658954805253
0.270582773257871,13.793717308233411
0.352473223412293,16.395253330738772
0.326138771186441,34.257351160869895
0.256996556899444,26.260874465919606
0.343441716434417,17.308784382375933
0.355979103023863,17.5295197675632
0.268183050234911,19.31185087241649
0.270735453559812,15.812788930528024
0.294979449330446,40.45551839200239
0.267901953755153,29.189360531798332
0.269757779349364,15.300508745401894
0.331920465136922,20.745780337336022
0.290525114155251,14.627899437842345
0.347515541642785,12.931921038502969
0.345042240995998,15.034419108703906
0.347875016549715,21.13636105150869
0.35538136339616,23.528314945229386
0.326199911933069,22.96075491784608
0.342714430312899,15.712647796784344
0.291307647662842,11.381882636680261
0.329826106097293,24.256409518899407
0.273876466681426,11.543449519265792
0.284154805833773,35.689821845413846
0.276372992635968,20.872500681379826
0.334545534690999,32.48539546088529
0.278667331942302,15.096382035471708
0.259623042208654,17.63855122936364
0.270584466108289,15.478236017194856
0.354242383452237,19.41661787267437
0.343127774603314,18.276563006563524
0.308484312859037,20.935347445999305
0.349448181858154,15.775498463042252
0.345567836540579,20.15564001783517
0.25868939561656,17.57054183183839
0.342460615153788,20.669323315434635
0.270914932007217,20.115216440617907
0.28179727578277,26.251773251805485
0.261963603684565,23.779262368595493
0.246989798152283,13.616459983206447
0.276096056400088,12.934656447062487
0.267777192520411,14.469186967668884
0.344235594488709,18.812819703091364
0.345556968129411,23.192325609219335
0.275528091857306,24.566583443943163
0.35000438519558,18.145796057224853
0.280992100269209,16.500947325702622
0.297016374630357,8.371346540871164
0.349233615221987,18.605515764706794
0.244611335481236,20.900178974677118
0.26957151002149,19.39060112143726
0.28903565531706,42.84026630071392
0.344694462828149,22.381605826753628
0.301625872581073,17.08444373397251
0.293573033707865,15.670314919741115
0.25996696281084,32.58833487314294
0.268670477595427,17.91261997014275
0.259694477085781,14.59714128370348
0.273283720110969,13.927095692356856
0.282310373736928,18.645638505966534
0.28245451742214,35.936920203056644
0.276135960241392,15.9215006569659
0.307079884850666,22.590188473157774
0.286321535639179,33.12326081894053
0.289349190909895,30.33430203840563
0.281442663378545,19.092141148250555
0.272252356393384,15.133622437428944
0.218236838591963,21.187507424842725
0.344375834445928,23.78374109765407
0.357583944423003,18.47729256885511
0.259541188738269,25.09365662257745
0.367960840097063,16.3664227907983
0.352290811625764,25.497122832965633
0.163448188817367,25.477375194896048
0.103643892339545,22.266519234158245
0.355763938867956,18.48259584253014
0.330948606707826,19.349230747621828
0.347205451095394,19.78676300477711
0.364271371811851,19.33634416177178
0.366378579901712,26.503775203269594
0.363733322179932,17.64743152900732
0.19632946518668,23.795363562106967
0.31513797854131,39.03365872842845
0.36261947493635,34.35037765507716
0.183682428195159,23.249587295513006
0.203613751517943,21.688432147769273
0.357781103035485,25.68649660077994
0.349754220987391,22.995712317909337
0.382368927167823,43.26196477365337
0.353590808885874,30.724881716757423
0.364178168130489,21.913537039182376
0.254114880752435,20.614720969629584
0.345562891906482,24.958315687136494
0.207612456747405,23.102441785393125
0.216588893092866,22.991998619518675
0.221320368902057,27.753696804583807
0.206367384333486,25.47698639382633
0.252634209320728,32.34083713065876
0.221470502518839,23.382657119229563
0.334114418408275,23.21528038285281
0.236872787840933,27.761610336694694
0.367329842931937,18.988488266834416
0.372273237212781,39.33547472522449
0.332326283987915,28.97388689908489
0.317285648784961,37.006016135204575
0.355016751138218,20.81840916286877
0.359065037247845,23.51890078274964
0.355198717115243,24.03258008025277
0.203509590901375,23.977419246373163
0.209197456464819,24.591127458914404
0.282950271625575,25.083516882502
0.221309771309771,19.912698812034733
0.212200099966678,25.462705239481778
0.370834031150561,26.239058419257248
0.184503692577294,26.245640642373168
0.35504953792357,27.690536469759504
0.368917618509686,30.714308401829506
0.356635776228533,27.841205907520358
0.359189927938375,17.22873411356611
0.346036839473246,23.6519152946263
0.356232617990121,21.067743593381717
0.171938074826252,22.845240188750655
0.232008125362739,28.399772090139052
0.358560948315166,24.993647806298124
0.205190928313777,17.10215909808034
0.358517745302714,18.580115604328828
0.331628819502421,20.519595839189257
0.193730472818163,25.60794286580275
0.346155498281787,26.46567866138553
0.351122080723441,24.245227418064438
0.38283689140157,46.31561487537111
0.226557937765913,27.993184547410586
0.335408657863948,20.972063170933954
0.365273407602687,18.664376897146372
0.376762346981849,36.31596908533087
0.355301047120419,24.709752751381934
0.346104506969982,26.29374561823796
0.357220209088259,19.575802604033875
0.351062053999917,22.559076854357045
0.378051320503208,40.035623218011885
0.346733246611556,16.968905914900123
0.355690711126233,25.590047274233942
0.366968402351846,38.88852027426166
0.377774526606195,36.23657458874005
0.372693573243367,24.442088048747664
0.35891234858681,23.055164921629036
0.310182697474476,8.404976009055433
0.312810945273632,17.868540662572634
0.235564010743062,14.912186048238086
0.340410712680866,18.573666525182194
0.324224719101124,19.604297553634066
0.216102077687443,13.805084160332807
0.22042532366419,18.29556430094018
0.31977907082462,10.500631559127726
0.30093152402705,16.918477002278596
0.300593581895752,16.63712630957196
0.323793593327529,15.897544606710374
0.329167992002545,22.0479043799514
0.324864087702745,16.02973930523735
0.202663055743624,16.456529819205887
0.307445759368836,31.596402426349385
0.309283665052896,23.398590476357462
0.198050927381327,15.229675923090806
0.234406619597967,16.456772892340975
0.322750229568411,18.5630911969074
0.321259697929578,15.492167804459694
0.352747104767035,38.37821679822744
0.325780325780326,25.645292188910116
0.326972295810696,16.47505623589969
0.259604112183245,19.844615116318703
0.31879374136317,14.024354682146942
0.234073510319201,13.59829588996876
0.249108392397634,14.675942359475703
0.228276448983248,17.85169894061576
0.218065122103945,21.899079326867202
0.255343409050259,21.69206105450968
0.240310250793509,16.155908090637027
0.327372047690285,14.663329267453877
0.259222823413674,22.791576229423377
0.329373650107991,10.792570260304144
0.334835571817411,34.52379065237416
0.337125991348234,21.63572809107954
0.30722406230418,31.31629150730551
0.3272509446134,15.322809583697907
0.315753978958727,13.661433115293535
0.329885645221272,15.671841598877354
0.218396828290193,18.091258658394107
0.222832150667202,16.749419334928334
0.282612596447156,17.911206436059626
0.239027548332366,18.353952018904934
0.246343754192942,17.298022091005773
0.320946857297006,18.427475214601596
0.198866690557248,20.15039634302262
0.321730382293763,17.51215109302957
0.340070969770471,23.69004335896901
0.325541619156214,19.91564610500493
0.313314359407658,12.962538363467985
0.33055095555655,10.963968775563993
0.321145099438152,13.616580739582044
0.208737213561442,17.132618557268767
0.254585113960114,22.35108428172821
0.329023500089015,25.137727461818592
0.216426885216694,16.256770893371367
0.331495427649274,14.462505833447112
0.327350542260464,10.97560658972952
0.225299535050071,20.47370891169757
0.30219223506655,18.040151128772056
0.325465395920549,17.788871230128706
0.340881300665731,40.62049677479419
0.229686170927161,20.23762846067472
0.314132483619065,15.769047387118796
0.335645823824738,15.618329256647943
0.332819722650231,30.435885725668648
0.325671125245534,16.521081457175853
0.309362092703075,13.677515813695466
0.329031536569,11.474189333929996
0.317018511048362,17.55632485021775
0.341005681563996,32.87776819489057
0.314922480620155,14.786781247697089
0.323881278538813,20.28612892741544
0.329842813011085,30.770699407338423
0.343703703703704,29.174471134304948
0.340634508680866,17.63644398861584
0.329230838715505,15.02917425909508
0.257765984985762,19.074973066485196
0.336914103478662,13.944401679200666
0.259658277922734,18.974997795476924
0.268775286581254,20.25145808079306
0.349851820491109,15.724210013513773
0.351550775387694,19.709624575582538
0.273342700217141,12.146402682808377
0.290533165407221,19.084391511463195
0.253276909722222,17.75732098585031
0.245583114817521,17.422321052874846
0.237819420783646,22.630888715982415
0.232620770913988,15.383048534937686
0.349985195211708,16.662318300829373
0.330987690627232,33.33802598868966
0.261740882192471,24.404589649719775
0.346331916326445,17.74076086185617
0.347974539476457,17.759649750592207
0.270684613399845,19.317228563000437
0.285265918569156,13.030375463234675
0.296293959279825,39.57791493837562
0.278185229404742,26.260239335232374
0.232873253661,16.893576028857048
0.344987113946512,20.4013997284541
0.287892713903743,15.053052768307133
0.34597305577706,12.440518565456264
0.345582635186596,13.251051166708923
0.343428403410762,19.711382612403263
0.346592337999832,22.352419572853723
0.34723736061038,22.712538730241427
0.360572290418534,17.132468822262325
0.357070063694268,12.29872416036383
0.335024103961434,22.58901071565214
0.27277133825079,11.572030073639702
0.283814859723209,35.184782980203266
0.37650462474131,21.789483220187844
0.343715915764745,31.768542855387928
0.300021612275773,14.4092415163393
0.265587504736244,15.306597862983496
0.288511009374319,15.37174796963688
0.352358168147642,17.322501312258442
0.344091194310814,18.72805791197
0.324559559349115,19.12872677518617
0.347350133958473,18.721150167647426
0.355088866532528,18.938531569420224
0.284149321648268,17.95685183803643
0.346043951426531,20.23088547046096
0.289113224144431,18.303045882579685
0.297353027816353,24.4270539038131
0.280612463111073,21.38877542555281
0.276673335000417,13.797191287315737
0.293759959741676,11.584756088863655
0.270411359365212,15.951799601829087
0.339413612565445,17.628954551139227
0.350763390622393,22.15210398815455
0.295124697639503,24.43475163626137
0.355621894701683,18.905749693366083
0.279068790183637,16.98865112289676
0.369821863708932,11.003146986507756
0.356579885129753,19.803295779335436
0.279706823488714,18.993739499186415
0.291600567754864,17.833921097118772
0.303742680132394,41.40779662704254
0.342515221499055,19.987039724271554
0.30010508617066,17.912619221844626
0.276233049578646,18.703619375106964
0.293314360956548,32.195812367476535
0.293659157774558,15.274467119283742
0.285668173014848,10.904909826465031
0.283259284097577,13.052858348766247
0.249800679786832,16.61093240967832
0.295235501173315,34.80368206965779
0.281806293765292,15.55126228112187
0.326061850378545,22.583427463126124
0.316058425243793,31.414565458056632
0.301384272310346,29.57584987829967
0.268616686921175,19.55703663894295
0.287957007447529,14.446507360915795
0.340621627455213,16.316627774521507
0.273875979055779,10.561277613385096
0.256096504526357,21.110929558878656
0.357466063348416,19.25719047453106
0.359439300411523,23.541949427581876
0.230103200979535,17.51629823034602
0.276406627545737,20.885378429839015
0.209766530030298,13.839414350894817
0.0814419814023181,9.058908070609018
0.227362247800779,25.22109887345334
0.192286084701815,13.330177060112767
0.359280525468702,14.629778125837731
0.32793609671848,38.4664234867878
0.24829565067311,31.127021000765488
0.357529208135006,17.79153000441552
0.362901828264449,21.22935677691082
0.266950837051106,26.03043744481815
0.275461531666814,21.069575323614977
0.29254744304673,43.24256333522801
0.273950390042949,33.02663779275995
0.134721622788088,19.48641158575182
0.349541762585241,21.947826666680474
0.271356783919598,18.39485157107674
0.360218301048363,16.12698648759804
0.360660373254448,15.678948460662184
0.358694244138348,27.37936295219798
0.361879524301965,21.70923907091921
0.336256301977852,28.549748659677526
0.362539846644266,14.33622758385305
0.331702202027263,15.506812475330946
0.339244925225186,27.874666393563473
0.258423559982677,15.87397097017247
0.268293730932841,36.79662563158996
0.349878408893521,26.37604830280145
0.334842214174858,36.55015302885688
0.280476423270077,16.3610820783577
0.25081158291131,24.27365323477104
0.263385650224215,19.36616789334879
0.359803232607168,19.323166643784035
0.359565778159931,18.154948606558538
0.310933448573898,24.51121389343382
0.35576302542701,10.898501759284834
0.354827586206897,24.48637984211478
0.264028403186699,18.4276148454451
0.357584136173154,21.15455628349137
0.276950232478044,26.58071175177563
0.284706900281203,32.49458952431311
0.259171389657748,28.396257336864128
0.258643588535196,15.427966798334863
0.27762210630685,20.61855432267773
0.251727690260549,16.96282461491553
0.358709232691396,20.76426651856757
0.35604598292798,26.590392967887144
0.271782008404082,20.89514134619574
0.360343347639485,23.143025703713413
0.261234621195769,19.988178090504668
0.342403040511359,14.731749292495492
0.358340155987418,22.628675735650255
0.252509549613574,25.13887868966449
0.266735324407827,21.519464082369144
0.296045740223464,46.00181367508868
0.356418335635359,26.830156156345875
0.302208488201227,12.080302190185044
0.280321673404816,18.956599588193832
0.27786988961124,36.037632818551906
0.270862449844462,22.095386062847577
0.270380855487238,22.55055500293866
0.279525184195786,19.44852106677026
0.275106814552674,21.01031539514539
0.295268465052142,41.024389585048596
0.290985206715544,20.833971251188572
0.313439725666051,25.280079964714176
0.298700446311368,37.3093943446744
0.290329556266759,33.383450145459285
0.272721399035148,17.967613478487987
0.276924415821766,13.46824077097866
0.356282887813092,17.690506267700894
0.35331928345627,12.462506496962908
0.288139899225134,10.745360748637093
0.264077022464886,18.353705793200636
0.344548551959114,12.460322534298312
0.26977241292594,19.492631662643788
0.314407257889482,13.296199965051505
0.352769177846577,15.93874085539986
0.354893018497997,18.104364157668375
0.343014690407038,14.920321407633638
0.205379800372187,13.1681119363535
0.324118808553544,29.248819206644907
0.346636714813571,20.698554727381456
0.233421694858201,11.89993890548634
0.251822664250495,14.882233403710726
0.345925479734963,18.92398991382472
0.340373365450791,14.14620087995694
0.37171827667452,34.66466718547837
0.340860627772091,26.004166256949272
0.350660830036198,13.370808557106278
0.265027668652051,18.094495006685126
0.335422935473086,8.801536371754258
0.254941043179053,11.748211594925115
0.225871256978515,12.715044477260598
0.198782535684299,19.890429987052617
0.270160952301115,18.158159234736956
0.28523546170605,18.337502979433154
0.235832460732984,11.074541802718311
0.337462813429664,9.604060692646494
0.292812238055323,18.924898163804226
0.344898819561551,13.354274965729907
0.353108407542121,28.575563515463344
0.340118243243243,15.197191459939296
0.341121691346113,27.27483041979627
0.349868153719794,12.789222696167165
0.339776795114761,18.069716339988375
0.354358348231806,10.148543406089967
0.253022341834337,16.693746031605063
0.249665383971892,12.718912000328375
0.305332436183187,18.17716786343336
0.265737485350745,13.77047929263969
0.281866957287169,15.589037255982626
0.349521924097553,10.85707338104422
0.233924146331219,15.084647498790588
0.338821163755184,16.50308388177561
0.359720409280391,23.70961893212598
0.342043364837703,21.06728979110587
0.34873301658748,15.536867284613907
0.35279315551082,11.462163975819951
0.338930659983292,10.908475155319545
0.246440834100997,15.044116283212054
0.271796262306024,18.69429583899336
0.349107366313506,21.41850268314606
0.213579268038226,23.350318139456608
0.343228707088533,16.124684572746542
0.341923965553455,14.800630626530925
0.262000586928269,15.579775083327592
0.33851374719004,16.247870085170323
0.347865102884094,15.466373506314516
0.37366767166334,37.639042098708764
0.199853126311372,19.913740553996032
0.325632725132431,17.14258085487205
0.347747015276649,15.955215533142368
0.367070063694268,27.99314082005985
0.351819338980819,12.930581723331663
0.328921885087153,13.593806028581369
0.339515486818391,14.466254226257455
0.327396454675292,18.885169787516567
0.357202715159641,32.46665168146991
0.347927045512117,20.64568407767731
0.344328926539169,18.87582151725181
0.356197045173926,27.918274262345374
0.360566402962464,23.88250853141568
0.368818105616094,12.623423479340262
0.362891963945665,12.745451238550787
0.260289022225978,19.43298860750755
0.364674420578997,20.074022048799034
0.370948856270648,23.988315340311427
0.252658098125454,15.264213826230417
0.303751105123563,18.502416036488626
0.266891450946269,13.491514537570996
0.262154945954093,13.366658384481815
0.245366811854129,22.742580137766055
0.240819596104389,12.81940183956514
0.374194369063772,16.402903342812305
0.283350176856998,36.69590307275795
0.289634403167383,30.695154663089593
0.375300620226995,17.897962081894658
0.36602729308378,17.362041931530047
0.279999137336094,23.545651469238795
0.2729114578843,18.78080786878499
0.238268898351533,41.5348979735348
0.284504512210769,31.573286395515353
0.249862863411958,17.046073262823697
0.353862124486251,20.205350295207058
0.286797988264878,18.242787226198953
0.359303989227403,17.236721399379874
0.373498833015065,16.749174284207633
0.370924943138741,25.894967457368715
0.364425299432654,19.7961913999981
0.347562000840689,27.463508747168227
0.371990925513591,15.570343615515089
0.361333617383894,15.436434212621554
0.349642707019756,25.8194805313699
0.269947201689546,15.791331289889552
0.276234179867572,35.21821859318144
0.385164323225479,24.791186588207577
0.285909453949304,33.654167738892774
0.280731400840591,16.382941002849524
0.280081936056088,24.429156859135635
0.276432006996065,19.33771488791544
0.370172133253404,19.284055619478316
0.366314421101187,18.436751244025654
0.32536904259806,23.906537869167238
0.363416988416988,9.278959549880524
0.362313966198604,23.691741767083165
0.278941588883727,17.35352838053928
0.374315443592552,20.017796414075715
0.287712665406427,25.855903454293276
0.244462258976414,30.004272931302552
0.271140651801029,28.247979464990173
0.280099460905178,14.094004515485816
0.277210026074523,20.886083775989764
0.275937172774869,17.223980754324007
0.367840484094634,18.915804460318487
0.354358373766103,23.347137498550392
0.284794245567079,20.211998362239786
0.371154731511321,21.03604376660884
0.276418312765868,19.317416312352492
0.37374694633982,14.49936681705247
0.365010299743557,18.03527068529446
0.27379507628294,24.292594550068618
0.285020717364919,21.775672887177965
0.25240323266695,43.81280481263798
0.364667986020464,24.414161171516163
0.300535503457581,16.96324780622137
0.282573254965893,17.13313468747448
0.275975822585451,33.93686094761012
0.268151016456922,20.97437133178739
0.270694864048338,21.63514354624381
0.280850974462366,17.688161705189472
0.276703731783338,20.280077481354475
0.276991559232352,39.06646798200798
0.278558428916071,17.471019800924896
0.317027664593609,23.64847552169156
0.286586407103825,36.14943468801998
0.262041332770983,32.455266245996434
0.193859980681198,20.335636054759675
0.26441145281018,17.02008326234006
0.348536347028083,15.673809380781258
0.357896499748786,21.509160876700115
0.235963451603262,14.107475251146381
0.275189553496209,18.337980998934572
0.241114982578397,14.85269857550786
0.239873171994306,22.261958203148357
0.243095930232558,11.312525724793575
0.234607263513513,17.871459661881815
0.359603295956507,17.584774211089908
0.310605102255956,23.372888133833314
0.277953386437392,18.015756102267304
0.36020278833967,12.237157537146444
0.364023022557027,11.563595359794137
0.272423169889503,16.10513187315121
0.284613724643936,15.540987898980912
0.279926529578178,28.91103642265553
0.28421593390128,25.96721648603971
0.24116081611963,9.17288631357503
0.353815806218979,18.46207658977371
0.286163653902613,9.031787911430081
0.355716572584042,14.48646229402121
0.370592982754226,19.164262979556437
0.360832349468713,16.91329140261424
0.350563830682488,17.461585071565057
0.341965750830984,15.376886421019156
0.369758149316509,14.60617604704474
0.352947449240744,14.481463878153825
0.340676682237091,16.540701209540213
0.277441732583224,17.291099958866603
0.25884426539091,23.222139680872086
0.363447515685942,10.419668421270199
0.314360291331621,20.426279123135664
0.274516185021262,15.755660389970076
0.267275263091163,20.009110788330005
0.26202049395691,11.556079986065903
0.353469720363699,20.495976954874813
0.357604770303183,11.105333523345204
0.311951384199865,17.263001606166142
0.354429315851404,16.216011770153617
0.354713804713805,14.261631772876099
0.274105556965237,8.856584432480911
0.360568608427891,14.831321213396146
0.277747402952433,14.952312009628981
0.283580512950522,22.15244678135749
0.270988926088076,20.94660986524493
0.273307389739727,16.301947770112672
0.281155271135062,14.302191825390901
0.2716502411407,10.353033726578815
0.359336867794328,12.643932841502508
0.347930803384435,12.875231412431246
0.260613800033495,24.21621249831182
0.367922551443779,25.151419037644917
0.272386172006745,16.48646983903192
0.36443001138712,19.84494744911802
0.357145863142833,10.751919367178203
0.255857849518355,13.994270769162583
0.26637335009428,17.65066348880519
0.284101078109686,32.772114180306296
0.360106248418922,16.919337248835582
0.280859506923337,23.857012892327134
0.27114203496113,12.998537653544123
0.279470678486192,22.90463796714163
0.267249735636235,14.322166174024623
0.273255311798238,17.640436769069527
0.26756563446651,14.65951045371144
0.264865776054617,22.401332850034734
0.287535232005385,27.553737919471438
0.290685360894612,22.065809267160265
0.311451495258935,14.631286089702826
0.299931600547196,25.068261701130133
0.281092951560454,21.075531401765428
0.245161968868321,14.44296200496838
0.26689734227732,20.325717526211857
0.168152759084791,19.967750330449565
0.358578484002577,13.162238441481957
0.339189704076881,20.09216410218784
0.351216523717837,16.0412179461829
0.363782120726264,16.45842790536199
0.370524777581983,20.842105778385065
0.362015536783122,18.535070958297524
0.237367276448766,15.057828289979765
0.300669236308188,28.165334235311224
0.361175822779448,21.902556160666368
0.186468366784062,10.305988821847725
0.187908774314109,16.251399931946196
0.354307505633559,19.421583205230515
0.358575575098557,17.52307374375291
0.379635916150386,34.79657972293923
0.35508773438844,26.417192557521982
0.366058161749098,16.642166440688527
0.2623732856291,19.8788479915306
0.352331169378636,11.645258201523783
0.195738648385595,14.042737582654443
0.237074481699514,16.329575217243793
0.247501270540403,19.606148013576508
0.175073933248838,20.318890569015895
0.240204573312481,17.99968301884269
0.228793511321392,10.360412618975245
0.339940004285408,15.507633968152255
0.228373409964924,22.414194592909258
0.364929212193359,15.28627958333928
0.371336397756505,29.99183864408301
0.341299254526092,17.707352999122445
0.302487941101802,28.528505915064812
0.354589835236684,17.001349704810877
0.357901444350042,17.584236218639482
0.355883775110994,15.757985448656344
0.179128262554914,19.091653388158747
0.202602387279092,11.635667024442593
0.272551846982484,19.890391265255523
0.191120016874077,16.843245930252973
0.171083217108322,16.296017046052512
0.37362987509559,14.672270618486312
0.188042879539003,16.53538653122406
0.360703874265917,18.132451703328204
0.372181887657623,22.97716902046094
0.357641883732965,21.946707947386894
0.363617253846801,17.715086554092167
0.349689099445878,13.468713322057967
0.359400016853459,11.273368508771847
0.18829220888964,16.433672282163077
0.189101081058343,21.164054319590974
0.360289477005933,24.71334873353659
0.221455035365443,24.104686883805183
0.356449699127045,16.24806824919481
0.334350239396636,15.903658272641637
0.170907477070037,18.52936209466032
0.348304567642957,18.85020295485484
0.355389990318643,18.755727677357967
0.382112428822195,37.87996910687021
0.251926496739775,21.325664670404848
0.346966034855616,16.387685675726694
0.365488368078035,15.392229904632392
0.37709940017138,28.247573951084053
0.35370599681585,16.877863143842664
0.344360086767896,16.614170558949038
0.361470488753594,16.454586547200385
0.355245318193373,21.165173547764617
0.376379550932386,31.853804158321456
0.354165779726681,20.852787692325577
0.358273319246194,19.062690882698927
0.367935062704003,28.270735210830544
0.382632494589893,24.542247936498082
0.368230818008878,13.91054870970779
0.356627688630932,14.922276183803467
0.357892509521794,16.066256045414566
0.330456175464932,20.03407641117402
0.350146576996034,20.01304842095565
0.369258025956284,22.430651405489836
0.372226456639566,20.211634558171365
0.369977001881664,20.109506663206716
0.19813461053693,23.15061923660351
0.317398380769552,30.92547104657255
0.365675066755674,24.363886609543183
0.187797842989717,19.018959300004624
0.202260833158886,17.066765361760925
0.357548822699885,21.17838789440311
0.354106135703299,15.835386637707169
0.381379310344828,35.258173068927995
0.356080508474576,20.96234136987382
0.371049331103679,19.807027761401528
0.245669225284174,15.627756922736841
0.347060777150448,17.952987951825484
0.204064193413922,18.34667845717349
0.21898377742288,18.34716240279674
0.215385257185766,21.266891051193035
0.202500312018971,22.525187721771793
0.241818636022983,25.398707916934388
0.208763315579228,21.780517539243018
0.322513928752321,20.324532626656385
0.230029555009782,16.790836304953757
0.370519262981575,18.5259097977247
0.375643794650274,32.437937939438335
0.32505453935224,21.131500651025664
0.317310497145477,28.841512726913937
0.357357550775044,17.52198513638803
0.362767248232292,12.623926787890246
0.358052775250227,15.287526055830764
0.193776250477281,21.06912605288015
0.204198156299311,21.282340872787586
0.286314074445419,15.535690521312631
0.221051975570236,23.289747709598082
0.20244836775483,12.757934288127084
0.372651182255702,22.471728505688265
0.189299123904881,21.99856092303826
0.359764470891765,17.609081683666158
0.371042616369035,21.678053350944356
0.359149243583206,16.76325784703988
0.361901213099822,18.586006208180184
0.347192134644226,14.614794000621691
0.359848956388232,17.378822401745406
0.172814605339765,17.973178610910338
0.214732697886448,20.992035947210187
0.363103376838616,25.198804356517766
0.216012272482275,19.53787618542414
0.36099515778928,14.13487086921177
0.318923089756423,21.400858532277923
0.182698313554029,22.436254667252136
0.346667525551834,15.419099585783128
0.354625367997678,17.379831003538712
0.385983042983085,38.38391005869945
0.221911752439736,21.529556170293016
0.335999498788739,21.718413982377168
0.367513920176818,19.610123906590808
0.377420988227351,29.830127537192823
0.357114814168557,14.508430724232491
0.34535619601471,18.318039712217747
0.361035932880876,15.884580663802353
0.355161048064085,19.94396519761403
0.376218039476972,32.38740815457166
0.344031885882106,18.229163346850733
0.358008418725286,20.70011625867716
0.367893401015228,30.076489906411826
0.375595586391373,28.25676919632963
0.376306257546109,19.564580148668202
0.358112652374947,20.282745691009175
0.284965705278405,11.693150149455821
0.24444004051614,12.179255531471249
0.219023561691564,16.56061051372101
0.235102481121899,15.9937077623264
0.220499146757679,12.143495040422044
0.353745438935394,14.62752071722125
0.314066496163683,27.474953041688888
0.263378602750224,20.721518421673547
0.366010840339721,13.235387387335683
0.359052221889568,9.868464686616866
0.261788547023446,13.0164964658402
0.270597210113339,11.225482820724098
0.28225531188668,33.355234800840854
0.274768538548066,22.468889888639016
0.219489826387408,10.653496097812768
0.352160679070565,14.410705231705478
0.274536821130284,11.644056257808694
0.355552243889977,13.48064335279627
0.363049261929283,13.22835107619736
0.354065456405012,15.164348402732356
0.354008079948969,17.833090785055695
0.328158890826351,17.641880475429257
0.36677155978908,13.774251120175634
0.352393272962484,11.645924839004184
0.344398604967676,17.559005311881474
0.261906797776828,8.884380744092871
0.251696208972945,28.872911249974358
0.373033900484293,16.75119955378995
0.31792264158972,25.310335492714763
0.269577983259564,11.122419157256514
0.253373761530577,14.084572049827147
0.256189213085765,12.1899642386066
0.357105707970355,16.608496528215067
0.358279579018842,14.414441839513065
0.31931643625192,13.94515587188457
0.354633876996262,13.683688930531726
0.358057244928338,13.0781662844445
0.266089743589744,14.544901916503
0.365407571623465,15.65748358419505
0.269387668380572,13.923779895463301
0.27639221045439,19.77172149836173
0.25481060934385,17.061163985617533
0.251638824275745,10.172783055658476
0.274340425531915,9.394991575224559
0.25989406779661,9.404843808987986
0.362039635961555,12.344197250761628
0.355954447313831,17.036795625939277
0.268579651261216,20.89671543154055
0.358995000423693,15.019588945002846
0.267578624392738,9.230973298737194
0.363987042325562,13.543033452089576
0.360901935758349,14.508677899947847
0.254537881445107,14.651299276379676
0.259601947914461,15.030300925764895
0.286464385625135,35.99464450533817
0.353792074989348,16.068827871580837
0.287874909339136,16.755488195036516
0.261949167244969,10.66266460485843
0.273747469090596,25.27973138589172
0.261592495443027,12.993173320456968
0.265918011338857,12.085659260889987
0.271138142225247,7.908552147678706
0.271364700872898,14.869276679506333
0.285112897053196,29.017963140874414
0.282515626337871,13.168318431510658
0.307393755420642,14.984446019213884
0.282537352102945,26.624040195355224
0.276487663280116,24.100120240933368
0.263851681762129,15.138450162841652
0.25961455918963,15.22430328941671
0.136038341429563,13.782291144957362
0.271278195488722,21.546438443235036
0.294251747059826,15.675023143882308
0.272968197879859,15.541269664335461
0.320453679800245,15.186708890559578
0.324973745011552,24.007516902147323
0.296405928538439,20.272469931455348
0.320703881451545,18.29311694171354
0.334021661258376,12.125456690931847
0.287904196766426,12.11862737858417
0.291210912366491,14.946527439933313
0.323666722745626,28.410849237485493
0.296008869179601,19.035802743785865
0.260676568351075,14.372811749818398
0.334410646387833,13.844774979508687
0.307576580717957,18.89344276479312
0.328395787000126,20.56434245890921
0.319989003087595,17.16600644429432
0.314166351765546,13.246269155412008
0.332110976069737,15.85037672876125
0.324011228422993,17.999816456431684
0.32011058517991,17.714296916603004
0.354269328802039,17.93873391383499
0.328465471002347,18.075671032151508
0.299831401475237,11.443334064597401
0.297890119072488,24.81174651738498
0.367415445678335,22.29869625730576
0.349945465223593,22.934024384412606
0.305409141968375,12.41126055356392
0.307232214312792,19.500354097678585
0.292636672770076,18.84907640749262
0.332934745473181,16.064090634963325
0.32954117696265,17.21360630477798
0.326052222175504,11.99568128796555
0.340271966527197,16.517605499188342
0.341031982227438,15.71977405577752
0.310625210650489,18.33533515234165
0.321919247090458,15.842764640368332
0.297788111097147,15.226509873989526
0.312402643876563,18.44327864182479
0.299337040205304,14.076949632468867
0.307076769192298,10.51831855126001
0.310253721954288,16.262743363529086
0.297748820114438,14.391554662379093
0.32468784044247,11.574565912212968
0.332158351409978,17.66784452309631
0.299958289885297,18.632707309562704
0.321993571816171,16.866402744394414
0.295588235294118,8.756092501924938
0.363264020163831,21.88212742248905
0.333235516056007,18.808576202162854
0.288206303229432,16.891450881181523
0.292783203940229,16.08260298624812
0.31861600509446,30.898805868394096
0.316244699164462,12.973834795997332
0.304456590287997,19.418308193633365
0.280073422692735,13.315845887380874
0.309429963975419,20.51381520933694
0.292264490369005,17.182926473323825
0.284973535866431,16.610251897770276
0.290617273603487,9.843216075530943
0.297702549456088,13.43780636718501
0.31211498973306,24.620425815248915
0.307757273763777,16.06129354980628
0.313108246542599,11.937263447414013
0.312375207103106,22.606017664888334
0.312213387184989,22.0225019845275
0.302284157585918,16.5327230041988
0.300059229174599,19.312678450864126
0.209262054879673,15.819254145653249
0.254942103641087,16.531717439775623
0.19774367446309,8.525055446894799
0.346081477267755,10.360321132402628
0.313338835077966,28.70565699659496
0.266135682972351,22.277652651129767
0.343086494953011,12.227399619475454
0.354000609782656,13.609162679843372
0.260256923145308,15.867177196357837
0.271383480039121,15.088080450493377
0.2890696359445,33.06093526544348
0.274865532140023,25.15845743569093
0.186109179415855,10.936366307489918
0.342679944095038,15.986478462222863
0.275682564368412,14.435047094898698
0.346217247961131,15.845464736432147
0.348167424772568,11.43624681897317
0.342500542652485,19.453598359849188
0.347808195443126,14.680540800969785
0.327477906775256,19.96646339492902
0.35133145702533,11.24600554274066
0.358592514496574,12.019335330090065
0.340553654204393,19.69005362680472
0.268426555148981,11.958740460448436
0.261686684524324,26.431481971886946
0.37196159720707,18.720584248805363
0.328366948601171,26.51336681829888
0.277033364598687,11.159029934013514
0.269317835531757,20.967579043194075
0.260815682739973,15.256715569771721
0.349381898454746,14.770713552800018
0.34822934232715,12.125966504422989
0.307195652173913,16.600000464523134
0.350235798035737,10.46393889023358
0.35198024092209,16.72106091977963
0.278442983410981,12.450748189645436
0.343003561191696,13.396941597944634
0.274059483094506,18.146660222575353
0.2881636205396,22.856731039771947
0.266604758114442,20.6282118769731
0.270052554492978,11.347723021931948
0.281137555815667,15.29035185265712
0.262987433605389,11.554718795418134
0.342271703344308,12.681924163885308
0.348990683229814,18.505656360976563
0.272584192143504,16.75327258970597
0.349391612012427,19.78274650871099
0.260912052117264,13.783326676649072
0.370483758902206,17.46659222667541
0.350855904658722,16.933077491397693
0.237421313451493,17.89906313795508
0.26425921132108,15.354320453496463
0.292712906057946,35.85682008744788
0.342694678357496,18.596444143988755
0.295110821382008,14.23303260072756
0.262498342394908,11.738193261066604
0.276985519964897,26.126058683559727
0.26795517444762,15.567625056807524
0.263229338199297,16.891355032581686
0.266757658477404,13.958606142163873
0.276323216534236,15.100773391444804
0.286132050948791,31.482363852701994
0.291493821230514,18.419093338687052
0.309399593244319,16.436968012560463
0.291340315057643,27.288767216140215
0.285276207046542,23.537125545864203
0.261858349577648,11.388066364855712
0.267440843283908,13.007350528495762
0.206762170164591,26.39136192509444
0.169661665448605,14.34489381261076
0.373386467989258,15.964015324255742
0.32691811457079,38.416040012067356
0.235084250343879,31.50156970487465
0.368057051751627,17.218237284802083
0.375479918899098,21.672965999651165
0.251418268173622,25.95765353457271
0.267173893922069,21.396627960762846
0.282728485944294,44.02114723903792
0.259005669428696,32.45052712876549
0.119589977220957,20.77533089129784
0.360618512110727,22.217373277203844
0.259477963200685,18.183557445263354
0.371014866374495,16.669580753704533
0.374615551223738,15.462194451854815
0.371861564918315,27.058481499179408
0.371252091107966,23.098935132112942
0.347139362204386,28.157730368306392
0.375493392826497,13.585206883071569
0.358354722234306,16.84321026550805
0.349113695866775,28.72546183788588
0.23965747810707,15.759333820201835
0.251872458805906,37.92284881240711
0.377389499178272,26.670018816123957
0.331686995361622,36.936278550734755
0.268549133712472,17.42240926220175
0.230987978801327,21.605833686714167
0.247120558544937,19.757398857894934
0.368503730854824,20.20856077412584
0.371359431214665,18.23875445409106
0.306796659779614,24.787369090732987
0.36316308166938,13.170479830089697
0.365529083494312,23.81649939997628
0.249008107641884,20.176317280237058
0.367752064693737,21.869546880231923
0.25999742831426,26.415103310789338
0.270892564831567,32.100930588609835
0.242551332459589,28.37704826212053
0.243536137895725,16.984359164457647
0.270345716126262,19.50450935855575
0.236252458735996,16.26383714257734
0.36482950889985,21.645890366450352
0.36579790643025,28.003405157583835
0.255410423869894,22.147646473758797
0.373509169409653,21.80557917365701
0.245044502730361,19.073823816219427
0.369504430869827,13.925937144777732
0.371400369082872,23.204266135240644
0.245895109537508,25.043877650812536
0.249796999871789,22.074239122258884
0.28415015641293,46.447839337292265
0.369668959587274,27.384738279190522
0.294120179063361,9.958418550049057
0.257969303423849,18.730031257439702
0.265207763449264,36.25990463467032
0.254300689902338,21.95059805616743
0.258447729672651,21.544881204371475
0.269717645039478,19.390295807292755
0.264262393676433,21.06369652484064
0.283253239509139,40.74356818057161
0.284086979076604,20.14417474380964
0.319607499561941,25.269491094960653
0.289651416122004,37.397749713435694
0.284142771032464,33.11553523624368
0.254061120397754,18.677731109229086
0.262120162756471,12.673179514504207
0.226498463114754,19.68880764953339
0.374930194595988,19.456574784254176
0.320546718410167,19.08533738726324
0.25649931810433,15.674584408831915
0.370240588009059,16.96786798448823
0.376422520749551,9.734713238123854
0.269524432809773,13.868772765476109
0.258229779812514,13.887563761666787
0.277203842049093,23.61591383186819
0.265436372290251,21.21038913589791
0.210810464768896,11.989779138405636
0.363127653188114,15.684517751379083
0.277985232962743,14.946633108885665
0.375894835520709,18.539534044890665
0.376969983252458,20.231437726972242
0.372841243443776,14.279947778226424
0.371978723404255,14.742824115209983
0.346042553191489,15.654257014977834
0.383167432363451,18.670932017718084
0.363812893760249,18.36051761665804
0.350442628532516,12.088346405537132
0.253946861763573,18.729182673639063
0.266946636124544,18.42684415618923
0.381206586056084,15.227348186957194
0.321650626011413,13.924788226565225
0.265830817032077,15.300682309518097
0.250192307692308,19.882811373212476
0.268283532683056,14.762713110127748
0.374112400415656,19.42844942370455
0.373858568698237,15.125037938057696
0.318317677198975,13.117532329123568
0.36751955117307,19.51727316651524
0.364086963921035,12.85875778354541
0.251742123038776,13.639965413595057
0.370521242108855,14.358657672922984
0.269232403944237,12.774525295302709
0.273589743589744,17.598930507198084
0.254109381099015,16.389810399684706
0.249651059510214,16.13423819110271
0.271794653499064,16.217360535025968
0.248791451106776,14.572202794560297
0.365444335729783,9.437777421902885
0.364287227282355,7.283633558063979
0.263781861292235,22.935749624639918
0.373685995252628,23.74836044518709
0.252334655238583,15.407792860961836
0.375655846094783,24.422970039710957
0.373446544092611,11.598799750276825
0.259091108479186,11.944073344683195
0.264904029490276,16.361542845712986
0.277794516420609,26.5277938384775
0.368139594341231,10.970641760115694
0.302803977636464,26.36257006849843
0.271295975017349,15.734627330336508
0.268448714082626,18.13184285213009
0.260790327599235,13.390837369141503
0.266675397241138,17.512283913526858
0.271147136413922,14.193185222717526
0.200996465528254,19.991314898106847
0.281325788197251,23.009914298720226
0.280514469453376,21.072694997063163
0.318017978894341,11.46901640123092
0.282344809711003,20.342300388818547
0.284582532564595,18.240822243261853
0.259248235394166,16.484817664391215
0.26510989010989,22.931207589612445
0.371258373611464,13.457405727292512
0.319709412507896,33.08808195988583
0.252125778750631,25.743013436963437
0.363181875711935,15.838009992893209
0.369595536959554,15.885994988205864
0.265540132770066,17.42564443707004
0.266270149125075,14.393896729150791
0.282521610794856,37.389880279379994
0.263819417724766,25.882215593312026
0.153021688776585,12.520551674091962
0.35717008300864,16.454707299759768
0.263981400025135,16.22834436343983
0.364213892044259,15.2506173776519
0.370211682857506,10.51884076571227
0.36724638901756,21.297801006560366
0.363042473637777,17.802965858329834
0.337128213745589,23.59987749012601
0.372238091237503,13.921244482187475
0.365286298568507,11.194281596436097
0.351640963146615,21.3797077578251
0.257706274807871,11.765079737353439
0.254776269482152,31.214304548836264
0.380066065303011,21.008037949695076
0.322293716881151,30.024845349553914
0.272642653043554,11.225191606484985
0.244925089681367,20.148255606176143
0.265582004804543,15.505601977398626
0.36320047947258,15.164026434377616
0.363668763102725,15.736467318056185
0.311330298431968,17.872598663370958
0.359243873783149,12.685163329059034
0.364377574178364,18.64939319426501
0.263410204426423,15.435638887241522
0.363628706199461,17.12190154729047
0.26988791402544,20.01518436825158
0.275006330716637,25.110660231078693
0.257755591738795,22.73578885675351
0.255117814171123,10.834256808907726
0.283044648112335,15.263414547007914
0.253359567965839,13.95115001154373
0.358469164846244,15.819850322933908
0.364294078287053,21.398164102221923
0.276091319618665,16.23504153826102
0.370045620056083,18.721618835696116
0.26144451463466,14.646084624382954
0.372488310375332,15.082673358549142
0.3663262304039,18.446230919768084
0.256263002773925,18.889223357933
0.272325912286575,15.9122564955117
0.287546800544588,39.68058631637296
0.364330808080808,20.765875035456084
0.295991907952965,14.747880616874118
0.27119406823247,13.359227729913163
0.269877415510343,30.2270301245913
0.261956091337058,15.821015747012739
0.261322463768116,16.033015405692563
0.27108787840618,13.837895213373184
0.258741111625363,13.742745540522957
0.280377168297703,34.870217116614825
0.284025045479545,15.201871892416852
0.326541117927159,19.420486609905314
0.287756582597192,31.082325371177593
0.283355823564139,27.165269815023027
0.245359092818144,15.76799073281498
0.264364160624178,12.831071592923742
0.329107226008551,29.238847784990995
0.359698522250921,22.552110100901
0.208944467994913,15.351128974307324
0.233573853989813,16.322149885302505
0.364666377816291,18.623598528497272
0.360132588067074,16.024981297209322
0.388914804291591,34.03495352190768
0.358269917021368,25.797652441934503
0.372374729517587,15.94689702293871
0.248615843270869,17.025092273165004
0.347642920335341,16.30408217933928
0.235112502114701,16.566867651482124
0.22519507099305,12.267634141445331
0.174989420228523,19.890097754915875
0.225760135135135,14.18931012708474
0.27558606124604,19.88373694517445
0.226988684343861,10.205294733983672
0.332369446943409,13.285788042894012
0.268559597752144,21.61702859976884
0.367723856833524,10.864357319074688
0.379004383746417,27.138324277783255
0.341779159391901,22.697972935160358
0.332543878198351,28.159090267347473
0.362076474174723,10.05291082657863
0.362052131091866,22.179872200339233
0.361288195207738,17.896326050688998
0.217071280991736,11.40843241584725
0.217903341339064,13.006449411713541
0.2996184824078,18.06669231381951
0.233412072383684,11.784002928007402
0.252080956606245,19.59259660192479
0.373986328705473,13.194132854656488
0.211092294665538,12.29861592109357
0.359486508171108,19.218953262258513
0.378442605559092,24.476249339113803
0.36606449943951,20.80936339018208
0.361422748854994,12.328943147023962
0.360042283298097,16.724015552765977
0.362926315789474,14.156974491789095
0.21143134441725,13.922063625109464
0.263194415240338,21.032997372624457
0.364460238025148,15.657027081124221
0.180340622371741,23.1587395451791
0.356658903239466,15.924707830448128
0.330094004065041,18.095703941759453
0.230567759378168,19.11231340548521
0.350043591979076,20.399225002071034
0.358831944795085,14.32214687505402
0.391888423034141,36.002904390246925
0.181852791878173,18.762302303149728
0.334322285326778,13.562028216228697
0.368063639891346,16.838701399384956
0.378429861735371,27.116632378082695
0.362602848801203,17.234628625154706
0.350084587689238,16.14997020016986
0.357875627981593,16.039057907888512
0.337737127371274,14.55228760380783
0.379874931338995,32.487647652139735
0.349768154166844,19.636688968554687
0.354129825318094,18.30124086458398
0.373084681745998,26.774336581056016
0.374157017432243,23.59551598234869
0.38459263015551,11.53824044957988
0.362694079508616,10.941012521813006
0.32985877605918,14.16190980965382
0.322544642857143,26.27266435247819
0.321076157544067,22.754017615441956
0.331189226400482,19.443074244139083
0.321623714666781,27.23554347191138
0.177682998571309,10.872396301427269
0.33405880595741,22.256760260704908
0.325844352733092,24.90487931228913
0.329139352928738,27.202326013993325
0.344463494187505,26.321708181454305
0.321965560688786,31.86818943418654
0.328048935359607,32.11698348654259
0.325031525851198,16.532321381435025
0.305811808118081,25.110115770735266
0.311105986919336,14.898586828317505
0.327247191011236,28.54087963597326
0.353595271505719,31.375663222902585
0.340848083214495,21.997691070587905
0.33329818197157,29.372534587515762
0.313598326359833,13.705237336748747
0.373346295278752,23.751526974085266
0.190212837271661,11.25775666699212
0.333686532306894,28.320763407107012
0.326126353942766,29.569374112812273
0.319558387153081,27.983895176238892
0.305852428180575,29.696075278026
0.312021263237202,24.363809997064404
0.323942772985483,20.972932808992383
0.318943137090696,32.540344943794125
0.317541210519693,21.10581677750387
0.313206036081605,25.528944324916807
0.322215216477512,23.786884773379235
0.335778355268673,18.402073721970094
0.249684237116874,18.04587179246086
0.331821294077371,19.722865029420475
0.315724713242961,28.717190057114983
0.336551376762928,26.451552662474416
0.329516007690379,24.789426058644946
0.325553598389532,20.86465590428661
0.327252233447441,19.385447872370126
0.333145575165853,33.354443880517046
0.311288435828877,34.575892746705925
0.351865091046722,24.56104316906232
0.365314273701913,37.37456031996916
0.311703020134228,25.8336514768415
0.317810174770722,21.18817857312894
0.323789834189533,27.005507774517795
0.282557003948877,15.143288042607484
0.32601386845976,17.825304239165305
0.343476430976431,36.275651398766236
0.31472363745344,25.189604245891097
0.278911130944792,9.5601270413462
0.322963353546006,25.908529538823803
0.317596658916731,27.072362600396676
0.331194161318737,24.72626645860271
0.338398486759143,29.92233580945441
0.307519711457809,10.637651312053647
0.338587668512023,33.554316754076986
0.325670005993664,15.951667193783535
0.27912228376651,12.182456759223019
0.23984440706476,15.246419216405325
0.261059907834101,25.1772898136336
0.322859320741933,34.098524335480114
0.353737628974521,19.412197958403155
0.367309070973727,17.403469953238126
0.229673922395251,14.047932885086523
0.26008515396525,19.695643066336068
0.296700753271893,19.61906742821405
0.215422015609673,19.255466658987856
0.243697125299886,17.845885774283534
0.34240233384069,22.555001680570488
0.254711068399281,18.319061137518606
0.363082993996893,24.047804767175386
0.36247989162645,22.800667915667276
0.3588020330155,11.468573793068243
0.362629989936263,20.460042869625312
0.335108390288901,9.178253395856387
0.367486796881549,22.52840898074358
0.362741764080765,22.070693894148384
0.346857047008009,16.248737851089015
0.235235847068246,22.156098849051848
0.267886263851139,16.97313258565871
0.376198926775679,16.985110643012387
0.337635356333417,14.856012660382886
0.263273953649256,20.924617065268226
0.21219573716736,22.544073890600917
0.242029743992324,18.607959689712807
0.369961960935163,22.644231064742367
0.358679276866421,18.326050109109314
0.296173254835997,13.711987648141426
0.358231452018087,26.587631486927535
0.368619720672734,14.051790996381229
0.240848392939888,17.670814627234126
0.354020427892901,18.819861995775753
0.239171414209115,10.211906327892166
0.280247537256883,15.599709343945582
0.234119005860461,13.951299951849752
0.23151621238643,22.201287356139684
0.267909571344686,17.40658988654518
0.202487271513229,18.666693636778813
0.356831425816459,15.802058747603063
0.364643766434325,15.15428561651908
0.250688360450563,28.35970581126932
0.368640882131819,28.853255207753648
0.241974115471888,19.916863140990888
0.37186436404891,28.68776455805743
0.366533864541833,21.409497367107274
0.232031655422937,12.713876490061207
0.249739094134836,19.518438868042168
0.289436799184506,21.38302795651039
0.355837883242335,14.26194810094381
0.290778352466255,29.70750526532912
0.274514417729101,21.03849486058142
0.237141643661074,13.795704609084595
0.239778665846911,17.457890324785595
0.243502022549273,17.49876383073376
0.246930394334325,17.406278074504446
0.283116337673247,23.37250288058324
0.259226676720707,15.52205761754298
0.257255713742554,27.13047618125297
0.312114857925368,12.977094808225127
0.272833723653396,12.99313833736147
0.278636076615449,14.059069231465305
0.279392033542977,18.973951726893215
0.248920863309352,25.788334131920756
0.19208991802586,13.548089169346735
0.347528123787768,16.957264294206986
0.347874816794551,16.70468103059096
0.384741902834008,32.42030260904994
0.348017621145374,24.969347357939863
0.36940282760076,12.347689950971654
0.239464656304265,18.563837661225442
0.343139720056994,9.425098813904382
0.183702644746247,14.068486659317736
0.194704710221732,15.469248531058211
0.185945195100391,18.118110603040805
0.195867629766504,16.80332131249563
0.243097869479346,17.17151658496087
0.202443940539179,10.351693228494957
0.333106121927321,15.132753152749592
0.233936670586259,19.933390466913668
0.356850154197119,15.72410045412937
0.375151972498218,27.010677986806343
0.335817419655333,14.83444655201988
0.32212549415426,25.740481006073612
0.343680949698887,16.43527651681266
0.355403123680878,17.670570547771803
0.356992915245342,13.900182408214745
0.185859839890406,18.278655086939555
0.195883635144198,7.0601458525305
0.28039629005059,17.387794777131653
0.220152697373941,15.692357270834844
0.211481886189796,13.967194021503422
0.372322899505766,11.053744150402416
0.0114715522312799,14.73037380487865
0.345793607459364,16.437549895804167
0.371688881390248,22.197423337247514
0.353093778139874,20.96730059329472
0.362734035439652,15.884041874675752
0.345977543210396,13.43390941468717
0.350274322569837,9.233054315485006
0.119564304902619,13.58640801082409
0.22241047523427,17.7634056593456
0.344981179422836,23.41737094878903
0.179140693636782,22.795299210809294
0.353197674418605,15.333326543557071
0.329732120293151,16.947422864912998
0.181690259167472,16.671054010121306
0.349859093865164,15.291209967238036
0.349822138522703,17.225518498416093
0.383285793350079,35.5490634899093
0.188741582491582,19.687855725123015
0.333220896403424,17.23254513110451
0.369756369563352,12.022648994272974
0.380579216354344,25.844626208823446
0.351839626793416,14.961449812258278
0.331191513217474,17.160552672836726
0.354468675154418,14.395473749587397
0.355323001768719,20.700936130378746
0.377311701412239,29.658523786719776
0.342510686925975,20.020343627506755
0.356076850501758,15.757510824289012
0.364158272152979,27.172438450503325
0.379276163158561,23.241608764392396
0.375393857917069,12.209271193414597
0.357567143281429,15.814904439832564
0.353947141129729,12.3878833791116
0.355585772252439,10.402668659747091
0.382433688122994,28.16667647249122
0.362433635896558,19.784326934544033
0.374329178111135,9.971013615634705
0.231612192123447,12.399857174061067
0.346645970549985,12.082920131730756
0.173227517682721,15.773669703054232
0.194479803122878,16.09288901011567
0.199127906976744,13.377180648549327
0.175751840168244,13.255661773010956
0.243090320137983,15.961925778690425
0.188863206555999,15.329214610633962
0.331605665045645,14.890049897344928
0.204087640354935,12.233350541875074
0.365742699957681,13.524830683147796
0.379858138168387,23.21504331315597
0.33334040027137,15.030389984804867
0.293417838793902,19.243023461888924
0.363697471703023,12.044918468323285
0.36704579087565,16.50736287897942
0.365148861646235,12.376296021030456
0.175196091037675,16.035293383195384
0.179685204616999,13.201956724245104
0.283594376662304,11.983238846732322
0.189455996639362,15.7467324672982
0.1824665488513,11.078584725613354
0.376369327073552,12.338449013405846
0.192995403365243,13.21341414009896
0.354706426648721,12.159540192940154
0.379405053663483,16.867864089552377
0.360053239448714,15.72550384695369
0.370067372473532,11.773286027009748
0.356959413944089,12.346076186388354
0.362199110962006,11.521807956321087
0.194764507989908,8.699121572921335
0.218297177318033,10.417620058595464
0.358991540330011,20.2608062090135
0.186269169529875,18.778950530556305
0.361167341430499,11.985888117118478
0.329902560425191,18.67549771322931
0.169835927639882,10.613380465100459
0.359526185620688,11.452239742106425
0.368965806235334,13.84779386759535
0.385356290487555,30.37374499752784
0.202855819047218,12.188342800825058
0.335309506730242,21.825950805460636
0.370441170153357,12.561822698015868
0.381872467477074,20.877060243254164
0.372062778292113,10.756501848252483
0.347302026180499,13.872208328311658
0.362940211217234,9.60822914589719
0.356974194636532,16.38169611524406
0.384652611202289,25.32821483718871
0.360749565438589,14.763466923457294
0.365615873561244,11.417618947825137
0.37066569755013,22.80228123754941
0.376177402323126,20.597980714859453
0.37837098742059,15.17687247445022
0.369142201639971,19.093309395108257
0.247450997626791,14.920280503155057
0.29389329425961,24.63823141439141
0.198309662803869,18.45873653716117
0.251637366425371,11.02624507491253
0.341555238218876,17.15516091412582
0.226984670720219,16.83066000251048
0.349729125462207,20.233458088985536
0.355124593716143,18.62291359635563
0.347493006240585,9.54807708811857
0.356857609069048,18.395192820417687
0.319376449368719,12.923956244561365
0.357811359635942,18.951851848735494
0.367178995950712,17.67269467382313
0.335882125520856,15.782684788237088
0.171318264170477,15.399764253565014
0.275795605431105,21.686294085382627
0.374588815789474,15.880818567381686
0.331077015643803,18.18950070386265
0.213678994868165,15.758600111637648
0.216247682290544,19.189555044049406
0.199130240856378,17.291658744303703
0.362400980349249,19.440663130480758
0.357292872144357,16.180172663780873
0.273647484493453,11.065673611248032
0.353338479351602,20.792371112913372
0.353970708242065,12.606074343120794
0.261209165839555,16.40643677546146
0.347261689485921,16.982226737323174
0.193140407288317,10.26215368895138
0.276263584612731,15.165701040684587
0.187568347841302,13.785702656867493
0.222267275598617,14.884617281592673
0.219629979395604,14.140810281218727
0.203102931735502,14.36949450959726
0.346860774714421,12.566413612620385
0.347932965670557,14.686484625103366
0.198608502646406,23.535948683958978
0.356910638661933,20.705358809522878
0.190844949234211,13.105974724529624
0.376839975897392,23.118022157530195
0.354670388662229,17.413397391736446
0.213671996102573,13.039993234809042
0.195686559507524,16.7888006831394
0.269615083847424,26.9628522097338
0.349158886546487,11.627758171705985
0.269191072119726,24.557633066826657
0.275536574682435,12.59133950218183
0.260928189291462,17.54357865502585
0.207292460869175,15.50266334118616
0.196786264582875,14.457611952825228
0.172017856376357,11.10451046438934
0.296011015964542,17.586232226972438
0.286456767320991,19.920851552914012
0.250291765722931,19.548709411166524
0.30290356485942,11.116905620568863
0.29553676502637,18.89096860062253
0.266972714341135,18.598371169249575
0.266293147861927,17.818326958040313
0.196873240656533,22.273694864946357
0.237837954193215,32.13942961048308
0.245472793123009,19.976499520894286
0.262295788611578,12.865652258118457
0.338187562210586,13.222324659612372
0.250674258315853,13.88450531360044
0.347962517193948,13.325414428637924
0.35275382415392,12.608843628280312
0.352017551406694,16.142330397504335
0.356173793577194,16.051637083196397
0.309036273878515,19.474316579481812
0.35225565523458,16.622011316066217
0.356381126490816,12.338202791623571
0.340552955823638,12.78740811577468
0.240081163925226,12.579538041623191
0.276377177588495,27.211716984342797
0.371971794428102,17.685154758369137
0.32308452580465,23.240584175270456
0.23578691423519,9.437346591474565
0.252112433178134,14.614604164886485
0.238394648829431,11.551570146058044
0.360413750874738,13.91789443491521
0.355596982943345,16.297320245425293
0.302781725013995,12.534133266101716
0.356680387616843,17.716112192834892
0.354447497209582,13.058442337842077
0.248231691537997,14.015086745195035
0.346218415048857,14.650255703493462
0.24318006348117,13.191541661194428
0.248060010346612,18.220842105924035
0.241955255899479,15.99555445924083
0.247843907437452,11.730621952151894
0.238288288288288,10.900736710222487
0.240629813451994,14.60237260018976
0.343915003219575,10.356666325660543
0.344846749027487,13.758199019846419
0.239584668632227,19.764804856353642
0.358633816673083,19.339276967098645
0.251903471415666,13.486944694646835
0.366645147406929,16.933175825393295
0.35948231456044,14.152176296806239
0.243803664689741,12.729154652395117
0.251496621910545,12.686170425812083
0.266558018252933,33.95248214126346
0.34943854063589,12.689746835809974
0.274018595041322,21.27421146963042
0.281254096569806,16.927141837257857
0.269916688362406,25.818927593273564
0.235740250415115,8.510574616470935
0.2167107001321,9.907853451253866
0.247638471446973,10.607731835713594
0.283615162858741,13.537170914922992
0.282215831043956,29.518005196974755
0.194161340473311,13.201703931860923
0.291775798847564,16.709680934535008
0.269675623967301,25.287411400921226
0.259022394487511,23.270669784536054
0.262332031082299,16.989999675198774
0.24807292568855,16.512764645327373
0.29629946158448,23.799456713951187
0.284389359639138,29.933114671791593
0.372597171648743,29.976756486840234
0.294719872707478,32.77503580617789
0.370741862225587,37.68476761311539
0.380897876128704,36.57793817493532
0.382944692314168,23.40877774202178
0.379808499916009,28.291947120752603
0.348234157812959,21.524004218135346
0.381649103656745,34.256282039679675
0.370326207307725,36.14819286132603
0.370557842560699,25.653573920976033
0.296460550768711,34.88273257805843
0.27472136093187,12.340088249708401
0.389436709128613,28.959790922549708
0.193685756240822,14.509207457665848
0.302580868661499,32.77381899219631
0.295038393384525,35.94035251924293
0.290539654795718,33.17345661750668
0.382524188714787,32.95025828729823
0.380596076458752,30.30599799152582
0.329948169061565,25.198503541000232
0.379236577181208,37.04050234847335
0.377483721907162,26.552600580352294
0.260814517830766,30.630131673286645
0.383225969432866,27.288788446842933
0.300545645330535,23.674008476423026
0.191714430209036,20.957941203421274
0.297048365677077,23.58276571512726
0.282290057209671,33.48188860822575
0.29201512922883,32.232618424870196
0.286276315238773,30.7257148793455
0.378658715827489,26.067927101481626
0.373332775849814,24.049199218134124
0.296820157111817,35.05289540441658
0.383849372384937,40.2221526544962
0.306756472321617,29.370636861977122
0.38132131879237,43.57911560065091
0.378539023775519,31.444716073148953
0.289253692554251,26.403893552072606
0.300439146800502,30.358450383423403
0.216188655194391,10.889622429139282
0.380396364554406,23.34419016789839
0.322972859069454,41.21499655459174
0.284985422740525,30.861136225761754
0.235790861907598,12.648246149786758
0.29358483929121,30.328545010991814
0.282667759185786,32.080467547566926
0.299235743680188,30.565477100470474
0.303101068753682,33.17706675920524
0.261282062046094,13.97479439726141
0.280615267433988,38.635438221540184
0.312430323299889,21.377922812468594
0.262870548091277,13.512228690268119
0.168540035362465,16.965863003137283
0.207765238914293,29.187180743385863
0.290631623569309,38.399261153230476
0.258264992311635,23.779898201895197
0.333433450613576,16.770539748577438
0.233832958260796,25.343005655961854
0.362268173097421,28.26816766556587
0.355844825364093,23.82398643826647
0.345392491467577,16.97984396651642
0.359095554420031,20.54044571257444
0.321376873297003,21.404295115166697
0.357684120902512,26.890732688621714
0.36969382907976,26.699798788194947
0.338748828890214,17.263331922140974
0.21174506698626,23.114135172959923
0.290884376858381,23.848694610123705
0.37844853477496,26.046434198662013
0.32636491497251,21.773038164338733
0.224932071171882,21.86751290379425
0.224709252608175,22.69464602570892
0.204021590054418,23.875638222953917
0.356256238878521,19.83564052335729
0.360825399523971,24.387268479894207
0.280450838919011,13.966347335047756
0.355761054421769,29.76480901222105
0.355301836152175,16.84301955999697
0.267517967145791,25.811847265945836
0.346812051894845,20.7220188857166
0.22795337559025,15.905905909762566
0.272859340283712,12.095819460254013
0.216113641292561,12.914386527148546
0.241407043684389,22.429104117403835
0.236457712290265,20.85915953713582
0.214885852499364,23.318531181154324
0.34469326067521,18.56689768414489
0.354687632448928,21.225887464276965
0.207007447528775,23.139816734150937
0.351976754051073,27.71809196804228
0.21604043161172,17.592919428652436
0.377481323372465,31.64501555910452
0.358891917213185,26.8390392161477
0.227498243765367,16.658544600296786
0.203934537437463,18.075554405563132
0.282643380767572,25.23548428108495
0.344754021419124,18.010988194351608
0.283514608658563,29.56381294607932
0.291454995440927,23.99292450706619
0.247135102533173,20.232940713370535
0.204716351501669,18.174973849212275
0.212591201013587,19.50345452254538
0.20961358413482,18.936120213562535
0.286335907171196,18.416836745304614
0.279589577656676,21.628169931085974
0.261824107028001,22.678765407940208
0.314227960354721,16.355635266985345
0.289340540540541,18.562494546044825
0.278179098097884,19.321688669548337
0.278924740337136,22.51512031989968
0.205590622182146,26.316172754501014
0.354883110282907,16.302767112066583
0.254607136873848,10.691297330889476
0.371091941931412,14.047524866059085
0.373684880366537,15.483700751888575
0.368610526315789,14.822550526270438
0.368666498613562,16.26111288246862
0.340902407259589,16.0144767539945
0.375598588591112,14.566722326145804
0.366334525634475,11.643991585584608
0.347918329622317,15.714937170848309
0.244200295795479,13.60481611055445
0.246722513089005,24.603724339792116
0.387931399534194,11.735619885416753
0.33515559293524,21.753734594275024
0.258587827593676,12.973331448665519
0.234796370542309,18.49117740038465
0.24720353054269,11.21354299980163
0.370375128468654,17.836667837867584
0.368810532053163,11.859268735114654
0.314406708242036,14.225266811096072
0.367816091954023,14.938779706897314
0.369473861153135,13.246999872325679
0.254170714195211,10.008987948708304
0.369408642911296,14.936282459530446
0.261332158146563,13.30955538594325
0.273085846867749,20.247795632293315
0.244162632277966,18.83510264640711
0.247723285153313,11.612715244798371
0.267703299012398,11.671165213964258
0.235535460102152,10.13017389976045
0.367664972487084,11.734224420472508
0.363936757570688,13.200010567717893
0.259866220735786,21.634810101486995
0.374487318992216,19.936278908829216
0.24376632128717,13.833044375704086
0.376963571278164,17.060316724695106
0.372546547303829,11.672752794158278
0.242655979202773,12.803380816651252
0.250240555578798,15.214216653044431
0.275763764785976,32.87955658493789
0.368238265628289,15.21079415295759
0.293181913952214,21.594727454317855
0.257439327673441,9.471146543315331
0.267314728154514,23.080636522624946
0.24826205561422,12.702367544948533
0.256310135047677,14.319004996365397
0.251544182528678,10.548977185649303
0.255029461279461,18.156690558756022
0.277469641581579,27.146270399775524
0.278469223605114,18.01723575523299
0.320582682571012,13.944188781523948
0.289438873479838,25.03907092781552
0.278544012822135,21.994137177514013
0.255816883662327,14.734131567140302
0.251410392364793,18.449703190098948
0.312802287925306,18.551208944651663
0.2222433379788,19.122172482381863
0.191418370382964,16.505645771999234
0.229476351351351,18.424507990290362
0.242076203321251,12.764221294494783
0.243663813098301,22.05627657969825
0.173709908241435,18.81193319891811
0.321581287950056,17.790907193594222
0.271552087726698,14.338530291755825
0.341632029858343,14.646933042985403
0.368437657748612,25.878759645090717
0.323763175790547,21.415138857474577
0.335402153261558,24.07591952509739
0.321388188223015,11.436546954498546
0.345141743294207,17.736161358017796
0.327431104089872,16.564254650571883
0.24322871883061,12.14923577733765
0.2223086627418,17.56374537177498
0.292089893346877,12.855212483405252
0.247359117882244,18.28655331136168
0.254165084988823,14.551836310527095
0.360603620024586,18.190930243299096
0.240656181295451,12.828078671060965
0.337359301884406,16.17702357270727
0.361425363332062,18.376420103937377
0.334559456203751,15.67444663201114
0.346168365420914,13.282828099778786
0.319267952885549,15.959449184846317
0.345835260480175,15.50690556913899
0.248777299940973,13.120445344580778
0.254660340918633,17.95857311356735
0.327875734676742,15.075052930809873
0.229260301591969,21.153961347896207
0.341451040081177,11.493379439553692
0.320410924156591,22.12603341558755
0.244715858752057,18.252316174919358
0.325981031932481,15.479784898152088
0.331736828837913,9.511081374058142
0.36499188242331,32.51793388613186
0.23014733820239,17.17125678468804
0.322194946459559,20.763577337962218
0.364718801136853,17.03179047910575
0.358031287399555,25.02250745666264
0.320297663737137,12.653797558596448
0.323171523838393,15.911828432181528
0.333776371308017,14.454595411391814
0.34846244825547,12.900368775699134
0.356190677072348,29.442480246413236
0.325712828793609,15.086894088707222
0.352445956420636,16.050607217425274
0.356117420184273,24.967568003711897
0.348676688545416,22.37030082118926
0.367451079622132,15.142270753616547
0.32270152876549,17.636157837520276
0.348289259305677,10.371373694538603
0.342669418354884,15.426357465917862
0.340531839277501,16.672368168533993
0.350702991363845,17.87363866162573
0.290305760647395,16.4252273672302
0.343998832701046,12.183761919281539
0.36371711361137,11.949079355394552
0.33724762222593,17.445777503872673
0.225056641772258,15.116286511516172
0.29004869521788,27.362921468821067
0.379472732624143,12.26140500602284
0.327627238946182,24.15594378793567
0.216635843619629,14.883208584447173
0.235522125377137,15.77402327866417
0.210180160625136,8.408413320600216
0.347410053585098,18.624536867845723
0.347295665570221,10.17195519125383
0.28911906256539,16.52302617395638
0.3416447944007,16.11573089850338
0.350987020575101,12.71833087768539
0.279031243447264,9.465603839562485
0.341015559645307,15.586642492029107
0.237667319961636,14.391758550635284
0.294414648453867,22.203519983962494
0.231289910600255,20.228498666073442
0.267163064670013,14.87466740531485
0.234712192678549,9.898163990181502
0.232177744523424,8.979901008940661
0.343233772734857,13.463372926374811
0.34805448278726,15.069172825126602
0.217080964435407,23.879619592439408
0.346014793882979,22.533531955233244
0.22732404968009,15.568072570713916
0.372982015892932,14.595726895112337
0.350667779632721,12.620279001942109
0.232603175969359,12.686916094552712
0.221959122632104,16.154544563880783
0.281572273879966,35.58401444440443
0.340035111185421,17.944525671119322
0.275567825323127,19.841496251413123
0.289121730982196,13.472958319589235
0.290114582892901,25.829747284977703
0.213907950522313,11.832008748437298
0.223278927301547,13.934058740927563
0.220474740311209,12.634993765746689
0.292319913039843,20.454371779479555
0.299578675120974,29.6934309315805
0.266159536017483,19.35669973767289
0.320598501617572,16.194059764724745
0.310518060030524,26.973502006816364
0.276365387837159,23.335549545336942
0.28122261631546,13.882297848184306
0.219056643503896,16.445340216069614
0.17386070870465,15.345596659316579
0.213644185168087,20.887053927292516
0.163519906225143,20.582582205211637
0.235730139453076,22.740193461819317
0.171207365557648,13.513088422278487
0.324795038443566,11.694478279081537
0.221656824559199,20.75915090756061
0.363306927355469,14.766049545994493
0.373025491015462,32.876221668509814
0.322850268056904,16.948024442946316
0.300725093256214,29.547644260319558
0.35160468230314,14.32747395791656
0.363490927461794,15.87332275847481
0.361526391491958,11.88796014305899
0.181761918989287,18.424533728274646
0.176417773323311,14.332524138811355
0.281579721720123,19.472569428985214
0.202810069415405,16.418405716331733
0.205144317372544,17.28260350022779
0.373705045060221,13.089857682492458
0.184937256054056,17.954470249698446
0.352139507620164,18.497898967018873
0.363433620871029,25.742197586905547
0.358831324271181,22.928447134610877
0.367308253135025,13.636921448305932
0.350569896077774,12.387464417885305
0.362806914982462,12.838808218872515
0.197541464231865,15.466637938321405
0.187367148751719,18.28675018591719
0.353074838440692,24.472496504152847
0.199745547073791,22.5310872327711
0.357643847123058,17.42529824897727
0.323864113546653,11.570784664583597
0.166227078623461,15.672571373524486
0.354645635263613,17.54437262208764
0.362424368871271,17.352913226730575
0.377673569852317,40.871061625217074
0.219903523489933,19.90188161983714
0.328260321197343,18.65312640038334
0.361453254640322,16.052847701105655
0.377626830821482,32.05697334158148
0.35824267415336,14.099770281077442
0.3397366949189,15.124560779853974
0.359947205229196,14.948909894239813
0.352044672096734,20.1397318420401
0.376225182206585,35.61134224970175
0.341795391238288,18.311762845619825
0.357610229654022,21.647179799250193
0.364859112965012,32.09552428964251
0.367378689765369,28.95587203422773
0.369579789685366,16.250505150201896
0.364932318104907,15.284459880121448
0.188787378928224,20.75278034909845
0.232636689888115,16.835333640346718
0.232730957608512,21.46845857833935
0.146209918678633,13.727448978039693
0.313691062481264,9.602383809144534
0.248290273556231,19.800786973585645
0.361129991503823,12.266057683628532
0.380713653789443,29.920813922102706
0.310997148572158,21.396640380760743
0.331205613797768,29.03445153176204
0.350324434960589,10.352424892066518
0.361672325976231,18.153251242182026
0.358834644285275,13.482454854799146
0.215995179063361,12.472021663866196
0.196196132945785,15.666666021808915
0.302852420106807,15.845526808316805
0.231868780570079,14.77492746025697
0.238133445945946,16.676459516206695
0.370176183400552,14.624687871001814
0.195580391160782,15.50461136028027
0.35846348670325,18.55998884216615
0.366839180418275,23.296427882810303
0.35874671378701,20.184086631037943
0.368931631110365,13.831921590858737
0.351177141891035,13.466382508510856
0.364396076285101,15.176275135480841
0.213200219511166,15.177007531209462
0.2318584814488,20.843656158230942
0.356329087316602,16.68855337004152
0.194439771197847,20.601940087287048
0.356970441263657,15.781834822137297
0.314092794852256,15.472591695565061
0.212092414259165,19.535767206572274
0.353829064296916,17.09903484171981
0.356821336923142,14.377056433494106
0.379443089952522,37.69995187025991
0.188596676673291,19.74635893974481
0.325946953647996,14.373472812014722
0.365666494223142,18.42623539864137
0.379494863013699,29.13989889328491
0.360657912189946,12.870795697624757
0.345715153092202,11.923548461101849
0.359975504687896,14.226184102030864
0.354128751005206,12.321329410291092
0.377614399797186,33.64938159748857
0.351525596833908,16.305271116773508
0.35660702737659,19.694582349991997
0.367161680758831,28.13860865291327
0.367867740568037,24.685262190640227
0.385086607520068,15.069501095681133
0.369113632485924,8.924193552232143
0.229061871227364,18.922807286999255
0.249413145539906,11.435108025872621
0.197004608294931,20.254863748031514
0.326135011052542,20.149748271546606
0.258803554959336,15.868781542678178
0.355579453441296,16.47799649700874
0.367946626511064,21.629361302027004
0.33157272035832,18.29620690001234
0.334200587494755,17.455283713854605
0.350322050750011,17.006619856791588
0.358788108472292,18.073910383315656
0.358981630961211,17.553802686628078
0.197261034910054,20.065555991376886
0.208518115638859,16.389112311564627
0.288133097762073,10.063899162647328
0.224675596483884,23.365182940002665
0.236484502789079,11.690088773723744
0.36549079108189,17.86366745177828
0.188022518169979,18.250271341746835
0.344408597645284,9.434149482247381
0.374420955108229,14.975808654225869
0.352618966107497,11.673244690879244
0.361966898736816,16.1496525015641
0.351307120976879,14.57749834302754
0.352613109412207,15.095141780720953
0.206873428331936,12.7306810722037
0.24036214953271,14.900546074137097
0.351020322997955,25.258758918817218
0.148188345299716,22.579112058122632
0.352644412679728,13.617769471102363
0.324135177167837,24.29266582681247
0.21628023982223,18.695713186942605
0.348361010205847,11.529890089292838
0.357065308167697,17.488967046333983
0.388768577494692,25.742029922279688
0.0434418331867119,9.74388062336599
0.32951868057893,25.689976903609505
0.364941790789248,15.39901300405491
0.377326816829579,15.637692053216112
0.357023668379221,16.161671653768103
0.337789546198226,15.272451336475154
0.349591280653951,10.956211761980232
0.342101945623398,18.917920485517083
0.373175947668568,17.198242666577617
0.343438397836742,20.507907316838807
0.349082038772628,9.264889528797816
0.369706909772514,17.219770944250815
0.368439880476411,18.151838979446115
0.378165883931567,18.324639304979165
0.364436917866215,23.674252752179637
0.242752562225476,19.73428393362013
0.215080061875496,16.1879362823876
0.332972812486746,18.32224154812645
0.238248578119773,16.523081320111324
0.361744655781855,16.94506741635128
0.375125208681135,21.29837011075938
0.336172365813551,22.027615098760126
0.301637147762006,21.813983141168936
0.354254768274791,13.639966212416592
0.364930205179953,22.48114945969184
0.362579465296525,18.263997859137994
0.156508396556133,10.671433983906889
0.145300571523925,14.143193229248144
0.279624732401461,15.807273222674796
0.16942010846892,17.416610364958743
0.188880522088353,17.709734451848604
0.379915878023134,14.13260382849951
0.196695878233888,9.053783496388098
0.36099611090202,17.84775740287905
0.369147684290157,20.036454695346304
0.36154765971985,19.450545476969253
0.36893567446118,14.813443046441625
0.356051408716038,18.745354798952835
0.361331220285262,16.36974221395843
0.199397665955578,12.192947074532244
0.192061113192623,16.235763568494296
0.359391264520964,13.590697675230436
0.208232647279393,24.796043539616196
0.358661912751678,16.802060646848624
0.326407815841335,23.772183721700213
0.180928481806775,16.642672275217294
0.356443121008113,17.059943145129225
0.358464230657056,11.639736922249737
0.384664292980671,29.104611089657713
0.234681475272422,16.61738163287146
0.33536969391611,21.348088183485615
0.370243027377952,18.64254135313044
0.37736969337122,22.64223820222217
0.357568455640745,14.12483148772682
0.345220193340494,17.101599960857065
0.358173982174986,16.73545725879659
0.353057116497526,14.747641713493167
0.379357970953836,28.411694027332537
0.342136323399233,19.20286807052363
0.354948951258063,14.795553353551325
0.363016318204997,22.77819419842978
0.378334103414962,19.28450207946995
0.369801690235127,13.837066712307866
0.366456872518375,17.64528760455017
0.21868205385516,18.669701717822697
0.317194723671375,19.749876792616696
0.264581589958159,18.418308012291916
0.315137363793176,19.72427618162703
0.350204541659709,17.35212427238061
0.319201416705317,16.35756847733948
0.295662004857215,15.632170819503136
0.296406539838661,19.625087310032843
0.302555803102274,22.501431822016357
0.29541300374271,18.257922257160935
0.230997270090428,22.294762402115104
0.234982258401169,15.793138725564955
0.293849706129303,15.351987364088984
0.242492586559746,22.719247500665325
0.230535915993808,14.721160109832006
0.345100925147182,15.65710219411423
0.243089635501867,16.74652359933621
0.315024671740403,12.187370586457812
0.331919005209209,16.65221493452027
0.317042445981723,16.599194057148853
0.333458146114162,20.84388038932021
0.295730431142738,16.69489197706839
0.316169112741828,15.672591558079773
0.25088900974773,14.785933978426028
0.249552288534422,15.66548881448372
0.308718824166216,26.53520643676192
0.249895815969328,27.449616254607555
0.315506899878361,17.900558037906006
0.31417487942965,26.525924871394853
0.238791300711,18.53414862452626
0.306789244248781,14.961932650232056
0.307083333333333,20.37167882473123
0.33627230723581,23.637638478710446
0.252608859645447,14.423606198342117
0.314800822734332,26.711675257264215
0.344780454467794,18.118573428776923
0.344717205121682,13.476446535206435
0.293362541073384,17.98009781558468
0.298031885178978,16.901918592116612
0.30656567770013,16.246261168596405
0.347737660921709,22.283761628216663
0.341585401582053,16.91182777542137
0.314834331000759,26.149807473543277
0.326156606433423,11.299434275207421
0.336592416255739,14.104860761240598
0.332129357412852,12.560331354867124
0.342684406510188,17.504668344397373
0.303923638974532,23.607143161117953
0.313981092882276,13.474358592939703
0.24496195334058,21.833985960712447
0.366208144034999,14.073582078575832
0.385467517837026,27.693474083522855
0.310342647616639,19.164009387284015
0.31178317287568,27.287313157552795
0.349786518307672,14.099169356331402
0.372578272746375,20.44097391589199
0.363272236492664,15.832778392838666
0.205344585091421,16.011601214427245
0.183105937330496,9.376620871418995
0.289485834207765,19.426316303691014
0.211100905940801,11.714186573849451
0.216950357576011,17.928177390028104
0.378210247572611,10.933829708631132
0.203494950341533,13.608018068171848
0.363410249979099,19.31665338458819
0.367600722597992,24.655601722000178
0.363314266199949,22.92906045527903
0.374272167692564,14.47286983448523
0.360428613285338,15.628408592487077
0.374968731760193,11.257437747136139
0.212254881465067,14.06868812815711
0.209555916260873,19.37794485558399
0.357856399583767,19.232958279553284
0.194705931356215,23.58448257576406
0.360868835961087,16.07619327533662
0.310331098072087,16.301325609167893
0.204571117895529,16.222538658839174
0.356896328573278,19.287535464220163
0.359540967217895,17.41013219768919
0.385091325168454,36.67842784932062
0.198856736044223,19.76220001676194
0.330012165960482,13.875408686717007
0.381245196003075,14.092953912212579
0.382281862121598,27.464290257393227
0.360260286578152,16.614591245653145
0.347474009794656,17.07568399391274
0.363109679578348,15.986868687146037
0.36148138832998,18.413688183213566
0.374309738955823,32.54355382930622
0.344633601618137,20.25127443703591
0.359192212449833,17.48376393849465
0.373082316943606,28.244828375694933
0.363794768442709,23.664304424147904
0.38149418556011,12.040807686784902
0.364432902626467,12.563736597423679
0.323469517627593,19.135180373073158
0.369218296637651,11.90586128968434
0.36417297846232,29.735832924232202
0.160697535601603,16.739750029979604
0.356730360934183,27.909059184612776
0.367518375918796,10.655783633343697
0.360259961645003,18.70162551174917
0.363323326858556,10.27298532970936
0.331761754401142,15.515455722461065
0.321316680779001,15.037497872134788
0.342045889915287,17.541624225717914
0.336566974498009,13.003391773003086
0.327731092436975,17.076950310925824
0.361960968126811,11.036951442772777
0.333581423042572,15.478328465461509
0.375651952677776,17.57600811803983
0.365328902522154,23.986689251453342
0.366073361915898,21.619610309073646
0.366230753005695,13.17066526650232
0.372808693068466,12.148370791460508
0.368812613602739,13.26913384108561
0.336839872746554,15.090376952807157
0.329919763513513,18.652676314175313
0.3774963056787,19.802698915361276
0.330967169476486,21.303245479655164
0.376744383934649,16.599082492178564
0.131640359809912,12.925259136033347
0.321075414845308,15.334099708153655
0.361733310000875,17.035389620704116
0.367083526976214,15.368076907568401
0.377321182943604,38.29609991586315
0.325659992347915,19.403936087412983
0.351601378078346,17.718008044105144
0.363010436062876,16.323076807781455
0.363108549802168,29.066447873178536
0.363408019916422,12.785513274888661
0.359756894523592,11.668984243228484
0.36788290199406,13.52391052670356
0.364569170632223,15.794491338927978
0.371001272804412,33.52751420294539
0.35719777872704,17.948051603567894
0.321700727398684,19.831550229354505
0.352553329023917,28.646527091384975
0.360136286201022,25.063880642102568
0.369346627068307,15.209227330279052
0.369056797738371,12.252352346756009
0.350279870375826,18.80277102172379
0.357139875610469,21.16962763887211
0.332033062033484,16.45404270181544
0.322313876559752,17.174782173049422
0.339122367966862,15.262102932559614
0.351236021188935,17.947399757169748
0.343465575055524,14.368277609615362
0.23272921108742,18.91248438323358
0.247213292698201,19.241862308521533
0.276800335922738,11.802768089703148
0.228899561495093,23.86106122718395
0.192582831325301,11.260619065266134
0.34672162173529,17.197087377929304
0.234511234071093,17.037690578489926
0.337577886505248,12.349856262993278
0.353724633418764,16.360706280108783
0.337475446237937,13.816435660373358
0.348202396804261,18.16350365757394
0.331574539363484,15.70397038019409
0.341201985235851,18.04334360267399
0.231478770131772,13.016625077486449
0.2283739905087,12.40594079540316
0.336296635576283,22.578798579279688
0.246155769471184,23.356180401794543
0.337116126866924,16.36128315101322
0.324510256302697,25.68146741722832
0.218760462002009,16.334921080705605
0.33820166544419,10.868931205653023
0.342751177230487,14.137105978818173
0.354387452310301,27.31500010733479
0.260855897392908,13.759236747128996
0.326715634837356,27.970699607509996
0.347528939387467,19.727347903196627
0.356312820730311,20.54383119770959
0.342122567069963,11.097721351139077
0.330511751815408,16.143385331670913
0.344410496798225,15.230536194704568
0.344873139022856,18.845560199821946
0.34892236869638,24.18951498186549
0.340909090909091,20.201298521341833
0.34186811309473,14.471224842074587
0.350980142024918,20.331723454093833
0.345278104520249,19.140194023571038
0.351992131915962,18.98477458767172
0.343137254901961,23.6455045300043
0.287333641210798,29.82343160610561
0.383687401942077,20.639919344742463
0.326769995367056,28.12215955740304
0.202714421992889,7.886471169304579
0.190634109247603,15.812741742298627
0.193158953722334,15.189182154054262
0.360568878973787,13.781161175167684
0.363768055089016,15.472918974385234
0.291376472078004,15.02343423156137
0.363494998739178,13.8785643999939
0.363420177616903,16.337168356210245
0.254449752674079,15.81975173599974
0.355546183045129,15.595003841791259
0.199873896595208,15.937610613920322
0.259642600650585,22.434135113717325
0.183682223747426,17.324614554627008
0.228014392101079,8.19380466843604
0.206054481916551,11.903120773990278
0.192678631331768,11.891123376829054
0.360010098459985,13.179990455269385
0.35733137829912,20.229975315616937
0.189504312149376,18.547400853575468
0.361310197409782,15.256234391799861
0.176113616250158,11.114927127808032
0.376929565584142,14.950775455676165
0.365799772755965,18.139723799684607
0.209161531117091,17.266729768061644
0.190459230704768,13.384749154859739
0.275383631713555,37.1553923129019
0.357079627365848,16.927831501043755
0.278500253335585,14.287490682579122
0.290353739160299,13.599644220429697
0.270045611492391,27.10773082599712
0.196773625599718,14.58882247828406
0.194597979100095,12.756816231842436
0.183551221152634,9.810441987248847
0.287268128161889,12.472060094570052
0.280059761794537,30.791103942827597
0.254057719201593,14.467786345538089
0.308543080491367,16.967783204165144
0.291467270552042,27.21402725824042
0.263482410574771,25.21862655950331
0.265025252525253,14.385410279242143
0.204402649231553,13.171798947470878
0.385427621892222,25.064865913164212
0.334837281196474,11.762768954639341
0.292572658772874,26.62195228612979
0.267522335472505,32.749861828319794
0.279436044490789,27.725545228564314
0.37591473791695,27.141208111025737
0.383189637219376,24.174584607911466
0.321410621544647,21.862573273505745
0.371592330137557,30.42019159652769
0.366655533753601,23.11096546580372
0.215768069763542,23.503500724863922
0.37416830564506,20.892918758861956
0.28033778148457,21.290794820132746
0.288927553245011,20.619197070811232
0.277616836365186,22.51429438788834
0.270963860420729,28.807533204170618
0.29675492816572,28.14198046853451
0.276298822844308,26.067924629846317
0.370211167682163,20.882214488155217
0.364997922725384,19.731975454698954
0.284874543037554,28.106383595045934
0.375441806312113,36.36110120637076
0.287896543065205,26.197627867587066
0.369294171791975,38.256579289781946
0.36983842010772,25.27799002065252
0.266035299182092,22.642130436291442
0.286438845929991,25.25204153947311
0.269297429827528,13.518846252449588
0.369119799289149,20.177380300021888
0.301201792219756,35.52112482329681
0.173998044965787,27.15580108375054
0.251236525047559,11.226613682061036
0.276064899851308,25.083766689481383
0.27539866255144,27.365841764537667
0.278239271998664,26.823745820776992
0.290544496487119,28.116576373398782
0.282772004507324,17.688154242462463
0.304185068349106,34.22786360104179
0.293765702848869,17.195599131156673
0.251652542372881,11.738207594145099
0.29140821458508,10.794790498354857
0.268656093489149,23.53384265866759
0.289230769230769,31.955543087223926
0.366191239767069,21.0372575817402
0.37823552442685,19.805633984244672
0.373496272450017,19.842519376933573
0.372832623677626,12.663398151826147
0.33326170112176,24.197505007585757
0.323851203501094,15.93448099982598
0.346744510724711,18.603131057774554
0.34103924541014,22.079511272706764
0.325263601855757,13.981260067759646
0.37536557453482,13.801216622560196
0.337137543325725,19.067742864347533
0.384182576811228,14.214331870817167
0.376561772055398,21.162351520977964
0.377211103938024,21.266215271115602
0.384523460103149,20.50198002605742
0.387008986962575,14.444314728092609
0.387345549298142,14.008335606793445
0.336747597369752,16.67886026892406
0.331794527446701,14.75815810496397
0.384750954638916,28.673368904878487
0.338807223855523,26.24313165250584
0.386942002029084,19.464560793181967
0.142583147156768,22.475276130994956
0.325376407574543,15.349988938906606
0.370254403131115,14.078326973362397
0.379655679193785,19.86806150086347
0.392541330257593,32.98511981089812
0.333185466835657,19.301075299001916
0.366157556270096,27.637802622265152
0.385299182092122,15.36019832235596
0.38106941357497,24.217268079266237
0.374331787055445,15.24518507365949
0.369712974587645,18.1262319207175
0.380116342789698,17.09406086155429
0.382499577488592,25.227398706607023
0.381188327570212,27.06606689818457
0.368171778098717,25.032442566348987
0.325634408602151,17.725409126756865
0.366859468723222,25.2448340574445
0.378687830687831,21.995002801320762
0.3860540631721,18.02269866489471
0.381631610321042,23.775539130978895
0.332246220302376,25.269204330317564
0.327251683501684,27.96263369220336
0.32019876209572,24.12979971860463
0.283805702578112,27.28841247677236
0.31828631138976,23.720713987997655
0.317095202083859,18.901403557966272
0.30844658164332,29.8663438468108
0.300900335008375,19.206080220647838
0.319712854195613,22.364950082776534
0.322446580748079,21.208610179776805
0.332189344159377,17.350769125331816
0.258733762138983,17.582156083705797
0.333091126688323,19.87335541635148
0.330341524364848,26.597846544279644
0.321780310967688,24.590375019585046
0.327225677198548,23.781042574100802
0.31613551656267,18.49390724906089
0.329047182394131,14.003113471248886
0.331201300054169,29.704138181489586
0.31156669725536,32.51806927081058
0.345695336439575,23.630208019950885
0.362819974821653,35.20803385855255
0.274307009463194,20.561617108259124
0.324896337249482,18.2715369317021
0.329329329329329,24.335481159393137
0.285574966078697,15.61309336669136
0.332067634471763,15.513889886826927
0.34140756302521,35.960584487356805
0.339176535978451,24.625274248652598
0.308311048856064,11.261666797380622
0.325597718797982,21.69518234564756
0.326450724824709,24.062822862484815
0.331267534860349,22.97177091227651
0.329745268370473,27.16428650372959
0.302508165145298,15.394066214913824
0.335788140958008,30.40964912394201
0.346336354309166,15.128846388215244
0.298842750170184,13.498038246391719
0.244761704807894,13.766221531296981
0.26910201690518,24.750248217657024
0.321730671629166,32.17862337633914
0.223298236492049,16.7283992397229
0.139525621736437,12.742756367460817
0.356248909820338,10.964401359178272
0.351406054864132,14.871311077897126
0.287467532467532,12.796326531621077
0.355013141453746,13.389120850886608
0.354128004833628,14.914933169007892
0.281525181104412,13.495675175720589
0.342862085369545,12.699106284562232
0.215652886149071,15.262941066044924
0.273385035310428,21.54399074977164
0.206929085483588,16.411887079187405
0.249656829100892,8.999892508318998
0.213585736487653,12.52375220999412
0.234561795820074,12.636921093575706
0.348904416839199,10.896863959398164
0.342999527430511,17.40617591315627
0.138390557939914,15.178026731545081
0.35196887627891,18.640916922800525
0.206073049492111,12.003145352895094
0.372236403755462,17.098412143599813
0.354146888754639,16.1287984978822
0.190111699523831,15.18510324046178
0.148413005196925,10.287399710568991
0.270673244848061,34.766423445050805
0.347996195581687,14.96630684538548
0.278255793842961,16.436219802123603
0.294735916267206,15.642521999340014
0.286513172266154,25.80395284880682
0.128282238879663,11.625883426902398
0.215748728157487,12.094821540455902
0.185936691392099,11.318683148721373
0.293461338868708,10.915791712486515
0.281444233425414,30.58702806876838
0.254240236583457,14.908926608732802
0.316515378514145,16.067579877027722
0.299070949647224,25.387906559568478
0.279666522304028,22.71442637776478
0.278842005349901,12.944429920852322
0.169095892794988,12.602241195684982
0.20785779876689,14.641769957246566
0.36358765537934,20.987872124697894
0.366596726814939,18.980516131718616
0.28864479676168,15.686175100333957
0.359584295612009,23.88981167773421
0.367803524117919,13.054648226607762
0.252968268052563,20.848554717604653
0.355053527775436,21.31990056243422
0.206067604450976,15.660524196387842
0.269368798817817,22.013861587182387
0.206642936787031,17.09606291200044
0.220116191590738,17.418500648121015
0.227456258411844,11.38951435934398
0.187738020506382,15.127563096554697
0.358779267728782,16.66133342305918
0.359319408982462,20.843416743490007
0.222412783401656,27.302043534148662
0.361136706315966,17.53663512891118
0.213211758760108,14.133100949501738
0.367488411293721,18.53471070630903
0.366096207215541,20.566118500083622
0.210731791957663,14.380839114060379
0.198245540574491,17.223005961977833
0.278995997615601,38.15760194794578
0.359342094179092,19.452516050119407
0.275776999957829,21.566087415249502
0.273869777815905,18.36724813382622
0.247073347239368,29.24794267077416
0.211702595688517,13.710174468392687
0.1957928802589,14.868277017448253
0.20855221685228,13.658228731898573
0.277057188579129,19.830284006371894
0.26986796737028,30.8557873894589
0.265596543983736,16.318917532204562
0.30695469366741,19.60017386553715
0.283481380252819,28.973231160703065
0.274298375184638,27.241969889602135
0.271561330473908,19.53125519530272
0.220871520706042,19.805196035875547
0.357431927154357,17.90294935683118
0.361554174453475,14.52635902114296
0.276149713936323,14.398443578302022
0.359730376168732,17.341276000055874
0.36088850174216,11.494700484143461
0.267455595415172,11.748326940586967
0.356930865921788,16.667141285138996
0.192888212266203,13.921501494682962
0.270388986013986,21.680116871056445
0.197332920518378,18.64666843818866
0.227713555873057,15.135707995311163
0.205644107656128,9.198691522757501
0.219331742243437,11.63403065813748
0.357811140121845,13.857216190584133
0.350383631713555,15.017187544030524
0.137588253129467,22.76813935751721
0.360256799548866,21.500191131154466
0.202795830243817,15.365735162866933
0.371032525649422,15.68993996938754
0.358924684370919,13.74151001233532
0.163419670512187,10.542326275352815
0.107600692940667,14.642014541419373
0.274809496542307,35.61060557156585
0.358183245388339,17.797576052470866
0.273161684486144,21.426598480874304
0.281049084379018,16.048532567517118
0.270646042658206,26.326074106676398
0.115098003793695,9.054210806262583
0.202550269740069,12.308576952702365
0.165382774078426,12.084364341649149
0.293037256783876,18.70004541956054
0.283489435852755,30.29123616840658
0.254267409715213,18.17544285378654
0.317850313514475,17.07336596864491
0.292970822281167,26.73778972470823
0.273432379287743,23.209875843762703
0.2719496800592,15.18206315612399
0.150724319578578,16.45794154922046
0.183833226972984,16.369386271281048
0.271762389797141,16.00081639758185
0.198433309208566,17.489487824872576
0.192173171251866,18.929170619897786
0.373450834083794,16.106424982788557
0.18580157238079,10.863085545801322
0.358908780903666,18.195462946256505
0.370469539885185,20.561852714881805
0.362664116163812,18.868562798639317
0.368118585121724,12.608033705741118
0.350253482724833,16.569083719729946
0.362793861327212,17.306160356379134
0.192478158960153,14.165077610549808
0.214798149170098,20.12257398314295
0.357188335667898,11.631043983333756
0.180445859872611,23.72346090523949
0.35711231775621,16.03169631508348
0.32765475376197,19.9503214162935
0.155894265615007,20.1950152951271
0.35580771429828,18.32072309406074
0.358219730751263,8.955792461222874
0.388307984790874,33.953972338457156
0.198765326611697,18.51167533408431
0.345880742578493,17.83278926227684
0.367188519243314,19.80821598662352
0.376907118468254,27.376955013752553
0.356090613734479,13.48682870498802
0.345852484132195,13.507745004879592
0.358211818879509,15.976461078789546
0.349619560571087,9.793607271279742
0.384864772630322,32.2253337700774
0.355884122754234,15.89021085370347
0.353771120013935,18.588853852416918
0.361877734933495,25.773246812355694
0.375315778205952,22.85517960606456
0.370537808674884,13.690992697944528
0.36248385708136,12.168307135636988
0.285747203485693,16.279547807799617
0.184737784812763,15.503895381084027
0.216686850127365,14.244160560399745
0.371432169241101,8.900634048876716
0.196807397799071,12.49255774086846
0.362782739337284,16.187832716338516
0.370826342281879,21.949862375836982
0.361069678244193,20.553114186622896
0.364042190938915,14.882509573957078
0.353511300497138,14.605139626031768
0.364689970869746,9.798345543792667
0.205380248768679,12.03090441972256
0.19830487348872,16.736787620518026
0.355447972074468,21.082842245420164
0.202399268160838,24.82912940855882
0.359714489052623,15.315290937541281
0.323464178105122,18.297147140432642
0.188656006012275,15.406501999745574
0.353460528015849,15.024440962104093
0.358844810379242,15.73880248576415
0.387786614772823,33.178345169531006
0.210494395181529,17.62459589002681
0.333898802044065,18.207628602583046
0.378537936913896,12.32857672525189
0.374322837311664,23.931446449299607
0.361323767443895,14.847228426858724
0.340851592984863,16.963032137549508
0.350475872432793,14.670565887263717
0.34251820236003,19.626366791226918
0.36627421509686,28.35586121440179
0.340518147789881,20.06529398602279
0.357432115605951,14.002912632382726
0.365730527744782,25.115939425134304
0.372055001257651,20.913259126804714
0.374770335727409,10.831668365095746
0.35952190227244,15.946958722390132
0.270107716165807,21.255175165628906
0.251291094596297,8.108356237353595
0.316867825793383,16.890446975853415
0.27979296414745,15.698644706499314
0.266951817838722,9.340169425523328
0.318965517241379,14.742760054471118
0.285601164234045,8.063315661460903
0.292814796259185,14.308822617622937
0.297908090397379,12.657421595848442
0.286646586345382,14.68823827279877
0.276294243607507,11.010991833863004
0.26075965234832,14.618275264734798
0.276956176630321,20.598793477657548
0.2830050600092,21.01746241419454
0.292766064890797,10.611650522730393
0.338656063283683,23.18127422557269
0.262973381476194,18.890036698866293
0.291930037232661,8.416849561728334
0.292567200367878,12.74185419906321
0.330093990558414,27.09543908759229
0.287706090174966,11.306936527922268
0.317789291882556,22.895878632525847
0.330562933767458,16.31110196628832
0.323501892570068,18.5028873931864
0.285481956837062,11.798890604053591
0.27031741246393,12.970835225170324
0.292460750566703,10.267234050464213
0.319147593402895,14.350306800817396
0.325202569377388,21.4253524742411
0.30479553431725,17.391751900578857
0.34183695326222,10.505780398416453
0.333894835600665,18.49728756617357
0.32711835840391,18.039480061249225
0.31311647429171,15.844410733824326
0.288984020684101,19.64797512838434
0.184922922672014,21.314645480335148
0.368174563172043,14.043682694394535
0.22156164957086,15.847824508433416
0.356406080347448,22.479709358024117
0.371080797481637,27.677485850154806
0.353240938166311,25.000601543007598
0.360950679353472,13.477543362600684
0.351714046822742,18.625894261371343
0.360221546662225,13.80864950907691
0.217018166631865,16.23469885101455
0.188403990024938,21.039730518539578
0.358241849634065,18.56847232426145
0.21569728740223,22.067296799778966
0.351570351758794,17.049734024442998
0.336104015744734,16.50426924782831
0.198521117934578,16.571635053443135
0.353282186112668,22.241529035154212
0.360967795622868,19.260047257587782
0.382228431123529,39.751349049843505
0.228242677824268,21.7453743744659
0.340013416065739,15.043432733615823
0.367118846514803,15.683010370784462
0.372432775778107,29.79152998083188
0.35727734477625,19.26960617193842
0.352647159773468,19.490751290159793
0.353648857512845,16.648390731920188
0.344408156429259,18.749781481544613
0.375323861262014,35.36492208345267
0.355942907667046,20.199395300930803
0.35466331186831,20.555401466224495
0.359953310696095,31.57262450833285
0.373086119384202,27.611751258503542
0.372962808190556,15.689790961876762
0.358833706063547,14.216421994404486
0.372644287396938,15.514222530314017
0.211442473050627,16.557623915678228
0.357086087174768,9.540691048909936
0.373791509037411,15.58760181423253
0.357402186912694,11.705211736291838
0.368851435705368,16.479203765993645
0.352533500837521,10.964074506266929
0.3622997997998,12.283837761284765
0.201071040080328,11.838694071620859
0.188450164521638,13.730474017706952
0.352513640718064,23.52790974332706
0.223192331735778,21.588756820417057
0.355998322147651,11.386325437192445
0.322769411468602,21.78763453642341
0.174539748953975,16.887286254512983
0.356874595294626,6.814225557964752
0.362474991663888,14.765392748079579
0.37341557505617,29.397796878437696
0.239572416684133,13.950362923613676
0.344819621183487,22.91932014938534
0.36653709794541,14.714329008851932
0.377629793009841,20.11248844868584
0.359192884059241,10.677694015999839
0.351897211121138,14.036117689648409
0.361992465466722,11.417772202326873
0.352627826014009,18.369930915861595
0.374822071506322,22.858516613455492
0.358829482206106,18.54018174993669
0.357558015299799,11.49610560461029
0.368020412502658,20.750892048925113
0.368681988151758,18.79083964922324
0.369067548338495,15.327433199959303
0.362912087912088,20.069527354611463
0.371584584246922,12.023944605526012
0.258015716266756,16.105622413852608
0.252257955600574,22.5321182515371
0.259227467811159,21.44101926210783
0.238438702124101,14.824282179768524
0.285744340654717,14.503790882298754
0.246321217456924,11.977851029449138
0.367377407687779,11.952108125328015
0.364117696300017,13.670992445898158
0.272936547798426,20.70798313440566
0.37132383745287,25.51238174377239
0.269151313293141,17.61520845057949
0.374657620833509,17.667304449483776
0.375736284079434,11.6003888480604
0.251573009329573,15.029905942363873
0.265634817576341,15.61165098943103
0.238782460621541,32.8383941948136
0.36521446026797,16.743250882251022
0.306109962445673,21.05237777403071
0.239077253218884,15.176407056549909
0.230793799506005,24.429716102734886
0.265283650458069,13.037385640364741
0.250021590810951,14.84963747030541
0.260031967695802,14.924572409963895
0.285217794253939,19.407173992161702
0.238370382821364,29.48051743200095
0.275174751112053,20.766182598226465
0.282884004464669,15.881647135941087
0.222777137490929,25.071697922994236
0.272257165773144,20.848093753456187
0.263912842300088,13.103878057017564
0.273944977498514,16.304906202944977
0.343835157003312,15.715868149062283
0.370189473684211,18.176249534439634
0.352407447036165,18.429302762349174
0.361584984358707,14.751734993218363
0.344741480611046,16.10767466927731
0.34900296810334,13.926757190832314
0.119139397494448,10.891456228073153
0.223497975032358,15.634830157249285
0.344068291868425,15.294088765206201
0.179980790913267,25.340975868307776
0.352655481266557,15.344912901204477
0.3304952909519,22.110274067544985
0.182412882123538,15.989273580552627
0.34980314108943,16.7649836581101
0.34918114973262,11.512654945899655
0.383005397135693,29.494354054445907
0.190603209274973,16.211757498431016
0.33287042881791,19.83952911754113
0.368637356051201,16.99251430152485
0.380292467267472,22.282903917894444
0.350604262799385,13.287650627620915
0.329292450798846,14.864868697386306
0.352964609191546,16.436603649045967
0.354530934767989,14.477048535858675
0.377522339220539,27.957907613381675
0.341108857336038,20.188742682994878
0.356537011651816,14.714784482276206
0.363508502749009,21.470108861162927
0.377789943569443,17.08465615168611
0.375036704559755,10.299916378699969
0.357623888182973,14.86938320886239
0.276366080053761,12.89973314646692
0.209028103543861,9.326634562011183
0.184320977393617,15.697947133081742
0.231477220432582,10.123377859495372
0.201416371589252,13.347794785673655
0.345090741824872,11.695797017298034
0.351594371825826,13.11554920231747
0.187944590041183,24.313987736922513
0.350362379206931,22.116986481727164
0.211903465035405,12.959766905159674
0.38195346887445,23.207274473133374
0.358597900196595,18.009074446363517
0.215264904944605,8.447391924677033
0.194192339716903,13.570857960207627
0.272016774685475,26.651808585301225
0.344844195007539,11.722535884694294
0.281542399194394,24.783596093533376
0.28823830658928,15.613072805313697
0.273919491525424,17.779192402050718
0.208085404270213,11.487655007773684
0.19183901141337,12.001749430397723
0.187204782008945,11.15131133566787
0.294452823864589,17.706511367723575
0.288958594730238,19.770078821259595
0.248536410731584,20.199050298374363
0.307766202715396,11.206051552320865
0.288882280470708,17.30731081232048
0.280445825112296,16.815791562111574
0.279662080214127,15.251489682920305
0.208813230392777,20.929271658417147
0.267377042150851,13.549010355420883
0.279735038448679,21.46651032532894
0.273927670311186,18.30439518213189
0.267077103488713,20.78163677386119
0.377547161883954,15.68292554897634
0.36059059728961,16.430436017175793
0.27196906354515,25.409700725907328
0.375538996106669,26.344245420504805
0.273274917853231,17.396677693231027
0.378322591516071,29.152529501904922
0.366661061835302,22.462087421140218
0.270966064230919,15.75365551079819
0.271764607399967,18.852917877135198
0.234038027989281,23.042259372538243
0.372973769525494,15.410529206227864
0.296348610701185,29.305761944354735
0.2994511384589,21.07259155785437
0.256978129520892,17.11729561240521
0.264839178070137,16.808487377916485
0.244284358554051,17.42467547229618
0.275143949901231,17.660197615612134
0.299267306720566,19.27833218161269
0.267067176406335,19.140495717452332
0.24360927712883,22.701696852620632
0.307700557700558,14.569165715730229
0.239867747440273,15.474129428508974
0.230735163861825,15.982713813384082
0.227270817578355,20.391360434509263
0.269873589547807,25.510699409676004
0.232007133455055,17.601364186536
0.206727894062366,15.05390426764509
0.205851063829787,17.68203224202462
0.357008667435208,13.804575792071859
0.355102040816327,17.39444342009244
0.199587777824997,24.41386830308632
0.358887092657194,22.23369330074587
0.159700534759358,12.534036760786043
0.372613646091944,26.90757790910538
0.363236549957301,23.079421722040316
0.211750979615198,12.746341527830793
0.191251487842204,15.302359831505782
0.278877317315587,26.172329214566414
0.352369952087611,12.948773656683063
0.275399237915828,25.263888036869076
0.281194198858935,19.7071241903468
0.261274298056156,18.054476197264222
0.209841326439651,15.474706746552306
0.211769082633053,15.83263726669031
0.191496627678648,13.694190743339629
0.284620648361988,17.196359934129667
0.27265351439064,19.675026450947296
0.25712443584784,21.15036930062171
0.313764387861877,13.22006897461116
0.284652070236289,16.924791493914405
0.271817402486069,18.73459498856003
0.269606588154975,17.851520161503654
0.203416483563827,22.655073504685443
0.250374656564816,12.711194733004287
0.226737435727318,12.132773910472915
0.360058248387768,11.58454695879902
0.366328432387658,17.293665199030972
0.235551047445558,17.289196426147175
0.365135941644562,16.181406185632955
0.241628789458321,11.390349725683423
0.373920840805772,15.189431718650127
0.370832813085279,16.34052013633463
0.228509506029784,16.302547379641133
0.233054358634405,12.543704715797261
0.265393362533693,35.853382878129935
0.362478636041519,15.42491153464823
0.295742016280526,16.471704404588266
0.272872069317023,12.301402906454639
0.241188870151771,26.628316523175336
0.235910735300527,13.780814102763085
0.227129000555484,13.608254758862277
0.234667554298078,9.386463590443503
0.284561827732844,12.341007274040088
0.281261703632808,30.61117034646669
0.259002305596311,12.947957083725694
0.301422807390104,16.151861484801984
0.266782211701048,27.544024567135146
0.273800075191111,25.52164141800037
0.268369809436631,14.454436011859505
0.233910267181986,14.689451485259797
0.229305740987984,10.050860452212588
0.35506760999707,13.070075005890631
0.345897403842147,16.451949227663732
0.198525430082892,23.05315729302363
0.356436882271988,18.31091738107415
0.192659395973154,12.151063042470282
0.377103529313022,15.222288626968005
0.348508962975373,16.594456923360426
0.222913158008378,10.714743605045648
0.206629995416094,13.004998340899062
0.27519297650352,34.72434665653678
0.351117822239,16.348821908346395
0.266179803575925,19.23846511560201
0.304042216809811,14.025139635190833
0.287863356673032,25.2864188908667
0.204309324448731,9.356524973906273
0.222585221166659,8.845143689670882
0.208769359564671,9.41237245897213
0.297369304355123,16.1579390543299
0.282782426778243,28.009749740953882
0.257832595403753,16.234549528461624
0.32039498995426,15.800474671377913
0.308323763344817,24.91647090002279
0.282925701798622,22.426468375663934
0.276792065949701,14.00921524052768
0.211082463333192,14.971158117001423
0.351261204919742,11.488004084960245
0.352193947444892,16.40410615993312
0.217406639004149,21.791808121263458
0.36251298026999,19.88048667513012
0.201103540525854,10.752112559696062
0.381322631886966,16.72147675145411
0.363367121344846,14.926204553036246
0.221479251773812,13.517674910548154
0.211883408071749,14.92475296768281
0.279639175257732,34.35261071475133
0.353517420001671,16.765613176925026
0.28383521539105,16.42755171502068
0.283406410965902,8.908457379094152
0.252577755240027,23.844652274207533
0.221028261914122,13.394219042745151
0.210486875347921,14.824988898959646
0.20070451892613,10.84623908663742
0.277390105298345,18.123125483306165
0.271304746426637,27.72384391248092
0.247605042016807,18.516312143195584
0.303636828208841,13.28958009703495
0.285441911702398,25.27579151731431
0.269533375183093,21.46748940651161
0.265239326217478,10.216156559357692
0.226170427753452,15.124253513726043
0.22470225701674,10.299698674951358
0.348453307797993,19.42182455596942
0.189470615185972,20.693838649835307
0.351262372085221,11.486863167487511
0.332438778933244,20.567138860406097
0.191317991631799,13.320442213830802
0.349434760096652,11.807344130549861
0.357645833333333,13.585823460445175
0.381225891229706,28.545874152506396
0.208188481675393,9.29044904021315
0.339581059524809,20.433611053877296
0.36536572868184,13.665345570696802
0.373463071313491,19.622168789200373
0.355674846625767,11.25129498940022
0.339018731740849,13.631025598476562
0.355316566933088,10.387912349141526
0.34774042089377,14.894709713885685
0.374037495815199,24.352393937895904
0.348019384745048,17.14721561218771
0.357478532063058,10.365832154298348
0.36575569534172,20.306920876398586
0.376585468290634,18.040761003397584
0.372374696678102,12.406899439428567
0.3595690747782,17.189674844822637
0.345367875647668,24.67059339075004
0.230707028820236,25.143590958817136
0.34942600709664,17.76824071190007
0.32972284831789,24.282464319312563
0.198021657642649,11.18695031348869
0.347516968811754,12.584907162661848
0.352204388038655,18.11232771766099
0.375327031817031,26.303066744248216
0.245869837296621,10.772579512759245
0.338209479227618,28.016754998488995
0.36695726132256,17.70795166562187
0.371138588791357,19.194783837466414
0.347844112769486,13.300074799608653
0.339122994652406,16.737529956418445
0.34546514533189,14.942249837242075
0.350565596694077,21.102879914130373
0.369132408680078,23.422182057620233
0.344728447914043,21.63336974625175
0.342778793418647,13.6401630579829
0.361145202928605,20.67349278063737
0.367996320454926,19.050771930194628
0.368199616762476,18.497272177501003
0.354462858585009,23.86451791626617
0.35468685192866,26.91664573188771
0.185502044904432,19.45476573183788
0.384751847059315,25.694361815246772
0.356741222041734,23.332394024295734
0.190114231727218,23.513283443999565
0.150737732095491,15.250926702199685
0.272217301446708,35.853461835844364
0.350876095118899,23.391723417087682
0.277228342513771,20.197073512322405
0.288352816153029,22.680838752328384
0.281198565098122,29.33768781768208
0.153710324380886,19.2615510983723
0.205037201744634,20.438750696301923
0.16901144640999,21.145030462382806
0.292902741269245,12.371528716715517
0.2929993336665,35.42118577924821
0.25501216340911,20.463601204078095
0.326764455782313,21.224506415843933
0.302868748413303,28.870269369463326
0.273000877816327,24.612594518810976
0.278245117228168,18.372639147203635
0.167423096318709,16.765850376019543
0.356948911817536,16.675626923654193
0.329644169729368,20.00949708242207
0.189651579561557,23.41623708224654
0.356467351588359,22.50255307416322
0.35958904109589,22.054439611189796
0.387061357206199,41.70608748393464
0.149380449747591,22.8344271121983
0.340838769024921,21.341645625493
0.369292310311077,18.789382794256927
0.379752450152078,31.69536814858343
0.357273838630807,21.01477491382337
0.339190172494971,20.42784044364875
0.355862615147347,15.334320568520164
0.350710108604845,19.686954682258765
0.376016175428357,34.23309439210832
0.359062657483622,16.608559074714258
0.349415018081259,22.862210989204005
0.365900139753526,33.38503320085056
0.36979079497908,32.58651367035051
0.380325135473114,24.28100324593467
0.367749810590117,22.924986417985657
0.384534521907325,19.82773751518008
0.36222306143001,18.287817257687994
0.213463701652678,13.836025031245603
0.194475760992108,13.84860671469166
0.274928835450567,32.7594421315585
0.352844776872006,14.911467389687724
0.270246960326476,17.42321055926045
0.300192595762893,11.429952280720332
0.271908202294943,22.370556070073786
0.200105341702146,14.017827345319631
0.209488548303771,14.772092350699449
0.18607138363461,9.036829214956466
0.282558432823272,13.878641131487068
0.276773354587021,25.85257549712582
0.258916497633536,14.982961542559817
0.322247902756377,12.021270432848834
0.299296974861525,23.739097582310034
0.273155944762546,21.64128925606224
0.267109787805083,13.821059932967628
0.207987639688452,16.838812239507483
0.320559610705596,19.137097863274036
0.367996365681651,22.116963748654207
0.377474730598947,20.551625862358794
0.388039090715955,45.67217944441779
0.325433841758057,24.96256877626743
0.356863322672951,17.6344740872468
0.37376894750364,18.298220453901905
0.374537725823592,35.97535144511981
0.367838312829526,18.445154651282
0.368232912700805,16.98445777481063
0.379073180960369,16.44765576814508
0.375021011934779,21.11588291864507
0.378911821461532,39.47259603720059
0.35994001351808,15.755983899443777
0.316131792896876,25.417947221352087
0.365483747284114,36.6622290175713
0.372548194292449,33.61411068763368
0.378969002978063,20.72588664987259
0.37867429055485,15.57586962224678
0.353471712769171,16.449402023348448
0.359092993205785,18.75660185160563
0.383541030857918,33.278656300511905
0.219455970493315,15.980561473374316
0.344126664146823,25.549912745633883
0.363766444558346,16.13021087025952
0.379273051149376,24.836770035967326
0.356297659742309,14.4462014836439
0.344262999570262,17.039419058106546
0.363008538422903,15.368641363954955
0.353859060402685,21.479661722231018
0.383225887474883,29.76763486227584
0.347769250231931,19.664097777923146
0.355146776054352,17.157892819558477
0.364552333985205,27.004531259883972
0.37517852642191,23.420532023803617
0.371065628662314,19.111093719383103
0.364638783269962,21.86585129622304
0.162033854614195,13.891319878509178
0.272540445999126,28.458456223837658
0.346323434055246,13.498458463662134
0.276457088421235,24.955127635550856
0.273732434694507,16.0504903150531
0.265406989458951,19.893637877367524
0.141059812070835,9.332606444836825
0.219366976538291,12.969018051656509
0.199305225909464,10.870646985728731
0.280949909161692,18.400976000622563
0.268832290092812,22.538767139418777
0.254077682571441,18.69705845029536
0.30705503899881,11.598709518981956
0.282369447976498,20.44884968212487
0.276538611460003,18.53163793349962
0.267617485867173,16.28254046210485
0.204927675148135,20.700823379936264
0.277634744439286,32.242786379227205
0.357127948236276,17.30313554479053
0.280122873740962,20.101286194981082
0.288805208067399,17.589471523332627
0.273556616125354,25.204707137003815
0.131526148209535,10.159665805162172
0.203122326775021,12.40619359137079
0.161502582042312,14.267402796210275
0.291196859600768,12.22002075174463
0.277555527774305,29.275270570567468
0.251563877576724,16.55055805414054
0.319568547357672,16.402493441323035
0.296159871290063,23.862601688668008
0.272502927890246,21.12990687836096
0.270702229631173,12.616361957583509
0.156435268889543,14.952373284936423
0.383333333333333,25.191231985545752
0.289367486512892,43.769183327291174
0.278897297297297,34.93691466774964
0.221692849171603,14.096871914942533
0.270348192503881,31.919081030817814
0.266918928322895,32.87637124505205
0.273012242131571,32.84884846042664
0.293405800178336,34.02742622227244
0.224049614765896,15.33588149204037
0.277497972598062,39.65820056411381
0.283344134802333,23.878994321459853
0.235364961933847,13.317223423940801
0.243357564936445,17.75115394637111
0.234809322033898,32.82093611965931
0.265564867869666,40.262495571602976
0.328672357962909,26.13619561755717
0.363484660476659,17.77043441141517
0.375047788963935,16.9280735600362
0.355411635565313,15.120684540117015
0.33559314738292,15.13818409554437
0.349203688181056,12.447428002029728
0.34103609092055,17.572287360955553
0.369331041998491,20.362949140389986
0.341478352692714,20.44176811018915
0.347068891741549,11.746137793121981
0.365514010731624,17.566119303426376
0.365673526069941,18.422396643864403
0.374124848027502,18.827659595882853
0.362618523535388,23.24572153887425
0.296135224302669,19.0722248899766
0.302730636723236,34.12079263967996
0.284782035507119,21.70039213103405
0.277133870481279,20.844240246969704
0.274689545225709,19.44634062964611
0.308213414121013,17.751694141233173
0.290774783849576,38.601279388269226
0.26142464595223,20.883543831082523
0.322709163346614,23.797670031906772
0.306726094003241,34.153493129441024
0.297369641276398,30.57805214149037
0.290211551376763,15.661949848125573
0.271344434557858,10.43272119859732
0.257520176082172,24.164322090138743
0.28915770209347,17.079647453726356
0.283928180424787,18.216828567819622
0.291330343796712,11.659273073456799
0.285368983957219,19.347498112922505
0.286104822519329,27.669440475659894
0.311410868723377,18.21790757334938
0.289599547806426,13.669385612178825
0.264998486093689,27.1049759673948
0.293204715969989,24.00685911217526
0.270739934247043,14.4203062735853
0.283719727656641,19.23584004240084
0.270815774298008,24.380458132491377
0.262522302972279,25.101664829573135
0.273534899499618,22.399415232921566
0.291275338914623,26.56545257575963
0.229769214482321,9.17156314087058
0.288845217242705,31.188078604365867
0.244920847172497,12.982462554918797
0.219756160384648,9.184540288569277
0.24960636622835,12.257649831285557
0.239459299122844,23.99264050114689
0.268957548784663,31.766829967123144
0.192625157006998,8.870229491853717
0.176598073555166,11.743127115494163
0.289729065120977,14.171557501254036
0.284388981489604,28.09490135243565
0.23674225712521,15.524051090186985
0.318094386043391,15.346758725968217
0.292422625400213,23.310261297224738
0.273678656230762,20.17874775758828
0.26732412886259,14.497483089903943
0.172282080720657,15.862371487497825
0.198565415342325,11.190799628615597
0.288583236471652,12.605540906876849
0.277195394397663,28.146502257891154
0.209569957601454,15.892962646131751
0.303472770323599,17.103270907823198
0.283651119158777,23.193494092345908
0.255262249827467,21.19404516284036
0.25851699102118,16.454664500906375
0.203223849553687,14.697534500062698
0.286382122342879,14.289776252664337
0.282373122463495,25.297506737841132
0.247071464689028,13.420384570378426
0.314046408273151,12.12078279834063
0.296174282678002,23.876039819769545
0.26575952290958,22.633568905316622
0.273012552301255,15.916293267500999
0.169248955123063,17.365944082709
0.307898708703673,30.97329498399905
0.291218070508761,14.526646894805527
0.342737274712102,17.7458271418516
0.301988418632377,25.074279364383134
0.302359819963825,22.900870918582
0.26570291221454,16.533950723730726
0.290311653116531,13.96997498264265
0.287557448243876,34.375983016162834
0.295524427741715,17.7829894421662
0.24791825983516,12.33921221879272
0.26112161310649,17.729232717979258
0.256127143454622,29.114344140440842
0.276649210237351,36.53120223325762
0.316613679326345,20.523958952887686
0.295940216693075,31.88379054776517
0.250348999534667,29.806507223027463
0.279410524540395,21.44023992224828
0.248085432266848,18.53891995842885
0.28051100255069,16.08489571695134
0.321575518601063,14.039824057488728
0.309900059793286,14.956821695053428
0.308058813383925,21.918742744848558
0.271651528719458,9.377724044208007
0.260921298657148,23.573330347388584
0.294450638991337,30.53130476300727
0.223585934877476,19.154623343855864
0.269759158751696,26.295282321635252
0.275846043347839,12.594419994414121
