"sample_a","sample_b","distance"
"281785","281785",0
"282803","281785",0.182641107561235
"299554","281785",0.320699708454811
"356457","281785",0.302864214992928
"376579","281785",0.239238705087158
"376851","281785",0.242386241490505
"377448","281785",0.346704871060172
"377705","281785",0.31510509440684
"384190","281785",0.303960042811274
"426049","281785",0.302234835047889
"438644","281785",0.177905308464849
"ADAYSEL","281785",0.37121757925072
"AbhayaXDagadesi","281785",0.293048128342246
"ABHISEK","281785",0.211166785969936
"ABOR-A-1","281785",0.316589202717197
"ANJALI","281785",0.179523640241735
"Annada","281785",0.344062947067239
"Apo","281785",0.336661911554922
"ARC10319","281785",0.353479196556671
"ARC12071","281785",0.215120396600567
"ARNAPURNA","281785",0.234491315136476
"ASD16","281785",0.201566951566952
"AUS257","281785",0.225044722719141
"BAKAL","281785",0.40379746835443
"BAM1057","281785",0.399675792507205
"BAM1098","281785",0.414352686620988
"BAM1659","281785",0.214002879769618
"BAM1689","281785",0.399855647780585
"BAM1708","281785",0.397944464478904
"BAM1812","281785",0.344846098783107
"BAM2096","281785",0.238821859474805
"BAM2166","281785",0.305605786618445
"BAM247","281785",0.302425106990014
"BAM2574","281785",0.237722419928826
"BAM2680","281785",0.19925346605048
"BAM3154","281785",0.328344752975117
"BAM3181","281785",0.25160370634355
"BAM326","281785",0.218126780626781
"BAM328","281785",0.356455064194009
"BAM350","281785",0.374195989405978
"BAM3690","281785",0.329193664506839
"BAM4009","281785",0.409794742527908
"BAM4054","281785",0.191613588110403
"BAM4138","281785",0.313467770975873
"BAM4168","281785",0.279040404040404
"BAM4234","281785",0.192636072572038
"BAM4254","281785",0.19192280200143
"BAM4477","281785",0.323024669288523
"BAM4496","281785",0.350070972320795
"BAM4510","281785",0.311242816091954
"BAM4521","281785",0.301409468738706
"BAM4534","281785",0.410522548317824
"BAM4797","281785",0.250531161473088
"BAM491","281785",0.363620071684588
"BAM4928","281785",0.291068866571019
"BAM5110","281785",0.202852049910873
"BAM56","281785",0.29257408068547
"BAM5779","281785",0.291681670867843
"BAM5850","281785",0.418680129823296
"BAM6921","281785",0.327734095782702
"BAM712","281785",0.341758632965468
"BAM742","281785",0.34514858575009
"BAM7429","281785",0.347073518915061
"BAM7449","281785",0.407367280606717
"BAM747","281785",0.340535714285714
"BAM759","281785",0.35969868173258
"BAM766","281785",0.343299711815562
"BAM807","281785",0.291949910554562
"BAM811","281785",0.344919786096257
"BAM812","281785",0.230314960629921
"BAM819","281785",0.174302075876879
"BAM8296","281785",0.312366737739872
"BAM8305","281785",0.242918608820366
"BAM8315","281785",0.315326633165829
"BAM8364","281785",0.201785714285714
"BAMAWPYAN","281785",0.302915766738661
"BENAMURI","281785",0.230933713471133
"BLACKGORA","281785",0.20610145441646
"CGR1656","281785",0.345947875758658
"CGR1679","281785",0.230085348506401
"CGR2012","281785",0.237095051619793
"CO18","281785",0.212508884150675
"CRDHAN-204","281785",0.217236467236467
"CR143-2-2","281785",0.34024303073624
"CR262-4","281785",0.335887384176764
"CROSSA","281785",0.233214920071048
"DULAR","281785",0.416307471264368
"EYPO","281785",0.334
"EYPO-2","281785",0.204448398576512
"FULKATI","281785",0.410334893770256
"Ghanteswari","281785",0.326923076923077
"GHATIKAMMANANGARHAR","281785",0.17375132837407
"GotrabiDhan","281785",0.302846975088968
"GP-145-37","281785",0.236767317939609
"GP-145-51","281785",0.344162799000357
"HARBHOONDI","281785",0.23207277916518
"HongZuiEr","281785",0.333870967741935
"IndrabaruniDhan","281785",0.311944543192321
"IR74371-54-1-1","281785",0.333451830785638
"IR77298-14-1-2-10","281785",0.323751347466762
"IR77298-5-6-18","281785",0.29543834640057
"IR83383-B-B-129-4","281785",0.283220520128251
"IR83388-B-B108-3","281785",0.305704099821747
"IR87707-445-B-B","281785",0.285257548845471
"IR87707-446-B-B","281785",0.29978354978355
"IRROEPYO","281785",0.25
"KALINGA-1","281785",0.29925187032419
"KANGRO","281785",0.213982300884956
"KHAODAWTAI","281785",0.219119226638024
"MANDRIRAVINA","281785",0.213120567375886
"MAUDAMANI","281785",0.209227467811159
"MOROBEREKAN","281785",0.431147540983607
"MTU1010","281785",0.293202146690519
"MTU9","281785",0.216346153846154
"NERICA-L-26","281785",0.344277000358809
"NERICA-L-42","281785",0.346851654215582
"NERICA-L-44","281785",0.307323142552435
"PARIJAT","281785",0.311293781272337
"Patchaiperumal","281785",0.334281650071124
"PEH-KUH-TSAO-TU","281785",0.213854351687389
"PMK-2","281785",0.315024805102764
"PRASAD-1","281785",0.198503207412687
"PUSASUGANDH5","281785",0.319039145907473
"PUSA1121","281785",0.385802469135803
"Pusa1121-SN12","281785",0.381056466302368
"PUSA44","281785",0.298175182481752
"PUSABASMATI6","281785",0.245330459770115
"PUSASUGANDH2","281785",0.207520397304009
"RASI","281785",0.329532916513424
"RKVY-104","281785",0.408405172413793
"RKVY-143","281785",0.337597725657427
"RKVY-28","281785",0.414054054054054
"R-RF-44","281785",0.311764705882353
"RRF-78","281785",0.302109402931713
"Sadabahar","281785",0.232844889206576
"SAFRI-17","281785",0.207496413199426
"SAHBHAGIDHAN","281785",0.307568725455195
"SATABHAMA","281785",0.205620775524724
"SERATOES","281785",0.413161711385062
"SERETY","281785",0.220839260312945
"SHAKU","281785",0.246076233183857
"SR1-3-1","281785",0.194682369735903
"SUWEON","281785",0.227527042148452
"SWARNA","281785",0.327412988876929
"VANAPRAVA","281785",0.398485394879192
"VANDANA","281785",0.387890765361121
"Wayrarem","281785",0.339470861637469
"281785","282803",0.182641107561235
"282803","282803",0
"299554","282803",0.227882523567803
"356457","282803",0.187785187785188
"376579","282803",0.35245322979174
"376851","282803",0.351924447612259
"377448","282803",0.25133214920071
"377705","282803",0.204481298517996
"384190","282803",0.404179950407368
"426049","282803",0.188423645320197
"438644","282803",0.0208110992529349
"ADAYSEL","282803",0.284769395781194
"AbhayaXDagadesi","282803",0.178988326848249
"ABHISEK","282803",0.325382698469206
"ABOR-A-1","282803",0.206706884315117
"ANJALI","282803",0.292299540798304
"Annada","282803",0.434519572953737
"Apo","282803",0.240092002830856
"ARC10319","282803",0.250534188034188
"ARC12071","282803",0.330105633802817
"ARNAPURNA","282803",0.345828933474129
"ASD16","282803",0.309355067328136
"AUS257","282803",0.333451957295374
"BAKAL","282803",0.320903549659376
"BAM1057","282803",0.329220314735336
"BAM1098","282803",0.327425707124955
"BAM1659","282803",0.330587392550143
"BAM1689","282803",0.315365329512894
"BAM1708","282803",0.315497494631353
"BAM1812","282803",0.250532670454545
"BAM2096","282803",0.351375176304654
"BAM2166","282803",0.400143936667866
"BAM247","282803",0.201521585279547
"BAM2574","282803",0.349734513274336
"BAM2680","282803",0.306537102473498
"BAM3154","282803",0.2296813462227
"BAM3181","282803",0.362863217576187
"BAM326","282803",0.329082536308891
"BAM328","282803",0.262367491166078
"BAM350","282803",0.284133533383346
"BAM3690","282803",0.223214285714286
"BAM4009","282803",0.336009992862241
"BAM4054","282803",0.281590989088349
"BAM4138","282803",0.422870436649964
"BAM4168","282803",0.388569374550683
"BAM4234","282803",0.306480169971671
"BAM4254","282803",0.307569296375267
"BAM4477","282803",0.216259298618491
"BAM4496","282803",0.25555163905534
"BAM4510","282803",0.420855614973262
"BAM4521","282803",0.412081984897519
"BAM4534","282803",0.33771773906861
"BAM4797","282803",0.364803094233474
"BAM491","282803",0.282083185211518
"BAM4928","282803",0.404957203994294
"BAM5110","282803",0.305713271823989
"BAM56","282803",0.403900709219858
"BAM5779","282803",0.409627773801002
"BAM5850","282803",0.34890798424633
"BAM6921","282803",0.216743526073076
"BAM712","282803",0.431247790738777
"BAM742","282803",0.435409252669039
"BAM7429","282803",0.250088558271343
"BAM7449","282803",0.328612405880244
"BAM747","282803",0.436612215909091
"BAM759","282803",0.263177570093458
"BAM766","282803",0.434790397706915
"BAM807","282803",0.408185053380783
"BAM811","282803",0.246907034287734
"BAM812","282803",0.342516885886953
"BAM819","282803",0.290821771611526
"BAM8296","282803",0.193485915492958
"BAM8305","282803",0.142247510668563
"BAM8315","282803",0.420292439372325
"BAM8364","282803",0.298719772403983
"BAMAWPYAN","282803",0.412249283667622
"BENAMURI","282803",0.344491675522494
"BLACKGORA","282803",0.310672772102853
"CGR1656","282803",0.247431810131066
"CGR1679","282803",0.341174389812522
"CGR2012","282803",0.348688873139617
"CO18","282803",0.325634696755994
"CRDHAN-204","282803",0.324185552407932
"CR143-2-2","282803",0.229528535980149
"CR262-4","282803",0.229232944503358
"CROSSA","282803",0.347457627118644
"DULAR","282803",0.339693295292439
"EYPO","282803",0.230963551064598
"EYPO-2","282803",0.304209409267775
"FULKATI","282803",0.330057183702645
"Ghanteswari","282803",0.21095406360424
"GHATIKAMMANANGARHAR","282803",0.28362676056338
"GotrabiDhan","282803",0.206131078224101
"GP-145-37","282803",0.345909732016925
"GP-145-51","282803",0.244235544519333
"HARBHOONDI","282803",0.329021970233877
"HongZuiEr","282803",0.227967306325515
"IndrabaruniDhan","282803",0.216725352112676
"IR74371-54-1-1","282803",0.226005645730416
"IR77298-14-1-2-10","282803",0.216833095577746
"IR77298-5-6-18","282803",0.18546676096181
"IR83383-B-B-129-4","282803",0.185067232837933
"IR83388-B-B108-3","282803",0.19929203539823
"IR87707-445-B-B","282803",0.177589852008457
"IR87707-446-B-B","282803",0.198460987831067
"IRROEPYO","282803",0.365720524017467
"KALINGA-1","282803",0.199964639321075
"KANGRO","282803",0.327768014059754
"KHAODAWTAI","282803",0.317745376955903
"MANDRIRAVINA","282803",0.326224885442369
"MAUDAMANI","282803",0.324396306818182
"MOROBEREKAN","282803",0.353451391398627
"MTU1010","282803",0.187855113636364
"MTU9","282803",0.332743988684583
"NERICA-L-26","282803",0.233535065859737
"NERICA-L-42","282803",0.235875706214689
"NERICA-L-44","282803",0.198941798941799
"PARIJAT","282803",0.205496453900709
"Patchaiperumal","282803",0.23466149506347
"PEH-KUH-TSAO-TU","282803",0.328339795558689
"PMK-2","282803",0.207716701902748
"PRASAD-1","282803",0.301946902654867
"PUSASUGANDH5","282803",0.21095406360424
"PUSA1121","282803",0.302446923353724
"Pusa1121-SN12","282803",0.290188269370022
"PUSA44","282803",0.195510499637944
"PUSABASMATI6","282803",0.349464285714286
"PUSASUGANDH2","282803",0.317524682651622
"RASI","282803",0.227455275648047
"RKVY-104","282803",0.329237891737892
"RKVY-143","282803",0.243824982357092
"RKVY-28","282803",0.331663685152057
"R-RF-44","282803",0.207403471484237
"RRF-78","282803",0.202515946137491
"Sadabahar","282803",0.342730496453901
"SAFRI-17","282803",0.313879003558719
"SAHBHAGIDHAN","282803",0.204996456413891
"SATABHAMA","282803",0.3052706048815
"SERATOES","282803",0.341441441441441
"SERETY","282803",0.332390381895332
"SHAKU","282803",0.348423005565863
"SR1-3-1","282803",0.302346249555635
"SUWEON","282803",0.333395176252319
"SWARNA","282803",0.23030303030303
"VANAPRAVA","282803",0.327783745076978
"VANDANA","282803",0.297967189728959
"Wayrarem","282803",0.241843971631206
"281785","299554",0.320699708454811
"282803","299554",0.227882523567803
"299554","299554",0
"356457","299554",0.240634005763689
"376579","299554",0.363998551249547
"376851","299554",0.359780621572212
"377448","299554",0.256008739985433
"377705","299554",0.254440014498007
"384190","299554",0.413730475844533
"426049","299554",0.24115523465704
"438644","299554",0.229798903107861
"ADAYSEL","299554",0.287074331746613
"AbhayaXDagadesi","299554",0.216466739367503
"ABHISEK","299554",0.320723684210526
"ABOR-A-1","299554",0.257459970887918
"ANJALI","299554",0.311139332365747
"Annada","299554",0.427136596055515
"Apo","299554",0.220101781170484
"ARC10319","299554",0.259320175438597
"ARC12071","299554",0.359623733719247
"ARNAPURNA","299554",0.348172276511039
"ASD16","299554",0.323754092397235
"AUS257","299554",0.323346729996346
"BAKAL","299554",0.323280617874218
"BAM1057","299554",0.330589096231248
"BAM1098","299554",0.333272193690389
"BAM1659","299554",0.349687614847483
"BAM1689","299554",0.321993379919088
"BAM1708","299554",0.325743665075285
"BAM1812","299554",0.254638050200073
"BAM2096","299554",0.368297101449275
"BAM2166","299554",0.421072088724584
"BAM247","299554",0.229552889858233
"BAM2574","299554",0.349018895348837
"BAM2680","299554",0.347519014849692
"BAM3154","299554",0.232635060639471
"BAM3181","299554",0.366630276564774
"BAM326","299554",0.348198034219148
"BAM328","299554",0.266981474754813
"BAM350","299554",0.281923076923077
"BAM3690","299554",0.269315269132186
"BAM4009","299554",0.335654085745694
"BAM4054","299554",0.319595083152567
"BAM4138","299554",0.428099779897285
"BAM4168","299554",0.397492625368732
"BAM4234","299554",0.298401743552488
"BAM4254","299554",0.298360655737705
"BAM4477","299554",0.263464337700146
"BAM4496","299554",0.249005424954792
"BAM4510","299554",0.417733089579525
"BAM4521","299554",0.420412675018423
"BAM4534","299554",0.33509668004378
"BAM4797","299554",0.355001805706031
"BAM491","299554",0.288686131386861
"BAM4928","299554",0.400806747341401
"BAM5110","299554",0.25382932166302
"BAM56","299554",0.414452129595923
"BAM5779","299554",0.385562086700955
"BAM5850","299554",0.340558412931668
"BAM6921","299554",0.215586307356154
"BAM712","299554",0.42343976777939
"BAM742","299554",0.426406135865595
"BAM7429","299554",0.265101892285298
"BAM7449","299554",0.335601324016182
"BAM747","299554",0.424507658643326
"BAM759","299554",0.28363357608279
"BAM766","299554",0.427573529411765
"BAM807","299554",0.384811975173421
"BAM811","299554",0.244927536231884
"BAM812","299554",0.34385260853703
"BAM819","299554",0.33345507669832
"BAM8296","299554",0.215888526963446
"BAM8305","299554",0.221491228070175
"BAM8315","299554",0.429146832662029
"BAM8364","299554",0.344890510948905
"BAMAWPYAN","299554",0.417218543046358
"BENAMURI","299554",0.361040378319389
"BLACKGORA","299554",0.328147612156295
"CGR1656","299554",0.261818181818182
"CGR1679","299554",0.35265261627907
"CGR2012","299554",0.360524399126001
"CO18","299554",0.359239130434783
"CRDHAN-204","299554",0.193829401088929
"CR143-2-2","299554",0.196903460837887
"CR262-4","299554",0.198585418933623
"CROSSA","299554",0.358411892675852
"DULAR","299554",0.346322722283205
"EYPO","299554",0.270070292267851
"EYPO-2","299554",0.353742732558139
"FULKATI","299554",0.32985347985348
"Ghanteswari","299554",0.25199709513435
"GHATIKAMMANANGARHAR","299554",0.31846098265896
"GotrabiDhan","299554",0.220550924247916
"GP-145-37","299554",0.362549800796813
"GP-145-51","299554",0.256363636363636
"HARBHOONDI","299554",0.25891557496361
"HongZuiEr","299554",0.262965668371074
"IndrabaruniDhan","299554",0.196635311143271
"IR74371-54-1-1","299554",0.204454907642159
"IR77298-14-1-2-10","299554",0.201715954728003
"IR77298-5-6-18","299554",0.196331274972757
"IR83383-B-B-129-4","299554",0.200472555434387
"IR83388-B-B108-3","299554",0.208121827411167
"IR87707-445-B-B","299554",0.197935530604853
"IR87707-446-B-B","299554",0.185640837311788
"IRROEPYO","299554",0.392897196261682
"KALINGA-1","299554",0.239209285455205
"KANGRO","299554",0.357710364752618
"KHAODAWTAI","299554",0.340627279358133
"MANDRIRAVINA","299554",0.3589001447178
"MAUDAMANI","299554",0.31904414447282
"MOROBEREKAN","299554",0.352449888641425
"MTU1010","299554",0.197810218978102
"MTU9","299554",0.361968761351253
"NERICA-L-26","299554",0.195398100803506
"NERICA-L-42","299554",0.192572463768116
"NERICA-L-44","299554",0.20854453294714
"PARIJAT","299554",0.232350800582242
"Patchaiperumal","299554",0.250905141202028
"PEH-KUH-TSAO-TU","299554",0.358695652173913
"PMK-2","299554",0.255877034358047
"PRASAD-1","299554",0.336786623046165
"PUSASUGANDH5","299554",0.236947063089195
"PUSA1121","299554",0.300665680473373
"Pusa1121-SN12","299554",0.291450777202073
"PUSA44","299554",0.199331848552339
"PUSABASMATI6","299554",0.360499265785609
"PUSASUGANDH2","299554",0.299420709630702
"RASI","299554",0.23876404494382
"RKVY-104","299554",0.331690397955458
"RKVY-143","299554",0.265760869565217
"RKVY-28","299554",0.326549321598827
"R-RF-44","299554",0.177037845705968
"RRF-78","299554",0.249363867684478
"Sadabahar","299554",0.362741523878965
"SAFRI-17","299554",0.307888970051132
"SAHBHAGIDHAN","299554",0.23065746458409
"SATABHAMA","299554",0.299709196655762
"SERATOES","299554",0.33487426035503
"SERETY","299554",0.360486211901306
"SHAKU","299554",0.315879664889566
"SR1-3-1","299554",0.314097881665449
"SUWEON","299554",0.346080669710807
"SWARNA","299554",0.21865889212828
"VANAPRAVA","299554",0.329537105069802
"VANDANA","299554",0.252833638025594
"Wayrarem","299554",0.218363636363636
"281785","356457",0.302864214992928
"282803","356457",0.187785187785188
"299554","356457",0.240634005763689
"356457","356457",0
"376579","356457",0.341587636108184
"376851","356457",0.343373493975904
"377448","356457",0.235159010600707
"377705","356457",0.181467181467181
"384190","356457",0.411412469179289
"426049","356457",0.00349040139616053
"438644","356457",0.191598723856788
"ADAYSEL","356457",0.285536602700782
"AbhayaXDagadesi","356457",0.224550898203593
"ABHISEK","356457",0.322111977321049
"ABOR-A-1","356457",0.17502649240551
"ANJALI","356457",0.304607808652832
"Annada","356457",0.428293201133145
"Apo","356457",0.249031349066573
"ARC10319","356457",0.22422954303932
"ARC12071","356457",0.303502626970228
"ARNAPURNA","356457",0.332049036777583
"ASD16","356457",0.289594356261023
"AUS257","356457",0.331325301204819
"BAKAL","356457",0.315958586219207
"BAM1057","356457",0.323916133617626
"BAM1098","356457",0.332977588046958
"BAM1659","356457",0.336182336182336
"BAM1689","356457",0.309914407988588
"BAM1708","356457",0.319266381766382
"BAM1812","356457",0.249205227834687
"BAM2096","356457",0.351299157303371
"BAM2166","356457",0.401827302042279
"BAM247","356457",0.180794934927893
"BAM2574","356457",0.328757479760648
"BAM2680","356457",0.287271448663854
"BAM3154","356457",0.229878917378917
"BAM3181","356457",0.348078956644343
"BAM326","356457",0.330042313117066
"BAM328","356457",0.253162333099086
"BAM350","356457",0.271012327231976
"BAM3690","356457",0.233487215909091
"BAM4009","356457",0.33647351581941
"BAM4054","356457",0.24151207560378
"BAM4138","356457",0.420049857549858
"BAM4168","356457",0.389782065023223
"BAM4234","356457",0.329105003523608
"BAM4254","356457",0.330861581920904
"BAM4477","356457",0.230335097001764
"BAM4496","356457",0.23686974789916
"BAM4510","356457",0.407413976587442
"BAM4521","356457",0.410765379113019
"BAM4534","356457",0.331917905166313
"BAM4797","356457",0.340797760671798
"BAM491","356457",0.276343705799151
"BAM4928","356457",0.387331440738112
"BAM5110","356457",0.322854115153656
"BAM56","356457",0.405577126720791
"BAM5779","356457",0.387068044175276
"BAM5850","356457",0.341346153846154
"BAM6921","356457",0.220733427362482
"BAM712","356457",0.427039381153305
"BAM742","356457",0.429153382925965
"BAM7429","356457",0.249647639182523
"BAM7449","356457",0.323162027123483
"BAM747","356457",0.427966101694915
"BAM759","356457",0.254372906587272
"BAM766","356457",0.426612041325258
"BAM807","356457",0.388141592920354
"BAM811","356457",0.243670886075949
"BAM812","356457",0.338761061946903
"BAM819","356457",0.306154934559604
"BAM8296","356457",0.214461214461214
"BAM8305","356457",0.184070796460177
"BAM8315","356457",0.420716566158212
"BAM8364","356457",0.298620933521924
"BAMAWPYAN","356457",0.408621303883149
"BENAMURI","356457",0.333803313359182
"BLACKGORA","356457",0.312521922132585
"CGR1656","356457",0.235709244883557
"CGR1679","356457",0.335739436619718
"CGR2012","356457",0.334332040888262
"CO18","356457",0.290379213483146
"CRDHAN-204","356457",0.332453361492432
"CR143-2-2","356457",0.244452271926735
"CR262-4","356457",0.244987689060851
"CROSSA","356457",0.334678834678835
"DULAR","356457",0.336053938963804
"EYPO","356457",0.240767300107565
"EYPO-2","356457",0.276565798733286
"FULKATI","356457",0.331734186211798
"Ghanteswari","356457",0.164850615114235
"GHATIKAMMANANGARHAR","356457",0.308864751226349
"GotrabiDhan","356457",0.19041769041769
"GP-145-37","356457",0.335907335907336
"GP-145-51","356457",0.2381036305957
"HARBHOONDI","356457",0.336975678533662
"HongZuiEr","356457",0.232566371681416
"IndrabaruniDhan","356457",0.20925341745531
"IR74371-54-1-1","356457",0.236934408979306
"IR77298-14-1-2-10","356457",0.220311946118398
"IR77298-5-6-18","356457",0.210137275607181
"IR83383-B-B-129-4","356457",0.210257314064152
"IR83388-B-B108-3","356457",0.215116279069767
"IR87707-445-B-B","356457",0.209926341634514
"IR87707-446-B-B","356457",0.208777540867093
"IRROEPYO","356457",0.379304095686843
"KALINGA-1","356457",0.174157303370786
"KANGRO","356457",0.303009097270819
"KHAODAWTAI","356457",0.299787760877255
"MANDRIRAVINA","356457",0.290701754385965
"MAUDAMANI","356457",0.328207847295864
"MOROBEREKAN","356457",0.348615605897159
"MTU1010","356457",0.201695513952667
"MTU9","356457",0.307638155579022
"NERICA-L-26","356457",0.246369110874956
"NERICA-L-42","356457",0.250351370344343
"NERICA-L-44","356457",0.206842105263158
"PARIJAT","356457",0.214813511611541
"Patchaiperumal","356457",0.235356015433181
"PEH-KUH-TSAO-TU","356457",0.301297790249035
"PMK-2","356457",0.17741935483871
"PRASAD-1","356457",0.2961592670895
"PUSASUGANDH5","356457",0.200491573033708
"PUSA1121","356457",0.284587813620072
"Pusa1121-SN12","356457",0.272498200143989
"PUSA44","356457",0.188624910007199
"PUSABASMATI6","356457",0.347424511545293
"PUSASUGANDH2","356457",0.309406809406809
"RASI","356457",0.216152450090744
"RKVY-104","356457",0.324707550514002
"RKVY-143","356457",0.237802737802738
"RKVY-28","356457",0.31272210376688
"R-RF-44","356457",0.233509700176367
"RRF-78","356457",0.223085068831627
"Sadabahar","356457",0.339569361101306
"SAFRI-17","356457",0.308359900814736
"SAHBHAGIDHAN","356457",0.213054187192118
"SATABHAMA","356457",0.32277367124252
"SERATOES","356457",0.332795698924731
"SERETY","356457",0.306434599156118
"SHAKU","356457",0.358647450110865
"SR1-3-1","356457",0.312101910828026
"SUWEON","356457",0.329088224437062
"SWARNA","356457",0.239454094292804
"VANAPRAVA","356457",0.320983256145351
"VANDANA","356457",0.286576704545455
"Wayrarem","356457",0.249293785310734
"281785","376579",0.239238705087158
"282803","376579",0.35245322979174
"299554","376579",0.363998551249547
"356457","376579",0.341587636108184
"376579","376579",0
"376851","376579",0.167615658362989
"377448","376579",0.286247334754797
"377705","376579",0.347079646017699
"384190","376579",0.289483002832861
"426049","376579",0.340549102428722
"438644","376579",0.34795008912656
"ADAYSEL","376579",0.365831842576029
"AbhayaXDagadesi","376579",0.362026213248317
"ABHISEK","376579",0.242440412664532
"ABOR-A-1","376579",0.344227353463588
"ANJALI","376579",0.244703389830508
"Annada","376579",0.344895055140519
"Apo","376579",0.357674583481035
"ARC10319","376579",0.33398646241539
"ARC12071","376579",0.220971147079521
"ARNAPURNA","376579",0.207892882311487
"ASD16","376579",0.227933356965615
"AUS257","376579",0.239679715302491
"BAKAL","376579",0.38719512195122
"BAM1057","376579",0.391133357168395
"BAM1098","376579",0.38528990694345
"BAM1659","376579",0.213287965616046
"BAM1689","376579",0.37007874015748
"BAM1708","376579",0.384491404011461
"BAM1812","376579",0.249201277955272
"BAM2096","376579",0.198552770914225
"BAM2166","376579",0.2819359481828
"BAM247","376579",0.342720510095643
"BAM2574","376579",0.158881811748054
"BAM2680","376579",0.240983026874116
"BAM3154","376579",0.310394265232975
"BAM3181","376579",0.20610145441646
"BAM326","376579",0.129872430900071
"BAM328","376579",0.301132342533616
"BAM350","376579",0.322756289898611
"BAM3690","376579",0.347048300536673
"BAM4009","376579",0.402574186628531
"BAM4054","376579",0.235842419978896
"BAM4138","376579",0.306220951018949
"BAM4168","376579",0.278356066044508
"BAM4234","376579",0.256728045325779
"BAM4254","376579",0.257102272727273
"BAM4477","376579",0.340078097266596
"BAM4496","376579",0.329805996472663
"BAM4510","376579",0.292808828764685
"BAM4521","376579",0.293673616103523
"BAM4534","376579",0.390747330960854
"BAM4797","376579",0.173760112557158
"BAM491","376579",0.320818505338078
"BAM4928","376579",0.271204561653599
"BAM5110","376579",0.240589488636364
"BAM56","376579",0.286498936924167
"BAM5779","376579",0.295739348370927
"BAM5850","376579",0.395878136200717
"BAM6921","376579",0.355646306818182
"BAM712","376579",0.343286219081272
"BAM742","376579",0.343360626557494
"BAM7429","376579",0.232801418439716
"BAM7449","376579",0.390165111270639
"BAM747","376579",0.341376863023421
"BAM759","376579",0.369337326843879
"BAM766","376579",0.342765042979943
"BAM807","376579",0.294985775248933
"BAM811","376579",0.330559490084986
"BAM812","376579",0.219992897727273
"BAM819","376579",0.225462304409673
"BAM8296","376579",0.35
"BAM8305","376579",0.372279700321085
"BAM8315","376579",0.321517634485216
"BAM8364","376579",0.244574884382782
"BAMAWPYAN","376579",0.295698924731183
"BENAMURI","376579",0.196106194690265
"BLACKGORA","376579",0.234611326064017
"CGR1656","376579",0.303970223325062
"CGR1679","376579",0.153248587570621
"CGR2012","376579",0.141389085754784
"CO18","376579",0.221594918842625
"CRDHAN-204","376579",0.249557208643287
"CR143-2-2","376579",0.363555713271824
"CR262-4","376579",0.35833038556774
"CROSSA","376579",0.155555555555556
"DULAR","376579",0.394464285714286
"EYPO","376579",0.314393939393939
"EYPO-2","376579",0.239738145789101
"FULKATI","376579",0.391949910554562
"Ghanteswari","376579",0.342998585572843
"GHATIKAMMANANGARHAR","376579",0.241986615005284
"GotrabiDhan","376579",0.343882602545969
"GP-145-37","376579",0.147899752912107
"GP-145-51","376579",0.263662171753016
"HARBHOONDI","376579",0.257795889440113
"HongZuiEr","376579",0.33464005702067
"IndrabaruniDhan","376579",0.333333333333333
"IR74371-54-1-1","376579",0.346643109540636
"IR77298-14-1-2-10","376579",0.350695683196575
"IR77298-5-6-18","376579",0.369026548672566
"IR83383-B-B-129-4","376579",0.371362668559262
"IR83388-B-B108-3","376579",0.347340425531915
"IR87707-445-B-B","376579",0.370808330391811
"IR87707-446-B-B","376579",0.366356144750985
"IRROEPYO","376579",0.276402039329934
"KALINGA-1","376579",0.339759462327556
"KANGRO","376579",0.219387755102041
"KHAODAWTAI","376579",0.21875
"MANDRIRAVINA","376579",0.223846424797464
"MAUDAMANI","376579",0.224627395315827
"MOROBEREKAN","376579",0.438856729377713
"MTU1010","376579",0.363006396588486
"MTU9","376579",0.221456344998233
"NERICA-L-26","376579",0.352762923351159
"NERICA-L-42","376579",0.35833038556774
"NERICA-L-44","376579",0.349699752737549
"PARIJAT","376579",0.347941802696948
"Patchaiperumal","376579",0.307665135994348
"PEH-KUH-TSAO-TU","376579",0.219873150105708
"PMK-2","376579",0.342736248236953
"PRASAD-1","376579",0.252035398230088
"PUSASUGANDH5","376579",0.35547703180212
"PUSA1121","376579",0.379099099099099
"Pusa1121-SN12","376579",0.389713871785585
"PUSA44","376579",0.351556842867487
"PUSABASMATI6","376579",0.281428571428571
"PUSASUGANDH2","376579",0.228329809725159
"RASI","376579",0.347222222222222
"RKVY-104","376579",0.401034236804565
"RKVY-143","376579",0.236238532110092
"RKVY-28","376579",0.390557939914163
"R-RF-44","376579",0.362442314518992
"RRF-78","376579",0.380817051509769
"Sadabahar","376579",0.178622159090909
"SAFRI-17","376579",0.236027055891776
"SAHBHAGIDHAN","376579",0.34320681092586
"SATABHAMA","376579",0.245843650512911
"SERATOES","376579",0.393333333333333
"SERETY","376579",0.217414341222183
"SHAKU","376579",0.25899814471243
"SR1-3-1","376579",0.245997865528282
"SUWEON","376579",0.253515914137676
"SWARNA","376579",0.340949660835416
"VANAPRAVA","376579",0.392434564359986
"VANDANA","376579",0.381922115041086
"Wayrarem","376579",0.361051883439943
"281785","376851",0.242386241490505
"282803","376851",0.351924447612259
"299554","376851",0.359780621572212
"356457","376851",0.343373493975904
"376579","376851",0.167615658362989
"376851","376851",0
"377448","376851",0.280028684116171
"377705","376851",0.346949696753478
"384190","376851",0.29842744817727
"426049","376851",0.341983647351582
"438644","376851",0.349766102914718
"ADAYSEL","376851",0.365474900686168
"AbhayaXDagadesi","376851",0.36038612799428
"ABHISEK","376851",0.250447868147617
"ABOR-A-1","376851",0.337159253945481
"ANJALI","376851",0.233440170940171
"Annada","376851",0.348528356066044
"Apo","376851",0.36168691922802
"ARC10319","376851",0.330697340043134
"ARC12071","376851",0.216034054629301
"ARNAPURNA","376851",0.188940092165899
"ASD16","376851",0.21579135405502
"AUS257","376851",0.245431744894303
"BAKAL","376851",0.38786231884058
"BAM1057","376851",0.389490790899242
"BAM1098","376851",0.396420824295011
"BAM1659","376851",0.215802735781138
"BAM1689","376851",0.375994215473608
"BAM1708","376851",0.394945848375451
"BAM1812","376851",0.283691756272401
"BAM2096","376851",0.171824973319104
"BAM2166","376851",0.291274438812455
"BAM247","376851",0.335596854896354
"BAM2574","376851",0.179016743854649
"BAM2680","376851",0.233071988595866
"BAM3154","376851",0.304953000723066
"BAM3181","376851",0.189353340478742
"BAM326","376851",0.137629418064977
"BAM328","376851",0.291830181947913
"BAM350","376851",0.326712069617858
"BAM3690","376851",0.347927927927928
"BAM4009","376851",0.401299169974738
"BAM4054","376851",0.22444996451384
"BAM4138","376851",0.309841384282624
"BAM4168","376851",0.288224637681159
"BAM4234","376851",0.253480899678686
"BAM4254","376851",0.25304441260745
"BAM4477","376851",0.345272206303725
"BAM4496","376851",0.315433854907539
"BAM4510","376851",0.292849443047072
"BAM4521","376851",0.295660036166365
"BAM4534","376851",0.395010768126346
"BAM4797","376851",0.193645722399716
"BAM491","376851",0.340501792114695
"BAM4928","376851",0.273445921667266
"BAM5110","376851",0.230439442658092
"BAM56","376851",0.286454610436026
"BAM5779","376851",0.295602018745494
"BAM5850","376851",0.403039073806078
"BAM6921","376851",0.355992844364937
"BAM712","376851",0.344206773618538
"BAM742","376851",0.346858168761221
"BAM7429","376851",0.264579606440072
"BAM7449","376851",0.401301518438178
"BAM747","376851",0.344018624641834
"BAM759","376851",0.37448093620234
"BAM766","376851",0.34393063583815
"BAM807","376851",0.295845272206304
"BAM811","376851",0.340057122456266
"BAM812","376851",0.22921146953405
"BAM819","376851",0.242918608820366
"BAM8296","376851",0.350017812611329
"BAM8305","376851",0.361889367816092
"BAM8315","376851",0.320158102766798
"BAM8364","376851",0.240494978479197
"BAMAWPYAN","376851",0.290794223826715
"BENAMURI","376851",0.187455325232309
"BLACKGORA","376851",0.222004976892997
"CGR1656","376851",0.298675733715104
"CGR1679","376851",0.154435340220876
"CGR2012","376851",0.147142857142857
"CO18","376851",0.210601209533974
"CRDHAN-204","376851",0.244642857142857
"CR143-2-2","376851",0.356068743286788
"CR262-4","376851",0.350642398286938
"CROSSA","376851",0.151671408250356
"DULAR","376851",0.401296829971182
"EYPO","376851",0.319555717407138
"EYPO-2","376851",0.228653090389425
"FULKATI","376851",0.389891696750903
"Ghanteswari","376851",0.333689839572193
"GHATIKAMMANANGARHAR","376851",0.236412078152753
"GotrabiDhan","376851",0.33921568627451
"GP-145-37","376851",0.148207312744054
"GP-145-51","376851",0.265569076592699
"HARBHOONDI","376851",0.243937232524964
"HongZuiEr","376851",0.342379583033789
"IndrabaruniDhan","376851",0.325614535090844
"IR74371-54-1-1","376851",0.356125356125356
"IR77298-14-1-2-10","376851",0.34705248023005
"IR77298-5-6-18","376851",0.373168988924616
"IR83383-B-B-129-4","376851",0.3659627773801
"IR83388-B-B108-3","376851",0.355738291026099
"IR87707-445-B-B","376851",0.369395017793594
"IR87707-446-B-B","376851",0.356652205350687
"IRROEPYO","376851",0.279956027849029
"KALINGA-1","376851",0.330003567606136
"KANGRO","376851",0.215248226950355
"KHAODAWTAI","376851",0.230190032269631
"MANDRIRAVINA","376851",0.211190053285968
"MAUDAMANI","376851",0.236474381941956
"MOROBEREKAN","376851",0.447772096420745
"MTU1010","376851",0.355300859598854
"MTU9","376851",0.21859386152748
"NERICA-L-26","376851",0.350826743350108
"NERICA-L-42","376851",0.355385164051355
"NERICA-L-44","376851",0.340099715099715
"PARIJAT","376851",0.353435934144596
"Patchaiperumal","376851",0.296045600285002
"PEH-KUH-TSAO-TU","376851",0.21563055062167
"PMK-2","376851",0.333511205976521
"PRASAD-1","376851",0.240621650589496
"PUSASUGANDH5","376851",0.353171774768353
"PUSA1121","376851",0.391170058139535
"Pusa1121-SN12","376851",0.395063985374771
"PUSA44","376851",0.352468007312614
"PUSABASMATI6","376851",0.281801801801802
"PUSASUGANDH2","376851",0.220996441281139
"RASI","376851",0.352431834929993
"RKVY-104","376851",0.402697841726619
"RKVY-143","376851",0.247505345687812
"RKVY-28","376851",0.392573900504686
"R-RF-44","376851",0.355941302791696
"RRF-78","376851",0.369090257879656
"Sadabahar","376851",0.15365329512894
"SAFRI-17","376851",0.235294117647059
"SAHBHAGIDHAN","376851",0.348246241947029
"SATABHAMA","376851",0.246699964323939
"SERATOES","376851",0.396507821025828
"SERETY","376851",0.209683161267355
"SHAKU","376851",0.263167725065372
"SR1-3-1","376851",0.240946575833632
"SUWEON","376851",0.249439461883408
"SWARNA","376851",0.330392509902773
"VANAPRAVA","376851",0.390173410404624
"VANDANA","376851",0.386388188692834
"Wayrarem","376851",0.365232974910394
"281785","377448",0.346704871060172
"282803","377448",0.25133214920071
"299554","377448",0.256008739985433
"356457","377448",0.235159010600707
"376579","377448",0.286247334754797
"376851","377448",0.280028684116171
"377448","377448",0
"377705","377448",0.247332859174964
"384190","377448",0.397252943275062
"426049","377448",0.236711552090716
"438644","377448",0.248027259684362
"ADAYSEL","377448",0.278137360661633
"AbhayaXDagadesi","377448",0.25944404846757
"ABHISEK","377448",0.365315638450502
"ABOR-A-1","377448",0.260621206711889
"ANJALI","377448",0.350817923186344
"Annada","377448",0.44663323782235
"Apo","377448",0.260249554367201
"ARC10319","377448",0.226833631484794
"ARC12071","377448",0.321213196168854
"ARNAPURNA","377448",0.308510638297872
"ASD16","377448",0.326723829939264
"AUS257","377448",0.348512011473647
"BAKAL","377448",0.293820021684134
"BAM1057","377448",0.304895608351332
"BAM1098","377448",0.312207418077062
"BAM1659","377448",0.310313739632167
"BAM1689","377448",0.289653929343908
"BAM1708","377448",0.302555795536357
"BAM1812","377448",0.169228020014296
"BAM2096","377448",0.305752840909091
"BAM2166","377448",0.394010889292196
"BAM247","377448",0.233689839572192
"BAM2574","377448",0.268723252496434
"BAM2680","377448",0.348414677591735
"BAM3154","377448",0.201476413395751
"BAM3181","377448",0.319864720541118
"BAM326","377448",0.272840827980014
"BAM328","377448",0.199324324324324
"BAM350","377448",0.225301659125189
"BAM3690","377448",0.241732566498922
"BAM4009","377448",0.3207343412527
"BAM4054","377448",0.327543424317618
"BAM4138","377448",0.418680129823296
"BAM4168","377448",0.392805495300072
"BAM4234","377448",0.346949696753478
"BAM4254","377448",0.349016100178891
"BAM4477","377448",0.240178571428571
"BAM4496","377448",0.207196029776675
"BAM4510","377448",0.396873877111031
"BAM4521","377448",0.406804198335143
"BAM4534","377448",0.306964285714286
"BAM4797","377448",0.297345132743363
"BAM491","377448",0.237737200143215
"BAM4928","377448",0.383219547251168
"BAM5110","377448",0.339413447782546
"BAM56","377448",0.391350964974982
"BAM5779","377448",0.404040404040404
"BAM5850","377448",0.308468468468468
"BAM6921","377448",0.251783166904422
"BAM712","377448",0.444642221431114
"BAM742","377448",0.44546106925009
"BAM7429","377448",0.15912330719886
"BAM7449","377448",0.314935064935065
"BAM747","377448",0.445060844667144
"BAM759","377448",0.280120481927711
"BAM766","377448",0.445326596896427
"BAM807","377448",0.401610017889088
"BAM811","377448",0.251334994660021
"BAM812","377448",0.350858369098712
"BAM819","377448",0.333810888252149
"BAM8296","377448",0.251865008880995
"BAM8305","377448",0.250089573629523
"BAM8315","377448",0.422565576715774
"BAM8364","377448",0.361290322580645
"BAMAWPYAN","377448",0.39906103286385
"BENAMURI","377448",0.309217577706324
"BLACKGORA","377448",0.33214920071048
"CGR1656","377448",0.207947255880257
"CGR1679","377448",0.27583749109052
"CGR2012","377448",0.272565108811987
"CO18","377448",0.317276928546036
"CRDHAN-204","377448",0.347400284900285
"CR143-2-2","377448",0.257051053195287
"CR262-4","377448",0.256766381766382
"CROSSA","377448",0.272840383931745
"DULAR","377448",0.312140804597701
"EYPO","377448",0.225326560232221
"EYPO-2","377448",0.358645276292335
"FULKATI","377448",0.314321698452681
"Ghanteswari","377448",0.233558478492712
"GHATIKAMMANANGARHAR","377448",0.33386524822695
"GotrabiDhan","377448",0.241820768136558
"GP-145-37","377448",0.264737215909091
"GP-145-51","377448",0.173440285204991
"HARBHOONDI","377448",0.356811697574893
"HongZuiEr","377448",0.244448424068768
"IndrabaruniDhan","377448",0.230305180979418
"IR74371-54-1-1","377448",0.253556187766714
"IR77298-14-1-2-10","377448",0.248204022988506
"IR77298-5-6-18","377448",0.268422926308295
"IR83383-B-B-129-4","377448",0.275204845030281
"IR83388-B-B108-3","377448",0.247060919130745
"IR87707-445-B-B","377448",0.272549715909091
"IR87707-446-B-B","377448",0.245500359971202
"IRROEPYO","377448",0.388013196480938
"KALINGA-1","377448",0.223033107867569
"KANGRO","377448",0.319390287132223
"KHAODAWTAI","377448",0.333393049086349
"MANDRIRAVINA","377448",0.318181818181818
"MAUDAMANI","377448",0.336552217453505
"MOROBEREKAN","377448",0.371449380917699
"MTU1010","377448",0.255460078768349
"MTU9","377448",0.324492702029192
"NERICA-L-26","377448",0.249820531227566
"NERICA-L-42","377448",0.252401280683031
"NERICA-L-44","377448",0.230386936457224
"PARIJAT","377448",0.237611408199644
"Patchaiperumal","377448",0.211237553342816
"PEH-KUH-TSAO-TU","377448",0.321022727272727
"PMK-2","377448",0.259489180560482
"PRASAD-1","377448",0.348625490896109
"PUSASUGANDH5","377448",0.265375044436545
"PUSA1121","377448",0.292722664735699
"Pusa1121-SN12","377448",0.296357012750455
"PUSA44","377448",0.242706053975201
"PUSABASMATI6","377448",0.374460431654676
"PUSASUGANDH2","377448",0.328307910606598
"RASI","377448",0.252386196769457
"RKVY-104","377448",0.319878005023323
"RKVY-143","377448",0.165601703940362
"RKVY-28","377448",0.291082344480403
"R-RF-44","377448",0.248751783166904
"RRF-78","377448",0.262330235882773
"Sadabahar","377448",0.290714285714286
"SAFRI-17","377448",0.337992831541219
"SAHBHAGIDHAN","377448",0.236175526221905
"SATABHAMA","377448",0.352406417112299
"SERATOES","377448",0.314969191736136
"SERETY","377448",0.317146922803273
"SHAKU","377448",0.365607476635514
"SR1-3-1","377448",0.351128627731996
"SUWEON","377448",0.353754202465446
"SWARNA","377448",0.231790455687119
"VANAPRAVA","377448",0.305035971223022
"VANDANA","377448",0.283333333333333
"Wayrarem","377448",0.260178571428571
"281785","377705",0.31510509440684
"282803","377705",0.204481298517996
"299554","377705",0.254440014498007
"356457","377705",0.181467181467181
"376579","377705",0.347079646017699
"376851","377705",0.346949696753478
"377448","377705",0.247332859174964
"377705","377705",0
"384190","377705",0.416784953867992
"426049","377705",0.182346723044397
"438644","377705",0.202207191171235
"ADAYSEL","377705",0.293454935622318
"AbhayaXDagadesi","377705",0.209837225760793
"ABHISEK","377705",0.336486968939664
"ABOR-A-1","377705",0.193496801705757
"ANJALI","377705",0.325779036827195
"Annada","377705",0.440527065527066
"Apo","377705",0.257624113475177
"ARC10319","377705",0.25944404846757
"ARC12071","377705",0.353770260747005
"ARNAPURNA","377705",0.344906591469863
"ASD16","377705",0.300603693181818
"AUS257","377705",0.330835117773019
"BAKAL","377705",0.319129809421072
"BAM1057","377705",0.341445955619184
"BAM1098","377705",0.317628090290219
"BAM1659","377705",0.356297093649085
"BAM1689","377705",0.323466092572659
"BAM1708","377705",0.321748477248298
"BAM1812","377705",0.248311411304657
"BAM2096","377705",0.364439731353835
"BAM2166","377705",0.402958152958153
"BAM247","377705",0.196883852691218
"BAM2574","377705",0.344271018091522
"BAM2680","377705",0.137119603680113
"BAM3154","377705",0.244536008599068
"BAM3181","377705",0.352377572746629
"BAM326","377705",0.340078097266596
"BAM328","377705",0.264050901378579
"BAM350","377705",0.280405405405405
"BAM3690","377705",0.140541503384396
"BAM4009","377705",0.343772369362921
"BAM4054","377705",0.293589292004227
"BAM4138","377705",0.431948424068768
"BAM4168","377705",0.393525179856115
"BAM4234","377705",0.354787234042553
"BAM4254","377705",0.355464578141687
"BAM4477","377705",0.142629340892984
"BAM4496","377705",0.249294781382228
"BAM4510","377705",0.419792783136835
"BAM4521","377705",0.425612391930836
"BAM4534","377705",0.341645885286783
"BAM4797","377705",0.347902714134649
"BAM491","377705",0.290643898968339
"BAM4928","377705",0.4
"BAM5110","377705",0.316921436189122
"BAM56","377705",0.411095305832148
"BAM5779","377705",0.410426370476532
"BAM5850","377705",0.355965603726263
"BAM6921","377705",0.242984014209591
"BAM712","377705",0.438981252210824
"BAM742","377705",0.442047075606277
"BAM7429","377705",0.241935483870968
"BAM7449","377705",0.334770114942529
"BAM747","377705",0.446320654105937
"BAM759","377705",0.263000374111485
"BAM766","377705",0.44113424264178
"BAM807","377705",0.411083392729865
"BAM811","377705",0.241422002122391
"BAM812","377705",0.338680926916221
"BAM819","377705",0.25231646471846
"BAM8296","377705",0.21567243205083
"BAM8305","377705",0.223370146063413
"BAM8315","377705",0.421551107934239
"BAM8364","377705",0.291459074733096
"BAMAWPYAN","377705",0.420466786355476
"BENAMURI","377705",0.333510827121051
"BLACKGORA","377705",0.325918079096045
"CGR1656","377705",0.232389380530973
"CGR1679","377705",0.333156028368794
"CGR2012","377705",0.348490230905862
"CO18","377705",0.352067868504772
"CRDHAN-204","377705",0.344845908607864
"CR143-2-2","377705",0.251596877217885
"CR262-4","377705",0.252124645892351
"CROSSA","377705",0.342170378225521
"DULAR","377705",0.350303679885673
"EYPO","377705",0.240687160940325
"EYPO-2","377705",0.294858156028369
"FULKATI","377705",0.335831548893647
"Ghanteswari","377705",0.176917638741605
"GHATIKAMMANANGARHAR","377705",0.310691601976006
"GotrabiDhan","377705",0.18904593639576
"GP-145-37","377705",0.336395759717315
"GP-145-51","377705",0.235023041474654
"HARBHOONDI","377705",0.346822861199858
"HongZuiEr","377705",0.159074733096085
"IndrabaruniDhan","377705",0.229262266148959
"IR74371-54-1-1","377705",0.257773851590106
"IR77298-14-1-2-10","377705",0.246255349500713
"IR77298-5-6-18","377705",0.241153573956122
"IR83383-B-B-129-4","377705",0.245564229950319
"IR83388-B-B108-3","377705",0.24078667611623
"IR87707-445-B-B","377705",0.234733498058595
"IR87707-446-B-B","377705",0.232078853046595
"IRROEPYO","377705",0.404814004376368
"KALINGA-1","377705",0.182685512367491
"KANGRO","377705",0.352661261896369
"KHAODAWTAI","377705",0.284774101743152
"MANDRIRAVINA","377705",0.351590106007067
"MAUDAMANI","377705",0.3312566749733
"MOROBEREKAN","377705",0.358357452966715
"MTU1010","377705",0.235325506937033
"MTU9","377705",0.357320099255583
"NERICA-L-26","377705",0.257932263814617
"NERICA-L-42","377705",0.26238499646143
"NERICA-L-44","377705",0.230511463844797
"PARIJAT","377705",0.192484934420418
"Patchaiperumal","377705",0.247177134791814
"PEH-KUH-TSAO-TU","377705",0.352826855123675
"PMK-2","377705",0.193053596614951
"PRASAD-1","377705",0.322746628814762
"PUSASUGANDH5","377705",0.224345364472753
"PUSA1121","377705",0.303861421869361
"Pusa1121-SN12","377705",0.294277435711699
"PUSA44","377705",0.201703515766582
"PUSABASMATI6","377705",0.372450805008945
"PUSASUGANDH2","377705",0.334334157541505
"RASI","377705",0.232299270072993
"RKVY-104","377705",0.338209061719586
"RKVY-143","377705",0.247177134791814
"RKVY-28","377705",0.327129563350036
"R-RF-44","377705",0.252218672346468
"RRF-78","377705",0.250976909413854
"Sadabahar","377705",0.346728307254623
"SAFRI-17","377705",0.309914407988588
"SAHBHAGIDHAN","377705",0.192307692307692
"SATABHAMA","377705",0.346331088266572
"SERATOES","377705",0.34018759018759
"SERETY","377705",0.348796033994334
"SHAKU","377705",0.366121234659725
"SR1-3-1","377705",0.332145402708482
"SUWEON","377705",0.347438752783964
"SWARNA","377705",0.248750892219843
"VANAPRAVA","377705",0.341275528484414
"VANDANA","377705",0.302640970735189
"Wayrarem","377705",0.258792184724689
"281785","384190",0.303960042811274
"282803","384190",0.404179950407368
"299554","384190",0.413730475844533
"356457","384190",0.411412469179289
"376579","384190",0.289483002832861
"376851","384190",0.29842744817727
"377448","384190",0.397252943275062
"377705","384190",0.416784953867992
"384190","384190",0
"426049","384190",0.411452810180276
"438644","384190",0.402216660707901
"ADAYSEL","384190",0.294665234514859
"AbhayaXDagadesi","384190",0.411931818181818
"ABHISEK","384190",0.302213495180293
"ABOR-A-1","384190",0.405737704918033
"ANJALI","384190",0.312943262411348
"Annada","384190",0.29718660968661
"Apo","384190",0.401668441604544
"ARC10319","384190",0.403461812990721
"ARC12071","384190",0.284604519774011
"ARNAPURNA","384190",0.312897526501767
"ASD16","384190",0.310344827586207
"AUS257","384190",0.30832440157199
"BAKAL","384190",0.2544080604534
"BAM1057","384190",0.27626389386877
"BAM1098","384190",0.266857962697274
"BAM1659","384190",0.29529960531037
"BAM1689","384190",0.274982027318476
"BAM1708","384190",0.259964093357271
"BAM1812","384190",0.389739935874599
"BAM2096","384190",0.288998938804386
"BAM2166","384190",0.165705012621709
"BAM247","384190",0.416991841078397
"BAM2574","384190",0.290528556225612
"BAM2680","384190",0.312943262411348
"BAM3154","384190",0.396625987078248
"BAM3181","384190",0.309769094138543
"BAM326","384190",0.293667733902526
"BAM328","384190",0.399538516151935
"BAM350","384190",0.340549698795181
"BAM3690","384190",0.411859548548907
"BAM4009","384190",0.262724014336918
"BAM4054","384190",0.311992945326279
"BAM4138","384190",0.189334287759485
"BAM4168","384190",0.239302409205322
"BAM4234","384190",0.307815275310835
"BAM4254","384190",0.310049893086244
"BAM4477","384190",0.408831908831909
"BAM4496","384190",0.4022622834924
"BAM4510","384190",0.186229040313949
"BAM4521","384190",0.115592365862441
"BAM4534","384190",0.279065620542083
"BAM4797","384190",0.275935074100212
"BAM491","384190",0.336960399571887
"BAM4928","384190",0.165003563791875
"BAM5110","384190",0.321301564722617
"BAM56","384190",0.161749022396019
"BAM5779","384190",0.263006817366344
"BAM5850","384190",0.289709573323772
"BAM6921","384190",0.412989323843416
"BAM712","384190",0.294263456090652
"BAM742","384190",0.301034975017844
"BAM7429","384190",0.391002844950213
"BAM7449","384190",0.277697841726619
"BAM747","384190",0.294410822356711
"BAM759","384190",0.323287158367653
"BAM766","384190",0.29737504494786
"BAM807","384190",0.262923351158645
"BAM811","384190",0.398687012065295
"BAM812","384190",0.296897289586305
"BAM819","384190",0.314662861220121
"BAM8296","384190",0.408318584070796
"BAM8305","384190",0.414403145103646
"BAM8315","384190",0.251072194424589
"BAM8364","384190",0.283321454027085
"BAMAWPYAN","384190",0.133106413471874
"BENAMURI","384190",0.304973357015986
"BLACKGORA","384190",0.313760169791298
"CGR1656","384190",0.406227758007117
"CGR1679","384190",0.291563275434243
"CGR2012","384190",0.300924280127977
"CO18","384190",0.28525980911983
"CRDHAN-204","384190",0.314827953174885
"CR143-2-2","384190",0.401671408250356
"CR262-4","384190",0.396735273243435
"CROSSA","384190",0.298053097345133
"DULAR","384190",0.256708407871199
"EYPO","384190",0.362418537291817
"EYPO-2","384190",0.306382978723404
"FULKATI","384190",0.288199426111908
"Ghanteswari","384190",0.40709219858156
"GHATIKAMMANANGARHAR","384190",0.300919377652051
"GotrabiDhan","384190",0.417551309271055
"GP-145-37","384190",0.294908062234795
"GP-145-51","384190",0.394699395233013
"HARBHOONDI","384190",0.312876906704505
"HongZuiEr","384190",0.412468738835298
"IndrabaruniDhan","384190",0.41646017699115
"IR74371-54-1-1","384190",0.394121813031161
"IR77298-14-1-2-10","384190",0.419792783136835
"IR77298-5-6-18","384190",0.410365637202698
"IR83383-B-B-129-4","384190",0.404085257548846
"IR83388-B-B108-3","384190",0.414889836531628
"IR87707-445-B-B","384190",0.403893805309735
"IR87707-446-B-B","384190",0.414691091954023
"IRROEPYO","384190",0.206783369803063
"KALINGA-1","384190",0.423855165069223
"KANGRO","384190",0.286570320761368
"KHAODAWTAI","384190",0.314504632929437
"MANDRIRAVINA","384190",0.286042402826855
"MAUDAMANI","384190",0.315461346633416
"MOROBEREKAN","384190",0.387155297532656
"MTU1010","384190",0.412655971479501
"MTU9","384190",0.28756201275691
"NERICA-L-26","384190",0.41434191702432
"NERICA-L-42","384190",0.413713678242381
"NERICA-L-44","384190",0.412681544456252
"PARIJAT","384190",0.40128068303095
"Patchaiperumal","384190",0.384656272147413
"PEH-KUH-TSAO-TU","384190",0.28863796753705
"PMK-2","384190",0.403784931022285
"PRASAD-1","384190",0.304154829545455
"PUSASUGANDH5","384190",0.389262934089298
"PUSA1121","384190",0.355439103722443
"Pusa1121-SN12","384190",0.362595419847328
"PUSA44","384190",0.41557734204793
"PUSABASMATI6","384190",0.298138869005011
"PUSASUGANDH2","384190",0.321896002829855
"RASI","384190",0.410805860805861
"RKVY-104","384190",0.266368515205724
"RKVY-143","384190",0.395147006730429
"RKVY-28","384190",0.28740581270183
"R-RF-44","384190",0.413909640697261
"RRF-78","384190",0.353506585973656
"Sadabahar","384190",0.289782840868636
"SAFRI-17","384190",0.310289389067524
"SAHBHAGIDHAN","384190",0.396478121664888
"SATABHAMA","384190",0.302804401845935
"SERATOES","384190",0.291050162396247
"SERETY","384190",0.286827195467422
"SHAKU","384190",0.297061011904762
"SR1-3-1","384190",0.315423063191717
"SUWEON","384190",0.262569832402235
"SWARNA","384190",0.422154617036507
"VANAPRAVA","384190",0.275502873563218
"VANDANA","384190",0.348495702005731
"Wayrarem","384190",0.405482378070488
"281785","426049",0.302234835047889
"282803","426049",0.188423645320197
"299554","426049",0.24115523465704
"356457","426049",0.00349040139616053
"376579","426049",0.340549102428722
"376851","426049",0.341983647351582
"377448","426049",0.236711552090716
"377705","426049",0.182346723044397
"384190","426049",0.411452810180276
"426049","426049",0
"438644","426049",0.191761363636364
"ADAYSEL","426049",0.285739750445633
"AbhayaXDagadesi","426049",0.224028268551237
"ABHISEK","426049",0.32201280227596
"ABOR-A-1","426049",0.173928444916755
"ANJALI","426049",0.303244005641749
"Annada","426049",0.426747073430294
"Apo","426049",0.249823446327684
"ARC10319","426049",0.223544034090909
"ARC12071","426049",0.302178496134926
"ARNAPURNA","426049",0.330874604847208
"ASD16","426049",0.288189533239038
"AUS257","426049",0.330728241563055
"BAKAL","426049",0.316589202717197
"BAM1057","426049",0.323225115947199
"BAM1098","426049",0.332024277043913
"BAM1659","426049",0.335
"BAM1689","426049",0.310468024294391
"BAM1708","426049",0.319285714285714
"BAM1812","426049",0.250442791356713
"BAM2096","426049",0.350299401197605
"BAM2166","426049",0.400718132854578
"BAM247","426049",0.179668196258383
"BAM2574","426049",0.326861983762796
"BAM2680","426049",0.286067019400353
"BAM3154","426049",0.230425455845549
"BAM3181","426049",0.347241867043847
"BAM326","426049",0.329263977353149
"BAM328","426049",0.25379188712522
"BAM350","426049",0.270583832335329
"BAM3690","426049",0.234864672364672
"BAM4009","426049",0.337669280114041
"BAM4054","426049",0.24008424008424
"BAM4138","426049",0.418214285714286
"BAM4168","426049",0.388829215896885
"BAM4234","426049",0.327744440522414
"BAM4254","426049",0.32949716713881
"BAM4477","426049",0.231163777856385
"BAM4496","426049",0.237100737100737
"BAM4510","426049",0.40647226173542
"BAM4521","426049",0.410003585514521
"BAM4534","426049",0.331205673758865
"BAM4797","426049",0.340462833099579
"BAM491","426049",0.276871230932955
"BAM4928","426049",0.386039886039886
"BAM5110","426049",0.320935175345377
"BAM56","426049",0.404669260700389
"BAM5779","426049",0.384944702104888
"BAM5850","426049",0.341973543081873
"BAM6921","426049",0.221004243281471
"BAM712","426049",0.425925925925926
"BAM742","426049",0.427683013503909
"BAM7429","426049",0.250353107344633
"BAM7449","426049",0.323855507868383
"BAM747","426049",0.42695436858861
"BAM759","426049",0.25531914893617
"BAM766","426049",0.425965665236052
"BAM807","426049",0.385694000709975
"BAM811","426049",0.244440522414402
"BAM812","426049",0.337238196663117
"BAM819","426049",0.304540617240156
"BAM8296","426049",0.214361140443506
"BAM8305","426049",0.184453930985414
"BAM8315","426049",0.418356456776948
"BAM8364","426049",0.29666430092264
"BAMAWPYAN","426049",0.407904148783977
"BENAMURI","426049",0.331152758132956
"BLACKGORA","426049",0.311841180604357
"CGR1656","426049",0.236386138613861
"CGR1679","426049",0.335217237725185
"CGR2012","426049",0.332802547770701
"CO18","426049",0.288657978161324
"CRDHAN-204","426049",0.330801836806782
"CR143-2-2","426049",0.24416135881104
"CR262-4","426049",0.244800845964046
"CROSSA","426049",0.33409651285664
"DULAR","426049",0.335943060498221
"EYPO","426049",0.241100323624595
"EYPO-2","426049",0.274267560889516
"FULKATI","426049",0.332679971489665
"Ghanteswari","426049",0.164376321353066
"GHATIKAMMANANGARHAR","426049",0.306258790436006
"GotrabiDhan","426049",0.190736174709405
"GP-145-37","426049",0.334272631208172
"GP-145-51","426049",0.240374425997881
"HARBHOONDI","426049",0.335926449787836
"HongZuiEr","426049",0.233214920071048
"IndrabaruniDhan","426049",0.209961281239
"IR74371-54-1-1","426049",0.235935302390999
"IR77298-14-1-2-10","426049",0.219872022751511
"IR77298-5-6-18","426049",0.210331452750353
"IR83383-B-B-129-4","426049",0.209409267775027
"IR83388-B-B108-3","426049",0.215218926553672
"IR87707-445-B-B","426049",0.209813577207176
"IR87707-446-B-B","426049",0.209360485887817
"IRROEPYO","426049",0.379134860050891
"KALINGA-1","426049",0.174426807760141
"KANGRO","426049",0.301088483146067
"KHAODAWTAI","426049",0.298083747338538
"MANDRIRAVINA","426049",0.289307069996483
"MAUDAMANI","426049",0.326780021253985
"MOROBEREKAN","426049",0.348233597692862
"MTU1010","426049",0.202157764414574
"MTU9","426049",0.305506530180021
"NERICA-L-26","426049",0.246711695698542
"NERICA-L-42","426049",0.250264177527298
"NERICA-L-44","426049",0.206338028169014
"PARIJAT","426049",0.214791224345364
"Patchaiperumal","426049",0.235583684950774
"PEH-KUH-TSAO-TU","426049",0.299612948627727
"PMK-2","426049",0.17598452883263
"PRASAD-1","426049",0.29434628975265
"PUSASUGANDH5","426049",0.202255109231853
"PUSA1121","426049",0.285662953647143
"Pusa1121-SN12","426049",0.27408877661494
"PUSA44","426049",0.188808664259928
"PUSABASMATI6","426049",0.345729537366548
"PUSASUGANDH2","426049",0.307949349278931
"RASI","426049",0.215768390386016
"RKVY-104","426049",0.324866785079929
"RKVY-143","426049",0.238388458831809
"RKVY-28","426049",0.314306100606493
"R-RF-44","426049",0.233557284299859
"RRF-78","426049",0.224052426496635
"Sadabahar","426049",0.338053097345133
"SAFRI-17","426049",0.307186054784774
"SAHBHAGIDHAN","426049",0.212014134275618
"SATABHAMA","426049",0.321390751853159
"SERATOES","426049",0.333393242271747
"SERETY","426049",0.304301833568406
"SHAKU","426049",0.35880829015544
"SR1-3-1","426049",0.310436634717785
"SUWEON","426049",0.327350111028867
"SWARNA","426049",0.238264580369844
"VANAPRAVA","426049",0.320521987844119
"VANDANA","426049",0.285866856532574
"Wayrarem","426049",0.250442477876106
"281785","438644",0.177905308464849
"282803","438644",0.0208110992529349
"299554","438644",0.229798903107861
"356457","438644",0.191598723856788
"376579","438644",0.34795008912656
"376851","438644",0.349766102914718
"377448","438644",0.248027259684362
"377705","438644",0.202207191171235
"384190","438644",0.402216660707901
"426049","438644",0.191761363636364
"438644","438644",0
"ADAYSEL","438644",0.285843264716504
"AbhayaXDagadesi","438644",0.185714285714286
"ABHISEK","438644",0.321236076176788
"ABOR-A-1","438644",0.20766201217329
"ANJALI","438644",0.292409123307199
"Annada","438644",0.430830039525692
"Apo","438644",0.247407937075438
"ARC10319","438644",0.247124370956147
"ARC12071","438644",0.322202486678508
"ARNAPURNA","438644",0.341862117981521
"ASD16","438644",0.304651162790698
"AUS257","438644",0.328838547285149
"BAKAL","438644",0.317902350813743
"BAM1057","438644",0.32701336222463
"BAM1098","438644",0.326110509209101
"BAM1659","438644",0.330505415162455
"BAM1689","438644",0.315846599131693
"BAM1708","438644",0.318378378378378
"BAM1812","438644",0.247313753581662
"BAM2096","438644",0.3459209120057
"BAM2166","438644",0.397818181818182
"BAM247","438644",0.204529243937232
"BAM2574","438644",0.343995711222302
"BAM2680","438644",0.299357372367012
"BAM3154","438644",0.23139450867052
"BAM3181","438644",0.35816362986781
"BAM326","438644",0.323076923076923
"BAM328","438644",0.257857142857143
"BAM350","438644",0.280695126558368
"BAM3690","438644",0.221462009362622
"BAM4009","438644",0.335616438356164
"BAM4054","438644",0.277955271565495
"BAM4138","438644",0.421271217045865
"BAM4168","438644",0.387962291515591
"BAM4234","438644",0.303143979992855
"BAM4254","438644",0.304698708751793
"BAM4477","438644",0.216970998925886
"BAM4496","438644",0.250533807829181
"BAM4510","438644",0.419093851132686
"BAM4521","438644",0.410377358490566
"BAM4534","438644",0.332794540229885
"BAM4797","438644",0.355595026642984
"BAM491","438644",0.278156384505022
"BAM4928","438644",0.401833872707659
"BAM5110","438644",0.300214822771214
"BAM56","438644",0.40290218559656
"BAM5779","438644",0.405605786618445
"BAM5850","438644",0.347849656667871
"BAM6921","438644",0.223156764495347
"BAM712","438644",0.428291116660721
"BAM742","438644",0.431573275862069
"BAM7429","438644",0.24517512508935
"BAM7449","438644",0.327111272200073
"BAM747","438644",0.433464849354376
"BAM759","438644",0.267319277108434
"BAM766","438644",0.432007233273056
"BAM807","438644",0.402762827412989
"BAM811","438644",0.247321428571429
"BAM812","438644",0.340754039497307
"BAM819","438644",0.288020086083214
"BAM8296","438644",0.196511213955144
"BAM8305","438644",0.146065397053539
"BAM8315","438644",0.422370317002882
"BAM8364","438644",0.300897666068223
"BAMAWPYAN","438644",0.409797541576283
"BENAMURI","438644",0.340128755364807
"BLACKGORA","438644",0.309786476868327
"CGR1656","438644",0.244372990353698
"CGR1679","438644",0.336607142857143
"CGR2012","438644",0.340014316392269
"CO18","438644",0.317372730509078
"CRDHAN-204","438644",0.32445477297104
"CR143-2-2","438644",0.231305903398927
"CR262-4","438644",0.230782918149466
"CROSSA","438644",0.339921652421652
"DULAR","438644",0.337410071942446
"EYPO","438644",0.225847612103536
"EYPO-2","438644",0.302678571428571
"FULKATI","438644",0.328102453102453
"Ghanteswari","438644",0.210592011412268
"GHATIKAMMANANGARHAR","438644",0.276769832799715
"GotrabiDhan","438644",0.207429790259509
"GP-145-37","438644",0.339971550497866
"GP-145-51","438644",0.241323792486583
"HARBHOONDI","438644",0.333750894774517
"HongZuiEr","438644",0.232687477574453
"IndrabaruniDhan","438644",0.213319088319088
"IR74371-54-1-1","438644",0.229700854700855
"IR77298-14-1-2-10","438644",0.225
"IR77298-5-6-18","438644",0.18348787446505
"IR83383-B-B-129-4","438644",0.183975731620271
"IR83388-B-B108-3","438644",0.199535548410147
"IR87707-445-B-B","438644",0.174902239601849
"IR87707-446-B-B","438644",0.199674737983376
"IRROEPYO","438644",0.364522058823529
"KALINGA-1","438644",0.197607997143877
"KANGRO","438644",0.321441249556266
"KHAODAWTAI","438644",0.317007534983854
"MANDRIRAVINA","438644",0.318327402135231
"MAUDAMANI","438644",0.322592194772646
"MOROBEREKAN","438644",0.353080568720379
"MTU1010","438644",0.186379928315412
"MTU9","438644",0.325249643366619
"NERICA-L-26","438644",0.237437185929648
"NERICA-L-42","438644",0.240826505165657
"NERICA-L-44","438644",0.203413940256046
"PARIJAT","438644",0.20722977809592
"Patchaiperumal","438644",0.229989327641409
"PEH-KUH-TSAO-TU","438644",0.321047008547009
"PMK-2","438644",0.207933119886161
"PRASAD-1","438644",0.29774678111588
"PUSASUGANDH5","438644",0.219629497684361
"PUSA1121","438644",0.300545454545455
"Pusa1121-SN12","438644",0.291605839416058
"PUSA44","438644",0.199780861943024
"PUSABASMATI6","438644",0.347998557518933
"PUSASUGANDH2","438644",0.313746438746439
"RASI","438644",0.230187983781791
"RKVY-104","438644",0.331115107913669
"RKVY-143","438644",0.236729604560028
"RKVY-28","438644",0.328395953757225
"R-RF-44","438644",0.206933523945675
"RRF-78","438644",0.201682176091625
"Sadabahar","438644",0.338882921589688
"SAFRI-17","438644",0.30820439006837
"SAHBHAGIDHAN","438644",0.205398641401502
"SATABHAMA","438644",0.305575411007863
"SERATOES","438644",0.339149400218102
"SERETY","438644",0.329233511586453
"SHAKU","438644",0.350393700787402
"SR1-3-1","438644",0.302154398563734
"SUWEON","438644",0.332834144515163
"SWARNA","438644",0.231641468682505
"VANAPRAVA","438644",0.326770231213873
"VANDANA","438644",0.302049622437972
"Wayrarem","438644",0.2486554320545
"281785","ADAYSEL",0.37121757925072
"282803","ADAYSEL",0.284769395781194
"299554","ADAYSEL",0.287074331746613
"356457","ADAYSEL",0.285536602700782
"376579","ADAYSEL",0.365831842576029
"376851","ADAYSEL",0.365474900686168
"377448","ADAYSEL",0.278137360661633
"377705","ADAYSEL",0.293454935622318
"384190","ADAYSEL",0.294665234514859
"426049","ADAYSEL",0.285739750445633
"438644","ADAYSEL",0.285843264716504
"ADAYSEL","ADAYSEL",0
"AbhayaXDagadesi","ADAYSEL",0.289426523297491
"ABHISEK","ADAYSEL",0.360700108264165
"ABOR-A-1","ADAYSEL",0.291726618705036
"ANJALI","ADAYSEL",0.362285100286533
"Annada","ADAYSEL",0.415645277577505
"Apo","ADAYSEL",0.287455197132616
"ARC10319","ADAYSEL",0.284684684684685
"ARC12071","ADAYSEL",0.367332382310984
"ARNAPURNA","ADAYSEL",0.373171601855155
"ASD16","ADAYSEL",0.367409270571326
"AUS257","ADAYSEL",0.372746935832733
"BAKAL","ADAYSEL",0.235859318346628
"BAM1057","ADAYSEL",0.24367774566474
"BAM1098","ADAYSEL",0.249638989169675
"BAM1659","ADAYSEL",0.37436456063907
"BAM1689","ADAYSEL",0.244030390738061
"BAM1708","ADAYSEL",0.239248283339357
"BAM1812","ADAYSEL",0.283045977011494
"BAM2096","ADAYSEL",0.362173757597426
"BAM2166","ADAYSEL",0.330721574344023
"BAM247","ADAYSEL",0.275466284074605
"BAM2574","ADAYSEL",0.374775744528167
"BAM2680","ADAYSEL",0.37804441260745
"BAM3154","ADAYSEL",0.275661951396445
"BAM3181","ADAYSEL",0.37078248384781
"BAM326","ADAYSEL",0.367324955116697
"BAM328","ADAYSEL",0.280444126074499
"BAM350","ADAYSEL",0.257213363705391
"BAM3690","ADAYSEL",0.290899241603467
"BAM4009","ADAYSEL",0.240151788941091
"BAM4054","ADAYSEL",0.359458496615604
"BAM4138","ADAYSEL",0.334360275462124
"BAM4168","ADAYSEL",0.363240101707228
"BAM4234","ADAYSEL",0.376390383925368
"BAM4254","ADAYSEL",0.377249820014399
"BAM4477","ADAYSEL",0.288972701149425
"BAM4496","ADAYSEL",0.285943631823047
"BAM4510","ADAYSEL",0.335616438356164
"BAM4521","ADAYSEL",0.323818181818182
"BAM4534","ADAYSEL",0.241199712643678
"BAM4797","ADAYSEL",0.365562678062678
"BAM491","ADAYSEL",0.264928057553957
"BAM4928","ADAYSEL",0.326353790613718
"BAM5110","ADAYSEL",0.359324469996407
"BAM56","ADAYSEL",0.325618945102261
"BAM5779","ADAYSEL",0.377173913043478
"BAM5850","ADAYSEL",0.25054347826087
"BAM6921","ADAYSEL",0.283147682357168
"BAM712","ADAYSEL",0.41168040128986
"BAM742","ADAYSEL",0.414259927797834
"BAM7429","ADAYSEL",0.286661885980638
"BAM7449","ADAYSEL",0.241835994194485
"BAM747","ADAYSEL",0.414748201438849
"BAM759","ADAYSEL",0.261724659606657
"BAM766","ADAYSEL",0.412341197822142
"BAM807","ADAYSEL",0.373828406633021
"BAM811","ADAYSEL",0.294949856733524
"BAM812","ADAYSEL",0.38018018018018
"BAM819","ADAYSEL",0.369690424766019
"BAM8296","ADAYSEL",0.2825
"BAM8305","ADAYSEL",0.278058462648863
"BAM8315","ADAYSEL",0.377167630057804
"BAM8364","ADAYSEL",0.367207207207207
"BAMAWPYAN","ADAYSEL",0.314290895901342
"BENAMURI","ADAYSEL",0.372936109117014
"BLACKGORA","ADAYSEL",0.368035714285714
"CGR1656","ADAYSEL",0.285816876122083
"CGR1679","ADAYSEL",0.365281261196704
"CGR2012","ADAYSEL",0.37603305785124
"CO18","ADAYSEL",0.364221824686941
"CRDHAN-204","ADAYSEL",0.368232341340982
"CR143-2-2","ADAYSEL",0.286970567121321
"CR262-4","ADAYSEL",0.287759484609878
"CROSSA","ADAYSEL",0.374463519313305
"DULAR","ADAYSEL",0.243418680129823
"EYPO","ADAYSEL",0.265875912408759
"EYPO-2","ADAYSEL",0.37755467909645
"FULKATI","ADAYSEL",0.251897361763643
"Ghanteswari","ADAYSEL",0.278632784538296
"GHATIKAMMANANGARHAR","ADAYSEL",0.377853067047076
"GotrabiDhan","ADAYSEL",0.284871244635193
"GP-145-37","ADAYSEL",0.375178826895565
"GP-145-51","ADAYSEL",0.278715003589375
"HARBHOONDI","ADAYSEL",0.375044818931517
"HongZuiEr","ADAYSEL",0.298773891092679
"IndrabaruniDhan","ADAYSEL",0.242591931453052
"IR74371-54-1-1","ADAYSEL",0.284948158741509
"IR77298-14-1-2-10","ADAYSEL",0.256586070010826
"IR77298-5-6-18","ADAYSEL",0.294370742201506
"IR83383-B-B-129-4","ADAYSEL",0.298601147776184
"IR83388-B-B108-3","ADAYSEL",0.281048097631012
"IR87707-445-B-B","ADAYSEL",0.297249017506252
"IR87707-446-B-B","ADAYSEL",0.283121597096189
"IRROEPYO","ADAYSEL",0.33585392843969
"KALINGA-1","ADAYSEL",0.299498746867168
"KANGRO","ADAYSEL",0.367426942266572
"KHAODAWTAI","ADAYSEL",0.381801801801802
"MANDRIRAVINA","ADAYSEL",0.364464285714286
"MAUDAMANI","ADAYSEL",0.352485590778098
"MOROBEREKAN","ADAYSEL",0.344493230881815
"MTU1010","ADAYSEL",0.301652892561983
"MTU9","ADAYSEL",0.371997131588383
"NERICA-L-26","ADAYSEL",0.279740447007931
"NERICA-L-42","ADAYSEL",0.279427549194991
"NERICA-L-44","ADAYSEL",0.279742765273312
"PARIJAT","ADAYSEL",0.302296376031575
"Patchaiperumal","ADAYSEL",0.283619456366238
"PEH-KUH-TSAO-TU","ADAYSEL",0.367988567345481
"PMK-2","ADAYSEL",0.292142857142857
"PRASAD-1","ADAYSEL",0.381371141421393
"PUSASUGANDH5","ADAYSEL",0.266273247496423
"PUSA1121","ADAYSEL",0.27745348412988
"Pusa1121-SN12","ADAYSEL",0.274807762724277
"PUSA44","ADAYSEL",0.287756598240469
"PUSABASMATI6","ADAYSEL",0.369533791109505
"PUSASUGANDH2","ADAYSEL",0.3383874420264
"RASI","ADAYSEL",0.293084319526627
"RKVY-104","ADAYSEL",0.241167988464311
"RKVY-143","ADAYSEL",0.285867237687366
"RKVY-28","ADAYSEL",0.241772151898734
"R-RF-44","ADAYSEL",0.292669780812073
"RRF-78","ADAYSEL",0.274245689655172
"Sadabahar","ADAYSEL",0.367900790797987
"SAFRI-17","ADAYSEL",0.371619184998197
"SAHBHAGIDHAN","ADAYSEL",0.301003944065973
"SATABHAMA","ADAYSEL",0.378451057726784
"SERATOES","ADAYSEL",0.252819206984358
"SERETY","ADAYSEL",0.368468146027201
"SHAKU","ADAYSEL",0.383414817600602
"SR1-3-1","ADAYSEL",0.367482895210659
"SUWEON","ADAYSEL",0.362490594431904
"SWARNA","ADAYSEL",0.198916967509025
"VANAPRAVA","ADAYSEL",0.244122965641953
"VANDANA","ADAYSEL",0.271727371078255
"Wayrarem","ADAYSEL",0.291277817659727
"281785","AbhayaXDagadesi",0.293048128342246
"282803","AbhayaXDagadesi",0.178988326848249
"299554","AbhayaXDagadesi",0.216466739367503
"356457","AbhayaXDagadesi",0.224550898203593
"376579","AbhayaXDagadesi",0.362026213248317
"376851","AbhayaXDagadesi",0.36038612799428
"377448","AbhayaXDagadesi",0.25944404846757
"377705","AbhayaXDagadesi",0.209837225760793
"384190","AbhayaXDagadesi",0.411931818181818
"426049","AbhayaXDagadesi",0.224028268551237
"438644","AbhayaXDagadesi",0.185714285714286
"ADAYSEL","AbhayaXDagadesi",0.289426523297491
"AbhayaXDagadesi","AbhayaXDagadesi",0
"ABHISEK","AbhayaXDagadesi",0.332857142857143
"ABOR-A-1","AbhayaXDagadesi",0.223487544483986
"ANJALI","AbhayaXDagadesi",0.282955350815025
"Annada","AbhayaXDagadesi",0.428622412562455
"Apo","AbhayaXDagadesi",0.242730496453901
"ARC10319","AbhayaXDagadesi",0.263120314173509
"ARC12071","AbhayaXDagadesi",0.351112681031438
"ARNAPURNA","AbhayaXDagadesi",0.342337570621469
"ASD16","AbhayaXDagadesi",0.309921763869132
"AUS257","AbhayaXDagadesi",0.327197998570407
"BAKAL","AbhayaXDagadesi",0.323550594166367
"BAM1057","AbhayaXDagadesi",0.333452722063037
"BAM1098","AbhayaXDagadesi",0.322262118491921
"BAM1659","AbhayaXDagadesi",0.341178584261588
"BAM1689","AbhayaXDagadesi",0.317300789662599
"BAM1708","AbhayaXDagadesi",0.320531227566403
"BAM1812","AbhayaXDagadesi",0.25951618641053
"BAM2096","AbhayaXDagadesi",0.362044570215776
"BAM2166","AbhayaXDagadesi",0.40643063583815
"BAM247","AbhayaXDagadesi",0.213094393186657
"BAM2574","AbhayaXDagadesi",0.354580965909091
"BAM2680","AbhayaXDagadesi",0.313009571074087
"BAM3154","AbhayaXDagadesi",0.254039497307002
"BAM3181","AbhayaXDagadesi",0.368252840909091
"BAM326","AbhayaXDagadesi",0.347547974413646
"BAM328","AbhayaXDagadesi",0.287056737588652
"BAM350","AbhayaXDagadesi",0.292278719397363
"BAM3690","AbhayaXDagadesi",0.251430615164521
"BAM4009","AbhayaXDagadesi",0.333094555873925
"BAM4054","AbhayaXDagadesi",0.297669491525424
"BAM4138","AbhayaXDagadesi",0.431312769010043
"BAM4168","AbhayaXDagadesi",0.399171768095067
"BAM4234","AbhayaXDagadesi",0.289267945984364
"BAM4254","AbhayaXDagadesi",0.291844729344729
"BAM4477","AbhayaXDagadesi",0.245111980092428
"BAM4496","AbhayaXDagadesi",0.262544169611307
"BAM4510","AbhayaXDagadesi",0.42310443490701
"BAM4521","AbhayaXDagadesi",0.414141414141414
"BAM4534","AbhayaXDagadesi",0.333333333333333
"BAM4797","AbhayaXDagadesi",0.359386026817219
"BAM491","AbhayaXDagadesi",0.28731742073388
"BAM4928","AbhayaXDagadesi",0.404898105112621
"BAM5110","AbhayaXDagadesi",0.294379224475276
"BAM56","AbhayaXDagadesi",0.403059409462825
"BAM5779","AbhayaXDagadesi",0.401939655172414
"BAM5850","AbhayaXDagadesi",0.342067480258435
"BAM6921","AbhayaXDagadesi",0.204900568181818
"BAM712","AbhayaXDagadesi",0.425761871013466
"BAM742","AbhayaXDagadesi",0.430535714285714
"BAM7429","AbhayaXDagadesi",0.264570007107321
"BAM7449","AbhayaXDagadesi",0.332793959007551
"BAM747","AbhayaXDagadesi",0.435696473102957
"BAM759","AbhayaXDagadesi",0.277777777777778
"BAM766","AbhayaXDagadesi",0.431573275862069
"BAM807","AbhayaXDagadesi",0.399678686183506
"BAM811","AbhayaXDagadesi",0.254075124025514
"BAM812","AbhayaXDagadesi",0.345110635260528
"BAM819","AbhayaXDagadesi",0.309914407988588
"BAM8296","AbhayaXDagadesi",0.198797311637779
"BAM8305","AbhayaXDagadesi",0.198500535523027
"BAM8315","AbhayaXDagadesi",0.422898032200358
"BAM8364","AbhayaXDagadesi",0.310695187165775
"BAMAWPYAN","AbhayaXDagadesi",0.41558908045977
"BENAMURI","AbhayaXDagadesi",0.33896196231781
"BLACKGORA","AbhayaXDagadesi",0.310045985143261
"CGR1656","AbhayaXDagadesi",0.24680170575693
"CGR1679","AbhayaXDagadesi",0.360716820440028
"CGR2012","AbhayaXDagadesi",0.352365706154393
"CO18","AbhayaXDagadesi",0.348956490979837
"CRDHAN-204","AbhayaXDagadesi",0.307951721689741
"CR143-2-2","AbhayaXDagadesi",0.22228144989339
"CR262-4","AbhayaXDagadesi",0.222872340425532
"CROSSA","AbhayaXDagadesi",0.34714842366277
"DULAR","AbhayaXDagadesi",0.343000358037952
"EYPO","AbhayaXDagadesi",0.251988430947216
"EYPO-2","AbhayaXDagadesi",0.31629392971246
"FULKATI","AbhayaXDagadesi",0.326048011465425
"Ghanteswari","AbhayaXDagadesi",0.221099290780142
"GHATIKAMMANANGARHAR","AbhayaXDagadesi",0.285588131402331
"GotrabiDhan","AbhayaXDagadesi",0.21001415428167
"GP-145-37","AbhayaXDagadesi",0.358103326256192
"GP-145-51","AbhayaXDagadesi",0.268218983291859
"HARBHOONDI","AbhayaXDagadesi",0.309659090909091
"HongZuiEr","AbhayaXDagadesi",0.240819964349376
"IndrabaruniDhan","AbhayaXDagadesi",0.212769720551822
"IR74371-54-1-1","AbhayaXDagadesi",0.228687654757694
"IR77298-14-1-2-10","AbhayaXDagadesi",0.224267333809864
"IR77298-5-6-18","AbhayaXDagadesi",0.17859673990078
"IR83383-B-B-129-4","AbhayaXDagadesi",0.187078452254171
"IR83388-B-B108-3","AbhayaXDagadesi",0.202980837473385
"IR87707-445-B-B","AbhayaXDagadesi",0.178748231966054
"IR87707-446-B-B","AbhayaXDagadesi",0.200538599640934
"IRROEPYO","AbhayaXDagadesi",0.388340643274854
"KALINGA-1","AbhayaXDagadesi",0.207018787663949
"KANGRO","AbhayaXDagadesi",0.351146384479718
"KHAODAWTAI","AbhayaXDagadesi",0.320142602495544
"MANDRIRAVINA","AbhayaXDagadesi",0.349610757254069
"MAUDAMANI","AbhayaXDagadesi",0.305980776076896
"MOROBEREKAN","AbhayaXDagadesi",0.359267319550236
"MTU1010","AbhayaXDagadesi",0.186365254538982
"MTU9","AbhayaXDagadesi",0.354684173172463
"NERICA-L-26","AbhayaXDagadesi",0.212959657265262
"NERICA-L-42","AbhayaXDagadesi",0.216335931963147
"NERICA-L-44","AbhayaXDagadesi",0.195652173913043
"PARIJAT","AbhayaXDagadesi",0.224946695095949
"Patchaiperumal","AbhayaXDagadesi",0.248938428874735
"PEH-KUH-TSAO-TU","AbhayaXDagadesi",0.350548284400425
"PMK-2","AbhayaXDagadesi",0.221986567691764
"PRASAD-1","AbhayaXDagadesi",0.308677098150782
"PUSASUGANDH5","AbhayaXDagadesi",0.225247524752475
"PUSA1121","AbhayaXDagadesi",0.31283808150018
"Pusa1121-SN12","AbhayaXDagadesi",0.301811594202899
"PUSA44","AbhayaXDagadesi",0.19466618287373
"PUSABASMATI6","AbhayaXDagadesi",0.347997138769671
"PUSASUGANDH2","AbhayaXDagadesi",0.308100459851433
"RASI","AbhayaXDagadesi",0.241208791208791
"RKVY-104","AbhayaXDagadesi",0.329699785561115
"RKVY-143","AbhayaXDagadesi",0.266100495399858
"RKVY-28","AbhayaXDagadesi",0.335783434922911
"R-RF-44","AbhayaXDagadesi",0.169741042923022
"RRF-78","AbhayaXDagadesi",0.220818505338078
"Sadabahar","AbhayaXDagadesi",0.356532573869704
"SAFRI-17","AbhayaXDagadesi",0.312365975696926
"SAHBHAGIDHAN","AbhayaXDagadesi",0.223030518097942
"SATABHAMA","AbhayaXDagadesi",0.310149041873669
"SERATOES","AbhayaXDagadesi",0.341705818576075
"SERETY","AbhayaXDagadesi",0.34822695035461
"SHAKU","AbhayaXDagadesi",0.346497764530551
"SR1-3-1","AbhayaXDagadesi",0.304851944345344
"SUWEON","AbhayaXDagadesi",0.334512285927029
"SWARNA","AbhayaXDagadesi",0.240886347390994
"VANAPRAVA","AbhayaXDagadesi",0.333572453371593
"VANDANA","AbhayaXDagadesi",0.300679299249196
"Wayrarem","AbhayaXDagadesi",0.245199146514936
"281785","ABHISEK",0.211166785969936
"282803","ABHISEK",0.325382698469206
"299554","ABHISEK",0.320723684210526
"356457","ABHISEK",0.322111977321049
"376579","ABHISEK",0.242440412664532
"376851","ABHISEK",0.250447868147617
"377448","ABHISEK",0.365315638450502
"377705","ABHISEK",0.336486968939664
"384190","ABHISEK",0.302213495180293
"426049","ABHISEK",0.32201280227596
"438644","ABHISEK",0.321236076176788
"ADAYSEL","ABHISEK",0.360700108264165
"AbhayaXDagadesi","ABHISEK",0.332857142857143
"ABHISEK","ABHISEK",0
"ABOR-A-1","ABHISEK",0.342821339061941
"ANJALI","ABHISEK",0.191978609625668
"Annada","ABHISEK",0.345285048404446
"Apo","ABHISEK",0.324821428571429
"ARC10319","ABHISEK",0.360172537742631
"ARC12071","ABHISEK",0.241214057507987
"ARNAPURNA","ABHISEK",0.23722498225692
"ASD16","ABHISEK",0.206754824874911
"AUS257","ABHISEK",0.222481176048763
"BAKAL","ABHISEK",0.394965592176748
"BAM1057","ABHISEK",0.404976559682654
"BAM1098","ABHISEK",0.402602096132996
"BAM1659","ABHISEK",0.239357864357864
"BAM1689","ABHISEK",0.400759219088937
"BAM1708","ABHISEK",0.400036153289949
"BAM1812","ABHISEK",0.35154011461318
"BAM2096","ABHISEK",0.249021700462469
"BAM2166","ABHISEK",0.303629764065336
"BAM247","ABHISEK",0.32399143163156
"BAM2574","ABHISEK",0.245632798573975
"BAM2680","ABHISEK",0.225507659422871
"BAM3154","ABHISEK",0.339891696750902
"BAM3181","ABHISEK",0.266773733047823
"BAM326","ABHISEK",0.248037116345468
"BAM328","ABHISEK",0.367142857142857
"BAM350","ABHISEK",0.372778827977316
"BAM3690","ABHISEK",0.355599567879006
"BAM4009","ABHISEK",0.416696718355572
"BAM4054","ABHISEK",0.206205673758865
"BAM4138","ABHISEK",0.318804034582133
"BAM4168","ABHISEK",0.28739587106121
"BAM4234","ABHISEK",0.23509460906819
"BAM4254","ABHISEK",0.232712289501971
"BAM4477","ABHISEK",0.354457572502685
"BAM4496","ABHISEK",0.350817923186344
"BAM4510","ABHISEK",0.311063218390805
"BAM4521","ABHISEK",0.305434782608696
"BAM4534","ABHISEK",0.416157989228007
"BAM4797","ABHISEK",0.244945015963107
"BAM491","ABHISEK",0.375852170792967
"BAM4928","ABHISEK",0.282913669064748
"BAM5110","ABHISEK",0.201500535905681
"BAM56","ABHISEK",0.294170243204578
"BAM5779","ABHISEK",0.290869722121978
"BAM5850","ABHISEK",0.423924828333936
"BAM6921","ABHISEK",0.315968492660222
"BAM712","ABHISEK",0.342892768079801
"BAM742","ABHISEK",0.345822875582646
"BAM7429","ABHISEK",0.352625937834941
"BAM7449","ABHISEK",0.412925416364953
"BAM747","ABHISEK",0.340844062947067
"BAM759","ABHISEK",0.372031662269129
"BAM766","ABHISEK",0.342038904899135
"BAM807","ABHISEK",0.291875447387258
"BAM811","ABHISEK",0.342255531763026
"BAM812","ABHISEK",0.235019734481521
"BAM819","ABHISEK",0.226604517748297
"BAM8296","ABHISEK",0.329355183469897
"BAM8305","ABHISEK",0.313803019410496
"BAM8315","ABHISEK",0.318247126436782
"BAM8364","ABHISEK",0.228673835125448
"BAMAWPYAN","ABHISEK",0.310313739632167
"BENAMURI","ABHISEK",0.248304177079614
"BLACKGORA","ABHISEK",0.203591749644381
"CGR1656","ABHISEK",0.35778175313059
"CGR1679","ABHISEK",0.247060919130745
"CGR2012","ABHISEK",0.246609564596717
"CO18","ABHISEK",0.23365316275764
"CRDHAN-204","ABHISEK",0.196683309557775
"CR143-2-2","ABHISEK",0.326242402574187
"CR262-4","ABHISEK",0.32174688057041
"CROSSA","ABHISEK",0.242354196301565
"DULAR","ABHISEK",0.420446364290857
"EYPO","ABHISEK",0.359898107714702
"EYPO-2","ABHISEK",0.23598714744734
"FULKATI","ABHISEK",0.412941600576784
"Ghanteswari","ABHISEK",0.345454545454545
"GHATIKAMMANANGARHAR","ABHISEK",0.204432624113475
"GotrabiDhan","ABHISEK",0.326683291770574
"GP-145-37","ABHISEK",0.24688501245995
"GP-145-51","ABHISEK",0.359263233190272
"HARBHOONDI","ABHISEK",0.208675473045341
"HongZuiEr","ABHISEK",0.346153846153846
"IndrabaruniDhan","ABHISEK",0.309676271789399
"IR74371-54-1-1","ABHISEK",0.327991452991453
"IR77298-14-1-2-10","ABHISEK",0.325422509888529
"IR77298-5-6-18","ABHISEK",0.325955016065691
"IR83383-B-B-129-4","ABHISEK",0.330708661417323
"IR83388-B-B108-3","ABHISEK",0.332499106185198
"IR87707-445-B-B","ABHISEK",0.326388888888889
"IR87707-446-B-B","ABHISEK",0.325325144508671
"IRROEPYO","ABHISEK",0.278775659824047
"KALINGA-1","ABHISEK",0.318214285714286
"KANGRO","ABHISEK",0.239091876551969
"KHAODAWTAI","ABHISEK",0.234872896527032
"MANDRIRAVINA","ABHISEK",0.233297796730633
"MAUDAMANI","ABHISEK",0.184238741958542
"MOROBEREKAN","ABHISEK",0.440167821962787
"MTU1010","ABHISEK",0.322285919025439
"MTU9","ABHISEK",0.23921568627451
"NERICA-L-26","ABHISEK",0.323212360761768
"NERICA-L-42","ABHISEK",0.326566951566952
"NERICA-L-44","ABHISEK",0.308718861209964
"PARIJAT","ABHISEK",0.32796276405299
"Patchaiperumal","ABHISEK",0.343304843304843
"PEH-KUH-TSAO-TU","ABHISEK",0.238272921108742
"PMK-2","ABHISEK",0.340319715808171
"PRASAD-1","ABHISEK",0.215126650017838
"PUSASUGANDH5","ABHISEK",0.336360398860399
"PUSA1121","ABHISEK",0.390846349436978
"Pusa1121-SN12","ABHISEK",0.391590493601462
"PUSA44","ABHISEK",0.313983205549471
"PUSABASMATI6","ABHISEK",0.261159107271418
"PUSASUGANDH2","ABHISEK",0.209992887624467
"RASI","ABHISEK",0.244383057090239
"RKVY-104","ABHISEK",0.415617128463476
"RKVY-143","ABHISEK",0.354597291518175
"RKVY-28","ABHISEK",0.408516780945507
"R-RF-44","ABHISEK",0.318311874105865
"RRF-78","ABHISEK",0.344790547798067
"Sadabahar","ABHISEK",0.252057245080501
"SAFRI-17","ABHISEK",0.213850017940438
"SAHBHAGIDHAN","ABHISEK",0.322246065808298
"SATABHAMA","ABHISEK",0.217011412268188
"SERATOES","ABHISEK",0.418545454545455
"SERETY","ABHISEK",0.23834934187122
"SHAKU","ABHISEK",0.247380239520958
"SR1-3-1","ABHISEK",0.230824372759857
"SUWEON","ABHISEK",0.235877291432847
"SWARNA","ABHISEK",0.308992805755396
"VANAPRAVA","ABHISEK",0.405156869816084
"VANDANA","ABHISEK",0.360871130309575
"Wayrarem","ABHISEK",0.326234788833214
"281785","ABOR-A-1",0.316589202717197
"282803","ABOR-A-1",0.206706884315117
"299554","ABOR-A-1",0.257459970887918
"356457","ABOR-A-1",0.17502649240551
"376579","ABOR-A-1",0.344227353463588
"376851","ABOR-A-1",0.337159253945481
"377448","ABOR-A-1",0.260621206711889
"377705","ABOR-A-1",0.193496801705757
"384190","ABOR-A-1",0.405737704918033
"426049","ABOR-A-1",0.173928444916755
"438644","ABOR-A-1",0.20766201217329
"ADAYSEL","ABOR-A-1",0.291726618705036
"AbhayaXDagadesi","ABOR-A-1",0.223487544483986
"ABHISEK","ABOR-A-1",0.342821339061941
"ABOR-A-1","ABOR-A-1",0
"ANJALI","ABOR-A-1",0.333274084607181
"Annada","ABOR-A-1",0.428187679083095
"Apo","ABOR-A-1",0.258823529411765
"ARC10319","ABOR-A-1",0.22439111747851
"ARC12071","ABOR-A-1",0.295293701344657
"ARNAPURNA","ABOR-A-1",0.323477337110482
"ASD16","ABOR-A-1",0.31591152336782
"AUS257","ABOR-A-1",0.337513436044429
"BAKAL","ABOR-A-1",0.317870036101083
"BAM1057","ABOR-A-1",0.322262118491921
"BAM1098","ABOR-A-1",0.318165467625899
"BAM1659","ABOR-A-1",0.310499820208558
"BAM1689","ABOR-A-1",0.305685498380712
"BAM1708","ABOR-A-1",0.311599423631124
"BAM1812","ABOR-A-1",0.239728474455163
"BAM2096","ABOR-A-1",0.352450284090909
"BAM2166","ABOR-A-1",0.389130434782609
"BAM247","ABOR-A-1",0.20821479374111
"BAM2574","ABOR-A-1",0.342582710779082
"BAM2680","ABOR-A-1",0.297191610380377
"BAM3154","ABOR-A-1",0.242713206189277
"BAM3181","ABOR-A-1",0.34141990724224
"BAM326","ABOR-A-1",0.326443335709195
"BAM328","ABOR-A-1",0.249466950959488
"BAM350","ABOR-A-1",0.268448795180723
"BAM3690","ABOR-A-1",0.233836206896552
"BAM4009","ABOR-A-1",0.33016157989228
"BAM4054","ABOR-A-1",0.27618542108988
"BAM4138","ABOR-A-1",0.417386609071274
"BAM4168","ABOR-A-1",0.368135838150289
"BAM4234","ABOR-A-1",0.342358389739936
"BAM4254","ABOR-A-1",0.345012513407222
"BAM4477","ABOR-A-1",0.220855614973262
"BAM4496","ABOR-A-1",0.238221749911442
"BAM4510","ABOR-A-1",0.405667144906743
"BAM4521","ABOR-A-1",0.409764918625678
"BAM4534","ABOR-A-1",0.326716738197425
"BAM4797","ABOR-A-1",0.344125973106865
"BAM491","ABOR-A-1",0.270125223613596
"BAM4928","ABOR-A-1",0.390305206463196
"BAM5110","ABOR-A-1",0.320357142857143
"BAM56","ABOR-A-1",0.395967166309779
"BAM5779","ABOR-A-1",0.40176322418136
"BAM5850","ABOR-A-1",0.342939481268012
"BAM6921","ABOR-A-1",0.241705315733143
"BAM712","ABOR-A-1",0.426360725720384
"BAM742","ABOR-A-1",0.423737916219119
"BAM7429","ABOR-A-1",0.238519045923816
"BAM7449","ABOR-A-1",0.324431613136052
"BAM747","ABOR-A-1",0.428699070764832
"BAM759","ABOR-A-1",0.253012048192771
"BAM766","ABOR-A-1",0.422702702702703
"BAM807","ABOR-A-1",0.399606299212598
"BAM811","ABOR-A-1",0.24269943019943
"BAM812","ABOR-A-1",0.336672629695886
"BAM819","ABOR-A-1",0.318360773085183
"BAM8296","ABOR-A-1",0.219226676126286
"BAM8305","ABOR-A-1",0.22258064516129
"BAM8315","ABOR-A-1",0.411406025824964
"BAM8364","ABOR-A-1",0.297461565963532
"BAMAWPYAN","ABOR-A-1",0.404075009015507
"BENAMURI","ABOR-A-1",0.320014270424545
"BLACKGORA","ABOR-A-1",0.333392476933996
"CGR1656","ABOR-A-1",0.223548272176701
"CGR1679","ABOR-A-1",0.331018518518518
"CGR2012","ABOR-A-1",0.330840455840456
"CO18","ABOR-A-1",0.289314873979411
"CRDHAN-204","ABOR-A-1",0.352742165242165
"CR143-2-2","ABOR-A-1",0.245986443096682
"CR262-4","ABOR-A-1",0.246983676366217
"CROSSA","ABOR-A-1",0.330373001776199
"DULAR","ABOR-A-1",0.335306781485468
"EYPO","ABOR-A-1",0.255531374682626
"EYPO-2","ABOR-A-1",0.116915422885572
"FULKATI","ABOR-A-1",0.328427853553482
"Ghanteswari","ABOR-A-1",0.152096659559346
"GHATIKAMMANANGARHAR","ABOR-A-1",0.312898653437279
"GotrabiDhan","ABOR-A-1",0.203480113636364
"GP-145-37","ABOR-A-1",0.343039772727273
"GP-145-51","ABOR-A-1",0.234402852049911
"HARBHOONDI","ABOR-A-1",0.351924447612259
"HongZuiEr","ABOR-A-1",0.225125268432355
"IndrabaruniDhan","ABOR-A-1",0.231287690670451
"IR74371-54-1-1","ABOR-A-1",0.24015608371763
"IR77298-14-1-2-10","ABOR-A-1",0.240494978479197
"IR77298-5-6-18","ABOR-A-1",0.246619217081851
"IR83383-B-B-129-4","ABOR-A-1",0.222696549270722
"IR83388-B-B108-3","ABOR-A-1",0.221767011043819
"IR87707-445-B-B","ABOR-A-1",0.231382978723404
"IR87707-446-B-B","ABOR-A-1",0.237391930835735
"IRROEPYO","ABOR-A-1",0.381318681318681
"KALINGA-1","ABOR-A-1",0.180120910384068
"KANGRO","ABOR-A-1",0.293316831683168
"KHAODAWTAI","ABOR-A-1",0.292783136834584
"MANDRIRAVINA","ABOR-A-1",0.289184397163121
"MAUDAMANI","ABOR-A-1",0.332380271622588
"MOROBEREKAN","ABOR-A-1",0.360596146855689
"MTU1010","ABOR-A-1",0.21476988940421
"MTU9","ABOR-A-1",0.297119487908962
"NERICA-L-26","ABOR-A-1",0.255014326647565
"NERICA-L-42","ABOR-A-1",0.255599004621401
"NERICA-L-44","ABOR-A-1",0.235982966643009
"PARIJAT","ABOR-A-1",0.227353780313837
"Patchaiperumal","ABOR-A-1",0.213373536715147
"PEH-KUH-TSAO-TU","ABOR-A-1",0.292583392476934
"PMK-2","ABOR-A-1",0.00458877515001765
"PRASAD-1","ABOR-A-1",0.307774607703281
"PUSASUGANDH5","ABOR-A-1",0.230919417820376
"PUSA1121","ABOR-A-1",0.30756698044895
"Pusa1121-SN12","ABOR-A-1",0.297562750090942
"PUSA44","ABOR-A-1",0.220320466132556
"PUSABASMATI6","ABOR-A-1",0.374685364976627
"PUSASUGANDH2","ABOR-A-1",0.330613692798865
"RASI","ABOR-A-1",0.155412844036697
"RKVY-104","ABOR-A-1",0.328438395415473
"RKVY-143","ABOR-A-1",0.224468085106383
"RKVY-28","ABOR-A-1",0.311330935251799
"R-RF-44","ABOR-A-1",0.237908961593172
"RRF-78","ABOR-A-1",0.250356887937188
"Sadabahar","ABOR-A-1",0.347927090779128
"SAFRI-17","ABOR-A-1",0.309165771571787
"SAHBHAGIDHAN","ABOR-A-1",0.224537037037037
"SATABHAMA","ABOR-A-1",0.331908831908832
"SERATOES","ABOR-A-1",0.327480086893555
"SERETY","ABOR-A-1",0.290110281038776
"SHAKU","ABOR-A-1",0.362668161434978
"SR1-3-1","ABOR-A-1",0.332379248658318
"SUWEON","ABOR-A-1",0.336944340679866
"SWARNA","ABOR-A-1",0.243461125044787
"VANAPRAVA","ABOR-A-1",0.320452911574407
"VANDANA","ABOR-A-1",0.301219949766774
"Wayrarem","ABOR-A-1",0.260970388869069
"281785","ANJALI",0.179523640241735
"282803","ANJALI",0.292299540798304
"299554","ANJALI",0.311139332365747
"356457","ANJALI",0.304607808652832
"376579","ANJALI",0.244703389830508
"376851","ANJALI",0.233440170940171
"377448","ANJALI",0.350817923186344
"377705","ANJALI",0.325779036827195
"384190","ANJALI",0.312943262411348
"426049","ANJALI",0.303244005641749
"438644","ANJALI",0.292409123307199
"ADAYSEL","ANJALI",0.362285100286533
"AbhayaXDagadesi","ANJALI",0.282955350815025
"ABHISEK","ANJALI",0.191978609625668
"ABOR-A-1","ANJALI",0.333274084607181
"ANJALI","ANJALI",0
"Annada","ANJALI",0.348700605197579
"Apo","ANJALI",0.308073654390935
"ARC10319","ANJALI",0.359358288770053
"ARC12071","ANJALI",0.246565692145121
"ARNAPURNA","ANJALI",0.228858350951374
"ASD16","ANJALI",0.205600850762141
"AUS257","ANJALI",0.219729344729345
"BAKAL","ANJALI",0.407473948975925
"BAM1057","ANJALI",0.409155937052933
"BAM1098","ANJALI",0.414454806312769
"BAM1659","ANJALI",0.228950197061985
"BAM1689","ANJALI",0.409645034062388
"BAM1708","ANJALI",0.411437791323055
"BAM1812","ANJALI",0.348845470692718
"BAM2096","ANJALI",0.238078417520311
"BAM2166","ANJALI",0.30803893294881
"BAM247","ANJALI",0.309667138810198
"BAM2574","ANJALI",0.249911441728657
"BAM2680","ANJALI",0.210544939844303
"BAM3154","ANJALI",0.306492109038737
"BAM3181","ANJALI",0.258858965272856
"BAM326","ANJALI",0.231123714994683
"BAM328","ANJALI",0.353524619199433
"BAM350","ANJALI",0.379368658399098
"BAM3690","ANJALI",0.346869409660107
"BAM4009","ANJALI",0.415384615384615
"BAM4054","ANJALI",0.191088411412469
"BAM4138","ANJALI",0.323729420186113
"BAM4168","ANJALI",0.282991729593671
"BAM4234","ANJALI",0.182252922422954
"BAM4254","ANJALI",0.18259325044405
"BAM4477","ANJALI",0.342039800995025
"BAM4496","ANJALI",0.352401129943503
"BAM4510","ANJALI",0.312566940378436
"BAM4521","ANJALI",0.319798778296802
"BAM4534","ANJALI",0.41767640769779
"BAM4797","ANJALI",0.253783878915875
"BAM491","ANJALI",0.384793447293447
"BAM4928","ANJALI",0.301677972152803
"BAM5110","ANJALI",0.177785663591199
"BAM56","ANJALI",0.309659090909091
"BAM5779","ANJALI",0.285535266738274
"BAM5850","ANJALI",0.428724928366762
"BAM6921","ANJALI",0.270515097690941
"BAM712","ANJALI",0.343119915104351
"BAM742","ANJALI",0.347291518175339
"BAM7429","ANJALI",0.345703125
"BAM7449","ANJALI",0.410463861920173
"BAM747","ANJALI",0.346235795454545
"BAM759","ANJALI",0.362088323353293
"BAM766","ANJALI",0.345395915442494
"BAM807","ANJALI",0.283908864364543
"BAM811","ANJALI",0.341359773371105
"BAM812","ANJALI",0.231945926716471
"BAM819","ANJALI",0.207473309608541
"BAM8296","ANJALI",0.313957597173145
"BAM8305","ANJALI",0.296752319771592
"BAM8315","ANJALI",0.332798001427552
"BAM8364","ANJALI",0.206049822064057
"BAMAWPYAN","ANJALI",0.303833751343604
"BENAMURI","ANJALI",0.234918381831086
"BLACKGORA","ANJALI",0.188669255206495
"CGR1656","ANJALI",0.34597660404112
"CGR1679","ANJALI",0.239384288747346
"CGR2012","ANJALI",0.232990786676116
"CO18","ANJALI",0.237649964714185
"CRDHAN-204","ANJALI",0.179659815733522
"CR143-2-2","ANJALI",0.326998223801066
"CR262-4","ANJALI",0.323071479122435
"CROSSA","ANJALI",0.230144722908577
"DULAR","ANJALI",0.426428571428571
"EYPO","ANJALI",0.338330924855491
"EYPO-2","ANJALI",0.226645435244161
"FULKATI","ANJALI",0.408944543828265
"Ghanteswari","ANJALI",0.334041047416844
"GHATIKAMMANANGARHAR","ANJALI",0.194111424541608
"GotrabiDhan","ANJALI",0.302403676210675
"GP-145-37","ANJALI",0.233580508474576
"GP-145-51","ANJALI",0.349023090586146
"HARBHOONDI","ANJALI",0.205141843971631
"HongZuiEr","ANJALI",0.344151212553495
"IndrabaruniDhan","ANJALI",0.305967514124294
"IR74371-54-1-1","ANJALI",0.313250883392226
"IR77298-14-1-2-10","ANJALI",0.300321199143469
"IR77298-5-6-18","ANJALI",0.289893617021277
"IR83383-B-B-129-4","ANJALI",0.293335696561503
"IR83388-B-B108-3","ANJALI",0.301452355650018
"IR87707-445-B-B","ANJALI",0.303356890459364
"IR87707-446-B-B","ANJALI",0.29881762809029
"IRROEPYO","ANJALI",0.270742358078603
"KALINGA-1","ANJALI",0.302267895109851
"KANGRO","ANJALI",0.244452271926735
"KHAODAWTAI","ANJALI",0.21647100675916
"MANDRIRAVINA","ANJALI",0.239153439153439
"MAUDAMANI","ANJALI",0.190518465909091
"MOROBEREKAN","ANJALI",0.443437273386512
"MTU1010","ANJALI",0.280761024182077
"MTU9","ANJALI",0.244692144373673
"NERICA-L-26","ANJALI",0.278332145402708
"NERICA-L-42","ANJALI",0.276362349610757
"NERICA-L-44","ANJALI",0.246376811594203
"PARIJAT","ANJALI",0.290408525754885
"Patchaiperumal","ANJALI",0.340756451042771
"PEH-KUH-TSAO-TU","ANJALI",0.242675608895164
"PMK-2","ANJALI",0.332333215672432
"PRASAD-1","ANJALI",0.208540042523033
"PUSASUGANDH5","ANJALI",0.307923593915812
"PUSA1121","ANJALI",0.398702235039654
"Pusa1121-SN12","ANJALI",0.394965592176748
"PUSA44","ANJALI",0.282088469905729
"PUSABASMATI6","ANJALI",0.256795422031474
"PUSASUGANDH2","ANJALI",0.200634696755994
"RASI","ANJALI",0.320840950639854
"RKVY-104","ANJALI",0.415387361656551
"RKVY-143","ANJALI",0.346480367881146
"RKVY-28","ANJALI",0.425170068027211
"R-RF-44","ANJALI",0.278467541681447
"RRF-78","ANJALI",0.321022727272727
"Sadabahar","ANJALI",0.239716312056738
"SAFRI-17","ANJALI",0.18814524741901
"SAHBHAGIDHAN","ANJALI",0.285587504437345
"SATABHAMA","ANJALI",0.198336871903751
"SERATOES","ANJALI",0.419704077950198
"SERETY","ANJALI",0.240799716914367
"SHAKU","ANJALI",0.235326894502229
"SR1-3-1","ANJALI",0.198899929027679
"SUWEON","ANJALI",0.224035608308605
"SWARNA","ANJALI",0.318392857142857
"VANAPRAVA","ANJALI",0.408895265423243
"VANDANA","ANJALI",0.35362370581935
"Wayrarem","ANJALI",0.31101243339254
"281785","Annada",0.344062947067239
"282803","Annada",0.434519572953737
"299554","Annada",0.427136596055515
"356457","Annada",0.428293201133145
"376579","Annada",0.344895055140519
"376851","Annada",0.348528356066044
"377448","Annada",0.44663323782235
"377705","Annada",0.440527065527066
"384190","Annada",0.29718660968661
"426049","Annada",0.426747073430294
"438644","Annada",0.430830039525692
"ADAYSEL","Annada",0.415645277577505
"AbhayaXDagadesi","Annada",0.428622412562455
"ABHISEK","Annada",0.345285048404446
"ABOR-A-1","Annada",0.428187679083095
"ANJALI","Annada",0.348700605197579
"Annada","Annada",0
"Apo","Annada",0.404676901106748
"ARC10319","Annada",0.431875224094658
"ARC12071","Annada",0.349645390070922
"ARNAPURNA","Annada",0.353118355776045
"ASD16","Annada",0.348392857142857
"AUS257","Annada",0.341935483870968
"BAKAL","Annada",0.386117136659436
"BAM1057","Annada",0.395893371757925
"BAM1098","Annada",0.364440433212996
"BAM1659","Annada",0.352125360230548
"BAM1689","Annada",0.378475984109787
"BAM1708","Annada",0.385822510822511
"BAM1812","Annada",0.428316052913836
"BAM2096","Annada",0.363264580369844
"BAM2166","Annada",0.283128167994207
"BAM247","Annada",0.441910192444761
"BAM2574","Annada",0.348360655737705
"BAM2680","Annada",0.355005343783399
"BAM3154","Annada",0.437545126353791
"BAM3181","Annada",0.348392857142857
"BAM326","Annada",0.349803781662504
"BAM328","Annada",0.448626471637531
"BAM350","Annada",0.427300265051117
"BAM3690","Annada",0.445804825351098
"BAM4009","Annada",0.365994236311239
"BAM4054","Annada",0.347463639588507
"BAM4138","Annada",0.298956083513319
"BAM4168","Annada",0.315370705244123
"BAM4234","Annada",0.331432644333571
"BAM4254","Annada",0.331545064377682
"BAM4477","Annada",0.444722719141324
"BAM4496","Annada",0.439943141435679
"BAM4510","Annada",0.318736539842068
"BAM4521","Annada",0.295726186164433
"BAM4534","Annada",0.40089605734767
"BAM4797","Annada",0.339595887982985
"BAM491","Annada",0.416845878136201
"BAM4928","Annada",0.292534099066762
"BAM5110","Annada",0.344778254649499
"BAM56","Annada",0.297533952823445
"BAM5779","Annada",0.211095100864553
"BAM5850","Annada",0.399891774891775
"BAM6921","Annada",0.420600858369099
"BAM712","Annada",0.0207299787384834
"BAM742","Annada",0.0243378668575519
"BAM7429","Annada",0.438793718772305
"BAM7449","Annada",0.399530177087098
"BAM747","Annada",0.0281539558089807
"BAM759","Annada",0.402526395173454
"BAM766","Annada",0.0253597122302158
"BAM807","Annada",0.214438884917798
"BAM811","Annada",0.427476835352815
"BAM812","Annada",0.34031507339778
"BAM819","Annada",0.355810616929699
"BAM8296","Annada",0.428012797724849
"BAM8305","Annada",0.435478073328541
"BAM8315","Annada",0.191741472172352
"BAM8364","Annada",0.334408602150538
"BAMAWPYAN","Annada",0.298811239193084
"BENAMURI","Annada",0.349518029275259
"BLACKGORA","Annada",0.346891651865009
"CGR1656","Annada",0.436204431736955
"CGR1679","Annada",0.356582233321441
"CGR2012","Annada",0.347430406852248
"CO18","Annada",0.354551920341394
"CRDHAN-204","Annada",0.335589597434984
"CR143-2-2","Annada",0.425277082588488
"CR262-4","Annada",0.419843249020306
"CROSSA","Annada",0.348560255954497
"DULAR","Annada",0.398527298850575
"EYPO","Annada",0.421579330422125
"EYPO-2","Annada",0.343014967925873
"FULKATI","Annada",0.400144196106705
"Ghanteswari","Annada",0.427807486631016
"GHATIKAMMANANGARHAR","Annada",0.352325168619098
"GotrabiDhan","Annada",0.437878248487006
"GP-145-37","Annada",0.359225026661927
"GP-145-51","Annada",0.441902037897748
"HARBHOONDI","Annada",0.336007130124777
"HongZuiEr","Annada",0.436399568810636
"IndrabaruniDhan","Annada",0.436922530206112
"IR74371-54-1-1","Annada",0.418146306818182
"IR77298-14-1-2-10","Annada",0.443067528735632
"IR77298-5-6-18","Annada",0.427934356047092
"IR83383-B-B-129-4","Annada",0.419078242229368
"IR83388-B-B108-3","Annada",0.429004637887977
"IR87707-445-B-B","Annada",0.425142247510669
"IR87707-446-B-B","Annada",0.442397977609245
"IRROEPYO","Annada",0.317565089842318
"KALINGA-1","Annada",0.44361170592434
"KANGRO","Annada",0.352284803400638
"KHAODAWTAI","Annada",0.348121645796064
"MANDRIRAVINA","Annada",0.355492356914326
"MAUDAMANI","Annada",0.351288475304223
"MOROBEREKAN","Annada",0.195193008011653
"MTU1010","Annada",0.434121016827784
"MTU9","Annada",0.352406417112299
"NERICA-L-26","Annada",0.428340517241379
"NERICA-L-42","Annada",0.431801994301994
"NERICA-L-44","Annada",0.432076813655761
"PARIJAT","Annada",0.440271816881259
"Patchaiperumal","Annada",0.443574225703097
"PEH-KUH-TSAO-TU","Annada",0.353641207815275
"PMK-2","Annada",0.427149964463397
"PRASAD-1","Annada",0.339457723867285
"PUSASUGANDH5","Annada",0.405270655270655
"PUSA1121","Annada",0.344896476571013
"Pusa1121-SN12","Annada",0.350273224043716
"PUSA44","Annada",0.440619307832423
"PUSABASMATI6","Annada",0.279036317871269
"PUSASUGANDH2","Annada",0.358641536273115
"RASI","Annada",0.436467131839883
"RKVY-104","Annada",0.364729099390025
"RKVY-143","Annada",0.43914590747331
"RKVY-28","Annada",0.404719020172911
"R-RF-44","Annada",0.427779764032892
"RRF-78","Annada",0.425196850393701
"Sadabahar","Annada",0.356122813280971
"SAFRI-17","Annada",0.344456404736276
"SAHBHAGIDHAN","Annada",0.438348820586133
"SATABHAMA","Annada",0.345879414912594
"SERATOES","Annada",0.394010889292196
"SERETY","Annada",0.348522605909576
"SHAKU","Annada",0.296904140246177
"SR1-3-1","Annada",0.344734957020057
"SUWEON","Annada",0.324122479462285
"SWARNA","Annada",0.454529115744069
"VANAPRAVA","Annada",0.396352473817263
"VANDANA","Annada",0.408372260150916
"Wayrarem","Annada",0.406831187410587
"281785","Apo",0.336661911554922
"282803","Apo",0.240092002830856
"299554","Apo",0.220101781170484
"356457","Apo",0.249031349066573
"376579","Apo",0.357674583481035
"376851","Apo",0.36168691922802
"377448","Apo",0.260249554367201
"377705","Apo",0.257624113475177
"384190","Apo",0.401668441604544
"426049","Apo",0.249823446327684
"438644","Apo",0.247407937075438
"ADAYSEL","Apo",0.287455197132616
"AbhayaXDagadesi","Apo",0.242730496453901
"ABHISEK","Apo",0.324821428571429
"ABOR-A-1","Apo",0.258823529411765
"ANJALI","Apo",0.308073654390935
"Annada","Apo",0.404676901106748
"Apo","Apo",0
"ARC10319","Apo",0.273537803138374
"ARC12071","Apo",0.369266055045872
"ARNAPURNA","Apo",0.351871468926554
"ASD16","Apo",0.337010676156584
"AUS257","Apo",0.240806854694752
"BAKAL","Apo",0.316007194244604
"BAM1057","Apo",0.319110792398709
"BAM1098","Apo",0.319748653500898
"BAM1659","Apo",0.352909482758621
"BAM1689","Apo",0.318850987432675
"BAM1708","Apo",0.315912356321839
"BAM1812","Apo",0.265385983635717
"BAM2096","Apo",0.355980184005662
"BAM2166","Apo",0.399638989169675
"BAM247","Apo",0.251063829787234
"BAM2574","Apo",0.348420305289315
"BAM2680","Apo",0.353723404255319
"BAM3154","Apo",0.211903908210828
"BAM3181","Apo",0.367448471926084
"BAM326","Apo",0.362148701529705
"BAM328","Apo",0.265508684863524
"BAM350","Apo",0.28678961234475
"BAM3690","Apo",0.250895415472779
"BAM4009","Apo",0.333990677662245
"BAM4054","Apo",0.345338983050847
"BAM4138","Apo",0.41857962697274
"BAM4168","Apo",0.37963963963964
"BAM4234","Apo",0.323038693645722
"BAM4254","Apo",0.324430199430199
"BAM4477","Apo",0.249199003203987
"BAM4496","Apo",0.25751148815836
"BAM4510","Apo",0.404361816231677
"BAM4521","Apo",0.412103746397695
"BAM4534","Apo",0.322511594719943
"BAM4797","Apo",0.353387438249824
"BAM491","Apo",0.293269230769231
"BAM4928","Apo",0.385949231319271
"BAM5110","Apo",0.30323498044792
"BAM56","Apo",0.392819054390331
"BAM5779","Apo",0.373431337396916
"BAM5850","Apo",0.338177251524937
"BAM6921","Apo",0.191270404542229
"BAM712","Apo",0.401098901098901
"BAM742","Apo",0.403605855051767
"BAM7429","Apo",0.261904761904762
"BAM7449","Apo",0.320194384449244
"BAM747","Apo",0.404058383766465
"BAM759","Apo",0.278424015009381
"BAM766","Apo",0.40218951902369
"BAM807","Apo",0.372681883024251
"BAM811","Apo",0.255145493257629
"BAM812","Apo",0.348625490896109
"BAM819","Apo",0.338508208422555
"BAM8296","Apo",0.231612446958982
"BAM8305","Apo",0.24205073240443
"BAM8315","Apo",0.406652360515021
"BAM8364","Apo",0.339578872234119
"BAMAWPYAN","Apo",0.406688241639698
"BENAMURI","Apo",0.345238095238095
"BLACKGORA","Apo",0.329091551785083
"CGR1656","Apo",0.252930728241563
"CGR1679","Apo",0.355445193330968
"CGR2012","Apo",0.357168267520455
"CO18","Apo",0.363941967445152
"CRDHAN-204","Apo",0.291089811856585
"CR143-2-2","Apo",0.175718849840256
"CR262-4","Apo",0.175221238938053
"CROSSA","Apo",0.3546388101983
"DULAR","Apo",0.331785714285714
"EYPO","Apo",0.275949367088608
"EYPO-2","Apo",0.351687388987567
"FULKATI","Apo",0.318165532067359
"Ghanteswari","Apo",0.267009213323884
"GHATIKAMMANANGARHAR","Apo",0.3382197103497
"GotrabiDhan","Apo",0.25
"GP-145-37","Apo",0.353857041755131
"GP-145-51","Apo",0.262699822380107
"HARBHOONDI","Apo",0.27246891651865
"HongZuiEr","Apo",0.240628347018922
"IndrabaruniDhan","Apo",0.228253182461103
"IR74371-54-1-1","Apo",0.146871686108165
"IR77298-14-1-2-10","Apo",0.206292456203075
"IR77298-5-6-18","Apo",0.252217098261795
"IR83383-B-B-129-4","Apo",0.254351687388988
"IR83388-B-B108-3","Apo",0.210582386363636
"IR87707-445-B-B","Apo",0.249557835160948
"IR87707-446-B-B","Apo",0.225251076040172
"IRROEPYO","Apo",0.391773308957952
"KALINGA-1","Apo",0.243526073075559
"KANGRO","Apo",0.368875572788157
"KHAODAWTAI","Apo",0.339158345221113
"MANDRIRAVINA","Apo",0.366112486735055
"MAUDAMANI","Apo",0.318554131054131
"MOROBEREKAN","Apo",0.330130529369108
"MTU1010","Apo",0.245105019579922
"MTU9","Apo",0.37229514012061
"NERICA-L-26","Apo",0.175285306704708
"NERICA-L-42","Apo",0.173151750972763
"NERICA-L-44","Apo",0.220650636492221
"PARIJAT","Apo",0.231616341030195
"Patchaiperumal","Apo",0.261946902654867
"PEH-KUH-TSAO-TU","Apo",0.367267585719335
"PMK-2","Apo",0.258833922261484
"PRASAD-1","Apo",0.340383931745467
"PUSASUGANDH5","Apo",0.231504424778761
"PUSA1121","Apo",0.298087333092746
"Pusa1121-SN12","Apo",0.292377495462795
"PUSA44","Apo",0.214674900108972
"PUSABASMATI6","Apo",0.359570661896243
"PUSASUGANDH2","Apo",0.324548991864167
"RASI","Apo",0.243223443223443
"RKVY-104","Apo",0.328510182207931
"RKVY-143","Apo",0.281161473087819
"RKVY-28","Apo",0.325439540724794
"R-RF-44","Apo",0.236935655883398
"RRF-78","Apo",0.269408831908832
"Sadabahar","Apo",0.358924118275739
"SAFRI-17","Apo",0.33410797282803
"SAHBHAGIDHAN","Apo",0.228353442157559
"SATABHAMA","Apo",0.267305644302449
"SERATOES","Apo",0.331290555155011
"SERETY","Apo",0.3649415101028
"SHAKU","Apo",0.284040178571429
"SR1-3-1","Apo",0.327506243310739
"SUWEON","Apo",0.330915178571429
"SWARNA","Apo",0.231580829756795
"VANAPRAVA","Apo",0.319210053859964
"VANDANA","Apo",0.212397284744552
"Wayrarem","Apo",0.00603050727208232
"281785","ARC10319",0.353479196556671
"282803","ARC10319",0.250534188034188
"299554","ARC10319",0.259320175438597
"356457","ARC10319",0.22422954303932
"376579","ARC10319",0.33398646241539
"376851","ARC10319",0.330697340043134
"377448","ARC10319",0.226833631484794
"377705","ARC10319",0.25944404846757
"384190","ARC10319",0.403461812990721
"426049","ARC10319",0.223544034090909
"438644","ARC10319",0.247124370956147
"ADAYSEL","ARC10319",0.284684684684685
"AbhayaXDagadesi","ARC10319",0.263120314173509
"ABHISEK","ARC10319",0.360172537742631
"ABOR-A-1","ARC10319",0.22439111747851
"ANJALI","ARC10319",0.359358288770053
"Annada","ARC10319",0.431875224094658
"Apo","ARC10319",0.273537803138374
"ARC10319","ARC10319",0
"ARC12071","ARC10319",0.257984386089425
"ARNAPURNA","ARC10319",0.287642045454545
"ASD16","ARC10319",0.323613595706619
"AUS257","ARC10319",0.354525862068966
"BAKAL","ARC10319",0.313449023861171
"BAM1057","ARC10319",0.321853588171655
"BAM1098","ARC10319",0.314079422382672
"BAM1659","ARC10319",0.315542733501623
"BAM1689","ARC10319",0.29032840129917
"BAM1708","ARC10319",0.307415406767459
"BAM1812","ARC10319",0.209942775393419
"BAM2096","ARC10319",0.335648148148148
"BAM2166","ARC10319",0.392960812772134
"BAM247","ARC10319",0.239021777936451
"BAM2574","ARC10319",0.311852909675116
"BAM2680","ARC10319",0.356786604916281
"BAM3154","ARC10319",0.247294372294372
"BAM3181","ARC10319",0.316231676796568
"BAM326","ARC10319",0.315563506261181
"BAM328","ARC10319",0.242953977880842
"BAM350","ARC10319",0.257730015082956
"BAM3690","ARC10319",0.256479481641469
"BAM4009","ARC10319",0.317117117117117
"BAM4054","ARC10319",0.336466832210004
"BAM4138","ARC10319",0.419162757127391
"BAM4168","ARC10319",0.385688405797101
"BAM4234","ARC10319",0.359386152748037
"BAM4254","ARC10319",0.361290322580645
"BAM4477","ARC10319",0.246068620443174
"BAM4496","ARC10319",0.19140625
"BAM4510","ARC10319",0.405138339920949
"BAM4521","ARC10319",0.405072463768116
"BAM4534","ARC10319",0.323961318051576
"BAM4797","ARC10319",0.3185526782547
"BAM491","ARC10319",0.259942672877105
"BAM4928","ARC10319",0.389028776978417
"BAM5110","ARC10319",0.350930565497495
"BAM56","ARC10319",0.39921231650555
"BAM5779","ARC10319",0.397727272727273
"BAM5850","ARC10319",0.331051873198847
"BAM6921","ARC10319",0.258491240614945
"BAM712","ARC10319",0.431145201569747
"BAM742","ARC10319",0.431597845601436
"BAM7429","ARC10319",0.231223175965665
"BAM7449","ARC10319",0.3136511375948
"BAM747","ARC10319",0.426934097421203
"BAM759","ARC10319",0.285148888051263
"BAM766","ARC10319",0.428726091663659
"BAM807","ARC10319",0.39709573323772
"BAM811","ARC10319",0.265073135925794
"BAM812","ARC10319",0.3637832017229
"BAM819","ARC10319",0.354503049874417
"BAM8296","ARC10319",0.251067615658363
"BAM8305","ARC10319",0.255300035932447
"BAM8315","ARC10319",0.418646508279338
"BAM8364","ARC10319",0.357142857142857
"BAMAWPYAN","ARC10319",0.403575297941495
"BENAMURI","ARC10319",0.30807719799857
"BLACKGORA","ARC10319",0.353662873399715
"CGR1656","ARC10319",0.202895959957097
"CGR1679","ARC10319",0.32673090649536
"CGR2012","ARC10319",0.316118656182988
"CO18","ARC10319",0.253027065527066
"CRDHAN-204","ARC10319",0.3575
"CR143-2-2","ARC10319",0.259113652609006
"CR262-4","ARC10319",0.259087669280114
"CROSSA","ARC10319",0.315948736205055
"DULAR","ARC10319",0.327344592166727
"EYPO","ARC10319",0.247997086671522
"EYPO-2","ARC10319",0.324946466809422
"FULKATI","ARC10319",0.319244604316547
"Ghanteswari","ARC10319",0.21471846044191
"GHATIKAMMANANGARHAR","ARC10319",0.341619318181818
"GotrabiDhan","ARC10319",0.232098325614535
"GP-145-37","ARC10319",0.332799145299145
"GP-145-51","ARC10319",0.225160829163688
"HARBHOONDI","ARC10319",0.357678571428571
"HongZuiEr","ARC10319",0.247037701974865
"IndrabaruniDhan","ARC10319",0.230632551528074
"IR74371-54-1-1","ARC10319",0.260049804340093
"IR77298-14-1-2-10","ARC10319",0.257630161579892
"IR77298-5-6-18","ARC10319",0.256245538900785
"IR83383-B-B-129-4","ARC10319",0.255007153075823
"IR83388-B-B108-3","ARC10319",0.246156596353236
"IR87707-445-B-B","ARC10319",0.247330960854093
"IR87707-446-B-B","ARC10319",0.249188018765789
"IRROEPYO","ARC10319",0.391951488423374
"KALINGA-1","ARC10319",0.226818830242511
"KANGRO","ARC10319",0.255851063829787
"KHAODAWTAI","ARC10319",0.348887293610912
"MANDRIRAVINA","ARC10319",0.252755065766086
"MAUDAMANI","ARC10319",0.351288475304223
"MOROBEREKAN","ARC10319",0.359306569343066
"MTU1010","ARC10319",0.2518823951237
"MTU9","ARC10319",0.261327149482697
"NERICA-L-26","ARC10319",0.271372126436782
"NERICA-L-42","ARC10319",0.275702596940591
"NERICA-L-44","ARC10319",0.241459074733096
"PARIJAT","ARC10319",0.257066189624329
"Patchaiperumal","ARC10319",0.178393745557925
"PEH-KUH-TSAO-TU","ARC10319",0.256041222459133
"PMK-2","ARC10319",0.223131672597865
"PRASAD-1","ARC10319",0.350303679885673
"PUSASUGANDH5","ARC10319",0.268270944741533
"PUSA1121","ARC10319",0.308166969147005
"Pusa1121-SN12","ARC10319",0.302847754654984
"PUSA44","ARC10319",0.260671287851149
"PUSABASMATI6","ARC10319",0.373513513513513
"PUSASUGANDH2","ARC10319",0.334873800213295
"RASI","ARC10319",0.259109311740891
"RKVY-104","ARC10319",0.315486884656845
"RKVY-143","ARC10319",0.208392603129445
"RKVY-28","ARC10319",0.305725603168887
"R-RF-44","ARC10319",0.255277280858676
"RRF-78","ARC10319",0.265569076592699
"Sadabahar","ARC10319",0.332199140401146
"SAFRI-17","ARC10319",0.343098490294752
"SAHBHAGIDHAN","ARC10319",0.255273507329281
"SATABHAMA","ARC10319",0.35693899393507
"SERATOES","ARC10319",0.32316630355846
"SERETY","ARC10319",0.265218939124244
"SHAKU","ARC10319",0.37602842183994
"SR1-3-1","ARC10319",0.362007168458781
"SUWEON","ARC10319",0.363449307893752
"SWARNA","ARC10319",0.244248741912293
"VANAPRAVA","ARC10319",0.320887445887446
"VANDANA","ARC10319",0.294466403162055
"Wayrarem","ARC10319",0.274776386404293
"281785","ARC12071",0.215120396600567
"282803","ARC12071",0.330105633802817
"299554","ARC12071",0.359623733719247
"356457","ARC12071",0.303502626970228
"376579","ARC12071",0.220971147079521
"376851","ARC12071",0.216034054629301
"377448","ARC12071",0.321213196168854
"377705","ARC12071",0.353770260747005
"384190","ARC12071",0.284604519774011
"426049","ARC12071",0.302178496134926
"438644","ARC12071",0.322202486678508
"ADAYSEL","ARC12071",0.367332382310984
"AbhayaXDagadesi","ARC12071",0.351112681031438
"ABHISEK","ARC12071",0.241214057507987
"ABOR-A-1","ARC12071",0.295293701344657
"ANJALI","ARC12071",0.246565692145121
"Annada","ARC12071",0.349645390070922
"Apo","ARC12071",0.369266055045872
"ARC10319","ARC12071",0.257984386089425
"ARC12071","ARC12071",0
"ARNAPURNA","ARC12071",0.183684210526316
"ASD16","ARC12071",0.212040960451977
"AUS257","ARC12071",0.24902447676481
"BAKAL","ARC12071",0.391273247496423
"BAM1057","ARC12071",0.377987870139137
"BAM1098","ARC12071",0.398214285714286
"BAM1659","ARC12071",0.15667380442541
"BAM1689","ARC12071",0.372230164403145
"BAM1708","ARC12071",0.379107142857143
"BAM1812","ARC12071",0.317699115044248
"BAM2096","ARC12071",0.211849507735584
"BAM2166","ARC12071",0.288020086083214
"BAM247","ARC12071",0.321516754850088
"BAM2574","ARC12071",0.214411557434813
"BAM2680","ARC12071",0.244804508629799
"BAM3154","ARC12071",0.334939329050678
"BAM3181","ARC12071",0.199186991869919
"BAM326","ARC12071",0.192824319547543
"BAM328","ARC12071",0.321164021164021
"BAM350","ARC12071",0.345117845117845
"BAM3690","ARC12071",0.353380782918149
"BAM4009","ARC12071",0.378609625668449
"BAM4054","ARC12071",0.222378112942827
"BAM4138","ARC12071",0.282174688057041
"BAM4168","ARC12071",0.281440343962737
"BAM4234","ARC12071",0.2460345435319
"BAM4254","ARC12071",0.246548672566372
"BAM4477","ARC12071",0.347664543524416
"BAM4496","ARC12071",0.307800421644413
"BAM4510","ARC12071",0.286500888099467
"BAM4521","ARC12071",0.282803003217733
"BAM4534","ARC12071",0.395352962043278
"BAM4797","ARC12071",0.204521556256572
"BAM491","ARC12071",0.335873803615739
"BAM4928","ARC12071",0.274262353359403
"BAM5110","ARC12071",0.250088495575221
"BAM56","ARC12071",0.281371509367268
"BAM5779","ARC12071",0.309269162210339
"BAM5850","ARC12071",0.400606709493219
"BAM6921","ARC12071",0.351432614078528
"BAM712","ARC12071",0.353417899929528
"BAM742","ARC12071",0.351135557132718
"BAM7429","ARC12071",0.308875530410184
"BAM7449","ARC12071",0.388531618435155
"BAM747","ARC12071",0.3504243281471
"BAM759","ARC12071",0.36660447761194
"BAM766","ARC12071",0.351071428571429
"BAM807","ARC12071",0.308333333333333
"BAM811","ARC12071",0.364902998236332
"BAM812","ARC12071",0.253101736972705
"BAM819","ARC12071",0.228753541076487
"BAM8296","ARC12071",0.353396691305878
"BAM8305","ARC12071",0.325106534090909
"BAM8315","ARC12071",0.313565340909091
"BAM8364","ARC12071",0.23458540042523
"BAMAWPYAN","ARC12071",0.288646911817208
"BENAMURI","ARC12071",0.200352733686067
"BLACKGORA","ARC12071",0.24323374340949
"CGR1656","ARC12071",0.308236125839519
"CGR1679","ARC12071",0.203664552501762
"CGR2012","ARC12071",0.213378044475821
"CO18","ARC12071",0.0399085794655415
"CRDHAN-204","ARC12071",0.259265795975997
"CR143-2-2","ARC12071",0.354210898796886
"CR262-4","ARC12071",0.34925952045134
"CROSSA","ARC12071",0.207630098452883
"DULAR","ARC12071",0.398042704626335
"EYPO","ARC12071",0.326681049982021
"EYPO-2","ARC12071",0.189527503526093
"FULKATI","ARC12071",0.393302458140363
"Ghanteswari","ARC12071",0.31311706629055
"GHATIKAMMANANGARHAR","ARC12071",0.225263157894737
"GotrabiDhan","ARC12071",0.31830985915493
"GP-145-37","ARC12071",0.22390158172232
"GP-145-51","ARC12071",0.314775539059738
"HARBHOONDI","ARC12071",0.258827683615819
"HongZuiEr","ARC12071",0.350568585643212
"IndrabaruniDhan","ARC12071",0.318325712275765
"IR74371-54-1-1","ARC12071",0.349119718309859
"IR77298-14-1-2-10","ARC12071",0.354551920341394
"IR77298-5-6-18","ARC12071",0.344742413549753
"IR83383-B-B-129-4","ARC12071",0.340402969247084
"IR83388-B-B108-3","ARC12071",0.336276933945602
"IR87707-445-B-B","ARC12071",0.340014064697609
"IR87707-446-B-B","ARC12071",0.351230824117017
"IRROEPYO","ARC12071",0.261343012704174
"KALINGA-1","ARC12071",0.306918460995411
"KANGRO","ARC12071",0.00963559915907497
"KHAODAWTAI","ARC12071",0.244247787610619
"MANDRIRAVINA","ARC12071",0.0400421496311907
"MAUDAMANI","ARC12071",0.242751060820368
"MOROBEREKAN","ARC12071",0.449873782906599
"MTU1010","ARC12071",0.321529745042493
"MTU9","ARC12071",0.0112715744980627
"NERICA-L-26","ARC12071",0.369271758436945
"NERICA-L-42","ARC12071",0.372973925299507
"NERICA-L-44","ARC12071",0.343771991555243
"PARIJAT","ARC12071",0.352774832096147
"Patchaiperumal","ARC12071",0.276917663617171
"PEH-KUH-TSAO-TU","ARC12071",0.0108771929824562
"PMK-2","ARC12071",0.292442882249561
"PRASAD-1","ARC12071",0.211538461538462
"PUSASUGANDH5","ARC12071",0.348116860260472
"PUSA1121","ARC12071",0.385375494071146
"Pusa1121-SN12","ARC12071",0.383212996389892
"PUSA44","ARC12071",0.346278901734104
"PUSABASMATI6","ARC12071",0.262633451957295
"PUSASUGANDH2","ARC12071",0.215741391426564
"RASI","ARC12071",0.342018950437318
"RKVY-104","ARC12071",0.398046181172291
"RKVY-143","ARC12071",0.28989080662205
"RKVY-28","ARC12071",0.379636233951498
"R-RF-44","ARC12071",0.333863556026865
"RRF-78","ARC12071",0.346834099752388
"Sadabahar","ARC12071",0.207787610619469
"SAFRI-17","ARC12071",0.227208229868748
"SAHBHAGIDHAN","ARC12071",0.348302687411598
"SATABHAMA","ARC12071",0.23916108565386
"SERATOES","ARC12071",0.386355475763016
"SERETY","ARC12071",0.0311619718309859
"SHAKU","ARC12071",0.267295597484277
"SR1-3-1","ARC12071",0.248228206945429
"SUWEON","ARC12071",0.237172388335179
"SWARNA","ARC12071",0.346372688477952
"VANAPRAVA","ARC12071",0.378079257408069
"VANDANA","ARC12071",0.381358946993952
"Wayrarem","ARC12071",0.372257607926398
"281785","ARNAPURNA",0.234491315136476
"282803","ARNAPURNA",0.345828933474129
"299554","ARNAPURNA",0.348172276511039
"356457","ARNAPURNA",0.332049036777583
"376579","ARNAPURNA",0.207892882311487
"376851","ARNAPURNA",0.188940092165899
"377448","ARNAPURNA",0.308510638297872
"377705","ARNAPURNA",0.344906591469863
"384190","ARNAPURNA",0.312897526501767
"426049","ARNAPURNA",0.330874604847208
"438644","ARNAPURNA",0.341862117981521
"ADAYSEL","ARNAPURNA",0.373171601855155
"AbhayaXDagadesi","ARNAPURNA",0.342337570621469
"ABHISEK","ARNAPURNA",0.23722498225692
"ABOR-A-1","ARNAPURNA",0.323477337110482
"ANJALI","ARNAPURNA",0.228858350951374
"Annada","ARNAPURNA",0.353118355776045
"Apo","ARNAPURNA",0.351871468926554
"ARC10319","ARNAPURNA",0.287642045454545
"ARC12071","ARNAPURNA",0.183684210526316
"ARNAPURNA","ARNAPURNA",0
"ASD16","ARNAPURNA",0.208936771458848
"AUS257","ARNAPURNA",0.229403409090909
"BAKAL","ARNAPURNA",0.405477980665951
"BAM1057","ARNAPURNA",0.397966464502319
"BAM1098","ARNAPURNA",0.403928571428571
"BAM1659","ARNAPURNA",0.200856225472708
"BAM1689","ARNAPURNA",0.383309506790565
"BAM1708","ARNAPURNA",0.408134141990724
"BAM1812","ARNAPURNA",0.290162774239207
"BAM2096","ARNAPURNA",0.2054890921886
"BAM2166","ARNAPURNA",0.306838524883638
"BAM247","ARNAPURNA",0.310515172900494
"BAM2574","ARNAPURNA",0.200105596620908
"BAM2680","ARNAPURNA",0.238816484677703
"BAM3154","ARNAPURNA",0.327918600499821
"BAM3181","ARNAPURNA",0.146113074204947
"BAM326","ARNAPURNA",0.175795053003534
"BAM328","ARNAPURNA",0.304761904761905
"BAM350","ARNAPURNA",0.337761976047904
"BAM3690","ARNAPURNA",0.344373219373219
"BAM4009","ARNAPURNA",0.405737704918033
"BAM4054","ARNAPURNA",0.219943918682089
"BAM4138","ARNAPURNA",0.313725490196078
"BAM4168","ARNAPURNA",0.286735788344655
"BAM4234","ARNAPURNA",0.237557359689375
"BAM4254","ARNAPURNA",0.236366855524079
"BAM4477","ARNAPURNA",0.332271762208068
"BAM4496","ARNAPURNA",0.265718299964875
"BAM4510","ARNAPURNA",0.304756833510827
"BAM4521","ARNAPURNA",0.307196562835661
"BAM4534","ARNAPURNA",0.408687943262411
"BAM4797","ARNAPURNA",0.181022408963585
"BAM491","ARNAPURNA",0.340184266477675
"BAM4928","ARNAPURNA",0.292080965909091
"BAM5110","ARNAPURNA",0.226485148514851
"BAM56","ARNAPURNA",0.3052706048815
"BAM5779","ARNAPURNA",0.301533523537803
"BAM5850","ARNAPURNA",0.418600499821492
"BAM6921","ARNAPURNA",0.340113194198797
"BAM712","ARNAPURNA",0.353293413173653
"BAM742","ARNAPURNA",0.352450284090909
"BAM7429","ARNAPURNA",0.3
"BAM7449","ARNAPURNA",0.404685264663805
"BAM747","ARNAPURNA",0.349186704384724
"BAM759","ARNAPURNA",0.386177347242921
"BAM766","ARNAPURNA",0.350802139037433
"BAM807","ARNAPURNA",0.300673281360737
"BAM811","ARNAPURNA",0.336803105151729
"BAM812","ARNAPURNA",0.227578872740163
"BAM819","ARNAPURNA",0.230673758865248
"BAM8296","ARNAPURNA",0.343189017951426
"BAM8305","ARNAPURNA",0.343872113676732
"BAM8315","ARNAPURNA",0.325523606673766
"BAM8364","ARNAPURNA",0.247873848334515
"BAMAWPYAN","ARNAPURNA",0.308282756158515
"BENAMURI","ARNAPURNA",0.13196894848271
"BLACKGORA","ARNAPURNA",0.213834269662921
"CGR1656","ARNAPURNA",0.243114406779661
"CGR1679","ARNAPURNA",0.184191954834157
"CGR2012","ARNAPURNA",0.179215270413574
"CO18","ARNAPURNA",0.178684488216672
"CRDHAN-204","ARNAPURNA",0.234827099505999
"CR143-2-2","ARNAPURNA",0.357370095440085
"CR262-4","ARNAPURNA",0.352308776876983
"CROSSA","ARNAPURNA",0.175685172171469
"DULAR","ARNAPURNA",0.419452347083926
"EYPO","ARNAPURNA",0.341963322545847
"EYPO-2","ARNAPURNA",0.216201906106601
"FULKATI","ARNAPURNA",0.404846756949394
"Ghanteswari","ARNAPURNA",0.280246913580247
"GHATIKAMMANANGARHAR","ARNAPURNA",0.219824561403509
"GotrabiDhan","ARNAPURNA",0.30803099682987
"GP-145-37","ARNAPURNA",0.20597539543058
"GP-145-51","ARNAPURNA",0.297101449275362
"HARBHOONDI","ARNAPURNA",0.244526836158192
"HongZuiEr","ARNAPURNA",0.334634492547906
"IndrabaruniDhan","ARNAPURNA",0.326530612244898
"IR74371-54-1-1","ARNAPURNA",0.347940865892291
"IR77298-14-1-2-10","ARNAPURNA",0.347563144788332
"IR77298-5-6-18","ARNAPURNA",0.344864101659019
"IR83383-B-B-129-4","ARNAPURNA",0.352192362093352
"IR83388-B-B108-3","ARNAPURNA",0.342932862190813
"IR87707-445-B-B","ARNAPURNA",0.347114707952146
"IR87707-446-B-B","ARNAPURNA",0.334405144694534
"IRROEPYO","ARNAPURNA",0.289597680318956
"KALINGA-1","ARNAPURNA",0.304516584333098
"KANGRO","ARNAPURNA",0.182072829131653
"KHAODAWTAI","ARNAPURNA",0.227063407722281
"MANDRIRAVINA","ARNAPURNA",0.180780042164441
"MAUDAMANI","ARNAPURNA",0.230333097094259
"MOROBEREKAN","ARNAPURNA",0.456545257843491
"MTU1010","ARNAPURNA",0.344546742209632
"MTU9","ARNAPURNA",0.185054635178005
"NERICA-L-26","ARNAPURNA",0.353589196872779
"NERICA-L-42","ARNAPURNA",0.356941508104299
"NERICA-L-44","ARNAPURNA",0.329109468497008
"PARIJAT","ARNAPURNA",0.349433828733192
"Patchaiperumal","ARNAPURNA",0.271448663853727
"PEH-KUH-TSAO-TU","ARNAPURNA",0.181419037583421
"PMK-2","ARNAPURNA",0.322030920590302
"PRASAD-1","ARNAPURNA",0.22791519434629
"PUSASUGANDH5","ARNAPURNA",0.35193661971831
"PUSA1121","ARNAPURNA",0.401400862068966
"Pusa1121-SN12","ARNAPURNA",0.404005774088777
"PUSA44","ARNAPURNA",0.341040462427746
"PUSABASMATI6","ARNAPURNA",0.28428927680798
"PUSASUGANDH2","ARNAPURNA",0.22009148486981
"RASI","ARNAPURNA",0.348451730418944
"RKVY-104","ARNAPURNA",0.408380681818182
"RKVY-143","ARNAPURNA",0.295318549806406
"RKVY-28","ARNAPURNA",0.413608835055219
"R-RF-44","ARNAPURNA",0.331919406150583
"RRF-78","ARNAPURNA",0.365309734513274
"Sadabahar","ARNAPURNA",0.199469964664311
"SAFRI-17","ARNAPURNA",0.226418439716312
"SAHBHAGIDHAN","ARNAPURNA",0.344413012729844
"SATABHAMA","ARNAPURNA",0.238095238095238
"SERATOES","ARNAPURNA",0.403625269203159
"SERETY","ARNAPURNA",0.186333215921099
"SHAKU","ARNAPURNA",0.245098039215686
"SR1-3-1","ARNAPURNA",0.240694789081886
"SUWEON","ARNAPURNA",0.235587583148559
"SWARNA","ARNAPURNA",0.336712913553895
"VANAPRAVA","ARNAPURNA",0.400142908181493
"VANDANA","ARNAPURNA",0.373620505517978
"Wayrarem","ARNAPURNA",0.354210898796886
"281785","ASD16",0.201566951566952
"282803","ASD16",0.309355067328136
"299554","ASD16",0.323754092397235
"356457","ASD16",0.289594356261023
"376579","ASD16",0.227933356965615
"376851","ASD16",0.21579135405502
"377448","ASD16",0.326723829939264
"377705","ASD16",0.300603693181818
"384190","ASD16",0.310344827586207
"426049","ASD16",0.288189533239038
"438644","ASD16",0.304651162790698
"ADAYSEL","ASD16",0.367409270571326
"AbhayaXDagadesi","ASD16",0.309921763869132
"ABHISEK","ASD16",0.206754824874911
"ABOR-A-1","ASD16",0.31591152336782
"ANJALI","ASD16",0.205600850762141
"Annada","ASD16",0.348392857142857
"Apo","ASD16",0.337010676156584
"ARC10319","ASD16",0.323613595706619
"ARC12071","ASD16",0.212040960451977
"ARNAPURNA","ASD16",0.208936771458848
"ASD16","ASD16",0
"AUS257","ASD16",0.207917261055635
"BAKAL","ASD16",0.402197406340058
"BAM1057","ASD16",0.411437791323055
"BAM1098","ASD16",0.408698777857656
"BAM1659","ASD16",0.211103126122889
"BAM1689","ASD16",0.392407340770061
"BAM1708","ASD16",0.40039554117224
"BAM1812","ASD16",0.324064171122995
"BAM2096","ASD16",0.233439603258944
"BAM2166","ASD16",0.300361010830325
"BAM247","ASD16",0.30952380952381
"BAM2574","ASD16",0.222320794889993
"BAM2680","ASD16",0.191980127750177
"BAM3154","ASD16",0.316564858066834
"BAM3181","ASD16",0.229374110953058
"BAM326","ASD16",0.214870152970473
"BAM328","ASD16",0.345525568181818
"BAM350","ASD16",0.370195930670686
"BAM3690","ASD16",0.330523672883788
"BAM4009","ASD16",0.410053859964093
"BAM4054","ASD16",0.172541416989778
"BAM4138","ASD16",0.315751704341586
"BAM4168","ASD16",0.291997116077866
"BAM4234","ASD16",0.212992545260916
"BAM4254","ASD16",0.213725490196078
"BAM4477","ASD16",0.322638146167558
"BAM4496","ASD16",0.322946175637394
"BAM4510","ASD16",0.312544674767691
"BAM4521","ASD16",0.312927619733525
"BAM4534","ASD16",0.417409917945059
"BAM4797","ASD16",0.22942423172024
"BAM491","ASD16",0.37
"BAM4928","ASD16",0.296813462226996
"BAM5110","ASD16",0.170579864816791
"BAM56","ASD16",0.303952991452991
"BAM5779","ASD16",0.284869128719971
"BAM5850","ASD16",0.424568965517241
"BAM6921","ASD16",0.315461346633416
"BAM712","ASD16",0.347710330138445
"BAM742","ASD16",0.347802786709539
"BAM7429","ASD16",0.325916696333215
"BAM7449","ASD16",0.411171171171171
"BAM747","ASD16",0.342536515853224
"BAM759","ASD16",0.360338345864662
"BAM766","ASD16",0.345323741007194
"BAM807","ASD16",0.285867237687366
"BAM811","ASD16",0.324113475177305
"BAM812","ASD16",0.212321428571429
"BAM819","ASD16",0.181769532643596
"BAM8296","ASD16",0.285967399007796
"BAM8305","ASD16",0.304830053667263
"BAM8315","ASD16",0.325348587772614
"BAM8364","ASD16",0.21074232690935
"BAMAWPYAN","ASD16",0.305924596050269
"BENAMURI","ASD16",0.216571834992888
"BLACKGORA","ASD16",0.181528662420382
"CGR1656","ASD16",0.32703954399715
"CGR1679","ASD16",0.215324583185527
"CGR2012","ASD16",0.218550106609808
"CO18","ASD16",0.203933380581148
"CRDHAN-204","ASD16",0.193714488636364
"CR143-2-2","ASD16",0.324074074074074
"CR262-4","ASD16",0.319069602272727
"CROSSA","ASD16",0.221317280453258
"DULAR","ASD16",0.417472252058718
"EYPO","ASD16",0.342753623188406
"EYPO-2","ASD16",0.210152644657437
"FULKATI","ASD16",0.404343144292893
"Ghanteswari","ASD16",0.299360795454545
"GHATIKAMMANANGARHAR","ASD16",0.181336161187699
"GotrabiDhan","ASD16",0.298261178140525
"GP-145-37","ASD16",0.22422954303932
"GP-145-51","ASD16",0.324964387464387
"HARBHOONDI","ASD16",0.208007117437722
"HongZuiEr","ASD16",0.31951393852752
"IndrabaruniDhan","ASD16",0.284702549575071
"IR74371-54-1-1","ASD16",0.325540205455189
"IR77298-14-1-2-10","ASD16",0.313037249283668
"IR77298-5-6-18","ASD16",0.320959147424512
"IR83383-B-B-129-4","ASD16",0.327162691349235
"IR83388-B-B108-3","ASD16",0.315658362989324
"IR87707-445-B-B","ASD16",0.315957446808511
"IR87707-446-B-B","ASD16",0.305895039539899
"IRROEPYO","ASD16",0.279905178701678
"KALINGA-1","ASD16",0.279850746268657
"KANGRO","ASD16",0.2113074204947
"KHAODAWTAI","ASD16",0.21301247771836
"MANDRIRAVINA","ASD16",0.206444759206799
"MAUDAMANI","ASD16",0.195938724617029
"MOROBEREKAN","ASD16",0.442789683981112
"MTU1010","ASD16",0.300142755174875
"MTU9","ASD16",0.213068181818182
"NERICA-L-26","ASD16",0.321109123434705
"NERICA-L-42","ASD16",0.326056088036919
"NERICA-L-44","ASD16",0.311059907834101
"PARIJAT","ASD16",0.309294871794872
"Patchaiperumal","ASD16",0.308333333333333
"PEH-KUH-TSAO-TU","ASD16",0.209985835694051
"PMK-2","ASD16",0.312787814381863
"PRASAD-1","ASD16",0.185744756487735
"PUSASUGANDH5","ASD16",0.313541297412265
"PUSA1121","ASD16",0.386215629522431
"Pusa1121-SN12","ASD16",0.385272727272727
"PUSA44","ASD16",0.253452034883721
"PUSABASMATI6","ASD16",0.253132832080201
"PUSASUGANDH2","ASD16",0.183940573045631
"RASI","ASD16",0.319464809384164
"RKVY-104","ASD16",0.419233524355301
"RKVY-143","ASD16",0.324822695035461
"RKVY-28","ASD16",0.411817528735632
"R-RF-44","ASD16",0.290242165242165
"RRF-78","ASD16",0.336898395721925
"Sadabahar","ASD16",0.230427046263345
"SAFRI-17","ASD16",0.188682613352374
"SAHBHAGIDHAN","ASD16",0.304873710423337
"SATABHAMA","ASD16",0.207135250266241
"SERATOES","ASD16",0.419949403686303
"SERETY","ASD16",0.210209145693017
"SHAKU","ASD16",0.229780096906448
"SR1-3-1","ASD16",0.206459671663098
"SUWEON","ASD16",0.230940870211975
"SWARNA","ASD16",0.3185888252149
"VANAPRAVA","ASD16",0.411299028427492
"VANDANA","ASD16",0.37921146953405
"Wayrarem","ASD16",0.340342124019957
"281785","AUS257",0.225044722719141
"282803","AUS257",0.333451957295374
"299554","AUS257",0.323346729996346
"356457","AUS257",0.331325301204819
"376579","AUS257",0.239679715302491
"376851","AUS257",0.245431744894303
"377448","AUS257",0.348512011473647
"377705","AUS257",0.330835117773019
"384190","AUS257",0.30832440157199
"426049","AUS257",0.330728241563055
"438644","AUS257",0.328838547285149
"ADAYSEL","AUS257",0.372746935832733
"AbhayaXDagadesi","AUS257",0.327197998570407
"ABHISEK","AUS257",0.222481176048763
"ABOR-A-1","AUS257",0.337513436044429
"ANJALI","AUS257",0.219729344729345
"Annada","AUS257",0.341935483870968
"Apo","AUS257",0.240806854694752
"ARC10319","AUS257",0.354525862068966
"ARC12071","AUS257",0.24902447676481
"ARNAPURNA","AUS257",0.229403409090909
"ASD16","AUS257",0.207917261055635
"AUS257","AUS257",0
"BAKAL","AUS257",0.401701665459812
"BAM1057","AUS257",0.408730158730159
"BAM1098","AUS257",0.405459146782357
"BAM1659","AUS257",0.238824801730353
"BAM1689","AUS257",0.397505422993492
"BAM1708","AUS257",0.395525081198123
"BAM1812","AUS257",0.337392550143267
"BAM2096","AUS257",0.25408670931059
"BAM2166","AUS257",0.305404425099746
"BAM247","AUS257",0.339700107104606
"BAM2574","AUS257",0.229315263908702
"BAM2680","AUS257",0.223707664884136
"BAM3154","AUS257",0.306928906531938
"BAM3181","AUS257",0.249910618519843
"BAM326","AUS257",0.243754461099215
"BAM328","AUS257",0.351785714285714
"BAM350","AUS257",0.36875
"BAM3690","AUS257",0.340302811824081
"BAM4009","AUS257",0.410418168709445
"BAM4054","AUS257",0.215223562810504
"BAM4138","AUS257",0.318296643810899
"BAM4168","AUS257",0.281374321880651
"BAM4234","AUS257",0.211861379063951
"BAM4254","AUS257",0.210394265232975
"BAM4477","AUS257",0.33953488372093
"BAM4496","AUS257",0.345648312611012
"BAM4510","AUS257",0.305026929982047
"BAM4521","AUS257",0.304056501267657
"BAM4534","AUS257",0.402010050251256
"BAM4797","AUS257",0.247340425531915
"BAM491","AUS257",0.373744619799139
"BAM4928","AUS257",0.287459575997125
"BAM5110","AUS257",0.190314510364546
"BAM56","AUS257",0.29903536977492
"BAM5779","AUS257",0.272956427799784
"BAM5850","AUS257",0.412698412698413
"BAM6921","AUS257",0.291979949874687
"BAM712","AUS257",0.338617741360884
"BAM742","AUS257",0.342124147829207
"BAM7429","AUS257",0.337026447462473
"BAM7449","AUS257",0.403477001086563
"BAM747","AUS257",0.338698140200286
"BAM759","AUS257",0.358006042296072
"BAM766","AUS257",0.33826714801444
"BAM807","AUS257",0.26954806312769
"BAM811","AUS257",0.345344273992151
"BAM812","AUS257",0.236672629695886
"BAM819","AUS257",0.222043010752688
"BAM8296","AUS257",0.308964781216649
"BAM8305","AUS257",0.335729690869878
"BAM8315","AUS257",0.313376483279396
"BAM8364","AUS257",0.222022955523673
"BAMAWPYAN","AUS257",0.301948051948052
"BENAMURI","AUS257",0.23384505533738
"BLACKGORA","AUS257",0.215884861407249
"CGR1656","AUS257",0.344253490870032
"CGR1679","AUS257",0.239122681883024
"CGR2012","AUS257",0.240806854694752
"CO18","AUS257",0.246621621621622
"CRDHAN-204","AUS257",0.199036058550518
"CR143-2-2","AUS257",0.276584317937701
"CR262-4","AUS257",0.272127052105639
"CROSSA","AUS257",0.241551049448595
"DULAR","AUS257",0.41015484335614
"EYPO","AUS257",0.364264919941776
"EYPO-2","AUS257",0.228474455162558
"FULKATI","AUS257",0.398485394879192
"Ghanteswari","AUS257",0.322805139186295
"GHATIKAMMANANGARHAR","AUS257",0.212131961688542
"GotrabiDhan","AUS257",0.331076265146115
"GP-145-37","AUS257",0.245286374955532
"GP-145-51","AUS257",0.346938775510204
"HARBHOONDI","AUS257",0.181185290967512
"HongZuiEr","AUS257",0.33399209486166
"IndrabaruniDhan","AUS257",0.296724813100748
"IR74371-54-1-1","AUS257",0.266453219494842
"IR77298-14-1-2-10","AUS257",0.312230215827338
"IR77298-5-6-18","AUS257",0.328392857142857
"IR83383-B-B-129-4","AUS257",0.330532713621738
"IR83388-B-B108-3","AUS257",0.321658327376698
"IR87707-445-B-B","AUS257",0.32876468494126
"IR87707-446-B-B","AUS257",0.325921908893709
"IRROEPYO","AUS257",0.281604983510443
"KALINGA-1","AUS257",0.321262932572244
"KANGRO","AUS257",0.248317392844492
"KHAODAWTAI","AUS257",0.225188104621999
"MANDRIRAVINA","AUS257",0.246889441877
"MAUDAMANI","AUS257",0.211166785969936
"MOROBEREKAN","AUS257",0.434965290464012
"MTU1010","AUS257",0.32741935483871
"MTU9","AUS257",0.250445950767035
"NERICA-L-26","AUS257",0.285380747126437
"NERICA-L-42","AUS257",0.289782840868636
"NERICA-L-44","AUS257",0.311032028469751
"PARIJAT","AUS257",0.327672506256704
"Patchaiperumal","AUS257",0.346044191019244
"PEH-KUH-TSAO-TU","AUS257",0.247690120824449
"PMK-2","AUS257",0.335231316725979
"PRASAD-1","AUS257",0.20918185066095
"PUSASUGANDH5","AUS257",0.325676638176638
"PUSA1121","AUS257",0.379767526334907
"Pusa1121-SN12","AUS257",0.386272362175977
"PUSA44","AUS257",0.317318231640482
"PUSABASMATI6","AUS257",0.256294964028777
"PUSASUGANDH2","AUS257",0.192539964476021
"RASI","AUS257",0.337569060773481
"RKVY-104","AUS257",0.415528396836808
"RKVY-143","AUS257",0.35222816399287
"RKVY-28","AUS257",0.415254237288136
"R-RF-44","AUS257",0.329281372899535
"RRF-78","AUS257",0.351235230934479
"Sadabahar","AUS257",0.24258663808503
"SAFRI-17","AUS257",0.213208901651113
"SAHBHAGIDHAN","AUS257",0.323855507868383
"SATABHAMA","AUS257",0.180313278746885
"SERATOES","AUS257",0.412727272727273
"SERETY","AUS257",0.243585174625802
"SHAKU","AUS257",0.16461366181411
"SR1-3-1","AUS257",0.21310888252149
"SUWEON","AUS257",0.185261194029851
"SWARNA","AUS257",0.301187477509896
"VANAPRAVA","AUS257",0.408959537572254
"VANDANA","AUS257",0.333573227779777
"Wayrarem","AUS257",0.241952789699571
"281785","BAKAL",0.40379746835443
"282803","BAKAL",0.320903549659376
"299554","BAKAL",0.323280617874218
"356457","BAKAL",0.315958586219207
"376579","BAKAL",0.38719512195122
"376851","BAKAL",0.38786231884058
"377448","BAKAL",0.293820021684134
"377705","BAKAL",0.319129809421072
"384190","BAKAL",0.2544080604534
"426049","BAKAL",0.316589202717197
"438644","BAKAL",0.317902350813743
"ADAYSEL","BAKAL",0.235859318346628
"AbhayaXDagadesi","BAKAL",0.323550594166367
"ABHISEK","BAKAL",0.394965592176748
"ABOR-A-1","BAKAL",0.317870036101083
"ANJALI","BAKAL",0.407473948975925
"Annada","BAKAL",0.386117136659436
"Apo","BAKAL",0.316007194244604
"ARC10319","BAKAL",0.313449023861171
"ARC12071","BAKAL",0.391273247496423
"ARNAPURNA","BAKAL",0.405477980665951
"ASD16","BAKAL",0.402197406340058
"AUS257","BAKAL",0.401701665459812
"BAKAL","BAKAL",0
"BAM1057","BAKAL",0.17518115942029
"BAM1098","BAKAL",0.167995650598043
"BAM1659","BAKAL",0.398545454545455
"BAM1689","BAKAL",0.164547766073375
"BAM1708","BAKAL",0.141820819731592
"BAM1812","BAKAL",0.302090843547224
"BAM2096","BAKAL",0.396774193548387
"BAM2166","BAKAL",0.270596850970341
"BAM247","BAKAL",0.319359481827996
"BAM2574","BAKAL",0.372750179985601
"BAM2680","BAKAL",0.400897666068223
"BAM3154","BAKAL",0.310589519650655
"BAM3181","BAKAL",0.401367890568755
"BAM326","BAKAL",0.387387387387387
"BAM328","BAKAL",0.311690647482014
"BAM350","BAKAL",0.234030418250951
"BAM3690","BAKAL",0.307399347116431
"BAM4009","BAKAL",0.189037626628075
"BAM4054","BAKAL",0.40757954951734
"BAM4138","BAKAL",0.302287581699346
"BAM4168","BAKAL",0.364879649890591
"BAM4234","BAKAL",0.399460431654676
"BAM4254","BAKAL",0.4014440433213
"BAM4477","BAKAL",0.309996391194515
"BAM4496","BAKAL",0.315346002151309
"BAM4510","BAKAL",0.287445730824891
"BAM4521","BAKAL",0.245626822157434
"BAM4534","BAKAL",0.190544929628293
"BAM4797","BAKAL",0.37513397642015
"BAM491","BAKAL",0.258309248554913
"BAM4928","BAKAL",0.251266280752533
"BAM5110","BAKAL",0.406058420483231
"BAM56","BAKAL",0.218918918918919
"BAM5779","BAKAL",0.357272727272727
"BAM5850","BAKAL",0.209484011627907
"BAM6921","BAKAL",0.321981981981982
"BAM712","BAKAL",0.381824712643678
"BAM742","BAKAL",0.390738060781476
"BAM7429","BAKAL",0.305365502340655
"BAM7449","BAKAL",0.180974899963623
"BAM747","BAKAL",0.387847097006852
"BAM759","BAKAL",0.212438189425637
"BAM766","BAKAL",0.387331634510375
"BAM807","BAKAL",0.356548480463097
"BAM811","BAKAL",0.304956896551724
"BAM812","BAKAL",0.3875226039783
"BAM819","BAKAL",0.405537459283388
"BAM8296","BAKAL",0.317741935483871
"BAM8305","BAKAL",0.317753623188406
"BAM8315","BAKAL",0.341962346125996
"BAM8364","BAKAL",0.379746835443038
"BAMAWPYAN","BAKAL",0.254823443756826
"BENAMURI","BAKAL",0.402236652236652
"BLACKGORA","BAKAL",0.401433691756272
"CGR1656","BAKAL",0.318378378378378
"CGR1679","BAKAL",0.385750269881252
"CGR2012","BAKAL",0.388928957807429
"CO18","BAKAL",0.382806891600861
"CRDHAN-204","BAKAL",0.402917867435158
"CR143-2-2","BAKAL",0.317952415284787
"CR262-4","BAKAL",0.320416218155723
"CROSSA","BAKAL",0.391101542877646
"DULAR","BAKAL",0.183182640144665
"EYPO","BAKAL",0.264673514306676
"EYPO-2","BAKAL",0.401798561151079
"FULKATI","BAKAL",0.192321622600507
"Ghanteswari","BAKAL",0.318671454219031
"GHATIKAMMANANGARHAR","BAKAL",0.393944822644213
"GotrabiDhan","BAKAL",0.318426724137931
"GP-145-37","BAKAL",0.388011486001436
"GP-145-51","BAKAL",0.305765765765766
"HARBHOONDI","BAKAL",0.407880532565671
"HongZuiEr","BAKAL",0.318609703113686
"IndrabaruniDhan","BAKAL",0.328382247673586
"IR74371-54-1-1","BAKAL",0.325689716947331
"IR77298-14-1-2-10","BAKAL",0.318625678119349
"IR77298-5-6-18","BAKAL",0.311982727599856
"IR83383-B-B-129-4","BAKAL",0.319129809421072
"IR83388-B-B108-3","BAKAL",0.32097876934149
"IR87707-445-B-B","BAKAL",0.319454414931802
"IR87707-446-B-B","BAKAL",0.324555030875409
"IRROEPYO","BAKAL",0.316987416728349
"KALINGA-1","BAKAL",0.330755395683453
"KANGRO","BAKAL",0.391771019677996
"KHAODAWTAI","BAKAL",0.404374548083876
"MANDRIRAVINA","BAKAL",0.382395123700251
"MAUDAMANI","BAKAL",0.400759219088937
"MOROBEREKAN","BAKAL",0.307169117647059
"MTU1010","BAKAL",0.32057761732852
"MTU9","BAKAL",0.393165467625899
"NERICA-L-26","BAKAL",0.328633405639913
"NERICA-L-42","BAKAL",0.327474892395983
"NERICA-L-44","BAKAL",0.328433130154177
"PARIJAT","BAKAL",0.319740166005052
"Patchaiperumal","BAKAL",0.298456568557071
"PEH-KUH-TSAO-TU","BAKAL",0.390641807099319
"PMK-2","BAKAL",0.318882121103547
"PRASAD-1","BAKAL",0.387067723342939
"PUSASUGANDH5","BAKAL",0.307968413496052
"PUSA1121","BAKAL",0.273391812865497
"Pusa1121-SN12","BAKAL",0.275817714075707
"PUSA44","BAKAL",0.325615582506431
"PUSABASMATI6","BAKAL",0.382758620689655
"PUSASUGANDH2","BAKAL",0.412661406025825
"RASI","BAKAL",0.321375464684015
"RKVY-104","BAKAL",0.177279305354559
"RKVY-143","BAKAL",0.309318996415771
"RKVY-28","BAKAL",0.140806686046512
"R-RF-44","BAKAL",0.331711711711712
"RRF-78","BAKAL",0.245940093828943
"Sadabahar","BAKAL",0.395306859205776
"SAFRI-17","BAKAL",0.404278462654097
"SAHBHAGIDHAN","BAKAL",0.316756756756757
"SATABHAMA","BAKAL",0.414388489208633
"SERATOES","BAKAL",0.198464912280702
"SERETY","BAKAL",0.38745055735347
"SHAKU","BAKAL",0.395699735948699
"SR1-3-1","BAKAL",0.397649186256781
"SUWEON","BAKAL",0.357088989441931
"SWARNA","BAKAL",0.335810076114534
"VANAPRAVA","BAKAL",0.176566461427019
"VANDANA","BAKAL",0.278501628664495
"Wayrarem","BAKAL",0.317952415284787
"281785","BAM1057",0.399675792507205
"282803","BAM1057",0.329220314735336
"299554","BAM1057",0.330589096231248
"356457","BAM1057",0.323916133617626
"376579","BAM1057",0.391133357168395
"376851","BAM1057",0.389490790899242
"377448","BAM1057",0.304895608351332
"377705","BAM1057",0.341445955619184
"384190","BAM1057",0.27626389386877
"426049","BAM1057",0.323225115947199
"438644","BAM1057",0.32701336222463
"ADAYSEL","BAM1057",0.24367774566474
"AbhayaXDagadesi","BAM1057",0.333452722063037
"ABHISEK","BAM1057",0.404976559682654
"ABOR-A-1","BAM1057",0.322262118491921
"ANJALI","BAM1057",0.409155937052933
"Annada","BAM1057",0.395893371757925
"Apo","BAM1057",0.319110792398709
"ARC10319","BAM1057",0.321853588171655
"ARC12071","BAM1057",0.377987870139137
"ARNAPURNA","BAM1057",0.397966464502319
"ASD16","BAM1057",0.411437791323055
"AUS257","BAM1057",0.408730158730159
"BAKAL","BAM1057",0.17518115942029
"BAM1057","BAM1057",0
"BAM1098","BAM1057",0.22748643761302
"BAM1659","BAM1057",0.401270417422868
"BAM1689","BAM1057",0.196673897324657
"BAM1708","BAM1057",0.192795076031861
"BAM1812","BAM1057",0.31254493170381
"BAM2096","BAM1057",0.383708467309753
"BAM2166","BAM1057",0.313639679066375
"BAM247","BAM1057",0.317676586590176
"BAM2574","BAM1057",0.387813620071685
"BAM2680","BAM1057",0.422277936962751
"BAM3154","BAM1057",0.31231884057971
"BAM3181","BAM1057",0.39321608040201
"BAM326","BAM1057",0.38173007896626
"BAM328","BAM1057",0.303008595988539
"BAM350","BAM1057",0.162490508731967
"BAM3690","BAM1057",0.328937861271676
"BAM4009","BAM1057",0.184743311641359
"BAM4054","BAM1057",0.414825374198147
"BAM4138","BAM1057",0.25198986975398
"BAM4168","BAM1057",0.340421664849146
"BAM4234","BAM1057",0.404190544412607
"BAM4254","BAM1057",0.404282115869018
"BAM4477","BAM1057",0.330276878820568
"BAM4496","BAM1057",0.304316803424902
"BAM4510","BAM1057",0.228715728715729
"BAM4521","BAM1057",0.276344476744186
"BAM4534","BAM1057",0.16116295764537
"BAM4797","BAM1057",0.366809116809117
"BAM491","BAM1057",0.240734077006117
"BAM4928","BAM1057",0.29043321299639
"BAM5110","BAM1057",0.413972701149425
"BAM56","BAM1057",0.261947538627381
"BAM5779","BAM1057",0.385088671733623
"BAM5850","BAM1057",0.166967835200578
"BAM6921","BAM1057",0.323582196697775
"BAM712","BAM1057",0.394840558939448
"BAM742","BAM1057",0.399531024531025
"BAM7429","BAM1057",0.313528990694345
"BAM7449","BAM1057",0.149837133550489
"BAM747","BAM1057",0.39881380301941
"BAM759","BAM1057",0.244431861079653
"BAM766","BAM1057",0.397064153678869
"BAM807","BAM1057",0.383561643835616
"BAM811","BAM1057",0.322771213748657
"BAM812","BAM1057",0.405191059841384
"BAM819","BAM1057",0.411860129776496
"BAM8296","BAM1057",0.331964285714286
"BAM8305","BAM1057",0.339169675090253
"BAM8315","BAM1057",0.354902667627974
"BAM8364","BAM1057",0.389189189189189
"BAMAWPYAN","BAM1057",0.261792452830189
"BENAMURI","BAM1057",0.394396551724138
"BLACKGORA","BAM1057",0.412446504992867
"CGR1656","BAM1057",0.31149012567325
"CGR1679","BAM1057",0.39541547277937
"CGR2012","BAM1057",0.385637342908438
"CO18","BAM1057",0.379291845493562
"CRDHAN-204","BAM1057",0.408602150537634
"CR143-2-2","BAM1057",0.326625943226734
"CR262-4","BAM1057",0.32737030411449
"CROSSA","BAM1057",0.386981402002861
"DULAR","BAM1057",0.172376487558601
"EYPO","BAM1057",0.283576642335766
"EYPO-2","BAM1057",0.403694404591105
"FULKATI","BAM1057",0.168413444163354
"Ghanteswari","BAM1057",0.326647564469914
"GHATIKAMMANANGARHAR","BAM1057",0.403496254013557
"GotrabiDhan","BAM1057",0.317954220314735
"GP-145-37","BAM1057",0.387817077527688
"GP-145-51","BAM1057",0.31389088298636
"HARBHOONDI","BAM1057",0.410035842293907
"HongZuiEr","BAM1057",0.338436599423631
"IndrabaruniDhan","BAM1057",0.334047109207709
"IR74371-54-1-1","BAM1057",0.326957454415445
"IR77298-14-1-2-10","BAM1057",0.330808080808081
"IR77298-5-6-18","BAM1057",0.32233775546791
"IR83383-B-B-129-4","BAM1057",0.323888091822095
"IR83388-B-B108-3","BAM1057",0.330043072505384
"IR87707-445-B-B","BAM1057",0.325822603719599
"IR87707-446-B-B","BAM1057",0.325842696629214
"IRROEPYO","BAM1057",0.273330874216156
"KALINGA-1","BAM1057",0.335361488904796
"KANGRO","BAM1057",0.379322638146168
"KHAODAWTAI","BAM1057",0.41861721281959
"MANDRIRAVINA","BAM1057",0.378127233738385
"MAUDAMANI","BAM1057",0.418286537077034
"MOROBEREKAN","BAM1057",0.326803368729403
"MTU1010","BAM1057",0.332674335010784
"MTU9","BAM1057",0.381225367251881
"NERICA-L-26","BAM1057",0.335258029592205
"NERICA-L-42","BAM1057",0.335599284436494
"NERICA-L-44","BAM1057",0.332380271622588
"PARIJAT","BAM1057",0.324659009332376
"Patchaiperumal","BAM1057",0.300285816362987
"PEH-KUH-TSAO-TU","BAM1057",0.379556826304503
"PMK-2","BAM1057",0.321988595866001
"PRASAD-1","BAM1057",0.409400789379261
"PUSASUGANDH5","BAM1057",0.318783542039356
"PUSA1121","BAM1057",0.283970856102004
"Pusa1121-SN12","BAM1057",0.283125915080527
"PUSA44","BAM1057",0.336077570435419
"PUSABASMATI6","BAM1057",0.388467100506146
"PUSASUGANDH2","BAM1057",0.417678571428571
"RASI","BAM1057",0.318282753515914
"RKVY-104","BAM1057",0.180755395683453
"RKVY-143","BAM1057",0.309864188706219
"RKVY-28","BAM1057",0.164014466546112
"R-RF-44","BAM1057",0.333213644524237
"RRF-78","BAM1057",0.261306532663317
"Sadabahar","BAM1057",0.383896477354421
"SAFRI-17","BAM1057",0.402130733116649
"SAHBHAGIDHAN","BAM1057",0.323275862068966
"SATABHAMA","BAM1057",0.411859548548907
"SERATOES","BAM1057",0.1328125
"SERETY","BAM1057",0.38019340974212
"SHAKU","BAM1057",0.405816135084428
"SR1-3-1","BAM1057",0.40510424155284
"SUWEON","BAM1057",0.379083740142696
"SWARNA","BAM1057",0.329902491874323
"VANAPRAVA","BAM1057",0.00521582733812953
"VANDANA","BAM1057",0.247746123332131
"Wayrarem","BAM1057",0.321915351506456
"281785","BAM1098",0.414352686620988
"282803","BAM1098",0.327425707124955
"299554","BAM1098",0.333272193690389
"356457","BAM1098",0.332977588046958
"376579","BAM1098",0.38528990694345
"376851","BAM1098",0.396420824295011
"377448","BAM1098",0.312207418077062
"377705","BAM1098",0.317628090290219
"384190","BAM1098",0.266857962697274
"426049","BAM1098",0.332024277043913
"438644","BAM1098",0.326110509209101
"ADAYSEL","BAM1098",0.249638989169675
"AbhayaXDagadesi","BAM1098",0.322262118491921
"ABHISEK","BAM1098",0.402602096132996
"ABOR-A-1","BAM1098",0.318165467625899
"ANJALI","BAM1098",0.414454806312769
"Annada","BAM1098",0.364440433212996
"Apo","BAM1098",0.319748653500898
"ARC10319","BAM1098",0.314079422382672
"ARC12071","BAM1098",0.398214285714286
"ARNAPURNA","BAM1098",0.403928571428571
"ASD16","BAM1098",0.408698777857656
"AUS257","BAM1098",0.405459146782357
"BAKAL","BAM1098",0.167995650598043
"BAM1057","BAM1098",0.22748643761302
"BAM1098","BAM1098",0
"BAM1659","BAM1098",0.408248546511628
"BAM1689","BAM1098",0.168838219326819
"BAM1708","BAM1098",0.155234657039711
"BAM1812","BAM1098",0.305435565154788
"BAM2096","BAM1098",0.409627773801002
"BAM2166","BAM1098",0.216788321167883
"BAM247","BAM1098",0.317790530846485
"BAM2574","BAM1098",0.384422110552764
"BAM2680","BAM1098",0.40086052348512
"BAM3154","BAM1098",0.318082788671024
"BAM3181","BAM1098",0.40359066427289
"BAM326","BAM1098",0.398384201077199
"BAM328","BAM1098",0.323234134098243
"BAM350","BAM1098",0.271813353566009
"BAM3690","BAM1098",0.32005048683736
"BAM4009","BAM1098",0.173487866714958
"BAM4054","BAM1098",0.400820549411345
"BAM4138","BAM1098",0.312726613488035
"BAM4168","BAM1098",0.360109289617486
"BAM4234","BAM1098",0.402443406395976
"BAM4254","BAM1098",0.403423423423423
"BAM4477","BAM1098",0.314542190305206
"BAM4496","BAM1098",0.3225
"BAM4510","BAM1098",0.319118178532707
"BAM4521","BAM1098",0.275874635568513
"BAM4534","BAM1098",0.22422494592646
"BAM4797","BAM1098",0.380442541042113
"BAM491","BAM1098",0.265309798270893
"BAM4928","BAM1098",0.252800867365378
"BAM5110","BAM1098",0.413904899135447
"BAM56","BAM1098",0.276618705035971
"BAM5779","BAM1098",0.351851851851852
"BAM5850","BAM1098",0.242210144927536
"BAM6921","BAM1098",0.325017946877243
"BAM712","BAM1098",0.363750448189315
"BAM742","BAM1098",0.37043729671124
"BAM7429","BAM1098",0.32078853046595
"BAM7449","BAM1098",0.229582577132486
"BAM747","BAM1098",0.366762693554195
"BAM759","BAM1098",0.222706595905989
"BAM766","BAM1098",0.368736383442266
"BAM807","BAM1098",0.346806207145435
"BAM811","BAM1098",0.310301507537688
"BAM812","BAM1098",0.390252707581227
"BAM819","BAM1098",0.408303249097473
"BAM8296","BAM1098",0.333929209867715
"BAM8305","BAM1098",0.333874458874459
"BAM8315","BAM1098",0.336826888326708
"BAM8364","BAM1098",0.384559884559885
"BAMAWPYAN","BAM1098",0.2886915549112
"BENAMURI","BAM1098",0.403776978417266
"BLACKGORA","BAM1098",0.404540579191991
"CGR1656","BAM1098",0.320043103448276
"CGR1679","BAM1098",0.40193617784152
"CGR2012","BAM1098",0.402084081925979
"CO18","BAM1098",0.398890479599141
"CRDHAN-204","BAM1098",0.415348670021567
"CR143-2-2","BAM1098",0.326860841423948
"CR262-4","BAM1098",0.32605583392985
"CROSSA","BAM1098",0.401431127012522
"DULAR","BAM1098",0.204004329004329
"EYPO","BAM1098",0.269539810080351
"EYPO-2","BAM1098",0.39996408045977
"FULKATI","BAM1098",0.234346724574738
"Ghanteswari","BAM1098",0.323371510379384
"GHATIKAMMANANGARHAR","BAM1098",0.405680600214362
"GotrabiDhan","BAM1098",0.31453634085213
"GP-145-37","BAM1098",0.403866809881847
"GP-145-51","BAM1098",0.320301291248207
"HARBHOONDI","BAM1098",0.412176724137931
"HongZuiEr","BAM1098",0.323285198555957
"IndrabaruniDhan","BAM1098",0.339828387558098
"IR74371-54-1-1","BAM1098",0.323792486583184
"IR77298-14-1-2-10","BAM1098",0.328040418621436
"IR77298-5-6-18","BAM1098",0.323170731707317
"IR83383-B-B-129-4","BAM1098",0.319633883704236
"IR83388-B-B108-3","BAM1098",0.319259791591807
"IR87707-445-B-B","BAM1098",0.322603719599428
"IR87707-446-B-B","BAM1098",0.330671506352087
"IRROEPYO","BAM1098",0.340044329516069
"KALINGA-1","BAM1098",0.330821672048798
"KANGRO","BAM1098",0.401104775481112
"KHAODAWTAI","BAM1098",0.408288288288288
"MANDRIRAVINA","BAM1098",0.398320228734811
"MAUDAMANI","BAM1098",0.406880403458213
"MOROBEREKAN","BAM1098",0.288073394495413
"MTU1010","BAM1098",0.326251350378106
"MTU9","BAM1098",0.40179211469534
"NERICA-L-26","BAM1098",0.333453626849513
"NERICA-L-42","BAM1098",0.333034754568255
"NERICA-L-44","BAM1098",0.329817661780479
"PARIJAT","BAM1098",0.330517613227894
"Patchaiperumal","BAM1098",0.309302325581395
"PEH-KUH-TSAO-TU","BAM1098",0.400035765379113
"PMK-2","BAM1098",0.317321428571429
"PRASAD-1","BAM1098",0.396836808051761
"PUSASUGANDH5","BAM1098",0.302471346704871
"PUSA1121","BAM1098",0.271350364963504
"Pusa1121-SN12","BAM1098",0.276310964429776
"PUSA44","BAM1098",0.329290701947813
"PUSABASMATI6","BAM1098",0.371014492753623
"PUSASUGANDH2","BAM1098",0.42432915921288
"RASI","BAM1098",0.330314232902033
"RKVY-104","BAM1098",0.179848320693391
"RKVY-143","BAM1098",0.321237039685377
"RKVY-28","BAM1098",0.204011564871702
"R-RF-44","BAM1098",0.332255747126437
"RRF-78","BAM1098",0.274181948939231
"Sadabahar","BAM1098",0.398561151079137
"SAFRI-17","BAM1098",0.405742145178765
"SAHBHAGIDHAN","BAM1098",0.328843390804598
"SATABHAMA","BAM1098",0.411817528735632
"SERATOES","BAM1098",0.232409770324462
"SERETY","BAM1098",0.39709573323772
"SHAKU","BAM1098",0.400376647834275
"SR1-3-1","BAM1098",0.405088415734392
"SUWEON","BAM1098",0.348194130925508
"SWARNA","BAM1098",0.33971119133574
"VANAPRAVA","BAM1098",0.230811006517017
"VANDANA","BAM1098",0.293851717902351
"Wayrarem","BAM1098",0.320143884892086
"281785","BAM1659",0.214002879769618
"282803","BAM1659",0.330587392550143
"299554","BAM1659",0.349687614847483
"356457","BAM1659",0.336182336182336
"376579","BAM1659",0.213287965616046
"376851","BAM1659",0.215802735781138
"377448","BAM1659",0.310313739632167
"377705","BAM1659",0.356297093649085
"384190","BAM1659",0.29529960531037
"426049","BAM1659",0.335
"438644","BAM1659",0.330505415162455
"ADAYSEL","BAM1659",0.37436456063907
"AbhayaXDagadesi","BAM1659",0.341178584261588
"ABHISEK","BAM1659",0.239357864357864
"ABOR-A-1","BAM1659",0.310499820208558
"ANJALI","BAM1659",0.228950197061985
"Annada","BAM1659",0.352125360230548
"Apo","BAM1659",0.352909482758621
"ARC10319","BAM1659",0.315542733501623
"ARC12071","BAM1659",0.15667380442541
"ARNAPURNA","BAM1659",0.200856225472708
"ASD16","BAM1659",0.211103126122889
"AUS257","BAM1659",0.238824801730353
"BAKAL","BAM1659",0.398545454545455
"BAM1057","BAM1659",0.401270417422868
"BAM1098","BAM1659",0.408248546511628
"BAM1659","BAM1659",0
"BAM1689","BAM1659",0.38495092693566
"BAM1708","BAM1659",0.392986918604651
"BAM1812","BAM1659",0.324747838616715
"BAM2096","BAM1659",0.211428571428571
"BAM2166","BAM1659",0.306386861313869
"BAM247","BAM1659",0.332734459216673
"BAM2574","BAM1659",0.211262553802009
"BAM2680","BAM1659",0.246337977849232
"BAM3154","BAM1659",0.323892519970951
"BAM3181","BAM1659",0.210771992818671
"BAM326","BAM1659",0.197849462365591
"BAM328","BAM1659",0.332256907068533
"BAM350","BAM1659",0.361079437476245
"BAM3690","BAM1659",0.356211517566099
"BAM4009","BAM1659",0.402646845540247
"BAM4054","BAM1659",0.222182596291013
"BAM4138","BAM1659",0.302136133236785
"BAM4168","BAM1659",0.281659388646288
"BAM4234","BAM1659",0.234015804597701
"BAM4254","BAM1659",0.234268248831356
"BAM4477","BAM1659",0.349766102914718
"BAM4496","BAM1659",0.321364773133262
"BAM4510","BAM1659",0.301191765980498
"BAM4521","BAM1659",0.299090909090909
"BAM4534","BAM1659",0.403033586132178
"BAM4797","BAM1659",0.219742948946805
"BAM491","BAM1659",0.348194945848375
"BAM4928","BAM1659",0.292885518237631
"BAM5110","BAM1659",0.231032002876663
"BAM56","BAM1659",0.299028427491904
"BAM5779","BAM1659",0.305867439333575
"BAM5850","BAM1659",0.406862745098039
"BAM6921","BAM1659",0.347786973731558
"BAM712","BAM1659",0.352688172043011
"BAM742","BAM1659",0.354076479076479
"BAM7429","BAM1659",0.31695464362851
"BAM7449","BAM1659",0.40556768558952
"BAM747","BAM1659",0.349748382458663
"BAM759","BAM1659",0.374620637329287
"BAM766","BAM1659",0.350870827285922
"BAM807","BAM1659",0.306944944224541
"BAM811","BAM1659",0.338298636037329
"BAM812","BAM1659",0.228828828828829
"BAM819","BAM1659",0.233405483405483
"BAM8296","BAM1659",0.33584229390681
"BAM8305","BAM1659",0.335920577617329
"BAM8315","BAM1659",0.317655571635311
"BAM8364","BAM1659",0.234054054054054
"BAMAWPYAN","BAM1659",0.299021384559623
"BENAMURI","BAM1659",0.202867383512545
"BLACKGORA","BAM1659",0.234978540772532
"CGR1656","BAM1659",0.313196691837469
"CGR1679","BAM1659",0.202223019003227
"CGR2012","BAM1659",0.210204814947898
"CO18","BAM1659",0.160593068953198
"CRDHAN-204","BAM1659",0.235821966977746
"CR143-2-2","BAM1659",0.342872570194384
"CR262-4","BAM1659",0.339131994261119
"CROSSA","BAM1659",0.206964285714286
"DULAR","BAM1659",0.410094066570188
"EYPO","BAM1659",0.346013167520117
"EYPO-2","BAM1659",0.201040172166428
"FULKATI","BAM1659",0.404390420899855
"Ghanteswari","BAM1659",0.334888729361091
"GHATIKAMMANANGARHAR","BAM1659",0.224187209717756
"GotrabiDhan","BAM1659",0.330465949820789
"GP-145-37","BAM1659",0.220357142857143
"GP-145-51","BAM1659",0.317380352644836
"HARBHOONDI","BAM1659",0.24389367816092
"HongZuiEr","BAM1659",0.352728586917239
"IndrabaruniDhan","BAM1659",0.325993555316864
"IR74371-54-1-1","BAM1659",0.345327604726101
"IR77298-14-1-2-10","BAM1659",0.33091962346126
"IR77298-5-6-18","BAM1659",0.360294117647059
"IR83383-B-B-129-4","BAM1659",0.357784969435455
"IR83388-B-B108-3","BAM1659",0.333393242271747
"IR87707-445-B-B","BAM1659",0.353920515574651
"IR87707-446-B-B","BAM1659",0.340239912758997
"IRROEPYO","BAM1659",0.273480662983425
"KALINGA-1","BAM1659",0.314249820531228
"KANGRO","BAM1659",0.158297720797721
"KHAODAWTAI","BAM1659",0.233369291621719
"MANDRIRAVINA","BAM1659",0.161365260900643
"MAUDAMANI","BAM1659",0.224982001439885
"MOROBEREKAN","BAM1659",0.450642201834862
"MTU1010","BAM1659",0.346126126126126
"MTU9","BAM1659",0.158610812746151
"NERICA-L-26","BAM1659",0.345207956600362
"NERICA-L-42","BAM1659",0.345451289398281
"NERICA-L-44","BAM1659",0.336197636949517
"PARIJAT","BAM1659",0.335490830636462
"Patchaiperumal","BAM1659",0.314781675017895
"PEH-KUH-TSAO-TU","BAM1659",0.158214285714286
"PMK-2","BAM1659",0.307073954983923
"PRASAD-1","BAM1659",0.232328668819519
"PUSASUGANDH5","BAM1659",0.346291651737728
"PUSA1121","BAM1659",0.398683247988296
"Pusa1121-SN12","BAM1659",0.399706098457017
"PUSA44","BAM1659",0.337004405286344
"PUSABASMATI6","BAM1659",0.282167451975353
"PUSASUGANDH2","BAM1659",0.223453700393278
"RASI","BAM1659",0.346810089020771
"RKVY-104","BAM1659",0.40997830802603
"RKVY-143","BAM1659",0.314336917562724
"RKVY-28","BAM1659",0.406238665215814
"R-RF-44","BAM1659",0.326438848920863
"RRF-78","BAM1659",0.36298163485776
"Sadabahar","BAM1659",0.214105793450882
"SAFRI-17","BAM1659",0.223707986989519
"SAHBHAGIDHAN","BAM1659",0.332793959007551
"SATABHAMA","BAM1659",0.236200716845878
"SERATOES","BAM1659",0.403656307129799
"SERETY","BAM1659",0.155555555555556
"SHAKU","BAM1659",0.249812171299775
"SR1-3-1","BAM1659",0.243867243867244
"SUWEON","BAM1659",0.246156730408699
"SWARNA","BAM1659",0.330983369486623
"VANAPRAVA","BAM1659",0.399164244186046
"VANDANA","BAM1659",0.37527114967462
"Wayrarem","BAM1659",0.356474820143885
"281785","BAM1689",0.399855647780585
"282803","BAM1689",0.315365329512894
"299554","BAM1689",0.321993379919088
"356457","BAM1689",0.309914407988588
"376579","BAM1689",0.37007874015748
"376851","BAM1689",0.375994215473608
"377448","BAM1689",0.289653929343908
"377705","BAM1689",0.323466092572659
"384190","BAM1689",0.274982027318476
"426049","BAM1689",0.310468024294391
"438644","BAM1689",0.315846599131693
"ADAYSEL","BAM1689",0.244030390738061
"AbhayaXDagadesi","BAM1689",0.317300789662599
"ABHISEK","BAM1689",0.400759219088937
"ABOR-A-1","BAM1689",0.305685498380712
"ANJALI","BAM1689",0.409645034062388
"Annada","BAM1689",0.378475984109787
"Apo","BAM1689",0.318850987432675
"ARC10319","BAM1689",0.29032840129917
"ARC12071","BAM1689",0.372230164403145
"ARNAPURNA","BAM1689",0.383309506790565
"ASD16","BAM1689",0.392407340770061
"AUS257","BAM1689",0.397505422993492
"BAKAL","BAM1689",0.164547766073375
"BAM1057","BAM1689",0.196673897324657
"BAM1098","BAM1689",0.168838219326819
"BAM1659","BAM1689",0.38495092693566
"BAM1689","BAM1689",0
"BAM1708","BAM1689",0.136544730170228
"BAM1812","BAM1689",0.276618705035971
"BAM2096","BAM1689",0.386599785023289
"BAM2166","BAM1689",0.261965655827548
"BAM247","BAM1689",0.31635581061693
"BAM2574","BAM1689",0.373070017953321
"BAM2680","BAM1689",0.410265613783202
"BAM3154","BAM1689",0.306615776081425
"BAM3181","BAM1689",0.394964028776978
"BAM326","BAM1689",0.368449389806174
"BAM328","BAM1689",0.301075268817204
"BAM350","BAM1689",0.241641337386018
"BAM3690","BAM1689",0.328023171614772
"BAM4009","BAM1689",0.169801084990958
"BAM4054","BAM1689",0.403605855051767
"BAM4138","BAM1689",0.314834965542256
"BAM4168","BAM1689",0.359591539022611
"BAM4234","BAM1689",0.406429597701149
"BAM4254","BAM1689",0.407420749279539
"BAM4477","BAM1689",0.328956834532374
"BAM4496","BAM1689",0.308928571428571
"BAM4510","BAM1689",0.312409551374819
"BAM4521","BAM1689",0.277433467006927
"BAM4534","BAM1689",0.223722102231821
"BAM4797","BAM1689",0.368045649072753
"BAM491","BAM1689",0.244328411955347
"BAM4928","BAM1689",0.263291139240506
"BAM5110","BAM1689",0.405619596541787
"BAM56","BAM1689",0.260963335729691
"BAM5779","BAM1689",0.363784961859789
"BAM5850","BAM1689",0.236030478955007
"BAM6921","BAM1689",0.322354211663067
"BAM712","BAM1689",0.37908144958737
"BAM742","BAM1689",0.386101083032491
"BAM7429","BAM1689",0.292385057471264
"BAM7449","BAM1689",0.209361393323657
"BAM747","BAM1689",0.381578947368421
"BAM759","BAM1689",0.214718123344684
"BAM766","BAM1689",0.382577132486388
"BAM807","BAM1689",0.364538239538239
"BAM811","BAM1689",0.305276381909548
"BAM812","BAM1689",0.389530685920578
"BAM819","BAM1689",0.404263005780347
"BAM8296","BAM1689",0.321109123434705
"BAM8305","BAM1689",0.318953068592058
"BAM8315","BAM1689",0.351048445408532
"BAM8364","BAM1689",0.380728978708048
"BAMAWPYAN","BAM1689",0.280784598619688
"BENAMURI","BAM1689",0.382500898311175
"BLACKGORA","BAM1689",0.401788908765653
"CGR1656","BAM1689",0.294540229885057
"CGR1679","BAM1689",0.381687612208259
"CGR2012","BAM1689",0.366726618705036
"CO18","BAM1689",0.374776065926191
"CRDHAN-204","BAM1689",0.397661870503597
"CR143-2-2","BAM1689",0.318475916606758
"CR262-4","BAM1689",0.318980983135989
"CROSSA","BAM1689",0.369674185463659
"DULAR","BAM1689",0.213150289017341
"EYPO","BAM1689",0.26078216374269
"EYPO-2","BAM1689",0.389845712235379
"FULKATI","BAM1689",0.226086956521739
"Ghanteswari","BAM1689",0.309677419354839
"GHATIKAMMANANGARHAR","BAM1689",0.392384697890597
"GotrabiDhan","BAM1689",0.316732353994984
"GP-145-37","BAM1689",0.391156462585034
"GP-145-51","BAM1689",0.296442687747036
"HARBHOONDI","BAM1689",0.397915168943206
"HongZuiEr","BAM1689",0.334597327555074
"IndrabaruniDhan","BAM1689",0.325589706933524
"IR74371-54-1-1","BAM1689",0.318344679326406
"IR77298-14-1-2-10","BAM1689",0.318526543878657
"IR77298-5-6-18","BAM1689",0.315685570710696
"IR83383-B-B-129-4","BAM1689",0.32158273381295
"IR83388-B-B108-3","BAM1689",0.314521926671459
"IR87707-445-B-B","BAM1689",0.317448943031172
"IR87707-446-B-B","BAM1689",0.311523082515449
"IRROEPYO","BAM1689",0.33228550295858
"KALINGA-1","BAM1689",0.312275664034458
"KANGRO","BAM1689",0.374642857142857
"KHAODAWTAI","BAM1689",0.399385838150289
"MANDRIRAVINA","BAM1689",0.374821173104435
"MAUDAMANI","BAM1689",0.397620764239366
"MOROBEREKAN","BAM1689",0.305779078273592
"MTU1010","BAM1689",0.322946685878963
"MTU9","BAM1689",0.376210979547901
"NERICA-L-26","BAM1689",0.334718208092486
"NERICA-L-42","BAM1689",0.336141986375045
"NERICA-L-44","BAM1689",0.321991404011461
"PARIJAT","BAM1689",0.331592219020173
"Patchaiperumal","BAM1689",0.28934191702432
"PEH-KUH-TSAO-TU","BAM1689",0.375223773720014
"PMK-2","BAM1689",0.307005003573981
"PRASAD-1","BAM1689",0.396155228171038
"PUSASUGANDH5","BAM1689",0.303046594982079
"PUSA1121","BAM1689",0.278324225865209
"Pusa1121-SN12","BAM1689",0.280080704328687
"PUSA44","BAM1689",0.331801470588235
"PUSABASMATI6","BAM1689",0.375452570601014
"PUSASUGANDH2","BAM1689",0.412732474964235
"RASI","BAM1689",0.312476860422066
"RKVY-104","BAM1689",0.193752257132539
"RKVY-143","BAM1689",0.291771019677996
"RKVY-28","BAM1689",0.201957940536621
"R-RF-44","BAM1689",0.320927723840345
"RRF-78","BAM1689",0.267638588912887
"Sadabahar","BAM1689",0.38
"SAFRI-17","BAM1689",0.400361663652803
"SAHBHAGIDHAN","BAM1689",0.328478964401295
"SATABHAMA","BAM1689",0.406395975565936
"SERATOES","BAM1689",0.222566532993073
"SERETY","BAM1689",0.37432771602725
"SHAKU","BAM1689",0.387382297551789
"SR1-3-1","BAM1689",0.394404332129964
"SUWEON","BAM1689",0.361393596986817
"SWARNA","BAM1689",0.323571945046999
"VANAPRAVA","BAM1689",0.195077813970322
"VANDANA","BAM1689",0.279566003616637
"Wayrarem","BAM1689",0.319848975188781
"281785","BAM1708",0.397944464478904
"282803","BAM1708",0.315497494631353
"299554","BAM1708",0.325743665075285
"356457","BAM1708",0.319266381766382
"376579","BAM1708",0.384491404011461
"376851","BAM1708",0.394945848375451
"377448","BAM1708",0.302555795536357
"377705","BAM1708",0.321748477248298
"384190","BAM1708",0.259964093357271
"426049","BAM1708",0.319285714285714
"438644","BAM1708",0.318378378378378
"ADAYSEL","BAM1708",0.239248283339357
"AbhayaXDagadesi","BAM1708",0.320531227566403
"ABHISEK","BAM1708",0.400036153289949
"ABOR-A-1","BAM1708",0.311599423631124
"ANJALI","BAM1708",0.411437791323055
"Annada","BAM1708",0.385822510822511
"Apo","BAM1708",0.315912356321839
"ARC10319","BAM1708",0.307415406767459
"ARC12071","BAM1708",0.379107142857143
"ARNAPURNA","BAM1708",0.408134141990724
"ASD16","BAM1708",0.40039554117224
"AUS257","BAM1708",0.395525081198123
"BAKAL","BAM1708",0.141820819731592
"BAM1057","BAM1708",0.192795076031861
"BAM1098","BAM1708",0.155234657039711
"BAM1659","BAM1708",0.392986918604651
"BAM1689","BAM1708",0.136544730170228
"BAM1708","BAM1708",0
"BAM1812","BAM1708",0.294498381877023
"BAM2096","BAM1708",0.395311381531854
"BAM2166","BAM1708",0.255835156819839
"BAM247","BAM1708",0.315591397849462
"BAM2574","BAM1708",0.384960516870065
"BAM2680","BAM1708",0.410963812253673
"BAM3154","BAM1708",0.309480566654559
"BAM3181","BAM1708",0.400467121810995
"BAM326","BAM1708",0.395077254761049
"BAM328","BAM1708",0.307388809182209
"BAM350","BAM1708",0.248577929465301
"BAM3690","BAM1708",0.316720837847598
"BAM4009","BAM1708",0.165041531238714
"BAM4054","BAM1708",0.4109246697608
"BAM4138","BAM1708",0.303448275862069
"BAM4168","BAM1708",0.349235251274581
"BAM4234","BAM1708",0.405677326625943
"BAM4254","BAM1708",0.407567567567568
"BAM4477","BAM1708",0.316792520676016
"BAM4496","BAM1708",0.309532309889325
"BAM4510","BAM1708",0.292929292929293
"BAM4521","BAM1708",0.259555879140881
"BAM4534","BAM1708",0.203304597701149
"BAM4797","BAM1708",0.369200571020699
"BAM491","BAM1708",0.240740740740741
"BAM4928","BAM1708",0.258757674250632
"BAM5110","BAM1708",0.412526997840173
"BAM56","BAM1708",0.24829198130169
"BAM5779","BAM1708",0.358802177858439
"BAM5850","BAM1708",0.205583756345178
"BAM6921","BAM1708",0.315014367816092
"BAM712","BAM1708",0.382437275985663
"BAM742","BAM1708",0.390072202166065
"BAM7429","BAM1708",0.313330937836867
"BAM7449","BAM1708",0.200581395348837
"BAM747","BAM1708",0.385848037450486
"BAM759","BAM1708",0.167863894139887
"BAM766","BAM1708",0.38858596873864
"BAM807","BAM1708",0.357168587896254
"BAM811","BAM1708",0.302943287867911
"BAM812","BAM1708",0.38826714801444
"BAM819","BAM1708",0.400650289017341
"BAM8296","BAM1708",0.313507703332139
"BAM8305","BAM1708",0.320101046553591
"BAM8315","BAM1708",0.340991316931983
"BAM8364","BAM1708",0.375946628200505
"BAMAWPYAN","BAM1708",0.27521770682148
"BENAMURI","BAM1708",0.401329978432782
"BLACKGORA","BAM1708",0.410880458124553
"CGR1656","BAM1708",0.313644524236984
"CGR1679","BAM1708",0.402259684361549
"CGR2012","BAM1708",0.391327815761065
"CO18","BAM1708",0.375447387258411
"CRDHAN-204","BAM1708",0.406575637800934
"CR143-2-2","BAM1708",0.315893563466379
"CR262-4","BAM1708",0.316911501254031
"CROSSA","BAM1708",0.395094880057286
"DULAR","BAM1708",0.184704184704185
"EYPO","BAM1708",0.278610603290676
"EYPO-2","BAM1708",0.397845601436266
"FULKATI","BAM1708",0.21304347826087
"Ghanteswari","BAM1708",0.315412186379928
"GHATIKAMMANANGARHAR","BAM1708",0.39625
"GotrabiDhan","BAM1708",0.314290830945559
"GP-145-37","BAM1708",0.397316636851521
"GP-145-51","BAM1708",0.319080129356809
"HARBHOONDI","BAM1708",0.408372260150916
"HongZuiEr","BAM1708",0.32202166064982
"IndrabaruniDhan","BAM1708",0.328566321058277
"IR74371-54-1-1","BAM1708",0.320150322118826
"IR77298-14-1-2-10","BAM1708",0.317984832069339
"IR77298-5-6-18","BAM1708",0.323761665470208
"IR83383-B-B-129-4","BAM1708",0.323877917414722
"IR83388-B-B108-3","BAM1708",0.317349137931034
"IR87707-445-B-B","BAM1708",0.32032927702219
"IR87707-446-B-B","BAM1708",0.328913912095895
"IRROEPYO","BAM1708",0.317694865164389
"KALINGA-1","BAM1708",0.320186446755109
"KANGRO","BAM1708",0.379992867332382
"KHAODAWTAI","BAM1708",0.403644893540238
"MANDRIRAVINA","BAM1708",0.374955277280859
"MAUDAMANI","BAM1708",0.399963950973324
"MOROBEREKAN","BAM1708",0.309776638593922
"MTU1010","BAM1708",0.326486486486486
"MTU9","BAM1708",0.381550610193826
"NERICA-L-26","BAM1708",0.323582520765619
"NERICA-L-42","BAM1708",0.322118826055834
"NERICA-L-44","BAM1708",0.325223613595707
"PARIJAT","BAM1708",0.321543985637343
"Patchaiperumal","BAM1708",0.290622763063708
"PEH-KUH-TSAO-TU","BAM1708",0.380143112701252
"PMK-2","BAM1708",0.311539835655591
"PRASAD-1","BAM1708",0.390445402298851
"PUSASUGANDH5","BAM1708",0.30089605734767
"PUSA1121","BAM1708",0.281705539358601
"Pusa1121-SN12","BAM1708",0.281055331623305
"PUSA44","BAM1708",0.323540213000367
"PUSABASMATI6","BAM1708",0.379391524809851
"PUSASUGANDH2","BAM1708",0.413447782546495
"RASI","BAM1708",0.318652849740933
"RKVY-104","BAM1708",0.189369369369369
"RKVY-143","BAM1708",0.316410439756882
"RKVY-28","BAM1708",0.188382193268187
"R-RF-44","BAM1708",0.326923076923077
"RRF-78","BAM1708",0.258986340762042
"Sadabahar","BAM1708",0.390068369917236
"SAFRI-17","BAM1708",0.400795084929527
"SAHBHAGIDHAN","BAM1708",0.32064631956912
"SATABHAMA","BAM1708",0.411997126436782
"SERATOES","BAM1708",0.207938820101967
"SERETY","BAM1708",0.37921146953405
"SHAKU","BAM1708",0.398308270676692
"SR1-3-1","BAM1708",0.406159942363112
"SUWEON","BAM1708",0.35456595264938
"SWARNA","BAM1708",0.326943942133816
"VANAPRAVA","BAM1708",0.191931982633864
"VANDANA","BAM1708",0.272103933597979
"Wayrarem","BAM1708",0.318165467625899
"281785","BAM1812",0.344846098783107
"282803","BAM1812",0.250532670454545
"299554","BAM1812",0.254638050200073
"356457","BAM1812",0.249205227834687
"376579","BAM1812",0.249201277955272
"376851","BAM1812",0.283691756272401
"377448","BAM1812",0.169228020014296
"377705","BAM1812",0.248311411304657
"384190","BAM1812",0.389739935874599
"426049","BAM1812",0.250442791356713
"438644","BAM1812",0.247313753581662
"ADAYSEL","BAM1812",0.283045977011494
"AbhayaXDagadesi","BAM1812",0.25951618641053
"ABHISEK","BAM1812",0.35154011461318
"ABOR-A-1","BAM1812",0.239728474455163
"ANJALI","BAM1812",0.348845470692718
"Annada","BAM1812",0.428316052913836
"Apo","BAM1812",0.265385983635717
"ARC10319","BAM1812",0.209942775393419
"ARC12071","BAM1812",0.317699115044248
"ARNAPURNA","BAM1812",0.290162774239207
"ASD16","BAM1812",0.324064171122995
"AUS257","BAM1812",0.337392550143267
"BAKAL","BAM1812",0.302090843547224
"BAM1057","BAM1812",0.31254493170381
"BAM1098","BAM1812",0.305435565154788
"BAM1659","BAM1812",0.324747838616715
"BAM1689","BAM1812",0.276618705035971
"BAM1708","BAM1812",0.294498381877023
"BAM1812","BAM1812",0
"BAM2096","BAM1812",0.31079162229322
"BAM2166","BAM1812",0.385548714233973
"BAM247","BAM1812",0.239153627311522
"BAM2574","BAM1812",0.236832740213523
"BAM2680","BAM1812",0.348630380647456
"BAM3154","BAM1812",0.214259992797983
"BAM3181","BAM1812",0.305664410402565
"BAM326","BAM1812",0.253654188948307
"BAM328","BAM1812",0.203591749644381
"BAM350","BAM1812",0.204631024096386
"BAM3690","BAM1812",0.232520616708498
"BAM4009","BAM1812",0.319619116061804
"BAM4054","BAM1812",0.334748761500354
"BAM4138","BAM1812",0.404496402877698
"BAM4168","BAM1812",0.37513552584026
"BAM4234","BAM1812",0.349073414112616
"BAM4254","BAM1812",0.350767583006069
"BAM4477","BAM1812",0.225053456878118
"BAM4496","BAM1812",0.207507082152975
"BAM4510","BAM1812",0.402111667859699
"BAM4521","BAM1812",0.388226796677501
"BAM4534","BAM1812",0.311941365749017
"BAM4797","BAM1812",0.281924301379554
"BAM491","BAM1812",0.172259907176009
"BAM4928","BAM1812",0.387912482065997
"BAM5110","BAM1812",0.337437544610992
"BAM56","BAM1812",0.38623395149786
"BAM5779","BAM1812",0.396043165467626
"BAM5850","BAM1812",0.311487216420598
"BAM6921","BAM1812",0.254989308624376
"BAM712","BAM1812",0.426716471006759
"BAM742","BAM1812",0.428239083750895
"BAM7429","BAM1812",0.155393378426486
"BAM7449","BAM1812",0.310630630630631
"BAM747","BAM1812",0.427857142857143
"BAM759","BAM1812",0.273751408186256
"BAM766","BAM1812",0.426486486486486
"BAM807","BAM1812",0.391911238367931
"BAM811","BAM1812",0.230796586059744
"BAM812","BAM1812",0.328740157480315
"BAM819","BAM1812",0.332796276405299
"BAM8296","BAM1812",0.25540971975878
"BAM8305","BAM1812",0.262015781922525
"BAM8315","BAM1812",0.409888928699391
"BAM8364","BAM1812",0.351216022889843
"BAMAWPYAN","BAM1812",0.397837837837838
"BENAMURI","BAM1812",0.289023521026372
"BLACKGORA","BAM1812",0.336586231369766
"CGR1656","BAM1812",0.18188302425107
"CGR1679","BAM1812",0.255958733546781
"CGR2012","BAM1812",0.231824661439772
"CO18","BAM1812",0.310748492373182
"CRDHAN-204","BAM1812",0.346756949394155
"CR143-2-2","BAM1812",0.254723707664884
"CR262-4","BAM1812",0.254888019907572
"CROSSA","BAM1812",0.247424511545293
"DULAR","BAM1812",0.314874551971326
"EYPO","BAM1812",0.231955023576351
"EYPO-2","BAM1812",0.336894586894587
"FULKATI","BAM1812",0.313869924541861
"Ghanteswari","BAM1812",0.222143364088006
"GHATIKAMMANANGARHAR","BAM1812",0.331856839121191
"GotrabiDhan","BAM1812",0.241569045083422
"GP-145-37","BAM1812",0.259744861800142
"GP-145-51","BAM1812",0.15211970074813
"HARBHOONDI","BAM1812",0.348538845331433
"HongZuiEr","BAM1812",0.227272727272727
"IndrabaruniDhan","BAM1812",0.234929078014184
"IR74371-54-1-1","BAM1812",0.254609929078014
"IR77298-14-1-2-10","BAM1812",0.251969914040115
"IR77298-5-6-18","BAM1812",0.263064344116602
"IR83383-B-B-129-4","BAM1812",0.276550249465431
"IR83388-B-B108-3","BAM1812",0.24270462633452
"IR87707-445-B-B","BAM1812",0.263578274760383
"IR87707-446-B-B","BAM1812",0.249910104279036
"IRROEPYO","BAM1812",0.385630498533724
"KALINGA-1","BAM1812",0.227676983279972
"KANGRO","BAM1812",0.316124469589816
"KHAODAWTAI","BAM1812",0.331842576028623
"MANDRIRAVINA","BAM1812",0.310571124512238
"MAUDAMANI","BAM1812",0.335954253037884
"MOROBEREKAN","BAM1812",0.355507088331516
"MTU1010","BAM1812",0.260185847033595
"MTU9","BAM1812",0.319701280227596
"NERICA-L-26","BAM1812",0.25697924123121
"NERICA-L-42","BAM1812",0.260830965909091
"NERICA-L-44","BAM1812",0.241141034727144
"PARIJAT","BAM1812",0.252941176470588
"Patchaiperumal","BAM1812",0.193016660758596
"PEH-KUH-TSAO-TU","BAM1812",0.316442239546421
"PMK-2","BAM1812",0.237140830081589
"PRASAD-1","BAM1812",0.346935138987883
"PUSASUGANDH5","BAM1812",0.257624113475177
"PUSA1121","BAM1812",0.290538100397255
"Pusa1121-SN12","BAM1812",0.29015261627907
"PUSA44","BAM1812",0.256199854121079
"PUSABASMATI6","BAM1812",0.380610412926391
"PUSASUGANDH2","BAM1812",0.331973030518098
"RASI","BAM1812",0.252380952380952
"RKVY-104","BAM1812",0.311604584527221
"RKVY-143","BAM1812",0.152482269503546
"RKVY-28","BAM1812",0.297807332854062
"R-RF-44","BAM1812",0.248398576512456
"RRF-78","BAM1812",0.275320970042796
"Sadabahar","BAM1812",0.301426024955437
"SAFRI-17","BAM1812",0.339068100358423
"SAHBHAGIDHAN","BAM1812",0.252226576416103
"SATABHAMA","BAM1812",0.340860597439545
"SERATOES","BAM1812",0.31500904159132
"SERETY","BAM1812",0.317649147727273
"SHAKU","BAM1812",0.354929051530993
"SR1-3-1","BAM1812",0.34620886981402
"SUWEON","BAM1812",0.354484555266096
"SWARNA","BAM1812",0.240501792114695
"VANAPRAVA","BAM1812",0.313961856783015
"VANDANA","BAM1812",0.288578589330469
"Wayrarem","BAM1812",0.266215253029223
"281785","BAM2096",0.238821859474805
"282803","BAM2096",0.351375176304654
"299554","BAM2096",0.368297101449275
"356457","BAM2096",0.351299157303371
"376579","BAM2096",0.198552770914225
"376851","BAM2096",0.171824973319104
"377448","BAM2096",0.305752840909091
"377705","BAM2096",0.364439731353835
"384190","BAM2096",0.288998938804386
"426049","BAM2096",0.350299401197605
"438644","BAM2096",0.3459209120057
"ADAYSEL","BAM2096",0.362173757597426
"AbhayaXDagadesi","BAM2096",0.362044570215776
"ABHISEK","BAM2096",0.249021700462469
"ABOR-A-1","BAM2096",0.352450284090909
"ANJALI","BAM2096",0.238078417520311
"Annada","BAM2096",0.363264580369844
"Apo","BAM2096",0.355980184005662
"ARC10319","BAM2096",0.335648148148148
"ARC12071","BAM2096",0.211849507735584
"ARNAPURNA","BAM2096",0.2054890921886
"ASD16","BAM2096",0.233439603258944
"AUS257","BAM2096",0.25408670931059
"BAKAL","BAM2096",0.396774193548387
"BAM1057","BAM2096",0.383708467309753
"BAM1098","BAM2096",0.409627773801002
"BAM1659","BAM2096",0.211428571428571
"BAM1689","BAM2096",0.386599785023289
"BAM1708","BAM2096",0.395311381531854
"BAM1812","BAM2096",0.31079162229322
"BAM2096","BAM2096",0
"BAM2166","BAM2096",0.304097771387491
"BAM247","BAM2096",0.338287331917905
"BAM2574","BAM2096",0.194238246730293
"BAM2680","BAM2096",0.256175017642908
"BAM3154","BAM2096",0.31077694235589
"BAM3181","BAM2096",0.209026548672566
"BAM326","BAM2096",0.169611307420495
"BAM328","BAM2096",0.294200848656294
"BAM350","BAM2096",0.336776859504132
"BAM3690","BAM2096",0.355436720142603
"BAM4009","BAM2096",0.405892857142857
"BAM4054","BAM2096",0.232852620471333
"BAM4138","BAM2096",0.294674767691208
"BAM4168","BAM2096",0.269644779332616
"BAM4234","BAM2096",0.259639193491334
"BAM4254","BAM2096",0.259765625
"BAM4477","BAM2096",0.348651525904897
"BAM4496","BAM2096",0.312544045102185
"BAM4510","BAM2096",0.286298932384342
"BAM4521","BAM2096",0.286073223259153
"BAM4534","BAM2096",0.381924715909091
"BAM4797","BAM2096",0.204146170063247
"BAM491","BAM2096",0.338549075391181
"BAM4928","BAM2096",0.2872150997151
"BAM5110","BAM2096",0.241312056737589
"BAM56","BAM2096",0.292834338417879
"BAM5779","BAM2096",0.313683458377992
"BAM5850","BAM2096",0.390619405657
"BAM6921","BAM2096",0.360411493437389
"BAM712","BAM2096",0.359413634758036
"BAM742","BAM2096",0.361615083600142
"BAM7429","BAM2096",0.280198370527807
"BAM7449","BAM2096",0.385181198421241
"BAM747","BAM2096",0.358637814827953
"BAM759","BAM2096",0.382144191258872
"BAM766","BAM2096",0.359492313192706
"BAM807","BAM2096",0.311967329545455
"BAM811","BAM2096",0.347949080622348
"BAM812","BAM2096",0.237215909090909
"BAM819","BAM2096",0.255417406749556
"BAM8296","BAM2096",0.356135401974612
"BAM8305","BAM2096",0.364138176638177
"BAM8315","BAM2096",0.323948681397006
"BAM8364","BAM2096",0.240938166311301
"BAMAWPYAN","BAM2096",0.283309455587393
"BENAMURI","BAM2096",0.2039589961117
"BLACKGORA","BAM2096",0.22693661971831
"CGR1656","BAM2096",0.315201984408221
"CGR1679","BAM2096",0.179378531073446
"CGR2012","BAM2096",0.18312101910828
"CO18","BAM2096",0.215368346845259
"CRDHAN-204","BAM2096",0.256723283793348
"CR143-2-2","BAM2096",0.352711804324708
"CR262-4","BAM2096",0.347418670438472
"CROSSA","BAM2096",0.180985915492958
"DULAR","BAM2096",0.389344262295082
"EYPO","BAM2096",0.335616438356164
"EYPO-2","BAM2096",0.242402826855124
"FULKATI","BAM2096",0.374955341193283
"Ghanteswari","BAM2096",0.348763250883392
"GHATIKAMMANANGARHAR","BAM2096",0.252550123109392
"GotrabiDhan","BAM2096",0.340395480225989
"GP-145-37","BAM2096",0.183403805496829
"GP-145-51","BAM2096",0.291031549096065
"HARBHOONDI","BAM2096",0.251327433628319
"HongZuiEr","BAM2096",0.343772241992883
"IndrabaruniDhan","BAM2096",0.334802538787024
"IR74371-54-1-1","BAM2096",0.351093860268172
"IR77298-14-1-2-10","BAM2096",0.351336898395722
"IR77298-5-6-18","BAM2096",0.376857749469214
"IR83383-B-B-129-4","BAM2096",0.368980169971671
"IR83388-B-B108-3","BAM2096",0.353149327671621
"IR87707-445-B-B","BAM2096",0.370017636684303
"IR87707-446-B-B","BAM2096",0.353972798854689
"IRROEPYO","BAM2096",0.271355870592512
"KALINGA-1","BAM2096",0.334924001413927
"KANGRO","BAM2096",0.211349262122277
"KHAODAWTAI","BAM2096",0.239964476021314
"MANDRIRAVINA","BAM2096",0.216097217330046
"MAUDAMANI","BAM2096",0.22854609929078
"MOROBEREKAN","BAM2096",0.454644018792916
"MTU1010","BAM2096",0.366607460035524
"MTU9","BAM2096",0.211939244083363
"NERICA-L-26","BAM2096",0.350961538461538
"NERICA-L-42","BAM2096",0.354115153655952
"NERICA-L-44","BAM2096",0.354975299929428
"PARIJAT","BAM2096",0.347980155917789
"Patchaiperumal","BAM2096",0.301270737733851
"PEH-KUH-TSAO-TU","BAM2096",0.21010919337795
"PMK-2","BAM2096",0.34994716449454
"PRASAD-1","BAM2096",0.247346072186836
"PUSASUGANDH5","BAM2096",0.362866219555242
"PUSA1121","BAM2096",0.397911415196255
"Pusa1121-SN12","BAM2096",0.402461093014839
"PUSA44","BAM2096",0.356884057971015
"PUSABASMATI6","BAM2096",0.275302922309337
"PUSASUGANDH2","BAM2096",0.225749559082892
"RASI","BAM2096",0.358552631578947
"RKVY-104","BAM2096",0.408880171184023
"RKVY-143","BAM2096",0.276622002820874
"RKVY-28","BAM2096",0.397106109324759
"R-RF-44","BAM2096",0.358383551931939
"RRF-78","BAM2096",0.375133025895708
"Sadabahar","BAM2096",0.152073732718894
"SAFRI-17","BAM2096",0.242176386913229
"SAHBHAGIDHAN","BAM2096",0.342897626638328
"SATABHAMA","BAM2096",0.240112994350282
"SERATOES","BAM2096",0.386167146974063
"SERETY","BAM2096",0.211009174311927
"SHAKU","BAM2096",0.269387755102041
"SR1-3-1","BAM2096",0.249023090586146
"SUWEON","BAM2096",0.26231937754724
"SWARNA","BAM2096",0.329233511586453
"VANAPRAVA","BAM2096",0.384849570200573
"VANDANA","BAM2096",0.368937232524964
"Wayrarem","BAM2096",0.360588861298333
"281785","BAM2166",0.305605786618445
"282803","BAM2166",0.400143936667866
"299554","BAM2166",0.421072088724584
"356457","BAM2166",0.401827302042279
"376579","BAM2166",0.2819359481828
"376851","BAM2166",0.291274438812455
"377448","BAM2166",0.394010889292196
"377705","BAM2166",0.402958152958153
"384190","BAM2166",0.165705012621709
"426049","BAM2166",0.400718132854578
"438644","BAM2166",0.397818181818182
"ADAYSEL","BAM2166",0.330721574344023
"AbhayaXDagadesi","BAM2166",0.40643063583815
"ABHISEK","BAM2166",0.303629764065336
"ABOR-A-1","BAM2166",0.389130434782609
"ANJALI","BAM2166",0.30803893294881
"Annada","BAM2166",0.283128167994207
"Apo","BAM2166",0.399638989169675
"ARC10319","BAM2166",0.392960812772134
"ARC12071","BAM2166",0.288020086083214
"ARNAPURNA","BAM2166",0.306838524883638
"ASD16","BAM2166",0.300361010830325
"AUS257","BAM2166",0.305404425099746
"BAKAL","BAM2166",0.270596850970341
"BAM1057","BAM2166",0.313639679066375
"BAM1098","BAM2166",0.216788321167883
"BAM1659","BAM2166",0.306386861313869
"BAM1689","BAM2166",0.261965655827548
"BAM1708","BAM2166",0.255835156819839
"BAM1812","BAM2166",0.385548714233973
"BAM2096","BAM2166",0.304097771387491
"BAM2166","BAM2166",0
"BAM247","BAM2166",0.397797038642109
"BAM2574","BAM2166",0.282859200576161
"BAM2680","BAM2166",0.302844796543032
"BAM3154","BAM2166",0.400328587075575
"BAM3181","BAM2166",0.303358613217768
"BAM326","BAM2166",0.293544897223224
"BAM328","BAM2166",0.392238267148014
"BAM350","BAM2166",0.357252200535783
"BAM3690","BAM2166",0.402367941712204
"BAM4009","BAM2166",0.263570127504554
"BAM4054","BAM2166",0.306492109038737
"BAM4138","BAM2166",0.214363835216916
"BAM4168","BAM2166",0.259320175438597
"BAM4234","BAM2166",0.303674351585014
"BAM4254","BAM2166",0.304410701373825
"BAM4477","BAM2166",0.396489323199421
"BAM4496","BAM2166",0.398274622573688
"BAM4510","BAM2166",0.22057225642883
"BAM4521","BAM2166",0.170069267225665
"BAM4534","BAM2166",0.321234119782214
"BAM4797","BAM2166",0.273068669527897
"BAM491","BAM2166",0.357013410656035
"BAM4928","BAM2166",0.149800507798332
"BAM5110","BAM2166",0.3124773960217
"BAM56","BAM2166",0.185513005780347
"BAM5779","BAM2166",0.256190823015295
"BAM5850","BAM2166",0.324881430134987
"BAM6921","BAM2166",0.412020275162925
"BAM712","BAM2166",0.27995681899964
"BAM742","BAM2166",0.285843920145191
"BAM7429","BAM2166",0.397760115606936
"BAM7449","BAM2166",0.318098720292505
"BAM747","BAM2166",0.280888728323699
"BAM759","BAM2166",0.313714285714286
"BAM766","BAM2166",0.282719650018228
"BAM807","BAM2166",0.253260869565217
"BAM811","BAM2166",0.395344640923854
"BAM812","BAM2166",0.294416243654822
"BAM819","BAM2166",0.305907937658572
"BAM8296","BAM2166",0.406733885487937
"BAM8305","BAM2166",0.413486005089059
"BAM8315","BAM2166",0.241090909090909
"BAM8364","BAM2166",0.273878437047757
"BAMAWPYAN","BAM2166",0.1816029143898
"BENAMURI","BAM2166",0.299494219653179
"BLACKGORA","BAM2166",0.297772988505747
"CGR1656","BAM2166",0.398302023121387
"CGR1679","BAM2166",0.297297297297297
"CGR2012","BAM2166",0.301699204627621
"CO18","BAM2166",0.288793103448276
"CRDHAN-204","BAM2166",0.316985214569059
"CR143-2-2","BAM2166",0.405899384726746
"CR262-4","BAM2166",0.402020931071815
"CROSSA","BAM2166",0.29960460100647
"DULAR","BAM2166",0.29322897706589
"EYPO","BAM2166",0.350515463917526
"EYPO-2","BAM2166",0.294160057678443
"FULKATI","BAM2166",0.321793002915452
"Ghanteswari","BAM2166",0.400432120993878
"GHATIKAMMANANGARHAR","BAM2166",0.297093649085038
"GotrabiDhan","BAM2166",0.398485394879192
"GP-145-37","BAM2166",0.296835670622078
"GP-145-51","BAM2166",0.396745027124774
"HARBHOONDI","BAM2166",0.311868686868687
"HongZuiEr","BAM2166",0.397240377632535
"IndrabaruniDhan","BAM2166",0.410694994598488
"IR74371-54-1-1","BAM2166",0.400107991360691
"IR77298-14-1-2-10","BAM2166",0.406659388646288
"IR77298-5-6-18","BAM2166",0.40812274368231
"IR83383-B-B-129-4","BAM2166",0.400795084929527
"IR83388-B-B108-3","BAM2166",0.397903867003975
"IR87707-445-B-B","BAM2166",0.401978417266187
"IR87707-446-B-B","BAM2166",0.413654618473896
"IRROEPYO","BAM2166",0.232566765578635
"KALINGA-1","BAM2166",0.402888086642599
"KANGRO","BAM2166",0.289426523297491
"KHAODAWTAI","BAM2166",0.298515568428675
"MANDRIRAVINA","BAM2166",0.288613505747126
"MAUDAMANI","BAM2166",0.305615942028985
"MOROBEREKAN","BAM2166",0.369420877904832
"MTU1010","BAM2166",0.405831220572256
"MTU9","BAM2166",0.29127613554434
"NERICA-L-26","BAM2166",0.413517441860465
"NERICA-L-42","BAM2166",0.414563806777217
"NERICA-L-44","BAM2166",0.408207343412527
"PARIJAT","BAM2166",0.407889974665219
"Patchaiperumal","BAM2166",0.385487936622254
"PEH-KUH-TSAO-TU","BAM2166",0.289644012944984
"PMK-2","BAM2166",0.387090974469615
"PRASAD-1","BAM2166",0.290899241603467
"PUSASUGANDH5","BAM2166",0.384504504504504
"PUSA1121","BAM2166",0.357064220183486
"Pusa1121-SN12","BAM2166",0.358118081180812
"PUSA44","BAM2166",0.40950976778474
"PUSABASMATI6","BAM2166",0.27987649836542
"PUSASUGANDH2","BAM2166",0.319064748201439
"RASI","BAM2166",0.401340282948622
"RKVY-104","BAM2166",0.281477438136827
"RKVY-143","BAM2166",0.391609650702197
"RKVY-28","BAM2166",0.309454545454545
"R-RF-44","BAM2166",0.411030741410488
"RRF-78","BAM2166",0.362106406080347
"Sadabahar","BAM2166",0.294862518089725
"SAFRI-17","BAM2166",0.305737109658678
"SAHBHAGIDHAN","BAM2166",0.403616636528029
"SATABHAMA","BAM2166",0.309661139149243
"SERATOES","BAM2166",0.326422018348624
"SERETY","BAM2166",0.28794964028777
"SHAKU","BAM2166",0.292234848484848
"SR1-3-1","BAM2166",0.295586107091172
"SUWEON","BAM2166",0.226757369614512
"SWARNA","BAM2166",0.415272727272727
"VANAPRAVA","BAM2166",0.316125501641737
"VANDANA","BAM2166",0.381636363636364
"Wayrarem","BAM2166",0.402386117136659
"281785","BAM247",0.302425106990014
"282803","BAM247",0.201521585279547
"299554","BAM247",0.229552889858233
"356457","BAM247",0.180794934927893
"376579","BAM247",0.342720510095643
"376851","BAM247",0.335596854896354
"377448","BAM247",0.233689839572192
"377705","BAM247",0.196883852691218
"384190","BAM247",0.416991841078397
"426049","BAM247",0.179668196258383
"438644","BAM247",0.204529243937232
"ADAYSEL","BAM247",0.275466284074605
"AbhayaXDagadesi","BAM247",0.213094393186657
"ABHISEK","BAM247",0.32399143163156
"ABOR-A-1","BAM247",0.20821479374111
"ANJALI","BAM247",0.309667138810198
"Annada","BAM247",0.441910192444761
"Apo","BAM247",0.251063829787234
"ARC10319","BAM247",0.239021777936451
"ARC12071","BAM247",0.321516754850088
"ARNAPURNA","BAM247",0.310515172900494
"ASD16","BAM247",0.30952380952381
"AUS257","BAM247",0.339700107104606
"BAKAL","BAM247",0.319359481827996
"BAM1057","BAM247",0.317676586590176
"BAM1098","BAM247",0.317790530846485
"BAM1659","BAM247",0.332734459216673
"BAM1689","BAM247",0.31635581061693
"BAM1708","BAM247",0.315591397849462
"BAM1812","BAM247",0.239153627311522
"BAM2096","BAM247",0.338287331917905
"BAM2166","BAM247",0.397797038642109
"BAM247","BAM247",0
"BAM2574","BAM247",0.33635072772453
"BAM2680","BAM247",0.295180722891566
"BAM3154","BAM247",0.217898134863702
"BAM3181","BAM247",0.328952042628774
"BAM326","BAM247",0.32753108348135
"BAM328","BAM247",0.234148069429685
"BAM350","BAM247",0.267043314500942
"BAM3690","BAM247",0.216738197424893
"BAM4009","BAM247",0.33345259391771
"BAM4054","BAM247",0.300635144671842
"BAM4138","BAM247",0.427905308464849
"BAM4168","BAM247",0.380266474612892
"BAM4234","BAM247",0.310767590618337
"BAM4254","BAM247",0.310700319943121
"BAM4477","BAM247",0.202914001421464
"BAM4496","BAM247",0.223870056497175
"BAM4510","BAM247",0.410829163688349
"BAM4521","BAM247",0.411923631123919
"BAM4534","BAM247",0.326505165657285
"BAM4797","BAM247",0.33615520282187
"BAM491","BAM247",0.270521056388294
"BAM4928","BAM247",0.399213724088635
"BAM5110","BAM247",0.31661330487371
"BAM56","BAM247",0.405193881181074
"BAM5779","BAM247",0.401327592393254
"BAM5850","BAM247",0.3362594052311
"BAM6921","BAM247",0.224928876244666
"BAM712","BAM247",0.438407079646018
"BAM742","BAM247",0.438837375178317
"BAM7429","BAM247",0.239539007092199
"BAM7449","BAM247",0.325556353194544
"BAM747","BAM247",0.441835645677695
"BAM759","BAM247",0.264870931537598
"BAM766","BAM247",0.438262742282843
"BAM807","BAM247",0.399643493761141
"BAM811","BAM247",0.238112136266856
"BAM812","BAM247",0.332798001427552
"BAM819","BAM247",0.290121255349501
"BAM8296","BAM247",0.220629865534324
"BAM8305","BAM247",0.199678800856531
"BAM8315","BAM247",0.42274678111588
"BAM8364","BAM247",0.327156094084106
"BAMAWPYAN","BAM247",0.411880832735104
"BENAMURI","BAM247",0.326704545454545
"BLACKGORA","BAM247",0.314245316366207
"CGR1656","BAM247",0.227111426543648
"CGR1679","BAM247",0.335164835164835
"CGR2012","BAM247",0.337122557726465
"CO18","BAM247",0.321832979476292
"CRDHAN-204","BAM247",0.322454771195459
"CR143-2-2","BAM247",0.250355618776671
"CR262-4","BAM247",0.25070821529745
"CROSSA","BAM247",0.331093031482137
"DULAR","BAM247",0.326950608446671
"EYPO","BAM247",0.247742867461177
"EYPO-2","BAM247",0.307842441447835
"FULKATI","BAM247",0.327777777777778
"Ghanteswari","BAM247",0.209454674220963
"GHATIKAMMANANGARHAR","BAM247",0.305545743553515
"GotrabiDhan","BAM247",0.038881069669247
"GP-145-37","BAM247",0.333864118895966
"GP-145-51","BAM247",0.240063875088715
"HARBHOONDI","BAM247",0.335701598579041
"HongZuiEr","BAM247",0.210845522654299
"IndrabaruniDhan","BAM247",0.20859872611465
"IR74371-54-1-1","BAM247",0.248584571832979
"IR77298-14-1-2-10","BAM247",0.2310443490701
"IR77298-5-6-18","BAM247",0.215272856130404
"IR83383-B-B-129-4","BAM247",0.213600852272727
"IR83388-B-B108-3","BAM247",0.221000354735722
"IR87707-445-B-B","BAM247",0.211382113821138
"IR87707-446-B-B","BAM247",0.211234745154343
"IRROEPYO","BAM247",0.38485401459854
"KALINGA-1","BAM247",0.204182913860333
"KANGRO","BAM247",0.319591261451727
"KHAODAWTAI","BAM247",0.315686274509804
"MANDRIRAVINA","BAM247",0.322552138564864
"MAUDAMANI","BAM247",0.31945926716471
"MOROBEREKAN","BAM247",0.366401158580739
"MTU1010","BAM247",0.201564166370423
"MTU9","BAM247",0.324769666902906
"NERICA-L-26","BAM247",0.236428571428571
"NERICA-L-42","BAM247",0.238837703756201
"NERICA-L-44","BAM247",0.210805084745763
"PARIJAT","BAM247",0.219005328596803
"Patchaiperumal","BAM247",0.23824673029339
"PEH-KUH-TSAO-TU","BAM247",0.319194061505832
"PMK-2","BAM247",0.209893992932862
"PRASAD-1","BAM247",0.308374733853797
"PUSASUGANDH5","BAM247",0.238499646142958
"PUSA1121","BAM247",0.310151734104046
"Pusa1121-SN12","BAM247",0.299492385786802
"PUSA44","BAM247",0.182842602689931
"PUSABASMATI6","BAM247",0.359369401648155
"PUSASUGANDH2","BAM247",0.306753889674682
"RASI","BAM247",0.222567666422824
"RKVY-104","BAM247",0.332738307747233
"RKVY-143","BAM247",0.233097345132743
"RKVY-28","BAM247",0.318409742120344
"R-RF-44","BAM247",0.218672346467874
"RRF-78","BAM247",0.222321110715557
"Sadabahar","BAM247",0.326868327402135
"SAFRI-17","BAM247",0.306497679400214
"SAHBHAGIDHAN","BAM247",0.217962371317004
"SATABHAMA","BAM247",0.330258957076978
"SERATOES","BAM247",0.333633741888969
"SERETY","BAM247",0.321529745042493
"SHAKU","BAM247",0.363416449572013
"SR1-3-1","BAM247",0.330242510699001
"SUWEON","BAM247",0.339285714285714
"SWARNA","BAM247",0.231855559528066
"VANAPRAVA","BAM247",0.316582914572864
"VANDANA","BAM247",0.28180843459614
"Wayrarem","BAM247",0.253112771255781
"281785","BAM2574",0.237722419928826
"282803","BAM2574",0.349734513274336
"299554","BAM2574",0.349018895348837
"356457","BAM2574",0.328757479760648
"376579","BAM2574",0.158881811748054
"376851","BAM2574",0.179016743854649
"377448","BAM2574",0.268723252496434
"377705","BAM2574",0.344271018091522
"384190","BAM2574",0.290528556225612
"426049","BAM2574",0.326861983762796
"438644","BAM2574",0.343995711222302
"ADAYSEL","BAM2574",0.374775744528167
"AbhayaXDagadesi","BAM2574",0.354580965909091
"ABHISEK","BAM2574",0.245632798573975
"ABOR-A-1","BAM2574",0.342582710779082
"ANJALI","BAM2574",0.249911441728657
"Annada","BAM2574",0.348360655737705
"Apo","BAM2574",0.348420305289315
"ARC10319","BAM2574",0.311852909675116
"ARC12071","BAM2574",0.214411557434813
"ARNAPURNA","BAM2574",0.200105596620908
"ASD16","BAM2574",0.222320794889993
"AUS257","BAM2574",0.229315263908702
"BAKAL","BAM2574",0.372750179985601
"BAM1057","BAM2574",0.387813620071685
"BAM1098","BAM2574",0.384422110552764
"BAM1659","BAM2574",0.211262553802009
"BAM1689","BAM2574",0.373070017953321
"BAM1708","BAM2574",0.384960516870065
"BAM1812","BAM2574",0.236832740213523
"BAM2096","BAM2574",0.194238246730293
"BAM2166","BAM2574",0.282859200576161
"BAM247","BAM2574",0.33635072772453
"BAM2574","BAM2574",0
"BAM2680","BAM2574",0.234253361641897
"BAM3154","BAM2574",0.313824057450628
"BAM3181","BAM2574",0.208348134991119
"BAM326","BAM2574",0.158566867683576
"BAM328","BAM2574",0.316601631784321
"BAM350","BAM2574",0.316472358029334
"BAM3690","BAM2574",0.347077805665113
"BAM4009","BAM2574",0.400752418487997
"BAM4054","BAM2574",0.224277660324172
"BAM4138","BAM2574",0.303981348637016
"BAM4168","BAM2574",0.283710895361381
"BAM4234","BAM2574",0.25177304964539
"BAM4254","BAM2574",0.253290643898968
"BAM4477","BAM2574",0.341402634389462
"BAM4496","BAM2574",0.312654648285613
"BAM4510","BAM2574",0.291547788873039
"BAM4521","BAM2574",0.288004322766571
"BAM4534","BAM2574",0.401712450945416
"BAM4797","BAM2574",0.175537539654565
"BAM491","BAM2574",0.323592302209551
"BAM4928","BAM2574",0.272305496074233
"BAM5110","BAM2574",0.228403839317455
"BAM56","BAM2574",0.282794169925347
"BAM5779","BAM2574",0.283972750089638
"BAM5850","BAM2574",0.396588868940754
"BAM6921","BAM2574",0.352187833511206
"BAM712","BAM2574",0.344026940801134
"BAM742","BAM2574",0.350053552302749
"BAM7429","BAM2574",0.260468417317246
"BAM7449","BAM2574",0.397878460985257
"BAM747","BAM2574",0.346797153024911
"BAM759","BAM2574",0.375515560554931
"BAM766","BAM2574",0.348060344827586
"BAM807","BAM2574",0.282608695652174
"BAM811","BAM2574",0.341554293825408
"BAM812","BAM2574",0.234330484330484
"BAM819","BAM2574",0.225961538461538
"BAM8296","BAM2574",0.340056617126681
"BAM8305","BAM2574",0.357755539671194
"BAM8315","BAM2574",0.317125491598141
"BAM8364","BAM2574",0.250445632798574
"BAMAWPYAN","BAM2574",0.293548387096774
"BENAMURI","BAM2574",0.196700957786449
"BLACKGORA","BAM2574",0.225265017667845
"CGR1656","BAM2574",0.306147832267235
"CGR1679","BAM2574",0.151735127478754
"CGR2012","BAM2574",0.156748140276302
"CO18","BAM2574",0.211280056577086
"CRDHAN-204","BAM2574",0.237606232294618
"CR143-2-2","BAM2574",0.350942725008894
"CR262-4","BAM2574",0.344913151364764
"CROSSA","BAM2574",0.156592435489572
"DULAR","BAM2574",0.396779964221825
"EYPO","BAM2574",0.332128659197687
"EYPO-2","BAM2574",0.236096351399221
"FULKATI","BAM2574",0.395123700250986
"Ghanteswari","BAM2574",0.327243703440936
"GHATIKAMMANANGARHAR","BAM2574",0.231285310734463
"GotrabiDhan","BAM2574",0.33634431455898
"GP-145-37","BAM2574",0.158136251323685
"GP-145-51","BAM2574",0.265552790615002
"HARBHOONDI","BAM2574",0.244318181818182
"HongZuiEr","BAM2574",0.341907824222937
"IndrabaruniDhan","BAM2574",0.328556263269639
"IR74371-54-1-1","BAM2574",0.350653941322022
"IR77298-14-1-2-10","BAM2574",0.35806220951019
"IR77298-5-6-18","BAM2574",0.358156028368794
"IR83383-B-B-129-4","BAM2574",0.363442389758179
"IR83388-B-B108-3","BAM2574",0.346714031971581
"IR87707-445-B-B","BAM2574",0.356384860275911
"IR87707-446-B-B","BAM2574",0.348348887293611
"IRROEPYO","BAM2574",0.275528811086798
"KALINGA-1","BAM2574",0.326588569400071
"KANGRO","BAM2574",0.212548466690166
"KHAODAWTAI","BAM2574",0.220619658119658
"MANDRIRAVINA","BAM2574",0.212597035991531
"MAUDAMANI","BAM2574",0.223389106443574
"MOROBEREKAN","BAM2574",0.444142183532826
"MTU1010","BAM2574",0.353202846975089
"MTU9","BAM2574",0.213323883770376
"NERICA-L-26","BAM2574",0.347569692637598
"NERICA-L-42","BAM2574",0.351648351648352
"NERICA-L-44","BAM2574",0.339943342776204
"PARIJAT","BAM2574",0.344005691924582
"Patchaiperumal","BAM2574",0.299009200283086
"PEH-KUH-TSAO-TU","BAM2574",0.21239406779661
"PMK-2","BAM2574",0.34022622834924
"PRASAD-1","BAM2574",0.233309659090909
"PUSASUGANDH5","BAM2574",0.361849096705632
"PUSA1121","BAM2574",0.376128566269411
"Pusa1121-SN12","BAM2574",0.384531590413943
"PUSA44","BAM2574",0.339318099383388
"PUSABASMATI6","BAM2574",0.271979985704074
"PUSASUGANDH2","BAM2574",0.224991162955108
"RASI","BAM2574",0.34481495053133
"RKVY-104","BAM2574",0.404966059306895
"RKVY-143","BAM2574",0.261061946902655
"RKVY-28","BAM2574",0.388709677419355
"R-RF-44","BAM2574",0.348027017419125
"RRF-78","BAM2574",0.370502315639473
"Sadabahar","BAM2574",0.186988979736936
"SAFRI-17","BAM2574",0.233499821619693
"SAHBHAGIDHAN","BAM2574",0.339139708496267
"SATABHAMA","BAM2574",0.237411347517731
"SERATOES","BAM2574",0.397000361402241
"SERETY","BAM2574",0.209351753453773
"SHAKU","BAM2574",0.244237918215613
"SR1-3-1","BAM2574",0.237433155080214
"SUWEON","BAM2574",0.248421834385444
"SWARNA","BAM2574",0.333631484794276
"VANAPRAVA","BAM2574",0.389148401006108
"VANDANA","BAM2574",0.378668575518969
"Wayrarem","BAM2574",0.351245551601423
"281785","BAM2680",0.19925346605048
"282803","BAM2680",0.306537102473498
"299554","BAM2680",0.347519014849692
"356457","BAM2680",0.287271448663854
"376579","BAM2680",0.240983026874116
"376851","BAM2680",0.233071988595866
"377448","BAM2680",0.348414677591735
"377705","BAM2680",0.137119603680113
"384190","BAM2680",0.312943262411348
"426049","BAM2680",0.286067019400353
"438644","BAM2680",0.299357372367012
"ADAYSEL","BAM2680",0.37804441260745
"AbhayaXDagadesi","BAM2680",0.313009571074087
"ABHISEK","BAM2680",0.225507659422871
"ABOR-A-1","BAM2680",0.297191610380377
"ANJALI","BAM2680",0.210544939844303
"Annada","BAM2680",0.355005343783399
"Apo","BAM2680",0.353723404255319
"ARC10319","BAM2680",0.356786604916281
"ARC12071","BAM2680",0.244804508629799
"ARNAPURNA","BAM2680",0.238816484677703
"ASD16","BAM2680",0.191980127750177
"AUS257","BAM2680",0.223707664884136
"BAKAL","BAM2680",0.400897666068223
"BAM1057","BAM2680",0.422277936962751
"BAM1098","BAM2680",0.40086052348512
"BAM1659","BAM2680",0.246337977849232
"BAM1689","BAM2680",0.410265613783202
"BAM1708","BAM2680",0.410963812253673
"BAM1812","BAM2680",0.348630380647456
"BAM2096","BAM2680",0.256175017642908
"BAM2166","BAM2680",0.302844796543032
"BAM247","BAM2680",0.295180722891566
"BAM2574","BAM2680",0.234253361641897
"BAM2680","BAM2680",0
"BAM3154","BAM2680",0.344097595981342
"BAM3181","BAM2680",0.246543778801843
"BAM326","BAM2680",0.233498935415188
"BAM328","BAM2680",0.360255047821467
"BAM350","BAM2680",0.37781954887218
"BAM3690","BAM2680",0.252770825884877
"BAM4009","BAM2680",0.425402504472272
"BAM4054","BAM2680",0.186795774647887
"BAM4138","BAM2680",0.326227158724471
"BAM4168","BAM2680",0.293568091987064
"BAM4234","BAM2680",0.242821694434598
"BAM4254","BAM2680",0.242988995385161
"BAM4477","BAM2680",0.252042628774423
"BAM4496","BAM2680",0.350511824920579
"BAM4510","BAM2680",0.316934046345811
"BAM4521","BAM2680",0.319683908045977
"BAM4534","BAM2680",0.421652421652422
"BAM4797","BAM2680",0.246478873239437
"BAM491","BAM2680",0.383588465646137
"BAM4928","BAM2680",0.29389721627409
"BAM5110","BAM2680",0.203867991483321
"BAM56","BAM2680",0.313475177304965
"BAM5779","BAM2680",0.304729487638839
"BAM5850","BAM2680",0.434790397706915
"BAM6921","BAM2680",0.335643212508884
"BAM712","BAM2680",0.350954738330976
"BAM742","BAM2680",0.353884533143264
"BAM7429","BAM2680",0.338600852272727
"BAM7449","BAM2680",0.419511318720805
"BAM747","BAM2680",0.353515625
"BAM759","BAM2680",0.359895248784138
"BAM766","BAM2680",0.352667382742571
"BAM807","BAM2680",0.306365576102418
"BAM811","BAM2680",0.341956059532247
"BAM812","BAM2680",0.229782686141788
"BAM819","BAM2680",0.138869132290185
"BAM8296","BAM2680",0.313074204946996
"BAM8305","BAM2680",0.316755793226381
"BAM8315","BAM2680",0.324777183600713
"BAM8364","BAM2680",0.184032716927454
"BAMAWPYAN","BAM2680",0.3099247581512
"BENAMURI","BAM2680",0.227594757350337
"BLACKGORA","BAM2680",0.210628531073446
"CGR1656","BAM2680",0.33694109297374
"CGR1679","BAM2680",0.227449593208348
"CGR2012","BAM2680",0.24031971580817
"CO18","BAM2680",0.241707833450953
"CRDHAN-204","BAM2680",0.237159050655331
"CR143-2-2","BAM2680",0.345060412224591
"CR262-4","BAM2680",0.341480694296847
"CROSSA","BAM2680",0.233121244255921
"DULAR","BAM2680",0.431404072883173
"EYPO","BAM2680",0.339169675090253
"EYPO-2","BAM2680",0.189270538243626
"FULKATI","BAM2680",0.414817465998568
"Ghanteswari","BAM2680",0.286827195467422
"GHATIKAMMANANGARHAR","BAM2680",0.202464788732394
"GotrabiDhan","BAM2680",0.289427157001414
"GP-145-37","BAM2680",0.229872881355932
"GP-145-51","BAM2680",0.336998935792834
"HARBHOONDI","BAM2680",0.238483345145287
"HongZuiEr","BAM2680",0.265156918687589
"IndrabaruniDhan","BAM2680",0.325150123631226
"IR74371-54-1-1","BAM2680",0.350477200424178
"IR77298-14-1-2-10","BAM2680",0.347266881028939
"IR77298-5-6-18","BAM2680",0.331797235023041
"IR83383-B-B-129-4","BAM2680",0.330908445706175
"IR83388-B-B108-3","BAM2680",0.339247693399574
"IR87707-445-B-B","BAM2680",0.328268551236749
"IR87707-446-B-B","BAM2680",0.335304659498208
"IRROEPYO","BAM2680",0.296613255644574
"KALINGA-1","BAM2680",0.290442477876106
"KANGRO","BAM2680",0.245070422535211
"KHAODAWTAI","BAM2680",0.181527531083481
"MANDRIRAVINA","BAM2680",0.242066290550071
"MAUDAMANI","BAM2680",0.218272307145396
"MOROBEREKAN","BAM2680",0.440846599131693
"MTU1010","BAM2680",0.320284697508897
"MTU9","BAM2680",0.246194690265487
"NERICA-L-26","BAM2680",0.356709493219129
"NERICA-L-42","BAM2680",0.361995753715499
"NERICA-L-44","BAM2680",0.322791519434629
"PARIJAT","BAM2680",0.292717584369449
"Patchaiperumal","BAM2680",0.346113074204947
"PEH-KUH-TSAO-TU","BAM2680",0.243820621468927
"PMK-2","BAM2680",0.295734931265421
"PRASAD-1","BAM2680",0.213297872340426
"PUSASUGANDH5","BAM2680",0.324725857799788
"PUSA1121","BAM2680",0.387968299711816
"Pusa1121-SN12","BAM2680",0.384922073214933
"PUSA44","BAM2680",0.29720913374411
"PUSABASMATI6","BAM2680",0.267799642218247
"PUSASUGANDH2","BAM2680",0.225891910985518
"RASI","BAM2680",0.331688596491228
"RKVY-104","BAM2680",0.420592433975732
"RKVY-143","BAM2680",0.346834099752388
"RKVY-28","BAM2680",0.415263346470799
"R-RF-44","BAM2680",0.343683463449255
"RRF-78","BAM2680",0.341506751954513
"Sadabahar","BAM2680",0.239176721078779
"SAFRI-17","BAM2680",0.196613190730838
"SAHBHAGIDHAN","BAM2680",0.288959886403976
"SATABHAMA","BAM2680",0.23240183940573
"SERATOES","BAM2680",0.420331651045422
"SERETY","BAM2680",0.239830208701804
"SHAKU","BAM2680",0.25408618127786
"SR1-3-1","BAM2680",0.226156583629893
"SUWEON","BAM2680",0.239614243323442
"SWARNA","BAM2680",0.348019978594363
"VANAPRAVA","BAM2680",0.421505376344086
"VANDANA","BAM2680",0.39264022865309
"Wayrarem","BAM2680",0.355796586059744
"281785","BAM3154",0.328344752975117
"282803","BAM3154",0.2296813462227
"299554","BAM3154",0.232635060639471
"356457","BAM3154",0.229878917378917
"376579","BAM3154",0.310394265232975
"376851","BAM3154",0.304953000723066
"377448","BAM3154",0.201476413395751
"377705","BAM3154",0.244536008599068
"384190","BAM3154",0.396625987078248
"426049","BAM3154",0.230425455845549
"438644","BAM3154",0.23139450867052
"ADAYSEL","BAM3154",0.275661951396445
"AbhayaXDagadesi","BAM3154",0.254039497307002
"ABHISEK","BAM3154",0.339891696750902
"ABOR-A-1","BAM3154",0.242713206189277
"ANJALI","BAM3154",0.306492109038737
"Annada","BAM3154",0.437545126353791
"Apo","BAM3154",0.211903908210828
"ARC10319","BAM3154",0.247294372294372
"ARC12071","BAM3154",0.334939329050678
"ARNAPURNA","BAM3154",0.327918600499821
"ASD16","BAM3154",0.316564858066834
"AUS257","BAM3154",0.306928906531938
"BAKAL","BAM3154",0.310589519650655
"BAM1057","BAM3154",0.31231884057971
"BAM1098","BAM3154",0.318082788671024
"BAM1659","BAM3154",0.323892519970951
"BAM1689","BAM3154",0.306615776081425
"BAM1708","BAM3154",0.309480566654559
"BAM1812","BAM3154",0.214259992797983
"BAM2096","BAM3154",0.31077694235589
"BAM2166","BAM3154",0.400328587075575
"BAM247","BAM3154",0.217898134863702
"BAM2574","BAM3154",0.313824057450628
"BAM2680","BAM3154",0.344097595981342
"BAM3154","BAM3154",0
"BAM3181","BAM3154",0.336389787846099
"BAM326","BAM3154",0.282171099928109
"BAM328","BAM3154",0.208989971346705
"BAM350","BAM3154",0.24838587162932
"BAM3690","BAM3154",0.247105643994211
"BAM4009","BAM3154",0.329590727997103
"BAM4054","BAM3154",0.316315601570868
"BAM4138","BAM3154",0.418208197315923
"BAM4168","BAM3154",0.377595628415301
"BAM4234","BAM3154",0.33201581027668
"BAM4254","BAM3154",0.334954954954955
"BAM4477","BAM3154",0.237940964722822
"BAM4496","BAM3154",0.238469789059707
"BAM4510","BAM3154",0.402024584237166
"BAM4521","BAM3154",0.404770575382374
"BAM4534","BAM3154",0.314280562567616
"BAM4797","BAM3154",0.329646806992508
"BAM491","BAM3154",0.258116883116883
"BAM4928","BAM3154",0.384587554269175
"BAM5110","BAM3154",0.311015118790497
"BAM56","BAM3154",0.393884892086331
"BAM5779","BAM3154",0.393906420021763
"BAM5850","BAM3154",0.326142131979695
"BAM6921","BAM3154",0.167685118619698
"BAM712","BAM3154",0.432926829268293
"BAM742","BAM3154",0.435198555956679
"BAM7429","BAM3154",0.189451022604952
"BAM7449","BAM3154",0.319090909090909
"BAM747","BAM3154",0.435001800504141
"BAM759","BAM3154",0.260507383566831
"BAM766","BAM3154",0.434071921540138
"BAM807","BAM3154",0.392818477084085
"BAM811","BAM3154",0.230314960629921
"BAM812","BAM3154",0.329963898916968
"BAM819","BAM3154",0.325207656193572
"BAM8296","BAM3154",0.219342152306042
"BAM8305","BAM3154",0.248464040477051
"BAM8315","BAM3154",0.416968162083936
"BAM8364","BAM3154",0.335255948089402
"BAMAWPYAN","BAM3154",0.402536231884058
"BENAMURI","BAM3154",0.327282530553559
"BLACKGORA","BAM3154",0.32032927702219
"CGR1656","BAM3154",0.22813961856783
"CGR1679","BAM3154",0.305455850681981
"CGR2012","BAM3154",0.30431654676259
"CO18","BAM3154",0.331305903398927
"CRDHAN-204","BAM3154",0.319583931133429
"CR143-2-2","BAM3154",0.206072583542939
"CR262-4","BAM3154",0.205164992826399
"CROSSA","BAM3154",0.301896921975662
"DULAR","BAM3154",0.321635311143271
"EYPO","BAM3154",0.222059897735573
"EYPO-2","BAM3154",0.338061041292639
"FULKATI","BAM3154",0.311276287164612
"Ghanteswari","BAM3154",0.24328197778574
"GHATIKAMMANANGARHAR","BAM3154",0.318506609503394
"GotrabiDhan","BAM3154",0.218559656037263
"GP-145-37","BAM3154",0.30261274158912
"GP-145-51","BAM3154",0.204602660913341
"HARBHOONDI","BAM3154",0.312365204888569
"HongZuiEr","BAM3154",0.247833935018051
"IndrabaruniDhan","BAM3154",0.222619899785254
"IR74371-54-1-1","BAM3154",0.189667500893815
"IR77298-14-1-2-10","BAM3154",0.214130827611131
"IR77298-5-6-18","BAM3154",0.244795405599426
"IR83383-B-B-129-4","BAM3154",0.235716852317643
"IR83388-B-B108-3","BAM3154",0.212773591675637
"IR87707-445-B-B","BAM3154",0.231057898498928
"IR87707-446-B-B","BAM3154",0.227289244186046
"IRROEPYO","BAM3154",0.384231905465288
"KALINGA-1","BAM3154",0.229487638839126
"KANGRO","BAM3154",0.333630846126383
"KHAODAWTAI","BAM3154",0.309455070371707
"MANDRIRAVINA","BAM3154",0.331782390837509
"MAUDAMANI","BAM3154",0.327567567567568
"MOROBEREKAN","BAM3154",0.358189813118358
"MTU1010","BAM3154",0.23306916426513
"MTU9","BAM3154",0.338593974175036
"NERICA-L-26","BAM3154",0.167690639681966
"NERICA-L-42","BAM3154",0.170247046186896
"NERICA-L-44","BAM3154",0.201823382195209
"PARIJAT","BAM3154",0.238240574506284
"Patchaiperumal","BAM3154",0.214771101573677
"PEH-KUH-TSAO-TU","BAM3154",0.333989266547406
"PMK-2","BAM3154",0.241877900749732
"PRASAD-1","BAM3154",0.331056793673616
"PUSASUGANDH5","BAM3154",0.246867167919799
"PUSA1121","BAM3154",0.291880029261156
"Pusa1121-SN12","BAM3154",0.294961382861346
"PUSA44","BAM3154",0.214102093279471
"PUSABASMATI6","BAM3154",0.371469949312093
"PUSASUGANDH2","BAM3154",0.320343224883804
"RASI","BAM3154",0.238068812430633
"RKVY-104","BAM3154",0.326401446654611
"RKVY-143","BAM3154",0.187365783822477
"RKVY-28","BAM3154",0.315264684554025
"R-RF-44","BAM3154",0.231488138030194
"RRF-78","BAM3154",0.257204610951009
"Sadabahar","BAM3154",0.288156947444205
"SAFRI-17","BAM3154",0.310762007945107
"SAHBHAGIDHAN","BAM3154",0.235093390804598
"SATABHAMA","BAM3154",0.307968413496052
"SERATOES","BAM3154",0.31970802919708
"SERETY","BAM3154",0.328791681606311
"SHAKU","BAM3154",0.329887218045113
"SR1-3-1","BAM3154",0.319444444444444
"SUWEON","BAM3154",0.328447951897783
"SWARNA","BAM3154",0.227584960231381
"VANAPRAVA","BAM3154",0.312794490757521
"VANDANA","BAM3154",0.235910404624277
"Wayrarem","BAM3154",0.21333572969087
"281785","BAM3181",0.25160370634355
"282803","BAM3181",0.362863217576187
"299554","BAM3181",0.366630276564774
"356457","BAM3181",0.348078956644343
"376579","BAM3181",0.20610145441646
"376851","BAM3181",0.189353340478742
"377448","BAM3181",0.319864720541118
"377705","BAM3181",0.352377572746629
"384190","BAM3181",0.309769094138543
"426049","BAM3181",0.347241867043847
"438644","BAM3181",0.35816362986781
"ADAYSEL","BAM3181",0.37078248384781
"AbhayaXDagadesi","BAM3181",0.368252840909091
"ABHISEK","BAM3181",0.266773733047823
"ABOR-A-1","BAM3181",0.34141990724224
"ANJALI","BAM3181",0.258858965272856
"Annada","BAM3181",0.348392857142857
"Apo","BAM3181",0.367448471926084
"ARC10319","BAM3181",0.316231676796568
"ARC12071","BAM3181",0.199186991869919
"ARNAPURNA","BAM3181",0.146113074204947
"ASD16","BAM3181",0.229374110953058
"AUS257","BAM3181",0.249910618519843
"BAKAL","BAM3181",0.401367890568755
"BAM1057","BAM3181",0.39321608040201
"BAM1098","BAM3181",0.40359066427289
"BAM1659","BAM3181",0.210771992818671
"BAM1689","BAM3181",0.394964028776978
"BAM1708","BAM3181",0.400467121810995
"BAM1812","BAM3181",0.305664410402565
"BAM2096","BAM3181",0.209026548672566
"BAM2166","BAM3181",0.303358613217768
"BAM247","BAM3181",0.328952042628774
"BAM2574","BAM3181",0.208348134991119
"BAM2680","BAM3181",0.246543778801843
"BAM3154","BAM3181",0.336389787846099
"BAM3181","BAM3181",0
"BAM326","BAM3181",0.184987548914977
"BAM328","BAM3181",0.312544420753376
"BAM350","BAM3181",0.342115167482123
"BAM3690","BAM3181",0.349049838651847
"BAM4009","BAM3181",0.405419956927495
"BAM4054","BAM3181",0.244797178130511
"BAM4138","BAM3181",0.311602011494253
"BAM4168","BAM3181",0.290496760259179
"BAM4234","BAM3181",0.263139204545455
"BAM4254","BAM3181",0.262116892373485
"BAM4477","BAM3181",0.343538625845497
"BAM4496","BAM3181",0.275026529890343
"BAM4510","BAM3181",0.302217453505007
"BAM4521","BAM3181",0.297511720158673
"BAM4534","BAM3181",0.403104925053533
"BAM4797","BAM3181",0.187477954144621
"BAM491","BAM3181",0.348019978594363
"BAM4928","BAM3181",0.292068595927117
"BAM5110","BAM3181",0.259331674369001
"BAM56","BAM3181",0.300818796724813
"BAM5779","BAM3181",0.304449228561177
"BAM5850","BAM3181",0.407686781609195
"BAM6921","BAM3181",0.371438746438746
"BAM712","BAM3181",0.34806531771388
"BAM742","BAM3181",0.350107066381156
"BAM7429","BAM3181",0.305338078291815
"BAM7449","BAM3181",0.393448524118071
"BAM747","BAM3181",0.349483434271464
"BAM759","BAM3181",0.381095273818455
"BAM766","BAM3181",0.347951114306254
"BAM807","BAM3181",0.302960057061341
"BAM811","BAM3181",0.349023090586146
"BAM812","BAM3181",0.237857142857143
"BAM819","BAM3181",0.236532286835533
"BAM8296","BAM3181",0.366004962779156
"BAM8305","BAM3181",0.364642857142857
"BAM8315","BAM3181",0.32312925170068
"BAM8364","BAM3181",0.247146932952924
"BAMAWPYAN","BAM3181",0.297520661157025
"BENAMURI","BAM3181",0.156405693950178
"BLACKGORA","BAM3181",0.253715498938429
"CGR1656","BAM3181",0.266108935564258
"CGR1679","BAM3181",0.19613063542776
"CGR2012","BAM3181",0.197864768683274
"CO18","BAM3181",0.200141693234148
"CRDHAN-204","BAM3181",0.262158324458644
"CR143-2-2","BAM3181",0.368992524029904
"CR262-4","BAM3181",0.365056818181818
"CROSSA","BAM3181",0.183362831858407
"DULAR","BAM3181",0.410880458124553
"EYPO","BAM3181",0.344372059355773
"EYPO-2","BAM3181",0.233747779751332
"FULKATI","BAM3181",0.397058823529412
"Ghanteswari","BAM3181",0.309996455157745
"GHATIKAMMANANGARHAR","BAM3181",0.247351694915254
"GotrabiDhan","BAM3181",0.334633108826657
"GP-145-37","BAM3181",0.198193411264612
"GP-145-51","BAM3181",0.307404770380919
"HARBHOONDI","BAM3181",0.268479033404406
"HongZuiEr","BAM3181",0.344007155635063
"IndrabaruniDhan","BAM3181",0.34750265674814
"IR74371-54-1-1","BAM3181",0.36582772066643
"IR77298-14-1-2-10","BAM3181",0.367431028305267
"IR77298-5-6-18","BAM3181",0.374689385871494
"IR83383-B-B-129-4","BAM3181",0.377580071174377
"IR83388-B-B108-3","BAM3181",0.363798008534851
"IR87707-445-B-B","BAM3181",0.37743535246192
"IR87707-446-B-B","BAM3181",0.363097376931369
"IRROEPYO","BAM3181",0.286989795918367
"KALINGA-1","BAM3181",0.339964476021314
"KANGRO","BAM3181",0.198695345557123
"KHAODAWTAI","BAM3181",0.244028520499109
"MANDRIRAVINA","BAM3181",0.203998584571833
"MAUDAMANI","BAM3181",0.247775008899964
"MOROBEREKAN","BAM3181",0.453357531760436
"MTU1010","BAM3181",0.364252586514449
"MTU9","BAM3181",0.200141693234148
"NERICA-L-26","BAM3181",0.378088077336198
"NERICA-L-42","BAM3181",0.381695636750621
"NERICA-L-44","BAM3181",0.356611130804679
"PARIJAT","BAM3181",0.369526521893912
"Patchaiperumal","BAM3181",0.294044665012407
"PEH-KUH-TSAO-TU","BAM3181",0.198089847895295
"PMK-2","BAM3181",0.33864118895966
"PRASAD-1","BAM3181",0.252133712660028
"PUSASUGANDH5","BAM3181",0.363604114934374
"PUSA1121","BAM3181",0.400506512301013
"Pusa1121-SN12","BAM3181",0.400436046511628
"PUSA44","BAM3181",0.363735465116279
"PUSABASMATI6","BAM3181",0.286967418546366
"PUSASUGANDH2","BAM3181",0.243544393349841
"RASI","BAM3181",0.363953061972864
"RKVY-104","BAM3181",0.415682062298604
"RKVY-143","BAM3181",0.294148936170213
"RKVY-28","BAM3181",0.401362984218077
"R-RF-44","BAM3181",0.368729989327641
"RRF-78","BAM3181",0.368411680911681
"Sadabahar","BAM3181",0.20729537366548
"SAFRI-17","BAM3181",0.254376563058235
"SAHBHAGIDHAN","BAM3181",0.365562678062678
"SATABHAMA","BAM3181",0.257188498402556
"SERATOES","BAM3181",0.400868306801737
"SERETY","BAM3181",0.201418439716312
"SHAKU","BAM3181",0.257908448083364
"SR1-3-1","BAM3181",0.270424545130218
"SUWEON","BAM3181",0.251769087523277
"SWARNA","BAM3181",0.352508960573477
"VANAPRAVA","BAM3181",0.393961179007908
"VANDANA","BAM3181",0.371418338108882
"Wayrarem","BAM3181",0.370634354953671
"281785","BAM326",0.218126780626781
"282803","BAM326",0.329082536308891
"299554","BAM326",0.348198034219148
"356457","BAM326",0.330042313117066
"376579","BAM326",0.129872430900071
"376851","BAM326",0.137629418064977
"377448","BAM326",0.272840827980014
"377705","BAM326",0.340078097266596
"384190","BAM326",0.293667733902526
"426049","BAM326",0.329263977353149
"438644","BAM326",0.323076923076923
"ADAYSEL","BAM326",0.367324955116697
"AbhayaXDagadesi","BAM326",0.347547974413646
"ABHISEK","BAM326",0.248037116345468
"ABOR-A-1","BAM326",0.326443335709195
"ANJALI","BAM326",0.231123714994683
"Annada","BAM326",0.349803781662504
"Apo","BAM326",0.362148701529705
"ARC10319","BAM326",0.315563506261181
"ARC12071","BAM326",0.192824319547543
"ARNAPURNA","BAM326",0.175795053003534
"ASD16","BAM326",0.214870152970473
"AUS257","BAM326",0.243754461099215
"BAKAL","BAM326",0.387387387387387
"BAM1057","BAM326",0.38173007896626
"BAM1098","BAM326",0.398384201077199
"BAM1659","BAM326",0.197849462365591
"BAM1689","BAM326",0.368449389806174
"BAM1708","BAM326",0.395077254761049
"BAM1812","BAM326",0.253654188948307
"BAM2096","BAM326",0.169611307420495
"BAM2166","BAM326",0.293544897223224
"BAM247","BAM326",0.32753108348135
"BAM2574","BAM326",0.158566867683576
"BAM2680","BAM326",0.233498935415188
"BAM3154","BAM326",0.282171099928109
"BAM3181","BAM326",0.184987548914977
"BAM326","BAM326",0
"BAM328","BAM326",0.287135749822317
"BAM350","BAM326",0.315868827742179
"BAM3690","BAM326",0.337576192183578
"BAM4009","BAM326",0.404018658055256
"BAM4054","BAM326",0.219081272084806
"BAM4138","BAM326",0.302333931777379
"BAM4168","BAM326",0.283886085075703
"BAM4234","BAM326",0.247602131438721
"BAM4254","BAM326",0.248127006778452
"BAM4477","BAM326",0.329889561809761
"BAM4496","BAM326",0.300070771408351
"BAM4510","BAM326",0.283160529138363
"BAM4521","BAM326",0.298090778097983
"BAM4534","BAM326",0.388928571428571
"BAM4797","BAM326",0.175651867512333
"BAM491","BAM326",0.315827081100393
"BAM4928","BAM326",0.27807582260372
"BAM5110","BAM326",0.22748309006764
"BAM56","BAM326",0.28932384341637
"BAM5779","BAM326",0.302225412778177
"BAM5850","BAM326",0.398058252427185
"BAM6921","BAM326",0.347291518175339
"BAM712","BAM326",0.346331088266572
"BAM742","BAM326",0.348230246692885
"BAM7429","BAM326",0.238272921108742
"BAM7449","BAM326",0.395608351331893
"BAM747","BAM326",0.347345920912006
"BAM759","BAM326",0.368282600526118
"BAM766","BAM326",0.348044492285612
"BAM807","BAM326",0.30406852248394
"BAM811","BAM326",0.345060412224591
"BAM812","BAM326",0.238332739579622
"BAM819","BAM326",0.225392296718973
"BAM8296","BAM326",0.338532435306629
"BAM8305","BAM326",0.348783106657122
"BAM8315","BAM326",0.32618025751073
"BAM8364","BAM326",0.23510524438102
"BAMAWPYAN","BAM326",0.289180445722502
"BENAMURI","BAM326",0.185145700071073
"BLACKGORA","BAM326",0.230810045985143
"CGR1656","BAM326",0.291637010676157
"CGR1679","BAM326",0.125354107648725
"CGR2012","BAM326",0.132682060390764
"CO18","BAM326",0.188472418670439
"CRDHAN-204","BAM326",0.245122383824051
"CR143-2-2","BAM326",0.349358974358974
"CR262-4","BAM326",0.344326241134752
"CROSSA","BAM326",0.127742392073602
"DULAR","BAM326",0.401075268817204
"EYPO","BAM326",0.294384057971015
"EYPO-2","BAM326",0.221867234646787
"FULKATI","BAM326",0.387652548456569
"Ghanteswari","BAM326",0.323456352022711
"GHATIKAMMANANGARHAR","BAM326",0.240812720848056
"GotrabiDhan","BAM326",0.325115289109613
"GP-145-37","BAM326",0.133805309734513
"GP-145-51","BAM326",0.235231316725979
"HARBHOONDI","BAM326",0.247338537970192
"HongZuiEr","BAM326",0.332021466905188
"IndrabaruniDhan","BAM326",0.321061946902655
"IR74371-54-1-1","BAM326",0.343196314670447
"IR77298-14-1-2-10","BAM326",0.343056549749463
"IR77298-5-6-18","BAM326",0.355291193181818
"IR83383-B-B-129-4","BAM326",0.347617354196302
"IR83388-B-B108-3","BAM326",0.342095914742451
"IR87707-445-B-B","BAM326",0.35056657223796
"IR87707-446-B-B","BAM326",0.343288952860741
"IRROEPYO","BAM326",0.278386272362176
"KALINGA-1","BAM326",0.32753108348135
"KANGRO","BAM326",0.192049469964664
"KHAODAWTAI","BAM326",0.220955096222381
"MANDRIRAVINA","BAM326",0.187964601769911
"MAUDAMANI","BAM326",0.231990014265335
"MOROBEREKAN","BAM326",0.450780966218671
"MTU1010","BAM326",0.342612419700214
"MTU9","BAM326",0.194069602272727
"NERICA-L-26","BAM326",0.338224767358626
"NERICA-L-42","BAM326",0.341610500177368
"NERICA-L-44","BAM326",0.334160170092133
"PARIJAT","BAM326",0.346633416458853
"Patchaiperumal","BAM326",0.283209351753454
"PEH-KUH-TSAO-TU","BAM326",0.190577399929153
"PMK-2","BAM326",0.3251414427157
"PRASAD-1","BAM326",0.243958777540867
"PUSASUGANDH5","BAM326",0.358815182688897
"PUSA1121","BAM326",0.397973950795948
"Pusa1121-SN12","BAM326",0.404034896401309
"PUSA44","BAM326",0.346111918604651
"PUSABASMATI6","BAM326",0.286174785100286
"PUSASUGANDH2","BAM326",0.218882602545969
"RASI","BAM326",0.34697247706422
"RKVY-104","BAM326",0.402543891078467
"RKVY-143","BAM326",0.176408076514346
"RKVY-28","BAM326",0.385775862068966
"R-RF-44","BAM326",0.344962620149519
"RRF-78","BAM326",0.354649091556822
"Sadabahar","BAM326",0.1622150997151
"SAFRI-17","BAM326",0.2319255547602
"SAHBHAGIDHAN","BAM326",0.342638691322902
"SATABHAMA","BAM326",0.240248226950355
"SERATOES","BAM326",0.389431777053927
"SERETY","BAM326",0.19062832800852
"SHAKU","BAM326",0.254752143123369
"SR1-3-1","BAM326",0.249732620320856
"SUWEON","BAM326",0.247393894266567
"SWARNA","BAM326",0.331364124597207
"VANAPRAVA","BAM326",0.382511694854264
"VANDANA","BAM326",0.376476906552095
"Wayrarem","BAM326",0.365206552706553
"281785","BAM328",0.356455064194009
"282803","BAM328",0.262367491166078
"299554","BAM328",0.266981474754813
"356457","BAM328",0.253162333099086
"376579","BAM328",0.301132342533616
"376851","BAM328",0.291830181947913
"377448","BAM328",0.199324324324324
"377705","BAM328",0.264050901378579
"384190","BAM328",0.399538516151935
"426049","BAM328",0.25379188712522
"438644","BAM328",0.257857142857143
"ADAYSEL","BAM328",0.280444126074499
"AbhayaXDagadesi","BAM328",0.287056737588652
"ABHISEK","BAM328",0.367142857142857
"ABOR-A-1","BAM328",0.249466950959488
"ANJALI","BAM328",0.353524619199433
"Annada","BAM328",0.448626471637531
"Apo","BAM328",0.265508684863524
"ARC10319","BAM328",0.242953977880842
"ARC12071","BAM328",0.321164021164021
"ARNAPURNA","BAM328",0.304761904761905
"ASD16","BAM328",0.345525568181818
"AUS257","BAM328",0.351785714285714
"BAKAL","BAM328",0.311690647482014
"BAM1057","BAM328",0.303008595988539
"BAM1098","BAM328",0.323234134098243
"BAM1659","BAM328",0.332256907068533
"BAM1689","BAM328",0.301075268817204
"BAM1708","BAM328",0.307388809182209
"BAM1812","BAM328",0.203591749644381
"BAM2096","BAM328",0.294200848656294
"BAM2166","BAM328",0.392238267148014
"BAM247","BAM328",0.234148069429685
"BAM2574","BAM328",0.316601631784321
"BAM2680","BAM328",0.360255047821467
"BAM3154","BAM328",0.208989971346705
"BAM3181","BAM328",0.312544420753376
"BAM326","BAM328",0.287135749822317
"BAM328","BAM328",0
"BAM350","BAM328",0.240037593984962
"BAM3690","BAM328",0.251875669882101
"BAM4009","BAM328",0.324435686134002
"BAM4054","BAM328",0.337213403880071
"BAM4138","BAM328",0.399210903873745
"BAM4168","BAM328",0.374595178121626
"BAM4234","BAM328",0.355823863636364
"BAM4254","BAM328",0.359302739238705
"BAM4477","BAM328",0.241929762327066
"BAM4496","BAM328",0.219202259089305
"BAM4510","BAM328",0.383845604002859
"BAM4521","BAM328",0.402882882882883
"BAM4534","BAM328",0.298539365871037
"BAM4797","BAM328",0.315297849841382
"BAM491","BAM328",0.251423487544484
"BAM4928","BAM328",0.396101573676681
"BAM5110","BAM328",0.352846975088968
"BAM56","BAM328",0.393314366998578
"BAM5779","BAM328",0.420287253141831
"BAM5850","BAM328",0.299964119124507
"BAM6921","BAM328",0.25667022411953
"BAM712","BAM328",0.444700460829493
"BAM742","BAM328",0.446109921484654
"BAM7429","BAM328",0.193645722399716
"BAM7449","BAM328",0.294784172661871
"BAM747","BAM328",0.44873620505518
"BAM759","BAM328",0.293974550898204
"BAM766","BAM328",0.444903086862886
"BAM807","BAM328",0.418181818181818
"BAM811","BAM328",0.262393767705382
"BAM812","BAM328",0.35424091233072
"BAM819","BAM328",0.353780313837375
"BAM8296","BAM328",0.264060841881854
"BAM8305","BAM328",0.274803711634547
"BAM8315","BAM328",0.419020378977476
"BAM8364","BAM328",0.353349964362081
"BAMAWPYAN","BAM328",0.394292893036612
"BENAMURI","BAM328",0.306749555950266
"BLACKGORA","BAM328",0.328207847295864
"CGR1656","BAM328",0.210180915218163
"CGR1679","BAM328",0.304748405386251
"CGR2012","BAM328",0.294284700035499
"CO18","BAM328",0.321605374823197
"CRDHAN-204","BAM328",0.359879389854558
"CR143-2-2","BAM328",0.263559021623538
"CR262-4","BAM328",0.26417434443657
"CROSSA","BAM328",0.295542978422356
"DULAR","BAM328",0.305
"EYPO","BAM328",0.248014440433213
"EYPO-2","BAM328",0.341610500177368
"FULKATI","BAM328",0.297784923186852
"Ghanteswari","BAM328",0.242472546935884
"GHATIKAMMANANGARHAR","BAM328",0.34816384180791
"GotrabiDhan","BAM328",0.241507430997877
"GP-145-37","BAM328",0.291092258748674
"GP-145-51","BAM328",0.208303761533002
"HARBHOONDI","BAM328",0.357320540156361
"HongZuiEr","BAM328",0.245094541562611
"IndrabaruniDhan","BAM328",0.24788285109386
"IR74371-54-1-1","BAM328",0.255213856486391
"IR77298-14-1-2-10","BAM328",0.264380135762772
"IR77298-5-6-18","BAM328",0.282246633593196
"IR83383-B-B-129-4","BAM328",0.281072443181818
"IR83388-B-B108-3","BAM328",0.260184201204392
"IR87707-445-B-B","BAM328",0.282608695652174
"IR87707-446-B-B","BAM328",0.265697883028346
"IRROEPYO","BAM328",0.385724717050018
"KALINGA-1","BAM328",0.239992915338293
"KANGRO","BAM328",0.321113852661262
"KHAODAWTAI","BAM328",0.342058404558405
"MANDRIRAVINA","BAM328",0.321680790960452
"MAUDAMANI","BAM328",0.351654215581644
"MOROBEREKAN","BAM328",0.372602243937749
"MTU1010","BAM328",0.272419928825623
"MTU9","BAM328",0.322340425531915
"NERICA-L-26","BAM328",0.262236513040372
"NERICA-L-42","BAM328",0.260446175637394
"NERICA-L-44","BAM328",0.252999294283698
"PARIJAT","BAM328",0.267660631877884
"Patchaiperumal","BAM328",0.206007067137809
"PEH-KUH-TSAO-TU","BAM328",0.319434628975265
"PMK-2","BAM328",0.248059280169372
"PRASAD-1","BAM328",0.346290379836706
"PUSASUGANDH5","BAM328",0.272904138662894
"PUSA1121","BAM328",0.311307166006482
"Pusa1121-SN12","BAM328",0.312001450326323
"PUSA44","BAM328",0.270613875771885
"PUSABASMATI6","BAM328",0.388471177944862
"PUSASUGANDH2","BAM328",0.340876944837341
"RASI","BAM328",0.260607168983175
"RKVY-104","BAM328",0.316916488222698
"RKVY-143","BAM328",0.195828914810887
"RKVY-28","BAM328",0.312119039082108
"R-RF-44","BAM328",0.27831025914093
"RRF-78","BAM328",0.273923870508716
"Sadabahar","BAM328",0.281672597864769
"SAFRI-17","BAM328",0.334642857142857
"SAHBHAGIDHAN","BAM328",0.264643237486688
"SATABHAMA","BAM328",0.351010996807378
"SERATOES","BAM328",0.308564231738035
"SERETY","BAM328",0.319099929128278
"SHAKU","BAM328",0.374162323157111
"SR1-3-1","BAM328",0.359129814550642
"SUWEON","BAM328",0.355018587360595
"SWARNA","BAM328",0.240443015362629
"VANAPRAVA","BAM328",0.303443328550933
"VANDANA","BAM328",0.272142857142857
"Wayrarem","BAM328",0.266879886282871
"281785","BAM350",0.374195989405978
"282803","BAM350",0.284133533383346
"299554","BAM350",0.281923076923077
"356457","BAM350",0.271012327231976
"376579","BAM350",0.322756289898611
"376851","BAM350",0.326712069617858
"377448","BAM350",0.225301659125189
"377705","BAM350",0.280405405405405
"384190","BAM350",0.340549698795181
"426049","BAM350",0.270583832335329
"438644","BAM350",0.280695126558368
"ADAYSEL","BAM350",0.257213363705391
"AbhayaXDagadesi","BAM350",0.292278719397363
"ABHISEK","BAM350",0.372778827977316
"ABOR-A-1","BAM350",0.268448795180723
"ANJALI","BAM350",0.379368658399098
"Annada","BAM350",0.427300265051117
"Apo","BAM350",0.28678961234475
"ARC10319","BAM350",0.257730015082956
"ARC12071","BAM350",0.345117845117845
"ARNAPURNA","BAM350",0.337761976047904
"ASD16","BAM350",0.370195930670686
"AUS257","BAM350",0.36875
"BAKAL","BAM350",0.234030418250951
"BAM1057","BAM350",0.162490508731967
"BAM1098","BAM350",0.271813353566009
"BAM1659","BAM350",0.361079437476245
"BAM1689","BAM350",0.241641337386018
"BAM1708","BAM350",0.248577929465301
"BAM1812","BAM350",0.204631024096386
"BAM2096","BAM350",0.336776859504132
"BAM2166","BAM350",0.357252200535783
"BAM247","BAM350",0.267043314500942
"BAM2574","BAM350",0.316472358029334
"BAM2680","BAM350",0.37781954887218
"BAM3154","BAM350",0.24838587162932
"BAM3181","BAM350",0.342115167482123
"BAM326","BAM350",0.315868827742179
"BAM328","BAM350",0.240037593984962
"BAM350","BAM350",0
"BAM3690","BAM350",0.273055028462998
"BAM4009","BAM350",0.25256361564755
"BAM4054","BAM350",0.372986137130011
"BAM4138","BAM350",0.335548803646031
"BAM4168","BAM350",0.365965583173996
"BAM4234","BAM350",0.381688018085908
"BAM4254","BAM350",0.383264072534945
"BAM4477","BAM350",0.270244821092279
"BAM4496","BAM350",0.244199101796407
"BAM4510","BAM350",0.316748955563995
"BAM4521","BAM350",0.337160352085725
"BAM4534","BAM350",0.235371838429596
"BAM4797","BAM350",0.320479221265444
"BAM491","BAM350",0.220899470899471
"BAM4928","BAM350",0.337940174176448
"BAM5110","BAM350",0.372312334967937
"BAM56","BAM350",0.323906485671192
"BAM5779","BAM350",0.392802741812643
"BAM5850","BAM350",0.24090219863533
"BAM6921","BAM350",0.283477932855526
"BAM712","BAM350",0.424755455229496
"BAM742","BAM350",0.426164331692541
"BAM7429","BAM350",0.215442561205273
"BAM7449","BAM350",0.234196496572734
"BAM747","BAM350",0.427708569271423
"BAM759","BAM350",0.192003167062549
"BAM766","BAM350",0.423751429660694
"BAM807","BAM350",0.393532526475038
"BAM811","BAM350",0.272025602409639
"BAM812","BAM350",0.368759455370651
"BAM819","BAM350",0.374574347332577
"BAM8296","BAM350",0.286839145106862
"BAM8305","BAM350",0.287518853695324
"BAM8315","BAM350",0.39339908952959
"BAM8364","BAM350",0.36578449905482
"BAMAWPYAN","BAM350",0.336377473363775
"BENAMURI","BAM350",0.337292609351433
"BLACKGORA","BAM350",0.373638753285768
"CGR1656","BAM350",0.236603773584906
"CGR1679","BAM350",0.32137490608565
"CGR2012","BAM350",0.311864406779661
"CO18","BAM350",0.340585146286572
"CRDHAN-204","BAM350",0.379102225575255
"CR143-2-2","BAM350",0.280566037735849
"CR262-4","BAM350",0.282894736842105
"CROSSA","BAM350",0.312992865189636
"DULAR","BAM350",0.241203178206583
"EYPO","BAM350",0.222349351639969
"EYPO-2","BAM350",0.362763554216867
"FULKATI","BAM350",0.241575160923892
"Ghanteswari","BAM350",0.258433283358321
"GHATIKAMMANANGARHAR","BAM350",0.369141357330334
"GotrabiDhan","BAM350",0.270082582582583
"GP-145-37","BAM350",0.315670800450958
"GP-145-51","BAM350",0.223768333960135
"HARBHOONDI","BAM350",0.377593360995851
"HongZuiEr","BAM350",0.269565217391304
"IndrabaruniDhan","BAM350",0.275468164794007
"IR74371-54-1-1","BAM350",0.286786786786787
"IR77298-14-1-2-10","BAM350",0.28671461014383
"IR77298-5-6-18","BAM350",0.285526315789474
"IR83383-B-B-129-4","BAM350",0.291179796456841
"IR83388-B-B108-3","BAM350",0.281449493052948
"IR87707-445-B-B","BAM350",0.288367729831144
"IR87707-446-B-B","BAM350",0.276215805471125
"IRROEPYO","BAM350",0.30019305019305
"KALINGA-1","BAM350",0.263246899661781
"KANGRO","BAM350",0.343434343434343
"KHAODAWTAI","BAM350",0.36884935654807
"MANDRIRAVINA","BAM350",0.338643178410795
"MAUDAMANI","BAM350",0.372211720226843
"MOROBEREKAN","BAM350",0.348502304147465
"MTU1010","BAM350",0.289006422364941
"MTU9","BAM350",0.345806694245957
"NERICA-L-26","BAM350",0.288068181818182
"NERICA-L-42","BAM350",0.288208787082238
"NERICA-L-44","BAM350",0.272011989509179
"PARIJAT","BAM350",0.281426953567384
"Patchaiperumal","BAM350",0.233133433283358
"PEH-KUH-TSAO-TU","BAM350",0.343398349587397
"PMK-2","BAM350",0.266204571000375
"PRASAD-1","BAM350",0.378485305199699
"PUSASUGANDH5","BAM350",0.289582549830763
"PUSA1121","BAM350",0.28527724665392
"Pusa1121-SN12","BAM350",0.284671532846715
"PUSA44","BAM350",0.287989255564083
"PUSABASMATI6","BAM350",0.392626377803117
"PUSASUGANDH2","BAM350",0.373826511453248
"RASI","BAM350",0.24922600619195
"RKVY-104","BAM350",0.251794484321874
"RKVY-143","BAM350",0.216797605686495
"RKVY-28","BAM350",0.222327520849128
"R-RF-44","BAM350",0.290316503391108
"RRF-78","BAM350",0.25621703089676
"Sadabahar","BAM350",0.323707059267648
"SAFRI-17","BAM350",0.355218216318786
"SAHBHAGIDHAN","BAM350",0.279433962264151
"SATABHAMA","BAM350",0.37909604519774
"SERATOES","BAM350",0.228609625668449
"SERETY","BAM350",0.342787377911345
"SHAKU","BAM350",0.339481946624804
"SR1-3-1","BAM350",0.379636638909917
"SUWEON","BAM350",0.325864779874214
"SWARNA","BAM350",0.271763815291446
"VANAPRAVA","BAM350",0.162742119255602
"VANDANA","BAM350",0.259931895573212
"Wayrarem","BAM350",0.287438702376462
"281785","BAM3690",0.329193664506839
"282803","BAM3690",0.223214285714286
"299554","BAM3690",0.269315269132186
"356457","BAM3690",0.233487215909091
"376579","BAM3690",0.347048300536673
"376851","BAM3690",0.347927927927928
"377448","BAM3690",0.241732566498922
"377705","BAM3690",0.140541503384396
"384190","BAM3690",0.411859548548907
"426049","BAM3690",0.234864672364672
"438644","BAM3690",0.221462009362622
"ADAYSEL","BAM3690",0.290899241603467
"AbhayaXDagadesi","BAM3690",0.251430615164521
"ABHISEK","BAM3690",0.355599567879006
"ABOR-A-1","BAM3690",0.233836206896552
"ANJALI","BAM3690",0.346869409660107
"Annada","BAM3690",0.445804825351098
"Apo","BAM3690",0.250895415472779
"ARC10319","BAM3690",0.256479481641469
"ARC12071","BAM3690",0.353380782918149
"ARNAPURNA","BAM3690",0.344373219373219
"ASD16","BAM3690",0.330523672883788
"AUS257","BAM3690",0.340302811824081
"BAKAL","BAM3690",0.307399347116431
"BAM1057","BAM3690",0.328937861271676
"BAM1098","BAM3690",0.32005048683736
"BAM1659","BAM3690",0.356211517566099
"BAM1689","BAM3690",0.328023171614772
"BAM1708","BAM3690",0.316720837847598
"BAM1812","BAM3690",0.232520616708498
"BAM2096","BAM3690",0.355436720142603
"BAM2166","BAM3690",0.402367941712204
"BAM247","BAM3690",0.216738197424893
"BAM2574","BAM3690",0.347077805665113
"BAM2680","BAM3690",0.252770825884877
"BAM3154","BAM3690",0.247105643994211
"BAM3181","BAM3690",0.349049838651847
"BAM326","BAM3690",0.337576192183578
"BAM328","BAM3690",0.251875669882101
"BAM350","BAM3690",0.273055028462998
"BAM3690","BAM3690",0
"BAM4009","BAM3690",0.32870036101083
"BAM4054","BAM3690",0.329715302491103
"BAM4138","BAM3690",0.420289855072464
"BAM4168","BAM3690",0.388222464558342
"BAM4234","BAM3690",0.355428161949122
"BAM4254","BAM3690",0.356654676258993
"BAM4477","BAM3690",0.0398926654740608
"BAM4496","BAM3690",0.243402282453638
"BAM4510","BAM3690",0.413749548899314
"BAM4521","BAM3690",0.419847328244275
"BAM4534","BAM3690",0.323137819359482
"BAM4797","BAM3690",0.344195156695157
"BAM491","BAM3690",0.278956834532374
"BAM4928","BAM3690",0.401479610249008
"BAM5110","BAM3690",0.342020129403307
"BAM56","BAM3690",0.405890804597701
"BAM5779","BAM3690",0.403003981179877
"BAM5850","BAM3690",0.342867487328023
"BAM6921","BAM3690",0.260565902578797
"BAM712","BAM3690",0.442913385826772
"BAM742","BAM3690",0.44718817591925
"BAM7429","BAM3690",0.237473156764495
"BAM7449","BAM3690",0.320405944182675
"BAM747","BAM3690",0.447377873563218
"BAM759","BAM3690",0.26659125188537
"BAM766","BAM3690",0.447482796088374
"BAM807","BAM3690",0.401654081265732
"BAM811","BAM3690",0.263139077583125
"BAM812","BAM3690",0.361131123919308
"BAM819","BAM3690",0.273693693693694
"BAM8296","BAM3690",0.243658449446231
"BAM8305","BAM3690",0.24089433826181
"BAM8315","BAM3690",0.421356421356421
"BAM8364","BAM3690",0.311982727599856
"BAMAWPYAN","BAM3690",0.40968443960827
"BENAMURI","BAM3690",0.338958707360862
"BLACKGORA","BAM3690",0.329764453961456
"CGR1656","BAM3690",0.237549265496238
"CGR1679","BAM3690",0.33584229390681
"CGR2012","BAM3690",0.347037701974865
"CO18","BAM3690",0.347981421936406
"CRDHAN-204","BAM3690",0.360344209394048
"CR143-2-2","BAM3690",0.265317090648513
"CR262-4","BAM3690",0.266356810868788
"CROSSA","BAM3690",0.340478742408003
"DULAR","BAM3690",0.329967544175983
"EYPO","BAM3690",0.250456037942357
"EYPO-2","BAM3690",0.331663685152057
"FULKATI","BAM3690",0.319314079422383
"Ghanteswari","BAM3690",0.224347515194852
"GHATIKAMMANANGARHAR","BAM3690",0.343126780626781
"GotrabiDhan","BAM3690",0.215560314061385
"GP-145-37","BAM3690",0.339464285714286
"GP-145-51","BAM3690",0.235136103151863
"HARBHOONDI","BAM3690",0.363212621011115
"HongZuiEr","BAM3690",0.120944484498918
"IndrabaruniDhan","BAM3690",0.242694226657163
"IR74371-54-1-1","BAM3690",0.261785714285714
"IR77298-14-1-2-10","BAM3690",0.260900900900901
"IR77298-5-6-18","BAM3690",0.263948497854077
"IR83383-B-B-129-4","BAM3690",0.261554998208527
"IR83388-B-B108-3","BAM3690",0.26316732353995
"IR87707-445-B-B","BAM3690",0.257591997141836
"IR87707-446-B-B","BAM3690",0.255889815150417
"IRROEPYO","BAM3690",0.403023598820059
"KALINGA-1","BAM3690",0.216917024320458
"KANGRO","BAM3690",0.351726593093628
"KHAODAWTAI","BAM3690",0.32841726618705
"MANDRIRAVINA","BAM3690",0.348430813124108
"MAUDAMANI","BAM3690",0.353597122302158
"MOROBEREKAN","BAM3690",0.359575247162212
"MTU1010","BAM3690",0.25834829443447
"MTU9","BAM3690",0.355559528065785
"NERICA-L-26","BAM3690",0.265512265512265
"NERICA-L-42","BAM3690",0.267416934619507
"NERICA-L-44","BAM3690",0.254016422706176
"PARIJAT","BAM3690",0.22803872355683
"Patchaiperumal","BAM3690",0.240099892971816
"PEH-KUH-TSAO-TU","BAM3690",0.351944345344274
"PMK-2","BAM3690",0.235042735042735
"PRASAD-1","BAM3690",0.350663320186447
"PUSASUGANDH5","BAM3690",0.234190782422294
"PUSA1121","BAM3690",0.306516199490353
"Pusa1121-SN12","BAM3690",0.297623400365631
"PUSA44","BAM3690",0.234884573103701
"PUSABASMATI6","BAM3690",0.38038364096996
"PUSASUGANDH2","BAM3690",0.348446983220278
"RASI","BAM3690",0.25480413895048
"RKVY-104","BAM3690",0.334414414414414
"RKVY-143","BAM3690",0.240720913633119
"RKVY-28","BAM3690",0.315351194786387
"R-RF-44","BAM3690",0.272417503586801
"RRF-78","BAM3690",0.270197486535009
"Sadabahar","BAM3690",0.346443965517241
"SAFRI-17","BAM3690",0.342589253516048
"SAHBHAGIDHAN","BAM3690",0.230010756543564
"SATABHAMA","BAM3690",0.356529516994633
"SERATOES","BAM3690",0.327147016011645
"SERETY","BAM3690",0.350375402216661
"SHAKU","BAM3690",0.367117117117117
"SR1-3-1","BAM3690",0.356757728253055
"SUWEON","BAM3690",0.367079115110611
"SWARNA","BAM3690",0.255315315315315
"VANAPRAVA","BAM3690",0.327966714905933
"VANDANA","BAM3690",0.302090843547224
"Wayrarem","BAM3690",0.250987432675045
"281785","BAM4009",0.409794742527908
"282803","BAM4009",0.336009992862241
"299554","BAM4009",0.335654085745694
"356457","BAM4009",0.33647351581941
"376579","BAM4009",0.402574186628531
"376851","BAM4009",0.401299169974738
"377448","BAM4009",0.3207343412527
"377705","BAM4009",0.343772369362921
"384190","BAM4009",0.262724014336918
"426049","BAM4009",0.337669280114041
"438644","BAM4009",0.335616438356164
"ADAYSEL","BAM4009",0.240151788941091
"AbhayaXDagadesi","BAM4009",0.333094555873925
"ABHISEK","BAM4009",0.416696718355572
"ABOR-A-1","BAM4009",0.33016157989228
"ANJALI","BAM4009",0.415384615384615
"Annada","BAM4009",0.365994236311239
"Apo","BAM4009",0.333990677662245
"ARC10319","BAM4009",0.317117117117117
"ARC12071","BAM4009",0.378609625668449
"ARNAPURNA","BAM4009",0.405737704918033
"ASD16","BAM4009",0.410053859964093
"AUS257","BAM4009",0.410418168709445
"BAKAL","BAM4009",0.189037626628075
"BAM1057","BAM4009",0.184743311641359
"BAM1098","BAM4009",0.173487866714958
"BAM1659","BAM4009",0.402646845540247
"BAM1689","BAM4009",0.169801084990958
"BAM1708","BAM4009",0.165041531238714
"BAM1812","BAM4009",0.319619116061804
"BAM2096","BAM4009",0.405892857142857
"BAM2166","BAM4009",0.263570127504554
"BAM247","BAM4009",0.33345259391771
"BAM2574","BAM4009",0.400752418487997
"BAM2680","BAM4009",0.425402504472272
"BAM3154","BAM4009",0.329590727997103
"BAM3181","BAM4009",0.405419956927495
"BAM326","BAM4009",0.404018658055256
"BAM328","BAM4009",0.324435686134002
"BAM350","BAM4009",0.25256361564755
"BAM3690","BAM4009",0.32870036101083
"BAM4009","BAM4009",0
"BAM4054","BAM4009",0.420405982905983
"BAM4138","BAM4009",0.282325244476639
"BAM4168","BAM4009",0.336779107725789
"BAM4234","BAM4009",0.401183644189383
"BAM4254","BAM4009",0.401943145016193
"BAM4477","BAM4009",0.326032315978456
"BAM4496","BAM4009",0.322154834106315
"BAM4510","BAM4009",0.27958152958153
"BAM4521","BAM4009",0.272628135223555
"BAM4534","BAM4009",0.208901651112706
"BAM4797","BAM4009",0.377935943060498
"BAM491","BAM4009",0.261151079136691
"BAM4928","BAM4009",0.284579270494764
"BAM5110","BAM4009",0.419122933141625
"BAM56","BAM4009",0.277857656362329
"BAM5779","BAM4009",0.366618339978253
"BAM5850","BAM4009",0.204479768786127
"BAM6921","BAM4009",0.339381961911606
"BAM712","BAM4009",0.36235252055774
"BAM742","BAM4009",0.373964710118833
"BAM7429","BAM4009",0.334229390681004
"BAM7449","BAM4009",0.200289750090547
"BAM747","BAM4009",0.367636494252874
"BAM759","BAM4009",0.238653555219365
"BAM766","BAM4009",0.370068765834238
"BAM807","BAM4009",0.36671469740634
"BAM811","BAM4009",0.328556073092082
"BAM812","BAM4009",0.407420749279539
"BAM819","BAM4009",0.417477477477477
"BAM8296","BAM4009",0.335772938236344
"BAM8305","BAM4009",0.340057636887608
"BAM8315","BAM4009",0.341753879465897
"BAM8364","BAM4009",0.400863620007197
"BAMAWPYAN","BAM4009",0.259775524981897
"BENAMURI","BAM4009",0.407247936849659
"BLACKGORA","BAM4009",0.413423777222421
"CGR1656","BAM4009",0.32657091561939
"CGR1679","BAM4009",0.409709781440344
"CGR2012","BAM4009",0.403480444922856
"CO18","BAM4009",0.38254194930382
"CRDHAN-204","BAM4009",0.411585365853659
"CR143-2-2","BAM4009",0.333751343604443
"CR262-4","BAM4009",0.335300429184549
"CROSSA","BAM4009",0.401929260450161
"DULAR","BAM4009",0.193251533742331
"EYPO","BAM4009",0.287801314828342
"EYPO-2","BAM4009",0.405724508050089
"FULKATI","BAM4009",0.210212919523638
"Ghanteswari","BAM4009",0.335239456754825
"GHATIKAMMANANGARHAR","BAM4009",0.406383737517832
"GotrabiDhan","BAM4009",0.330950679056469
"GP-145-37","BAM4009",0.41375
"GP-145-51","BAM4009",0.330763714593044
"HARBHOONDI","BAM4009",0.413378766140603
"HongZuiEr","BAM4009",0.340786152181753
"IndrabaruniDhan","BAM4009",0.346304891110318
"IR74371-54-1-1","BAM4009",0.332141580264569
"IR77298-14-1-2-10","BAM4009",0.339292163235825
"IR77298-5-6-18","BAM4009",0.325206167084977
"IR83383-B-B-129-4","BAM4009",0.329626972740316
"IR83388-B-B108-3","BAM4009",0.339419978517723
"IR87707-445-B-B","BAM4009",0.328989646554802
"IR87707-446-B-B","BAM4009",0.329714078899747
"IRROEPYO","BAM4009",0.308612440191388
"KALINGA-1","BAM4009",0.33506446991404
"KANGRO","BAM4009",0.381096475614098
"KHAODAWTAI","BAM4009",0.424073407700612
"MANDRIRAVINA","BAM4009",0.38141940085592
"MAUDAMANI","BAM4009",0.414836154123154
"MOROBEREKAN","BAM4009",0.298024149286498
"MTU1010","BAM4009",0.339144500359454
"MTU9","BAM4009",0.383595988538682
"NERICA-L-26","BAM4009",0.342779783393502
"NERICA-L-42","BAM4009",0.341136526090064
"NERICA-L-44","BAM4009",0.336789417232749
"PARIJAT","BAM4009",0.341888011486001
"Patchaiperumal","BAM4009",0.312455389007852
"PEH-KUH-TSAO-TU","BAM4009",0.381733856582233
"PMK-2","BAM4009",0.328102710413695
"PRASAD-1","BAM4009",0.406384505021521
"PUSASUGANDH5","BAM4009",0.321543408360129
"PUSA1121","BAM4009",0.295040116703136
"Pusa1121-SN12","BAM4009",0.295421245421245
"PUSA44","BAM4009",0.339082568807339
"PUSABASMATI6","BAM4009",0.385394070860448
"PUSASUGANDH2","BAM4009",0.429464285714286
"RASI","BAM4009",0.34060650887574
"RKVY-104","BAM4009",0.174720519293184
"RKVY-143","BAM4009",0.327266238401142
"RKVY-28","BAM4009",0.210155402963498
"R-RF-44","BAM4009",0.340623879526712
"RRF-78","BAM4009",0.273510409188801
"Sadabahar","BAM4009",0.402837643678161
"SAFRI-17","BAM4009",0.413873873873874
"SAHBHAGIDHAN","BAM4009",0.341170136396267
"SATABHAMA","BAM4009",0.416816063105056
"SERATOES","BAM4009",0.190138282387191
"SERETY","BAM4009",0.384216177523264
"SHAKU","BAM4009",0.407282282282282
"SR1-3-1","BAM4009",0.412675549153763
"SUWEON","BAM4009",0.365427927927928
"SWARNA","BAM4009",0.341810966810967
"VANAPRAVA","BAM4009",0.186618444846293
"VANDANA","BAM4009",0.275793650793651
"Wayrarem","BAM4009",0.336145010768126
"281785","BAM4054",0.191613588110403
"282803","BAM4054",0.281590989088349
"299554","BAM4054",0.319595083152567
"356457","BAM4054",0.24151207560378
"376579","BAM4054",0.235842419978896
"376851","BAM4054",0.22444996451384
"377448","BAM4054",0.327543424317618
"377705","BAM4054",0.293589292004227
"384190","BAM4054",0.311992945326279
"426049","BAM4054",0.24008424008424
"438644","BAM4054",0.277955271565495
"ADAYSEL","BAM4054",0.359458496615604
"AbhayaXDagadesi","BAM4054",0.297669491525424
"ABHISEK","BAM4054",0.206205673758865
"ABOR-A-1","BAM4054",0.27618542108988
"ANJALI","BAM4054",0.191088411412469
"Annada","BAM4054",0.347463639588507
"Apo","BAM4054",0.345338983050847
"ARC10319","BAM4054",0.336466832210004
"ARC12071","BAM4054",0.222378112942827
"ARNAPURNA","BAM4054",0.219943918682089
"ASD16","BAM4054",0.172541416989778
"AUS257","BAM4054",0.215223562810504
"BAKAL","BAM4054",0.40757954951734
"BAM1057","BAM4054",0.414825374198147
"BAM1098","BAM4054",0.400820549411345
"BAM1659","BAM4054",0.222182596291013
"BAM1689","BAM4054",0.403605855051767
"BAM1708","BAM4054",0.4109246697608
"BAM1812","BAM4054",0.334748761500354
"BAM2096","BAM4054",0.232852620471333
"BAM2166","BAM4054",0.306492109038737
"BAM247","BAM4054",0.300635144671842
"BAM2574","BAM4054",0.224277660324172
"BAM2680","BAM4054",0.186795774647887
"BAM3154","BAM4054",0.316315601570868
"BAM3181","BAM4054",0.244797178130511
"BAM326","BAM4054",0.219081272084806
"BAM328","BAM4054",0.337213403880071
"BAM350","BAM4054",0.372986137130011
"BAM3690","BAM4054",0.329715302491103
"BAM4009","BAM4054",0.420405982905983
"BAM4054","BAM4054",0
"BAM4138","BAM4054",0.330541696364932
"BAM4168","BAM4054",0.290253480899679
"BAM4234","BAM4054",0.211816578483245
"BAM4254","BAM4054",0.211327433628319
"BAM4477","BAM4054",0.325194621372965
"BAM4496","BAM4054",0.334328882642305
"BAM4510","BAM4054",0.314650585313941
"BAM4521","BAM4054",0.314847942754919
"BAM4534","BAM4054",0.41817215727949
"BAM4797","BAM4054",0.239138051857043
"BAM491","BAM4054",0.367871059156925
"BAM4928","BAM4054",0.287211367673179
"BAM5110","BAM4054",0.188229056203606
"BAM56","BAM4054",0.303041018387553
"BAM5779","BAM4054",0.295616535994298
"BAM5850","BAM4054",0.421663097787295
"BAM6921","BAM4054",0.302724699221514
"BAM712","BAM4054",0.345368087354702
"BAM742","BAM4054",0.347025495750708
"BAM7429","BAM4054",0.331391242937853
"BAM7449","BAM4054",0.4168752234537
"BAM747","BAM4054",0.350141542816702
"BAM759","BAM4054",0.364688316536021
"BAM766","BAM4054",0.344864479315264
"BAM807","BAM4054",0.295180722891566
"BAM811","BAM4054",0.339329805996473
"BAM812","BAM4054",0.230524079320113
"BAM819","BAM4054",0.20205237084218
"BAM8296","BAM4054",0.291520056298381
"BAM8305","BAM4054",0.294107206247781
"BAM8315","BAM4054",0.318892045454545
"BAM8364","BAM4054",0.191327433628319
"BAMAWPYAN","BAM4054",0.308419550481627
"BENAMURI","BAM4054",0.226341807909605
"BLACKGORA","BAM4054",0.193956430077301
"CGR1656","BAM4054",0.333863556026865
"CGR1679","BAM4054",0.227192673476576
"CGR2012","BAM4054",0.224947071277346
"CO18","BAM4054",0.215014064697609
"CRDHAN-204","BAM4054",0.204337094499295
"CR143-2-2","BAM4054",0.322198656769176
"CR262-4","BAM4054",0.317941487486782
"CROSSA","BAM4054",0.220815752461322
"DULAR","BAM4054",0.416814788482048
"EYPO","BAM4054",0.333333333333333
"EYPO-2","BAM4054",0.168664081776524
"FULKATI","BAM4054",0.415181753385602
"Ghanteswari","BAM4054",0.280148095909732
"GHATIKAMMANANGARHAR","BAM4054",0.17875920084122
"GotrabiDhan","BAM4054",0.29806338028169
"GP-145-37","BAM4054",0.218453427065026
"GP-145-51","BAM4054",0.336042402826855
"HARBHOONDI","BAM4054",0.211789622308507
"HongZuiEr","BAM4054",0.321149751596877
"IndrabaruniDhan","BAM4054",0.302354181307098
"IR74371-54-1-1","BAM4054",0.31210415200563
"IR77298-14-1-2-10","BAM4054",0.304479203697121
"IR77298-5-6-18","BAM4054",0.312808750882145
"IR83383-B-B-129-4","BAM4054",0.303426351112681
"IR83388-B-B108-3","BAM4054",0.290356764394207
"IR87707-445-B-B","BAM4054",0.31023566654942
"IR87707-446-B-B","BAM4054",0.318100678329168
"IRROEPYO","BAM4054",0.281498913830558
"KALINGA-1","BAM4054",0.26559746210786
"KANGRO","BAM4054",0.220315236427321
"KHAODAWTAI","BAM4054",0.187124159886806
"MANDRIRAVINA","BAM4054",0.216643258426966
"MAUDAMANI","BAM4054",0.200070696359138
"MOROBEREKAN","BAM4054",0.442702702702703
"MTU1010","BAM4054",0.300353982300885
"MTU9","BAM4054",0.220774647887324
"NERICA-L-26","BAM4054",0.320654105936722
"NERICA-L-42","BAM4054",0.324233885170835
"NERICA-L-44","BAM4054",0.284934882083773
"PARIJAT","BAM4054",0.305869872701556
"Patchaiperumal","BAM4054",0.324533614924322
"PEH-KUH-TSAO-TU","BAM4054",0.218651211801897
"PMK-2","BAM4054",0.274675096592905
"PRASAD-1","BAM4054",0.199823633156966
"PUSASUGANDH5","BAM4054",0.316965857092573
"PUSA1121","BAM4054",0.38433908045977
"Pusa1121-SN12","BAM4054",0.380462260743951
"PUSA44","BAM4054",0.272119898880462
"PUSABASMATI6","BAM4054",0.251600284495021
"PUSASUGANDH2","BAM4054",0.20098383696416
"RASI","BAM4054",0.303350327749454
"RKVY-104","BAM4054",0.412726626377533
"RKVY-143","BAM4054",0.321302816901408
"RKVY-28","BAM4054",0.413873038516405
"R-RF-44","BAM4054",0.298338635560269
"RRF-78","BAM4054",0.324070796460177
"Sadabahar","BAM4054",0.221004243281471
"SAFRI-17","BAM4054",0.181028368794326
"SAHBHAGIDHAN","BAM4054",0.301590106007067
"SATABHAMA","BAM4054",0.209876543209877
"SERATOES","BAM4054",0.419928186714542
"SERETY","BAM4054",0.223396758280479
"SHAKU","BAM4054",0.243442925748061
"SR1-3-1","BAM4054",0.191462982642579
"SUWEON","BAM4054",0.228581979320532
"SWARNA","BAM4054",0.306474564212024
"VANAPRAVA","BAM4054",0.413959300249911
"VANDANA","BAM4054",0.366192170818505
"Wayrarem","BAM4054",0.347610619469026
"281785","BAM4138",0.313467770975873
"282803","BAM4138",0.422870436649964
"299554","BAM4138",0.428099779897285
"356457","BAM4138",0.420049857549858
"376579","BAM4138",0.306220951018949
"376851","BAM4138",0.309841384282624
"377448","BAM4138",0.418680129823296
"377705","BAM4138",0.431948424068768
"384190","BAM4138",0.189334287759485
"426049","BAM4138",0.418214285714286
"438644","BAM4138",0.421271217045865
"ADAYSEL","BAM4138",0.334360275462124
"AbhayaXDagadesi","BAM4138",0.431312769010043
"ABHISEK","BAM4138",0.318804034582133
"ABOR-A-1","BAM4138",0.417386609071274
"ANJALI","BAM4138",0.323729420186113
"Annada","BAM4138",0.298956083513319
"Apo","BAM4138",0.41857962697274
"ARC10319","BAM4138",0.419162757127391
"ARC12071","BAM4138",0.282174688057041
"ARNAPURNA","BAM4138",0.313725490196078
"ASD16","BAM4138",0.315751704341586
"AUS257","BAM4138",0.318296643810899
"BAKAL","BAM4138",0.302287581699346
"BAM1057","BAM4138",0.25198986975398
"BAM1098","BAM4138",0.312726613488035
"BAM1659","BAM4138",0.302136133236785
"BAM1689","BAM4138",0.314834965542256
"BAM1708","BAM4138",0.303448275862069
"BAM1812","BAM4138",0.404496402877698
"BAM2096","BAM4138",0.294674767691208
"BAM2166","BAM4138",0.214363835216916
"BAM247","BAM4138",0.427905308464849
"BAM2574","BAM4138",0.303981348637016
"BAM2680","BAM4138",0.326227158724471
"BAM3154","BAM4138",0.418208197315923
"BAM3181","BAM4138",0.311602011494253
"BAM326","BAM4138",0.302333931777379
"BAM328","BAM4138",0.399210903873745
"BAM350","BAM4138",0.335548803646031
"BAM3690","BAM4138",0.420289855072464
"BAM4009","BAM4138",0.282325244476639
"BAM4054","BAM4138",0.330541696364932
"BAM4138","BAM4138",0
"BAM4168","BAM4138",0.235390199637024
"BAM4234","BAM4138",0.318752240946576
"BAM4254","BAM4138",0.318214542836573
"BAM4477","BAM4138",0.419540229885057
"BAM4496","BAM4138",0.408571428571429
"BAM4510","BAM4138",0.126621037463977
"BAM4521","BAM4138",0.185823060188542
"BAM4534","BAM4138",0.265045045045045
"BAM4797","BAM4138",0.288002847988608
"BAM491","BAM4138",0.360280878646021
"BAM4928","BAM4138",0.221198988804623
"BAM5110","BAM4138",0.33117816091954
"BAM56","BAM4138",0.192818671454219
"BAM5779","BAM4138",0.292616720955483
"BAM5850","BAM4138",0.254624591947769
"BAM6921","BAM4138",0.425593098490295
"BAM712","BAM4138",0.294201861130995
"BAM742","BAM4138",0.299603889088945
"BAM7429","BAM4138",0.411183027687882
"BAM7449","BAM4138",0.258620689655172
"BAM747","BAM4138",0.292700467457749
"BAM759","BAM4138",0.356574460022736
"BAM766","BAM4138",0.297934034070315
"BAM807","BAM4138",0.292911119107593
"BAM811","BAM4138",0.428699390899319
"BAM812","BAM4138",0.323010442924019
"BAM819","BAM4138",0.322046109510086
"BAM8296","BAM4138",0.43372633083244
"BAM8305","BAM4138",0.43011917659805
"BAM8315","BAM4138",0.252162941600577
"BAM8364","BAM4138",0.296762589928058
"BAMAWPYAN","BAM4138",0.171195652173913
"BENAMURI","BAM4138",0.305416068866571
"BLACKGORA","BAM4138",0.315939957112223
"CGR1656","BAM4138",0.411003236245955
"CGR1679","BAM4138",0.307168458781362
"CGR2012","BAM4138",0.312028725314183
"CO18","BAM4138",0.285892857142857
"CRDHAN-204","BAM4138",0.324605451936872
"CR143-2-2","BAM4138",0.425772825305536
"CR262-4","BAM4138",0.423324973127911
"CROSSA","BAM4138",0.308886509635974
"DULAR","BAM4138",0.274368231046931
"EYPO","BAM4138",0.386613021214338
"EYPO-2","BAM4138",0.315883829329509
"FULKATI","BAM4138",0.266292541636495
"Ghanteswari","BAM4138",0.421354353278395
"GHATIKAMMANANGARHAR","BAM4138",0.3125
"GotrabiDhan","BAM4138",0.421316165951359
"GP-145-37","BAM4138",0.309107142857143
"GP-145-51","BAM4138",0.412980942107156
"HARBHOONDI","BAM4138",0.326398852223816
"HongZuiEr","BAM4138",0.420995670995671
"IndrabaruniDhan","BAM4138",0.421316165951359
"IR74371-54-1-1","BAM4138",0.417859699355762
"IR77298-14-1-2-10","BAM4138",0.424439624005784
"IR77298-5-6-18","BAM4138",0.422194334887056
"IR83383-B-B-129-4","BAM4138",0.421118680530656
"IR83388-B-B108-3","BAM4138",0.422828427853553
"IR87707-445-B-B","BAM4138",0.425839885632595
"IR87707-446-B-B","BAM4138",0.426315789473684
"IRROEPYO","BAM4138",0.152926021347074
"KALINGA-1","BAM4138",0.434587813620072
"KANGRO","BAM4138",0.284467402921268
"KHAODAWTAI","BAM4138",0.330694494422454
"MANDRIRAVINA","BAM4138",0.286122012129861
"MAUDAMANI","BAM4138",0.32451403887689
"MOROBEREKAN","BAM4138",0.39010989010989
"MTU1010","BAM4138",0.426693083573487
"MTU9","BAM4138",0.282133906194057
"NERICA-L-26","BAM4138",0.434429190751445
"NERICA-L-42","BAM4138",0.435374149659864
"NERICA-L-44","BAM4138",0.428980322003578
"PARIJAT","BAM4138",0.419755307664628
"Patchaiperumal","BAM4138",0.394275491949911
"PEH-KUH-TSAO-TU","BAM4138",0.283267927220835
"PMK-2","BAM4138",0.413602284898251
"PRASAD-1","BAM4138",0.315666546891843
"PUSASUGANDH5","BAM4138",0.413175796634443
"PUSA1121","BAM4138",0.365973741794311
"Pusa1121-SN12","BAM4138",0.374174614820249
"PUSA44","BAM4138",0.429148311306902
"PUSABASMATI6","BAM4138",0.296276211135213
"PUSASUGANDH2","BAM4138",0.325527350732928
"RASI","BAM4138",0.426083734716562
"RKVY-104","BAM4138",0.276753434562545
"RKVY-143","BAM4138",0.405265042979943
"RKVY-28","BAM4138",0.284679463962332
"R-RF-44","BAM4138",0.425593098490295
"RRF-78","BAM4138",0.376842862279755
"Sadabahar","BAM4138",0.2954055994257
"SAFRI-17","BAM4138",0.314280562567616
"SAHBHAGIDHAN","BAM4138",0.415229885057471
"SATABHAMA","BAM4138",0.322349570200573
"SERATOES","BAM4138",0.185354273192111
"SERETY","BAM4138",0.284001431639227
"SHAKU","BAM4138",0.304461942257218
"SR1-3-1","BAM4138",0.322226224783862
"SUWEON","BAM4138",0.278319579894974
"SWARNA","BAM4138",0.424395525081198
"VANAPRAVA","BAM4138",0.252361918604651
"VANDANA","BAM4138",0.353579175704989
"Wayrarem","BAM4138",0.421071556993887
"281785","BAM4168",0.279040404040404
"282803","BAM4168",0.388569374550683
"299554","BAM4168",0.397492625368732
"356457","BAM4168",0.389782065023223
"376579","BAM4168",0.278356066044508
"376851","BAM4168",0.288224637681159
"377448","BAM4168",0.392805495300072
"377705","BAM4168",0.393525179856115
"384190","BAM4168",0.239302409205322
"426049","BAM4168",0.388829215896885
"438644","BAM4168",0.387962291515591
"ADAYSEL","BAM4168",0.363240101707228
"AbhayaXDagadesi","BAM4168",0.399171768095067
"ABHISEK","BAM4168",0.28739587106121
"ABOR-A-1","BAM4168",0.368135838150289
"ANJALI","BAM4168",0.282991729593671
"Annada","BAM4168",0.315370705244123
"Apo","BAM4168",0.37963963963964
"ARC10319","BAM4168",0.385688405797101
"ARC12071","BAM4168",0.281440343962737
"ARNAPURNA","BAM4168",0.286735788344655
"ASD16","BAM4168",0.291997116077866
"AUS257","BAM4168",0.281374321880651
"BAKAL","BAM4168",0.364879649890591
"BAM1057","BAM4168",0.340421664849146
"BAM1098","BAM4168",0.360109289617486
"BAM1659","BAM4168",0.281659388646288
"BAM1689","BAM4168",0.359591539022611
"BAM1708","BAM4168",0.349235251274581
"BAM1812","BAM4168",0.37513552584026
"BAM2096","BAM4168",0.269644779332616
"BAM2166","BAM4168",0.259320175438597
"BAM247","BAM4168",0.380266474612892
"BAM2574","BAM4168",0.283710895361381
"BAM2680","BAM4168",0.293568091987064
"BAM3154","BAM4168",0.377595628415301
"BAM3181","BAM4168",0.290496760259179
"BAM326","BAM4168",0.283886085075703
"BAM328","BAM4168",0.374595178121626
"BAM350","BAM4168",0.365965583173996
"BAM3690","BAM4168",0.388222464558342
"BAM4009","BAM4168",0.336779107725789
"BAM4054","BAM4168",0.290253480899679
"BAM4138","BAM4168",0.235390199637024
"BAM4168","BAM4168",0
"BAM4234","BAM4168",0.287410071942446
"BAM4254","BAM4168",0.289017341040462
"BAM4477","BAM4168",0.382087396171903
"BAM4496","BAM4168",0.383608321377331
"BAM4510","BAM4168",0.234826589595376
"BAM4521","BAM4168",0.240517870167761
"BAM4534","BAM4168",0.342913955169921
"BAM4797","BAM4168",0.281629735525375
"BAM491","BAM4168",0.356419529837251
"BAM4928","BAM4168",0.268394345777456
"BAM5110","BAM4168",0.280945507037171
"BAM56","BAM4168",0.24468085106383
"BAM5779","BAM4168",0.296148255813954
"BAM5850","BAM4168",0.326
"BAM6921","BAM4168",0.384837545126354
"BAM712","BAM4168",0.312387791741472
"BAM742","BAM4168",0.315418023887079
"BAM7429","BAM4168",0.38478182473855
"BAM7449","BAM4168",0.323293172690763
"BAM747","BAM4168",0.31173285198556
"BAM759","BAM4168",0.369912514263979
"BAM766","BAM4168",0.314
"BAM807","BAM4168",0.297541576283442
"BAM811","BAM4168",0.387410071942446
"BAM812","BAM4168",0.282176428054953
"BAM819","BAM4168",0.285223988439306
"BAM8296","BAM4168",0.389188218390805
"BAM8305","BAM4168",0.389452700253715
"BAM8315","BAM4168",0.279971024990945
"BAM8364","BAM4168",0.263271939328277
"BAMAWPYAN","BAM4168",0.238363636363636
"BENAMURI","BAM4168",0.280439481268012
"BLACKGORA","BAM4168",0.294380816034359
"CGR1656","BAM4168",0.384823359769286
"CGR1679","BAM4168",0.281654676258993
"CGR2012","BAM4168",0.289521065898452
"CO18","BAM4168",0.27935368043088
"CRDHAN-204","BAM4168",0.292161093131967
"CR143-2-2","BAM4168",0.383074702273547
"CR262-4","BAM4168",0.380669546436285
"CROSSA","BAM4168",0.280645161290323
"DULAR","BAM4168",0.341436865021771
"EYPO","BAM4168",0.38582966226138
"EYPO-2","BAM4168",0.267337405677327
"FULKATI","BAM4168",0.336426491994178
"Ghanteswari","BAM4168",0.38300935925126
"GHATIKAMMANANGARHAR","BAM4168",0.29233798782671
"GotrabiDhan","BAM4168",0.38196191160618
"GP-145-37","BAM4168",0.279190544412607
"GP-145-51","BAM4168",0.389870223503965
"HARBHOONDI","BAM4168",0.282060518731988
"HongZuiEr","BAM4168",0.37961622013034
"IndrabaruniDhan","BAM4168",0.389727011494253
"IR74371-54-1-1","BAM4168",0.38294434470377
"IR77298-14-1-2-10","BAM4168",0.406499636891794
"IR77298-5-6-18","BAM4168",0.394092219020173
"IR83383-B-B-129-4","BAM4168",0.389689978370584
"IR83388-B-B108-3","BAM4168",0.391312184571017
"IR87707-445-B-B","BAM4168",0.394254937163375
"IR87707-446-B-B","BAM4168",0.396463725847612
"IRROEPYO","BAM4168",0.244280442804428
"KALINGA-1","BAM4168",0.390529348217501
"KANGRO","BAM4168",0.280937052932761
"KHAODAWTAI","BAM4168",0.283676417479234
"MANDRIRAVINA","BAM4168",0.279290576854174
"MAUDAMANI","BAM4168",0.279602888086643
"MOROBEREKAN","BAM4168",0.417341678939617
"MTU1010","BAM4168",0.389270231213873
"MTU9","BAM4168",0.280294857964761
"NERICA-L-26","BAM4168",0.382928597317869
"NERICA-L-42","BAM4168",0.385611510791367
"NERICA-L-44","BAM4168",0.398274622573688
"PARIJAT","BAM4168",0.380419075144509
"Patchaiperumal","BAM4168",0.372844827586207
"PEH-KUH-TSAO-TU","BAM4168",0.280409041980624
"PMK-2","BAM4168",0.366630862871464
"PRASAD-1","BAM4168",0.291681670867843
"PUSASUGANDH5","BAM4168",0.395256916996047
"PUSA1121","BAM4168",0.384347507331378
"Pusa1121-SN12","BAM4168",0.393107261334316
"PUSA44","BAM4168",0.39554163596168
"PUSABASMATI6","BAM4168",0.280660377358491
"PUSASUGANDH2","BAM4168",0.291651737728413
"RASI","BAM4168",0.383729569093611
"RKVY-104","BAM4168",0.347731397459165
"RKVY-143","BAM4168",0.385816876122083
"RKVY-28","BAM4168",0.349382267441861
"R-RF-44","BAM4168",0.390230713770728
"RRF-78","BAM4168",0.391618497109827
"Sadabahar","BAM4168",0.269314079422383
"SAFRI-17","BAM4168",0.274945770065076
"SAHBHAGIDHAN","BAM4168",0.373737373737374
"SATABHAMA","BAM4168",0.283992805755396
"SERATOES","BAM4168",0.336083608360836
"SERETY","BAM4168",0.279813218390805
"SHAKU","BAM4168",0.286792452830189
"SR1-3-1","BAM4168",0.296570397111913
"SUWEON","BAM4168",0.273962264150943
"SWARNA","BAM4168",0.388788098693759
"VANAPRAVA","BAM4168",0.341894353369763
"VANDANA","BAM4168",0.350689404934688
"Wayrarem","BAM4168",0.382851985559567
"281785","BAM4234",0.192636072572038
"282803","BAM4234",0.306480169971671
"299554","BAM4234",0.298401743552488
"356457","BAM4234",0.329105003523608
"376579","BAM4234",0.256728045325779
"376851","BAM4234",0.253480899678686
"377448","BAM4234",0.346949696753478
"377705","BAM4234",0.354787234042553
"384190","BAM4234",0.307815275310835
"426049","BAM4234",0.327744440522414
"438644","BAM4234",0.303143979992855
"ADAYSEL","BAM4234",0.376390383925368
"AbhayaXDagadesi","BAM4234",0.289267945984364
"ABHISEK","BAM4234",0.23509460906819
"ABOR-A-1","BAM4234",0.342358389739936
"ANJALI","BAM4234",0.182252922422954
"Annada","BAM4234",0.331432644333571
"Apo","BAM4234",0.323038693645722
"ARC10319","BAM4234",0.359386152748037
"ARC12071","BAM4234",0.2460345435319
"ARNAPURNA","BAM4234",0.237557359689375
"ASD16","BAM4234",0.212992545260916
"AUS257","BAM4234",0.211861379063951
"BAKAL","BAM4234",0.399460431654676
"BAM1057","BAM4234",0.404190544412607
"BAM1098","BAM4234",0.402443406395976
"BAM1659","BAM4234",0.234015804597701
"BAM1689","BAM4234",0.406429597701149
"BAM1708","BAM4234",0.405677326625943
"BAM1812","BAM4234",0.349073414112616
"BAM2096","BAM4234",0.259639193491334
"BAM2166","BAM4234",0.303674351585014
"BAM247","BAM4234",0.310767590618337
"BAM2574","BAM4234",0.25177304964539
"BAM2680","BAM4234",0.242821694434598
"BAM3154","BAM4234",0.33201581027668
"BAM3181","BAM4234",0.263139204545455
"BAM326","BAM4234",0.247602131438721
"BAM328","BAM4234",0.355823863636364
"BAM350","BAM4234",0.381688018085908
"BAM3690","BAM4234",0.355428161949122
"BAM4009","BAM4234",0.401183644189383
"BAM4054","BAM4234",0.211816578483245
"BAM4138","BAM4234",0.318752240946576
"BAM4168","BAM4234",0.287410071942446
"BAM4234","BAM4234",0
"BAM4254","BAM4234",0.00781527531083481
"BAM4477","BAM4234",0.351904592381631
"BAM4496","BAM4234",0.354365500176741
"BAM4510","BAM4234",0.304215791354055
"BAM4521","BAM4234",0.307415406767459
"BAM4534","BAM4234",0.405670470756063
"BAM4797","BAM4234",0.265856236786469
"BAM491","BAM4234",0.37820970042796
"BAM4928","BAM4234",0.292634966035038
"BAM5110","BAM4234",0.199074074074074
"BAM56","BAM4234",0.301316257559587
"BAM5779","BAM4234",0.288199426111908
"BAM5850","BAM4234",0.408943965517241
"BAM6921","BAM4234",0.306583629893238
"BAM712","BAM4234",0.32612548741581
"BAM742","BAM4234",0.328877005347594
"BAM7429","BAM4234",0.352951635846373
"BAM7449","BAM4234",0.405181720043181
"BAM747","BAM4234",0.331374643874644
"BAM759","BAM4234",0.371530382595649
"BAM766","BAM4234",0.327586206896552
"BAM807","BAM4234",0.28497686009256
"BAM811","BAM4234",0.342963488124778
"BAM812","BAM4234",0.234497505345688
"BAM819","BAM4234",0.212504453152832
"BAM8296","BAM4234",0.314093484419263
"BAM8305","BAM4234",0.311003929974991
"BAM8315","BAM4234",0.322257949267596
"BAM8364","BAM4234",0.225213980028531
"BAMAWPYAN","BAM4234",0.301293568091987
"BENAMURI","BAM4234",0.244934233913971
"BLACKGORA","BAM4234",0.204135737009544
"CGR1656","BAM4234",0.351832088224831
"CGR1679","BAM4234",0.259226401703336
"CGR2012","BAM4234",0.261016346837242
"CO18","BAM4234",0.239391796322489
"CRDHAN-204","BAM4234",0.197765164952111
"CR143-2-2","BAM4234",0.343649946638207
"CR262-4","BAM4234",0.339247693399574
"CROSSA","BAM4234",0.255484784147205
"DULAR","BAM4234",0.409692417739628
"EYPO","BAM4234",0.361432706222865
"EYPO-2","BAM4234",0.237850301525364
"FULKATI","BAM4234",0.405487804878049
"Ghanteswari","BAM4234",0.344980489535296
"GHATIKAMMANANGARHAR","BAM4234",0.215696649029982
"GotrabiDhan","BAM4234",0.313297872340425
"GP-145-37","BAM4234",0.25583864118896
"GP-145-51","BAM4234",0.367129135538954
"HARBHOONDI","BAM4234",0.227967306325515
"HongZuiEr","BAM4234",0.348463187991422
"IndrabaruniDhan","BAM4234",0.309380530973451
"IR74371-54-1-1","BAM4234",0.334336283185841
"IR77298-14-1-2-10","BAM4234",0.315497494631353
"IR77298-5-6-18","BAM4234",0.235471296952516
"IR83383-B-B-129-4","BAM4234",0.237459978655283
"IR83388-B-B108-3","BAM4234",0.297902595094205
"IR87707-445-B-B","BAM4234",0.243635077793494
"IR87707-446-B-B","BAM4234",0.287073608617594
"IRROEPYO","BAM4234",0.27992700729927
"KALINGA-1","BAM4234",0.329783457578985
"KANGRO","BAM4234",0.24249911754324
"KHAODAWTAI","BAM4234",0.248750892219843
"MANDRIRAVINA","BAM4234",0.241513437057992
"MAUDAMANI","BAM4234",0.213599145603418
"MOROBEREKAN","BAM4234",0.433876811594203
"MTU1010","BAM4234",0.244563279857397
"MTU9","BAM4234",0.246102055279943
"NERICA-L-26","BAM4234",0.326421165534501
"NERICA-L-42","BAM4234",0.32677304964539
"NERICA-L-44","BAM4234",0.303716814159292
"PARIJAT","BAM4234",0.333333333333333
"Patchaiperumal","BAM4234",0.345432011331445
"PEH-KUH-TSAO-TU","BAM4234",0.24434628975265
"PMK-2","BAM4234",0.341472045293701
"PRASAD-1","BAM4234",0.216796875
"PUSASUGANDH5","BAM4234",0.320744680851064
"PUSA1121","BAM4234",0.402893309222423
"Pusa1121-SN12","BAM4234",0.401053013798112
"PUSA44","BAM4234",0.298694232861806
"PUSABASMATI6","BAM4234",0.251788268955651
"PUSASUGANDH2","BAM4234",0.205903145987982
"RASI","BAM4234",0.349139509337239
"RKVY-104","BAM4234",0.411333571683947
"RKVY-143","BAM4234",0.360884955752212
"RKVY-28","BAM4234",0.416157989228007
"R-RF-44","BAM4234",0.261836952652189
"RRF-78","BAM4234",0.298398576512455
"Sadabahar","BAM4234",0.25534188034188
"SAFRI-17","BAM4234",0.203208556149733
"SAHBHAGIDHAN","BAM4234",0.330131625755959
"SATABHAMA","BAM4234",0.227740333451579
"SERATOES","BAM4234",0.410817655571635
"SERETY","BAM4234",0.253095153873364
"SHAKU","BAM4234",0.238492947290275
"SR1-3-1","BAM4234",0.186141788386177
"SUWEON","BAM4234",0.230141054194506
"SWARNA","BAM4234",0.328147353361946
"VANAPRAVA","BAM4234",0.404454022988506
"VANDANA","BAM4234",0.368553008595988
"Wayrarem","BAM4234",0.325908766928011
"281785","BAM4254",0.19192280200143
"282803","BAM4254",0.307569296375267
"299554","BAM4254",0.298360655737705
"356457","BAM4254",0.330861581920904
"376579","BAM4254",0.257102272727273
"376851","BAM4254",0.25304441260745
"377448","BAM4254",0.349016100178891
"377705","BAM4254",0.355464578141687
"384190","BAM4254",0.310049893086244
"426049","BAM4254",0.32949716713881
"438644","BAM4254",0.304698708751793
"ADAYSEL","BAM4254",0.377249820014399
"AbhayaXDagadesi","BAM4254",0.291844729344729
"ABHISEK","BAM4254",0.232712289501971
"ABOR-A-1","BAM4254",0.345012513407222
"ANJALI","BAM4254",0.18259325044405
"Annada","BAM4254",0.331545064377682
"Apo","BAM4254",0.324430199430199
"ARC10319","BAM4254",0.361290322580645
"ARC12071","BAM4254",0.246548672566372
"ARNAPURNA","BAM4254",0.236366855524079
"ASD16","BAM4254",0.213725490196078
"AUS257","BAM4254",0.210394265232975
"BAKAL","BAM4254",0.4014440433213
"BAM1057","BAM4254",0.404282115869018
"BAM1098","BAM4254",0.403423423423423
"BAM1659","BAM4254",0.234268248831356
"BAM1689","BAM4254",0.407420749279539
"BAM1708","BAM4254",0.407567567567568
"BAM1812","BAM4254",0.350767583006069
"BAM2096","BAM4254",0.259765625
"BAM2166","BAM4254",0.304410701373825
"BAM247","BAM4254",0.310700319943121
"BAM2574","BAM4254",0.253290643898968
"BAM2680","BAM4254",0.242988995385161
"BAM3154","BAM4254",0.334954954954955
"BAM3181","BAM4254",0.262116892373485
"BAM326","BAM4254",0.248127006778452
"BAM328","BAM4254",0.359302739238705
"BAM350","BAM4254",0.383264072534945
"BAM3690","BAM4254",0.356654676258993
"BAM4009","BAM4254",0.401943145016193
"BAM4054","BAM4254",0.211327433628319
"BAM4138","BAM4254",0.318214542836573
"BAM4168","BAM4254",0.289017341040462
"BAM4234","BAM4254",0.00781527531083481
"BAM4254","BAM4254",0
"BAM4477","BAM4254",0.354002859185132
"BAM4496","BAM4254",0.356205673758865
"BAM4510","BAM4254",0.307278594478308
"BAM4521","BAM4254",0.30930064888248
"BAM4534","BAM4254",0.406485130777499
"BAM4797","BAM4254",0.267091746369111
"BAM491","BAM4254",0.378175313059034
"BAM4928","BAM4254",0.292905768541741
"BAM5110","BAM4254",0.197860962566845
"BAM56","BAM4254",0.299464285714286
"BAM5779","BAM4254",0.285868392664509
"BAM5850","BAM4254",0.410875045012604
"BAM6921","BAM4254",0.309421841541756
"BAM712","BAM4254",0.328413940256046
"BAM742","BAM4254",0.327956989247312
"BAM7429","BAM4254",0.354671897289586
"BAM7449","BAM4254",0.407761732851986
"BAM747","BAM4254",0.330835117773019
"BAM759","BAM4254",0.373027798647633
"BAM766","BAM4254",0.32744320230797
"BAM807","BAM4254",0.285509838998211
"BAM811","BAM4254",0.343839031339031
"BAM812","BAM4254",0.234347048300537
"BAM819","BAM4254",0.213214285714286
"BAM8296","BAM4254",0.317341862117982
"BAM8305","BAM4254",0.311537083482623
"BAM8315","BAM4254",0.322569070685325
"BAM8364","BAM4254",0.225339528234453
"BAMAWPYAN","BAM4254",0.301441441441441
"BENAMURI","BAM4254",0.245720399429387
"BLACKGORA","BAM4254",0.204891882311237
"CGR1656","BAM4254",0.351640513552068
"CGR1679","BAM4254",0.258890469416785
"CGR2012","BAM4254",0.260435247948626
"CO18","BAM4254",0.2403265885694
"CRDHAN-204","BAM4254",0.196085409252669
"CR143-2-2","BAM4254",0.345535714285714
"CR262-4","BAM4254",0.340569395017794
"CROSSA","BAM4254",0.255772646536412
"DULAR","BAM4254",0.410445082555635
"EYPO","BAM4254",0.361856417693981
"EYPO-2","BAM4254",0.240576102418208
"FULKATI","BAM4254",0.406227501799856
"Ghanteswari","BAM4254",0.345551601423488
"GHATIKAMMANANGARHAR","BAM4254",0.216790648246546
"GotrabiDhan","BAM4254",0.312322443181818
"GP-145-37","BAM4254",0.255413560525382
"GP-145-51","BAM4254",0.368402282453638
"HARBHOONDI","BAM4254",0.22647897362794
"HongZuiEr","BAM4254",0.350179211469534
"IndrabaruniDhan","BAM4254",0.309726659566915
"IR74371-54-1-1","BAM4254",0.336173233936812
"IR77298-14-1-2-10","BAM4254",0.31903052064632
"IR77298-5-6-18","BAM4254",0.237562189054726
"IR83383-B-B-129-4","BAM4254",0.240734141126158
"IR83388-B-B108-3","BAM4254",0.300534759358289
"IR87707-445-B-B","BAM4254",0.246456413890858
"IR87707-446-B-B","BAM4254",0.28736046092906
"IRROEPYO","BAM4254",0.28068889703188
"KALINGA-1","BAM4254",0.33048433048433
"KANGRO","BAM4254",0.245573654390935
"KHAODAWTAI","BAM4254",0.248927805575411
"MANDRIRAVINA","BAM4254",0.242284498048954
"MAUDAMANI","BAM4254",0.212910128388017
"MOROBEREKAN","BAM4254",0.435953420669578
"MTU1010","BAM4254",0.247231153983566
"MTU9","BAM4254",0.246621621621622
"NERICA-L-26","BAM4254",0.327833572453372
"NERICA-L-42","BAM4254",0.328708644610459
"NERICA-L-44","BAM4254",0.30538816022687
"PARIJAT","BAM4254",0.334107142857143
"Patchaiperumal","BAM4254",0.346126510305615
"PEH-KUH-TSAO-TU","BAM4254",0.245919091554294
"PMK-2","BAM4254",0.344980489535296
"PRASAD-1","BAM4254",0.219807623797649
"PUSASUGANDH5","BAM4254",0.32159373888296
"PUSA1121","BAM4254",0.402430177729416
"Pusa1121-SN12","BAM4254",0.401056851311953
"PUSA44","BAM4254",0.300327630141973
"PUSABASMATI6","BAM4254",0.252508960573477
"PUSASUGANDH2","BAM4254",0.20354609929078
"RASI","BAM4254",0.351048179477749
"RKVY-104","BAM4254",0.413168281306064
"RKVY-143","BAM4254",0.362522202486679
"RKVY-28","BAM4254",0.417596257646635
"R-RF-44","BAM4254",0.265073135925794
"RRF-78","BAM4254",0.299642857142857
"Sadabahar","BAM4254",0.257494646680942
"SAFRI-17","BAM4254",0.204407022572555
"SAHBHAGIDHAN","BAM4254",0.331550802139037
"SATABHAMA","BAM4254",0.227676983279972
"SERATOES","BAM4254",0.411220043572985
"SERETY","BAM4254",0.2543547813722
"SHAKU","BAM4254",0.238352590383899
"SR1-3-1","BAM4254",0.186337625178827
"SUWEON","BAM4254",0.230940870211975
"SWARNA","BAM4254",0.329745245783997
"VANAPRAVA","BAM4254",0.404615939415795
"VANDANA","BAM4254",0.370150862068966
"Wayrarem","BAM4254",0.326840600428878
"281785","BAM4477",0.323024669288523
"282803","BAM4477",0.216259298618491
"299554","BAM4477",0.263464337700146
"356457","BAM4477",0.230335097001764
"376579","BAM4477",0.340078097266596
"376851","BAM4477",0.345272206303725
"377448","BAM4477",0.240178571428571
"377705","BAM4477",0.142629340892984
"384190","BAM4477",0.408831908831909
"426049","BAM4477",0.231163777856385
"438644","BAM4477",0.216970998925886
"ADAYSEL","BAM4477",0.288972701149425
"AbhayaXDagadesi","BAM4477",0.245111980092428
"ABHISEK","BAM4477",0.354457572502685
"ABOR-A-1","BAM4477",0.220855614973262
"ANJALI","BAM4477",0.342039800995025
"Annada","BAM4477",0.444722719141324
"Apo","BAM4477",0.249199003203987
"ARC10319","BAM4477",0.246068620443174
"ARC12071","BAM4477",0.347664543524416
"ARNAPURNA","BAM4477",0.332271762208068
"ASD16","BAM4477",0.322638146167558
"AUS257","BAM4477",0.33953488372093
"BAKAL","BAM4477",0.309996391194515
"BAM1057","BAM4477",0.330276878820568
"BAM1098","BAM4477",0.314542190305206
"BAM1659","BAM4477",0.349766102914718
"BAM1689","BAM4477",0.328956834532374
"BAM1708","BAM4477",0.316792520676016
"BAM1812","BAM4477",0.225053456878118
"BAM2096","BAM4477",0.348651525904897
"BAM2166","BAM4477",0.396489323199421
"BAM247","BAM4477",0.202914001421464
"BAM2574","BAM4477",0.341402634389462
"BAM2680","BAM4477",0.252042628774423
"BAM3154","BAM4477",0.237940964722822
"BAM3181","BAM4477",0.343538625845497
"BAM326","BAM4477",0.329889561809761
"BAM328","BAM4477",0.241929762327066
"BAM350","BAM4477",0.270244821092279
"BAM3690","BAM4477",0.0398926654740608
"BAM4009","BAM4477",0.326032315978456
"BAM4054","BAM4477",0.325194621372965
"BAM4138","BAM4477",0.419540229885057
"BAM4168","BAM4477",0.382087396171903
"BAM4234","BAM4477",0.351904592381631
"BAM4254","BAM4477",0.354002859185132
"BAM4477","BAM4477",0
"BAM4496","BAM4477",0.23458540042523
"BAM4510","BAM4477",0.412513445679455
"BAM4521","BAM4477",0.418655097613883
"BAM4534","BAM4477",0.320663811563169
"BAM4797","BAM4477",0.33864118895966
"BAM491","BAM4477",0.272305496074233
"BAM4928","BAM4477",0.398423504120387
"BAM5110","BAM4477",0.337615988579586
"BAM56","BAM4477",0.405704099821747
"BAM5779","BAM4477",0.396799712333693
"BAM5850","BAM4477",0.342029507016913
"BAM6921","BAM4477",0.255876068376068
"BAM712","BAM4477",0.440717074902378
"BAM742","BAM4477",0.446275071633238
"BAM7429","BAM4477",0.22764517278233
"BAM7449","BAM4477",0.319394376351839
"BAM747","BAM4477",0.446626204926812
"BAM759","BAM4477",0.270966528770214
"BAM766","BAM4477",0.444704610951009
"BAM807","BAM4477",0.394595561918397
"BAM811","BAM4477",0.256665481692144
"BAM812","BAM4477",0.354717655468192
"BAM819","BAM4477",0.265926986399427
"BAM8296","BAM4477",0.24406238922368
"BAM8305","BAM4477",0.235683607730852
"BAM8315","BAM4477",0.41594982078853
"BAM8364","BAM4477",0.315384615384615
"BAMAWPYAN","BAM4477",0.407634137558516
"BENAMURI","BAM4477",0.328942684229263
"BLACKGORA","BAM4477",0.324592487597449
"CGR1656","BAM4477",0.226317663817664
"CGR1679","BAM4477",0.327463536108147
"CGR2012","BAM4477",0.341889483065954
"CO18","BAM4477",0.341965235899255
"CRDHAN-204","BAM4477",0.352207977207977
"CR143-2-2","BAM4477",0.261683910096325
"CR262-4","BAM4477",0.261016346837242
"CROSSA","BAM4477",0.336408800567779
"DULAR","BAM4477",0.324130512728577
"EYPO","BAM4477",0.244569152787835
"EYPO-2","BAM4477",0.323005698005698
"FULKATI","BAM4477",0.320466786355476
"Ghanteswari","BAM4477",0.215351812366738
"GHATIKAMMANANGARHAR","BAM4477",0.337995750708215
"GotrabiDhan","BAM4477",0.201135154310039
"GP-145-37","BAM4477",0.335164835164835
"GP-145-51","BAM4477",0.227110794442465
"HARBHOONDI","BAM4477",0.35772792022792
"HongZuiEr","BAM4477",0.115618298784846
"IndrabaruniDhan","BAM4477",0.244684620836286
"IR74371-54-1-1","BAM4477",0.256742370475515
"IR77298-14-1-2-10","BAM4477",0.25913323782235
"IR77298-5-6-18","BAM4477",0.262522202486678
"IR83383-B-B-129-4","BAM4477",0.257214107588172
"IR83388-B-B108-3","BAM4477",0.259153928190544
"IR87707-445-B-B","BAM4477",0.251329315845445
"IR87707-446-B-B","BAM4477",0.257564841498559
"IRROEPYO","BAM4477",0.39853747714808
"KALINGA-1","BAM4477",0.219238975817923
"KANGRO","BAM4477",0.345705196182397
"KHAODAWTAI","BAM4477",0.323024669288523
"MANDRIRAVINA","BAM4477",0.341843971631206
"MAUDAMANI","BAM4477",0.341607142857143
"MOROBEREKAN","BAM4477",0.363735465116279
"MTU1010","BAM4477",0.253214285714286
"MTU9","BAM4477",0.350284495021337
"NERICA-L-26","BAM4477",0.261554998208527
"NERICA-L-42","BAM4477",0.264110756123536
"NERICA-L-44","BAM4477",0.246808510638298
"PARIJAT","BAM4477",0.216880341880342
"Patchaiperumal","BAM4477",0.2296388101983
"PEH-KUH-TSAO-TU","BAM4477",0.345609065155807
"PMK-2","BAM4477",0.220963172804533
"PRASAD-1","BAM4477",0.347167794798718
"PUSASUGANDH5","BAM4477",0.232694355697551
"PUSA1121","BAM4477",0.309833694866233
"Pusa1121-SN12","BAM4477",0.302942244823829
"PUSA44","BAM4477",0.230531295487627
"PUSABASMATI6","BAM4477",0.386355475763016
"PUSASUGANDH2","BAM4477",0.348581560283688
"RASI","BAM4477",0.254848152213685
"RKVY-104","BAM4477",0.333273574757978
"RKVY-143","BAM4477",0.234740951029099
"RKVY-28","BAM4477",0.315506101938263
"R-RF-44","BAM4477",0.26797153024911
"RRF-78","BAM4477",0.269354263289333
"Sadabahar","BAM4477",0.340292648108494
"SAFRI-17","BAM4477",0.339004297994269
"SAHBHAGIDHAN","BAM4477",0.216981132075472
"SATABHAMA","BAM4477",0.351173541963016
"SERATOES","BAM4477",0.326574945691528
"SERETY","BAM4477",0.344992897727273
"SHAKU","BAM4477",0.366331096196868
"SR1-3-1","BAM4477",0.357755539671194
"SUWEON","BAM4477",0.362229679343773
"SWARNA","BAM4477",0.25286327845383
"VANAPRAVA","BAM4477",0.330035971223022
"VANDANA","BAM4477",0.295625672283973
"Wayrarem","BAM4477",0.251961483594864
"281785","BAM4496",0.350070972320795
"282803","BAM4496",0.25555163905534
"299554","BAM4496",0.249005424954792
"356457","BAM4496",0.23686974789916
"376579","BAM4496",0.329805996472663
"376851","BAM4496",0.315433854907539
"377448","BAM4496",0.207196029776675
"377705","BAM4496",0.249294781382228
"384190","BAM4496",0.4022622834924
"426049","BAM4496",0.237100737100737
"438644","BAM4496",0.250533807829181
"ADAYSEL","BAM4496",0.285943631823047
"AbhayaXDagadesi","BAM4496",0.262544169611307
"ABHISEK","BAM4496",0.350817923186344
"ABOR-A-1","BAM4496",0.238221749911442
"ANJALI","BAM4496",0.352401129943503
"Annada","BAM4496",0.439943141435679
"Apo","BAM4496",0.25751148815836
"ARC10319","BAM4496",0.19140625
"ARC12071","BAM4496",0.307800421644413
"ARNAPURNA","BAM4496",0.265718299964875
"ASD16","BAM4496",0.322946175637394
"AUS257","BAM4496",0.345648312611012
"BAKAL","BAM4496",0.315346002151309
"BAM1057","BAM4496",0.304316803424902
"BAM1098","BAM4496",0.3225
"BAM1659","BAM4496",0.321364773133262
"BAM1689","BAM4496",0.308928571428571
"BAM1708","BAM4496",0.309532309889325
"BAM1812","BAM4496",0.207507082152975
"BAM2096","BAM4496",0.312544045102185
"BAM2166","BAM4496",0.398274622573688
"BAM247","BAM4496",0.223870056497175
"BAM2574","BAM4496",0.312654648285613
"BAM2680","BAM4496",0.350511824920579
"BAM3154","BAM4496",0.238469789059707
"BAM3181","BAM4496",0.275026529890343
"BAM326","BAM4496",0.300070771408351
"BAM328","BAM4496",0.219202259089305
"BAM350","BAM4496",0.244199101796407
"BAM3690","BAM4496",0.243402282453638
"BAM4009","BAM4496",0.322154834106315
"BAM4054","BAM4496",0.334328882642305
"BAM4138","BAM4496",0.408571428571429
"BAM4168","BAM4496",0.383608321377331
"BAM4234","BAM4496",0.354365500176741
"BAM4254","BAM4496",0.356205673758865
"BAM4477","BAM4496",0.23458540042523
"BAM4496","BAM4496",0
"BAM4510","BAM4496",0.39626334519573
"BAM4521","BAM4496",0.401077199281867
"BAM4534","BAM4496",0.306136927988648
"BAM4797","BAM4496",0.281776685393258
"BAM491","BAM4496",0.264831261101243
"BAM4928","BAM4496",0.401140007125044
"BAM5110","BAM4496",0.354055968827488
"BAM56","BAM4496",0.403471484236628
"BAM5779","BAM4496",0.414790996784566
"BAM5850","BAM4496",0.31654162200786
"BAM6921","BAM4496",0.262300884955752
"BAM712","BAM4496",0.439110483586304
"BAM742","BAM4496",0.439921791681479
"BAM7429","BAM4496",0.208657243816254
"BAM7449","BAM4496",0.303117162307417
"BAM747","BAM4496",0.438142502658632
"BAM759","BAM4496",0.281075027995521
"BAM766","BAM4496",0.436516452074392
"BAM807","BAM4496",0.409623579545455
"BAM811","BAM4496",0.233227401129944
"BAM812","BAM4496",0.333392539964476
"BAM819","BAM4496",0.336651261997867
"BAM8296","BAM4496",0.242338851708348
"BAM8305","BAM4496",0.25809320526503
"BAM8315","BAM4496",0.423076923076923
"BAM8364","BAM4496",0.348188920454545
"BAMAWPYAN","BAM4496",0.401144082946014
"BENAMURI","BAM4496",0.27431906614786
"BLACKGORA","BAM4496",0.340253342716397
"CGR1656","BAM4496",0.171676096181047
"CGR1679","BAM4496",0.301836806782056
"CGR2012","BAM4496",0.294409058740269
"CO18","BAM4496",0.300387596899225
"CRDHAN-204","BAM4496",0.34966395472232
"CR143-2-2","BAM4496",0.261331444759207
"CR262-4","BAM4496",0.261199294532628
"CROSSA","BAM4496",0.296616143813888
"DULAR","BAM4496",0.323005698005698
"EYPO","BAM4496",0.255847427132062
"EYPO-2","BAM4496",0.336161187698834
"FULKATI","BAM4496",0.304309116809117
"Ghanteswari","BAM4496",0.207347227128223
"GHATIKAMMANANGARHAR","BAM4496",0.342540464461647
"GotrabiDhan","BAM4496",0.228234050052873
"GP-145-37","BAM4496",0.302501761804087
"GP-145-51","BAM4496",0.201943462897527
"HARBHOONDI","BAM4496",0.355221238938053
"HongZuiEr","BAM4496",0.243598862019915
"IndrabaruniDhan","BAM4496",0.22666431842198
"IR74371-54-1-1","BAM4496",0.249471830985916
"IR77298-14-1-2-10","BAM4496",0.258725071225071
"IR77298-5-6-18","BAM4496",0.259625574002119
"IR83383-B-B-129-4","BAM4496",0.268999646518204
"IR83388-B-B108-3","BAM4496",0.253536067892503
"IR87707-445-B-B","BAM4496",0.255285412262156
"IR87707-446-B-B","BAM4496",0.249374776705966
"IRROEPYO","BAM4496",0.39188205314889
"KALINGA-1","BAM4496",0.232627865961199
"KANGRO","BAM4496",0.305760449596066
"KHAODAWTAI","BAM4496",0.3411430599929
"MANDRIRAVINA","BAM4496",0.301162381120113
"MAUDAMANI","BAM4496",0.339127350124158
"MOROBEREKAN","BAM4496",0.367822318526544
"MTU1010","BAM4496",0.256382978723404
"MTU9","BAM4496",0.308833922261484
"NERICA-L-26","BAM4496",0.261379800853485
"NERICA-L-42","BAM4496",0.259859154929577
"NERICA-L-44","BAM4496",0.249735822472702
"PARIJAT","BAM4496",0.253184713375796
"Patchaiperumal","BAM4496",0.189964788732394
"PEH-KUH-TSAO-TU","BAM4496",0.304118268215417
"PMK-2","BAM4496",0.239275668073136
"PRASAD-1","BAM4496",0.345827439886846
"PUSASUGANDH5","BAM4496",0.262786596119929
"PUSA1121","BAM4496",0.306364617044229
"Pusa1121-SN12","BAM4496",0.302417899675207
"PUSA44","BAM4496",0.246112115732369
"PUSABASMATI6","BAM4496",0.380264097073519
"PUSASUGANDH2","BAM4496",0.321189721928898
"RASI","BAM4496",0.251184834123223
"RKVY-104","BAM4496",0.321949484169335
"RKVY-143","BAM4496",0.201232394366197
"RKVY-28","BAM4496",0.314887540164227
"R-RF-44","BAM4496",0.247081712062257
"RRF-78","BAM4496",0.261440227030862
"Sadabahar","BAM4496",0.300743889479277
"SAFRI-17","BAM4496",0.344594594594595
"SAHBHAGIDHAN","BAM4496",0.252298444130127
"SATABHAMA","BAM4496",0.350530035335689
"SERATOES","BAM4496",0.316564858066834
"SERETY","BAM4496",0.311440677966102
"SHAKU","BAM4496",0.354282536151279
"SR1-3-1","BAM4496",0.350976909413854
"SUWEON","BAM4496",0.346965210954848
"SWARNA","BAM4496",0.238332739579622
"VANAPRAVA","BAM4496",0.305545617173524
"VANDANA","BAM4496",0.281695156695157
"Wayrarem","BAM4496",0.258230088495575
"281785","BAM4510",0.311242816091954
"282803","BAM4510",0.420855614973262
"299554","BAM4510",0.417733089579525
"356457","BAM4510",0.407413976587442
"376579","BAM4510",0.292808828764685
"376851","BAM4510",0.292849443047072
"377448","BAM4510",0.396873877111031
"377705","BAM4510",0.419792783136835
"384190","BAM4510",0.186229040313949
"426049","BAM4510",0.40647226173542
"438644","BAM4510",0.419093851132686
"ADAYSEL","BAM4510",0.335616438356164
"AbhayaXDagadesi","BAM4510",0.42310443490701
"ABHISEK","BAM4510",0.311063218390805
"ABOR-A-1","BAM4510",0.405667144906743
"ANJALI","BAM4510",0.312566940378436
"Annada","BAM4510",0.318736539842068
"Apo","BAM4510",0.404361816231677
"ARC10319","BAM4510",0.405138339920949
"ARC12071","BAM4510",0.286500888099467
"ARNAPURNA","BAM4510",0.304756833510827
"ASD16","BAM4510",0.312544674767691
"AUS257","BAM4510",0.305026929982047
"BAKAL","BAM4510",0.287445730824891
"BAM1057","BAM4510",0.228715728715729
"BAM1098","BAM4510",0.319118178532707
"BAM1659","BAM4510",0.301191765980498
"BAM1689","BAM4510",0.312409551374819
"BAM1708","BAM4510",0.292929292929293
"BAM1812","BAM4510",0.402111667859699
"BAM2096","BAM4510",0.286298932384342
"BAM2166","BAM4510",0.22057225642883
"BAM247","BAM4510",0.410829163688349
"BAM2574","BAM4510",0.291547788873039
"BAM2680","BAM4510",0.316934046345811
"BAM3154","BAM4510",0.402024584237166
"BAM3181","BAM4510",0.302217453505007
"BAM326","BAM4510",0.283160529138363
"BAM328","BAM4510",0.383845604002859
"BAM350","BAM4510",0.316748955563995
"BAM3690","BAM4510",0.413749548899314
"BAM4009","BAM4510",0.27958152958153
"BAM4054","BAM4510",0.314650585313941
"BAM4138","BAM4510",0.126621037463977
"BAM4168","BAM4510",0.234826589595376
"BAM4234","BAM4510",0.304215791354055
"BAM4254","BAM4510",0.307278594478308
"BAM4477","BAM4510",0.412513445679455
"BAM4496","BAM4510",0.39626334519573
"BAM4510","BAM4510",0
"BAM4521","BAM4510",0.180304127443881
"BAM4534","BAM4510",0.232604017216643
"BAM4797","BAM4510",0.274582889598864
"BAM491","BAM4510",0.353912419239052
"BAM4928","BAM4510",0.206654676258993
"BAM5110","BAM4510",0.31907659269864
"BAM56","BAM4510",0.180679785330948
"BAM5779","BAM4510",0.298591040462428
"BAM5850","BAM4510",0.24107464839524
"BAM6921","BAM4510",0.415770609318996
"BAM712","BAM4510",0.314795008912656
"BAM742","BAM4510",0.322505384063173
"BAM7429","BAM4510",0.393662728249194
"BAM7449","BAM4510",0.227470141150923
"BAM747","BAM4510",0.316242380781642
"BAM759","BAM4510",0.343196381454957
"BAM766","BAM4510",0.319595083152567
"BAM807","BAM4510",0.296728971962617
"BAM811","BAM4510",0.417411512334644
"BAM812","BAM4510",0.315780014378145
"BAM819","BAM4510",0.311445999282382
"BAM8296","BAM4510",0.421212121212121
"BAM8305","BAM4510",0.423893486865779
"BAM8315","BAM4510",0.26725377426312
"BAM8364","BAM4510",0.289483129935391
"BAMAWPYAN","BAM4510",0.155334538878843
"BENAMURI","BAM4510",0.297602004294918
"BLACKGORA","BAM4510",0.309743954480797
"CGR1656","BAM4510",0.402076620121733
"CGR1679","BAM4510",0.294117647058823
"CGR2012","BAM4510",0.293949158610813
"CO18","BAM4510",0.281672597864769
"CRDHAN-204","BAM4510",0.314530524812567
"CR143-2-2","BAM4510",0.415324024346581
"CR262-4","BAM4510",0.412236889047449
"CROSSA","BAM4510",0.290138839444642
"DULAR","BAM4510",0.261776339446242
"EYPO","BAM4510",0.376093294460641
"EYPO-2","BAM4510",0.306716684530189
"FULKATI","BAM4510",0.238009376126938
"Ghanteswari","BAM4510",0.413183279742765
"GHATIKAMMANANGARHAR","BAM4510",0.310032017075774
"GotrabiDhan","BAM4510",0.409707351891506
"GP-145-37","BAM4510",0.287620064034152
"GP-145-51","BAM4510",0.398280802292264
"HARBHOONDI","BAM4510",0.317792068595927
"HongZuiEr","BAM4510",0.416037396619921
"IndrabaruniDhan","BAM4510",0.412508909479686
"IR74371-54-1-1","BAM4510",0.409625668449198
"IR77298-14-1-2-10","BAM4510",0.415165706051873
"IR77298-5-6-18","BAM4510",0.408082975679542
"IR83383-B-B-129-4","BAM4510",0.413533834586466
"IR83388-B-B108-3","BAM4510",0.417710196779964
"IR87707-445-B-B","BAM4510",0.416012838801712
"IR87707-446-B-B","BAM4510",0.419197396963124
"IRROEPYO","BAM4510",0.160864785635764
"KALINGA-1","BAM4510",0.422829581993569
"KANGRO","BAM4510",0.286397449521785
"KHAODAWTAI","BAM4510",0.322927879440258
"MANDRIRAVINA","BAM4510",0.28259325044405
"MAUDAMANI","BAM4510",0.321326164874552
"MOROBEREKAN","BAM4510",0.410766423357664
"MTU1010","BAM4510",0.417115177610334
"MTU9","BAM4510",0.285586871209419
"NERICA-L-26","BAM4510",0.424253328535444
"NERICA-L-42","BAM4510",0.425205283827205
"NERICA-L-44","BAM4510",0.420320855614973
"PARIJAT","BAM4510",0.406552094522019
"Patchaiperumal","BAM4510",0.384450784593438
"PEH-KUH-TSAO-TU","BAM4510",0.284801136363636
"PMK-2","BAM4510",0.403490028490028
"PRASAD-1","BAM4510",0.303897032534859
"PUSASUGANDH5","BAM4510",0.410548823948681
"PUSA1121","BAM4510",0.360727272727273
"Pusa1121-SN12","BAM4510",0.372258771929825
"PUSA44","BAM4510",0.41922514619883
"PUSABASMATI6","BAM4510",0.296970789758384
"PUSASUGANDH2","BAM4510",0.319672131147541
"RASI","BAM4510",0.414544112218531
"RKVY-104","BAM4510",0.277078085642317
"RKVY-143","BAM4510",0.393901569186876
"RKVY-28","BAM4510",0.267496392496392
"R-RF-44","BAM4510",0.417054819061268
"RRF-78","BAM4510",0.367431028305267
"Sadabahar","BAM4510",0.281954887218045
"SAFRI-17","BAM4510",0.301258992805755
"SAHBHAGIDHAN","BAM4510",0.401967799642218
"SATABHAMA","BAM4510",0.314397999285459
"SERATOES","BAM4510",0.204727272727273
"SERETY","BAM4510",0.290938280413842
"SHAKU","BAM4510",0.306584362139918
"SR1-3-1","BAM4510",0.313957660566918
"SUWEON","BAM4510",0.276842499064721
"SWARNA","BAM4510",0.409564904710536
"VANAPRAVA","BAM4510",0.230296456977585
"VANDANA","BAM4510",0.341981981981982
"Wayrarem","BAM4510",0.406126836259405
"281785","BAM4521",0.301409468738706
"282803","BAM4521",0.412081984897519
"299554","BAM4521",0.420412675018423
"356457","BAM4521",0.410765379113019
"376579","BAM4521",0.293673616103523
"376851","BAM4521",0.295660036166365
"377448","BAM4521",0.406804198335143
"377705","BAM4521",0.425612391930836
"384190","BAM4521",0.115592365862441
"426049","BAM4521",0.410003585514521
"438644","BAM4521",0.410377358490566
"ADAYSEL","BAM4521",0.323818181818182
"AbhayaXDagadesi","BAM4521",0.414141414141414
"ABHISEK","BAM4521",0.305434782608696
"ABOR-A-1","BAM4521",0.409764918625678
"ANJALI","BAM4521",0.319798778296802
"Annada","BAM4521",0.295726186164433
"Apo","BAM4521",0.412103746397695
"ARC10319","BAM4521",0.405072463768116
"ARC12071","BAM4521",0.282803003217733
"ARNAPURNA","BAM4521",0.307196562835661
"ASD16","BAM4521",0.312927619733525
"AUS257","BAM4521",0.304056501267657
"BAKAL","BAM4521",0.245626822157434
"BAM1057","BAM4521",0.276344476744186
"BAM1098","BAM4521",0.275874635568513
"BAM1659","BAM4521",0.299090909090909
"BAM1689","BAM4521",0.277433467006927
"BAM1708","BAM4521",0.259555879140881
"BAM1812","BAM4521",0.388226796677501
"BAM2096","BAM4521",0.286073223259153
"BAM2166","BAM4521",0.170069267225665
"BAM247","BAM4521",0.411923631123919
"BAM2574","BAM4521",0.288004322766571
"BAM2680","BAM4521",0.319683908045977
"BAM3154","BAM4521",0.404770575382374
"BAM3181","BAM4521",0.297511720158673
"BAM326","BAM4521",0.298090778097983
"BAM328","BAM4521",0.402882882882883
"BAM350","BAM4521",0.337160352085725
"BAM3690","BAM4521",0.419847328244275
"BAM4009","BAM4521",0.272628135223555
"BAM4054","BAM4521",0.314847942754919
"BAM4138","BAM4521",0.185823060188542
"BAM4168","BAM4521",0.240517870167761
"BAM4234","BAM4521",0.307415406767459
"BAM4254","BAM4521",0.30930064888248
"BAM4477","BAM4521",0.418655097613883
"BAM4496","BAM4521",0.401077199281867
"BAM4510","BAM4521",0.180304127443881
"BAM4521","BAM4521",0
"BAM4534","BAM4521",0.279688631426503
"BAM4797","BAM4521",0.275214592274678
"BAM491","BAM4521",0.333755426917511
"BAM4928","BAM4521",0.160746647335991
"BAM5110","BAM4521",0.319920606279322
"BAM56","BAM4521",0.145405405405405
"BAM5779","BAM4521",0.264
"BAM5850","BAM4521",0.286652078774617
"BAM6921","BAM4521",0.419045898084568
"BAM712","BAM4521",0.293493889288282
"BAM742","BAM4521",0.298410404624277
"BAM7429","BAM4521",0.398953446409239
"BAM7449","BAM4521",0.270689026613197
"BAM747","BAM4521",0.294043321299639
"BAM759","BAM4521",0.326674277016743
"BAM766","BAM4521",0.298034934497817
"BAM807","BAM4521",0.264014466546112
"BAM811","BAM4521",0.404393230104429
"BAM812","BAM4521",0.299493304379298
"BAM819","BAM4521",0.32204923968139
"BAM8296","BAM4521",0.411754133716751
"BAM8305","BAM4521",0.414704817095255
"BAM8315","BAM4521",0.244927536231884
"BAM8364","BAM4521",0.285095633345363
"BAMAWPYAN","BAM4521",0.139716569767442
"BENAMURI","BAM4521",0.294085827623512
"BLACKGORA","BAM4521",0.300969131371141
"CGR1656","BAM4521",0.398519321054532
"CGR1679","BAM4521",0.296976241900648
"CGR2012","BAM4521",0.299134511359538
"CO18","BAM4521",0.285123966942149
"CRDHAN-204","BAM4521",0.315533980582524
"CR143-2-2","BAM4521",0.406678700361011
"CR262-4","BAM4521",0.403132877205618
"CROSSA","BAM4521",0.291711517761033
"DULAR","BAM4521",0.25018115942029
"EYPO","BAM4521",0.371098053617334
"EYPO-2","BAM4521",0.308066258552395
"FULKATI","BAM4521",0.27882866496908
"Ghanteswari","BAM4521",0.411987041036717
"GHATIKAMMANANGARHAR","BAM4521",0.30064539261384
"GotrabiDhan","BAM4521",0.411151079136691
"GP-145-37","BAM4521",0.301504836975994
"GP-145-51","BAM4521",0.402817919075145
"HARBHOONDI","BAM4521",0.311375089992801
"HongZuiEr","BAM4521",0.418899348298335
"IndrabaruniDhan","BAM4521",0.423104563420769
"IR74371-54-1-1","BAM4521",0.407833273445922
"IR77298-14-1-2-10","BAM4521",0.421653971708379
"IR77298-5-6-18","BAM4521",0.41264409221902
"IR83383-B-B-129-4","BAM4521",0.41020555355211
"IR83388-B-B108-3","BAM4521",0.412729895420123
"IR87707-445-B-B","BAM4521",0.409221385001794
"IR87707-446-B-B","BAM4521",0.414540816326531
"IRROEPYO","BAM4521",0.201663585951941
"KALINGA-1","BAM4521",0.421317969031329
"KANGRO","BAM4521",0.284180386542591
"KHAODAWTAI","BAM4521",0.319580166485704
"MANDRIRAVINA","BAM4521",0.285714285714286
"MAUDAMANI","BAM4521",0.31882225433526
"MOROBEREKAN","BAM4521",0.394882179675994
"MTU1010","BAM4521",0.420700867052023
"MTU9","BAM4521",0.284532374100719
"NERICA-L-26","BAM4521",0.423230490018149
"NERICA-L-42","BAM4521",0.423643550125764
"NERICA-L-44","BAM4521",0.42597915918074
"PARIJAT","BAM4521",0.41459010473095
"Patchaiperumal","BAM4521",0.390226374416098
"PEH-KUH-TSAO-TU","BAM4521",0.285355348169419
"PMK-2","BAM4521",0.409107206884188
"PRASAD-1","BAM4521",0.293091039942425
"PUSASUGANDH5","BAM4521",0.403272204243078
"PUSA1121","BAM4521",0.357981651376147
"Pusa1121-SN12","BAM4521",0.364755604557148
"PUSA44","BAM4521",0.422099447513812
"PUSABASMATI6","BAM4521",0.290047221213222
"PUSASUGANDH2","BAM4521",0.324067431850789
"RASI","BAM4521",0.416325771662328
"RKVY-104","BAM4521",0.264150943396226
"RKVY-143","BAM4521",0.401258992805755
"RKVY-28","BAM4521",0.272974936432982
"R-RF-44","BAM4521",0.416275712739083
"RRF-78","BAM4521",0.350975433526012
"Sadabahar","BAM4521",0.290823699421965
"SAFRI-17","BAM4521",0.305001812250815
"SAHBHAGIDHAN","BAM4521",0.411075036075036
"SATABHAMA","BAM4521",0.304504504504505
"SERATOES","BAM4521",0.287390029325513
"SERETY","BAM4521",0.282272563825962
"SHAKU","BAM4521",0.298265460030166
"SR1-3-1","BAM4521",0.317557803468208
"SUWEON","BAM4521",0.256970610399397
"SWARNA","BAM4521",0.430721799056946
"VANAPRAVA","BAM4521",0.277514577259475
"VANDANA","BAM4521",0.353282553500181
"Wayrarem","BAM4521",0.415612576797976
"281785","BAM4534",0.410522548317824
"282803","BAM4534",0.33771773906861
"299554","BAM4534",0.33509668004378
"356457","BAM4534",0.331917905166313
"376579","BAM4534",0.390747330960854
"376851","BAM4534",0.395010768126346
"377448","BAM4534",0.306964285714286
"377705","BAM4534",0.341645885286783
"384190","BAM4534",0.279065620542083
"426049","BAM4534",0.331205673758865
"438644","BAM4534",0.332794540229885
"ADAYSEL","BAM4534",0.241199712643678
"AbhayaXDagadesi","BAM4534",0.333333333333333
"ABHISEK","BAM4534",0.416157989228007
"ABOR-A-1","BAM4534",0.326716738197425
"ANJALI","BAM4534",0.41767640769779
"Annada","BAM4534",0.40089605734767
"Apo","BAM4534",0.322511594719943
"ARC10319","BAM4534",0.323961318051576
"ARC12071","BAM4534",0.395352962043278
"ARNAPURNA","BAM4534",0.408687943262411
"ASD16","BAM4534",0.417409917945059
"AUS257","BAM4534",0.402010050251256
"BAKAL","BAM4534",0.190544929628293
"BAM1057","BAM4534",0.16116295764537
"BAM1098","BAM4534",0.22422494592646
"BAM1659","BAM4534",0.403033586132178
"BAM1689","BAM4534",0.223722102231821
"BAM1708","BAM4534",0.203304597701149
"BAM1812","BAM4534",0.311941365749017
"BAM2096","BAM4534",0.381924715909091
"BAM2166","BAM4534",0.321234119782214
"BAM247","BAM4534",0.326505165657285
"BAM2574","BAM4534",0.401712450945416
"BAM2680","BAM4534",0.421652421652422
"BAM3154","BAM4534",0.314280562567616
"BAM3181","BAM4534",0.403104925053533
"BAM326","BAM4534",0.388928571428571
"BAM328","BAM4534",0.298539365871037
"BAM350","BAM4534",0.235371838429596
"BAM3690","BAM4534",0.323137819359482
"BAM4009","BAM4534",0.208901651112706
"BAM4054","BAM4534",0.41817215727949
"BAM4138","BAM4534",0.265045045045045
"BAM4168","BAM4534",0.342913955169921
"BAM4234","BAM4534",0.405670470756063
"BAM4254","BAM4534",0.406485130777499
"BAM4477","BAM4534",0.320663811563169
"BAM4496","BAM4534",0.306136927988648
"BAM4510","BAM4534",0.232604017216643
"BAM4521","BAM4534",0.279688631426503
"BAM4534","BAM4534",0
"BAM4797","BAM4534",0.378675168260716
"BAM491","BAM4534",0.261188686000716
"BAM4928","BAM4534",0.316564858066834
"BAM5110","BAM4534",0.41490883089024
"BAM56","BAM4534",0.287169406719085
"BAM5779","BAM4534",0.383658008658009
"BAM5850","BAM4534",0.141417776178482
"BAM6921","BAM4534",0.334344876829704
"BAM712","BAM4534",0.397435897435897
"BAM742","BAM4534",0.400394831299354
"BAM7429","BAM4534",0.313501959387246
"BAM7449","BAM4534",0.118970482361411
"BAM747","BAM4534",0.397853309481216
"BAM759","BAM4534",0.247176204819277
"BAM766","BAM4534",0.400793650793651
"BAM807","BAM4534",0.381362007168459
"BAM811","BAM4534",0.318925649235148
"BAM812","BAM4534",0.403584229390681
"BAM819","BAM4534",0.405589394482264
"BAM8296","BAM4534",0.331853693181818
"BAM8305","BAM4534",0.332255747126437
"BAM8315","BAM4534",0.3578360891445
"BAM8364","BAM4534",0.395736295234683
"BAMAWPYAN","BAM4534",0.275189599133261
"BENAMURI","BAM4534",0.399964272954627
"BLACKGORA","BAM4534",0.40550621669627
"CGR1656","BAM4534",0.31654162200786
"CGR1679","BAM4534",0.395580898075552
"CGR2012","BAM4534",0.396680942184154
"CO18","BAM4534",0.393847795163585
"CRDHAN-204","BAM4534",0.415922884684041
"CR143-2-2","BAM4534",0.325062477686541
"CR262-4","BAM4534",0.327752048450303
"CROSSA","BAM4534",0.397973693565588
"DULAR","BAM4534",0.140193617784152
"EYPO","BAM4534",0.289397240377632
"EYPO-2","BAM4534",0.411733238231098
"FULKATI","BAM4534",0.125583064226767
"Ghanteswari","BAM4534",0.326327039543997
"GHATIKAMMANANGARHAR","BAM4534",0.408235711750089
"GotrabiDhan","BAM4534",0.326868327402135
"GP-145-37","BAM4534",0.39410092395167
"GP-145-51","BAM4534",0.3125
"HARBHOONDI","BAM4534",0.41163870046412
"HongZuiEr","BAM4534",0.330286738351254
"IndrabaruniDhan","BAM4534",0.328535891968728
"IR74371-54-1-1","BAM4534",0.326458036984353
"IR77298-14-1-2-10","BAM4534",0.329202586206897
"IR77298-5-6-18","BAM4534",0.320028510334996
"IR83383-B-B-129-4","BAM4534",0.323823109843081
"IR83388-B-B108-3","BAM4534",0.324893009985735
"IR87707-445-B-B","BAM4534",0.328358208955224
"IR87707-446-B-B","BAM4534",0.324441240086518
"IRROEPYO","BAM4534",0.29625550660793
"KALINGA-1","BAM4534",0.337727110794443
"KANGRO","BAM4534",0.39822695035461
"KHAODAWTAI","BAM4534",0.418100358422939
"MANDRIRAVINA","BAM4534",0.392007104795737
"MAUDAMANI","BAM4534",0.415533285612026
"MOROBEREKAN","BAM4534",0.32780612244898
"MTU1010","BAM4534",0.334823024669288
"MTU9","BAM4534",0.399857448325018
"NERICA-L-26","BAM4534",0.332914121451671
"NERICA-L-42","BAM4534",0.33250266998932
"NERICA-L-44","BAM4534",0.330192034139403
"PARIJAT","BAM4534",0.322142857142857
"Patchaiperumal","BAM4534",0.310589907604833
"PEH-KUH-TSAO-TU","BAM4534",0.397053603123891
"PMK-2","BAM4534",0.326349431818182
"PRASAD-1","BAM4534",0.408279800142755
"PUSASUGANDH5","BAM4534",0.324786324786325
"PUSA1121","BAM4534",0.279869659666908
"Pusa1121-SN12","BAM4534",0.28615664845173
"PUSA44","BAM4534",0.334002188982123
"PUSABASMATI6","BAM4534",0.392844300611291
"PUSASUGANDH2","BAM4534",0.414742451154529
"RASI","BAM4534",0.334008097165992
"RKVY-104","BAM4534",0.193259232699892
"RKVY-143","BAM4534",0.308061079545455
"RKVY-28","BAM4534",0.186645068394528
"R-RF-44","BAM4534",0.334405144694534
"RRF-78","BAM4534",0.278392857142857
"Sadabahar","BAM4534",0.386347390993567
"SAFRI-17","BAM4534",0.405633297452458
"SAHBHAGIDHAN","BAM4534",0.321033868092692
"SATABHAMA","BAM4534",0.416934046345811
"SERATOES","BAM4534",0.147854309412189
"SERETY","BAM4534",0.398540405838377
"SHAKU","BAM4534",0.404788627010849
"SR1-3-1","BAM4534",0.416249105225483
"SUWEON","BAM4534",0.378363228699552
"SWARNA","BAM4534",0.316139468008627
"VANAPRAVA","BAM4534",0.161690647482014
"VANDANA","BAM4534",0.264367816091954
"Wayrarem","BAM4534",0.322551822730522
"281785","BAM4797",0.250531161473088
"282803","BAM4797",0.364803094233474
"299554","BAM4797",0.355001805706031
"356457","BAM4797",0.340797760671798
"376579","BAM4797",0.173760112557158
"376851","BAM4797",0.193645722399716
"377448","BAM4797",0.297345132743363
"377705","BAM4797",0.347902714134649
"384190","BAM4797",0.275935074100212
"426049","BAM4797",0.340462833099579
"438644","BAM4797",0.355595026642984
"ADAYSEL","BAM4797",0.365562678062678
"AbhayaXDagadesi","BAM4797",0.359386026817219
"ABHISEK","BAM4797",0.244945015963107
"ABOR-A-1","BAM4797",0.344125973106865
"ANJALI","BAM4797",0.253783878915875
"Annada","BAM4797",0.339595887982985
"Apo","BAM4797",0.353387438249824
"ARC10319","BAM4797",0.3185526782547
"ARC12071","BAM4797",0.204521556256572
"ARNAPURNA","BAM4797",0.181022408963585
"ASD16","BAM4797",0.22942423172024
"AUS257","BAM4797",0.247340425531915
"BAKAL","BAM4797",0.37513397642015
"BAM1057","BAM4797",0.366809116809117
"BAM1098","BAM4797",0.380442541042113
"BAM1659","BAM4797",0.219742948946805
"BAM1689","BAM4797",0.368045649072753
"BAM1708","BAM4797",0.369200571020699
"BAM1812","BAM4797",0.281924301379554
"BAM2096","BAM4797",0.204146170063247
"BAM2166","BAM4797",0.273068669527897
"BAM247","BAM4797",0.33615520282187
"BAM2574","BAM4797",0.175537539654565
"BAM2680","BAM4797",0.246478873239437
"BAM3154","BAM4797",0.329646806992508
"BAM3181","BAM4797",0.187477954144621
"BAM326","BAM4797",0.175651867512333
"BAM328","BAM4797",0.315297849841382
"BAM350","BAM4797",0.320479221265444
"BAM3690","BAM4797",0.344195156695157
"BAM4009","BAM4797",0.377935943060498
"BAM4054","BAM4797",0.239138051857043
"BAM4138","BAM4797",0.288002847988608
"BAM4168","BAM4797",0.281629735525375
"BAM4234","BAM4797",0.265856236786469
"BAM4254","BAM4797",0.267091746369111
"BAM4477","BAM4797",0.33864118895966
"BAM4496","BAM4797",0.281776685393258
"BAM4510","BAM4797",0.274582889598864
"BAM4521","BAM4797",0.275214592274678
"BAM4534","BAM4797",0.378675168260716
"BAM4797","BAM4797",0
"BAM491","BAM4797",0.327543424317618
"BAM4928","BAM4797",0.265364120781527
"BAM5110","BAM4797",0.246904846126636
"BAM56","BAM4797",0.268809607912398
"BAM5779","BAM4797",0.291488603988604
"BAM5850","BAM4797",0.375981441827266
"BAM6921","BAM4797",0.358910891089109
"BAM712","BAM4797",0.338494018296974
"BAM742","BAM4797",0.343196314670447
"BAM7429","BAM4797",0.282409042741081
"BAM7449","BAM4797",0.381428571428571
"BAM747","BAM4797",0.337694483734088
"BAM759","BAM4797",0.362653745806933
"BAM766","BAM4797",0.340641711229947
"BAM807","BAM4797",0.290751240255138
"BAM811","BAM4797",0.333509700176367
"BAM812","BAM4797",0.224778761061947
"BAM819","BAM4797",0.235398230088496
"BAM8296","BAM4797",0.350633356790992
"BAM8305","BAM4797",0.375
"BAM8315","BAM4797",0.309616749467708
"BAM8364","BAM4797",0.256114852889046
"BAMAWPYAN","BAM4797",0.276372059871704
"BENAMURI","BAM4797",0.1727240649259
"BLACKGORA","BAM4797",0.233426867765696
"CGR1656","BAM4797",0.278798586572438
"CGR1679","BAM4797",0.17477096546864
"CGR2012","BAM4797",0.157551164431898
"CO18","BAM4797",0.203476123595506
"CRDHAN-204","BAM4797",0.244362226920366
"CR143-2-2","BAM4797",0.357243816254417
"CR262-4","BAM4797",0.352360817477097
"CROSSA","BAM4797",0.157830056179775
"DULAR","BAM4797",0.382373845060412
"EYPO","BAM4797",0.334351419331656
"EYPO-2","BAM4797",0.238884968242766
"FULKATI","BAM4797",0.375934496262015
"Ghanteswari","BAM4797",0.328812962310673
"GHATIKAMMANANGARHAR","BAM4797",0.243778478794252
"GotrabiDhan","BAM4797",0.334741288278775
"GP-145-37","BAM4797",0.175632911392405
"GP-145-51","BAM4797",0.284098939929329
"HARBHOONDI","BAM4797",0.254583921015515
"HongZuiEr","BAM4797",0.344870429534966
"IndrabaruniDhan","BAM4797",0.330990864371047
"IR74371-54-1-1","BAM4797",0.350210970464135
"IR77298-14-1-2-10","BAM4797",0.362068965517241
"IR77298-5-6-18","BAM4797",0.366666666666667
"IR83383-B-B-129-4","BAM4797",0.372614840989399
"IR83388-B-B108-3","BAM4797",0.362689728203318
"IR87707-445-B-B","BAM4797",0.363316936050597
"IR87707-446-B-B","BAM4797",0.36
"IRROEPYO","BAM4797",0.271211022480058
"KALINGA-1","BAM4797",0.337094499294781
"KANGRO","BAM4797",0.204099509460406
"KHAODAWTAI","BAM4797",0.234253361641897
"MANDRIRAVINA","BAM4797",0.205056179775281
"MAUDAMANI","BAM4797",0.237177219667492
"MOROBEREKAN","BAM4797",0.436442203817069
"MTU1010","BAM4797",0.370711001061196
"MTU9","BAM4797",0.205498766302432
"NERICA-L-26","BAM4797",0.360795454545455
"NERICA-L-42","BAM4797",0.364084507042253
"NERICA-L-44","BAM4797",0.345707248416608
"PARIJAT","BAM4797",0.348709791445741
"Patchaiperumal","BAM4797",0.307178043631246
"PEH-KUH-TSAO-TU","BAM4797",0.202389318341532
"PMK-2","BAM4797",0.340829234012649
"PRASAD-1","BAM4797",0.246468926553672
"PUSASUGANDH5","BAM4797",0.354100668778599
"PUSA1121","BAM4797",0.37342908438061
"Pusa1121-SN12","BAM4797",0.382299927901947
"PUSA44","BAM4797",0.349512811259473
"PUSABASMATI6","BAM4797",0.268916518650089
"PUSASUGANDH2","BAM4797",0.227623727623728
"RASI","BAM4797",0.354409620991254
"RKVY-104","BAM4797",0.383972992181947
"RKVY-143","BAM4797",0.28219563687544
"RKVY-28","BAM4797",0.371392946205914
"R-RF-44","BAM4797",0.346996466431095
"RRF-78","BAM4797",0.372656526353024
"Sadabahar","BAM4797",0.2
"SAFRI-17","BAM4797",0.240773598296664
"SAHBHAGIDHAN","BAM4797",0.344103107344633
"SATABHAMA","BAM4797",0.246476391825229
"SERATOES","BAM4797",0.376301615798923
"SERETY","BAM4797",0.205065072106929
"SHAKU","BAM4797",0.253232360546731
"SR1-3-1","BAM4797",0.266383280198371
"SUWEON","BAM4797",0.243263196751569
"SWARNA","BAM4797",0.343516873889876
"VANAPRAVA","BAM4797",0.368665239114918
"VANDANA","BAM4797",0.363846427301813
"Wayrarem","BAM4797",0.357496463932108
"281785","BAM491",0.363620071684588
"282803","BAM491",0.282083185211518
"299554","BAM491",0.288686131386861
"356457","BAM491",0.276343705799151
"376579","BAM491",0.320818505338078
"376851","BAM491",0.340501792114695
"377448","BAM491",0.237737200143215
"377705","BAM491",0.290643898968339
"384190","BAM491",0.336960399571887
"426049","BAM491",0.276871230932955
"438644","BAM491",0.278156384505022
"ADAYSEL","BAM491",0.264928057553957
"AbhayaXDagadesi","BAM491",0.28731742073388
"ABHISEK","BAM491",0.375852170792967
"ABOR-A-1","BAM491",0.270125223613596
"ANJALI","BAM491",0.384793447293447
"Annada","BAM491",0.416845878136201
"Apo","BAM491",0.293269230769231
"ARC10319","BAM491",0.259942672877105
"ARC12071","BAM491",0.335873803615739
"ARNAPURNA","BAM491",0.340184266477675
"ASD16","BAM491",0.37
"AUS257","BAM491",0.373744619799139
"BAKAL","BAM491",0.258309248554913
"BAM1057","BAM491",0.240734077006117
"BAM1098","BAM491",0.265309798270893
"BAM1659","BAM491",0.348194945848375
"BAM1689","BAM491",0.244328411955347
"BAM1708","BAM491",0.240740740740741
"BAM1812","BAM491",0.172259907176009
"BAM2096","BAM491",0.338549075391181
"BAM2166","BAM491",0.357013410656035
"BAM247","BAM491",0.270521056388294
"BAM2574","BAM491",0.323592302209551
"BAM2680","BAM491",0.383588465646137
"BAM3154","BAM491",0.258116883116883
"BAM3181","BAM491",0.348019978594363
"BAM326","BAM491",0.315827081100393
"BAM328","BAM491",0.251423487544484
"BAM350","BAM491",0.220899470899471
"BAM3690","BAM491",0.278956834532374
"BAM4009","BAM491",0.261151079136691
"BAM4054","BAM491",0.367871059156925
"BAM4138","BAM491",0.360280878646021
"BAM4168","BAM491",0.356419529837251
"BAM4234","BAM491",0.37820970042796
"BAM4254","BAM491",0.378175313059034
"BAM4477","BAM491",0.272305496074233
"BAM4496","BAM491",0.264831261101243
"BAM4510","BAM491",0.353912419239052
"BAM4521","BAM491",0.333755426917511
"BAM4534","BAM491",0.261188686000716
"BAM4797","BAM491",0.327543424317618
"BAM491","BAM491",0
"BAM4928","BAM491",0.347865087908145
"BAM5110","BAM491",0.370979270907791
"BAM56","BAM491",0.335
"BAM5779","BAM491",0.380943804034582
"BAM5850","BAM491",0.261441441441441
"BAM6921","BAM491",0.288214285714286
"BAM712","BAM491",0.416162335350659
"BAM742","BAM491",0.417473986365267
"BAM7429","BAM491",0.233559685489635
"BAM7449","BAM491",0.257411424439624
"BAM747","BAM491",0.414045746962116
"BAM759","BAM491",0.259593679458239
"BAM766","BAM491",0.415975477821854
"BAM807","BAM491",0.379341210168278
"BAM811","BAM491",0.273923870508716
"BAM812","BAM491",0.366081032628182
"BAM819","BAM491",0.370430107526882
"BAM8296","BAM491",0.286450924608819
"BAM8305","BAM491",0.285175879396985
"BAM8315","BAM491",0.39048473967684
"BAM8364","BAM491",0.375537249283668
"BAMAWPYAN","BAM491",0.340613718411552
"BENAMURI","BAM491",0.332559800071403
"BLACKGORA","BAM491",0.37544420753376
"CGR1656","BAM491",0.237950731881471
"CGR1679","BAM491",0.317890235210264
"CGR2012","BAM491",0.311361200428725
"CO18","BAM491",0.332977967306326
"CRDHAN-204","BAM491",0.376248216833096
"CR143-2-2","BAM491",0.282119914346895
"CR262-4","BAM491",0.281617385108657
"CROSSA","BAM491",0.304409672830726
"DULAR","BAM491",0.259605026929982
"EYPO","BAM491",0.246550472040668
"EYPO-2","BAM491",0.358796296296296
"FULKATI","BAM491",0.264028776978417
"Ghanteswari","BAM491",0.272970085470085
"GHATIKAMMANANGARHAR","BAM491",0.359829666430092
"GotrabiDhan","BAM491",0.272210376687989
"GP-145-37","BAM491",0.334399431414357
"GP-145-51","BAM491",0.226802284082798
"HARBHOONDI","BAM491",0.374553890078515
"HongZuiEr","BAM491",0.286406025824964
"IndrabaruniDhan","BAM491",0.281705150976909
"IR74371-54-1-1","BAM491",0.286171347316033
"IR77298-14-1-2-10","BAM491",0.292923850574713
"IR77298-5-6-18","BAM491",0.287290850836597
"IR83383-B-B-129-4","BAM491",0.294432548179872
"IR83388-B-B108-3","BAM491",0.288008565310492
"IR87707-445-B-B","BAM491",0.291044776119403
"IR87707-446-B-B","BAM491",0.285199855959669
"IRROEPYO","BAM491",0.344644167278063
"KALINGA-1","BAM491",0.271301247771836
"KANGRO","BAM491",0.334573149132129
"KHAODAWTAI","BAM491",0.369005010737294
"MANDRIRAVINA","BAM491",0.33013844515442
"MAUDAMANI","BAM491",0.369853204439671
"MOROBEREKAN","BAM491",0.344068413391557
"MTU1010","BAM491",0.290443808160344
"MTU9","BAM491",0.337962962962963
"NERICA-L-26","BAM491",0.292639138240575
"NERICA-L-42","BAM491",0.297225186766275
"NERICA-L-44","BAM491",0.278073916133618
"PARIJAT","BAM491",0.284488920657613
"Patchaiperumal","BAM491",0.234458259325044
"PEH-KUH-TSAO-TU","BAM491",0.334932480454869
"PMK-2","BAM491",0.271210507632233
"PRASAD-1","BAM491",0.369200571020699
"PUSASUGANDH5","BAM491",0.290288153681964
"PUSA1121","BAM491",0.297174936617168
"Pusa1121-SN12","BAM491",0.299817850637523
"PUSA44","BAM491",0.294021144732045
"PUSABASMATI6","BAM491",0.393306944944225
"PUSASUGANDH2","BAM491",0.3722004976893
"RASI","BAM491",0.285556780595369
"RKVY-104","BAM491",0.239590811198851
"RKVY-143","BAM491",0.222419928825623
"RKVY-28","BAM491",0.260712999639899
"R-RF-44","BAM491",0.284898250624777
"RRF-78","BAM491",0.278234453180843
"Sadabahar","BAM491",0.344710507505361
"SAFRI-17","BAM491",0.367910983488873
"SAHBHAGIDHAN","BAM491",0.282934666190646
"SATABHAMA","BAM491",0.370277975766215
"SERATOES","BAM491",0.263052936910805
"SERETY","BAM491",0.33932384341637
"SHAKU","BAM491",0.379678143712575
"SR1-3-1","BAM491",0.380781642165651
"SUWEON","BAM491",0.377242152466368
"SWARNA","BAM491",0.277578153072224
"VANAPRAVA","BAM491",0.242429704397981
"VANDANA","BAM491",0.285765636232926
"Wayrarem","BAM491",0.294390853876384
"281785","BAM4928",0.291068866571019
"282803","BAM4928",0.404957203994294
"299554","BAM4928",0.400806747341401
"356457","BAM4928",0.387331440738112
"376579","BAM4928",0.271204561653599
"376851","BAM4928",0.273445921667266
"377448","BAM4928",0.383219547251168
"377705","BAM4928",0.4
"384190","BAM4928",0.165003563791875
"426049","BAM4928",0.386039886039886
"438644","BAM4928",0.401833872707659
"ADAYSEL","BAM4928",0.326353790613718
"AbhayaXDagadesi","BAM4928",0.404898105112621
"ABHISEK","BAM4928",0.282913669064748
"ABOR-A-1","BAM4928",0.390305206463196
"ANJALI","BAM4928",0.301677972152803
"Annada","BAM4928",0.292534099066762
"Apo","BAM4928",0.385949231319271
"ARC10319","BAM4928",0.389028776978417
"ARC12071","BAM4928",0.274262353359403
"ARNAPURNA","BAM4928",0.292080965909091
"ASD16","BAM4928",0.296813462226996
"AUS257","BAM4928",0.287459575997125
"BAKAL","BAM4928",0.251266280752533
"BAM1057","BAM4928",0.29043321299639
"BAM1098","BAM4928",0.252800867365378
"BAM1659","BAM4928",0.292885518237631
"BAM1689","BAM4928",0.263291139240506
"BAM1708","BAM4928",0.258757674250632
"BAM1812","BAM4928",0.387912482065997
"BAM2096","BAM4928",0.2872150997151
"BAM2166","BAM4928",0.149800507798332
"BAM247","BAM4928",0.399213724088635
"BAM2574","BAM4928",0.272305496074233
"BAM2680","BAM4928",0.29389721627409
"BAM3154","BAM4928",0.384587554269175
"BAM3181","BAM4928",0.292068595927117
"BAM326","BAM4928",0.27807582260372
"BAM328","BAM4928",0.396101573676681
"BAM350","BAM4928",0.337940174176448
"BAM3690","BAM4928",0.401479610249008
"BAM4009","BAM4928",0.284579270494764
"BAM4054","BAM4928",0.287211367673179
"BAM4138","BAM4928",0.221198988804623
"BAM4168","BAM4928",0.268394345777456
"BAM4234","BAM4928",0.292634966035038
"BAM4254","BAM4928",0.292905768541741
"BAM4477","BAM4928",0.398423504120387
"BAM4496","BAM4928",0.401140007125044
"BAM4510","BAM4928",0.206654676258993
"BAM4521","BAM4928",0.160746647335991
"BAM4534","BAM4928",0.316564858066834
"BAM4797","BAM4928",0.265364120781527
"BAM491","BAM4928",0.347865087908145
"BAM4928","BAM4928",0
"BAM5110","BAM4928",0.302791696492484
"BAM56","BAM4928",0.161717352415027
"BAM5779","BAM4928",0.238095238095238
"BAM5850","BAM4928",0.316883586406363
"BAM6921","BAM4928",0.395594555873925
"BAM712","BAM4928",0.288900785153462
"BAM742","BAM4928",0.291906474820144
"BAM7429","BAM4928",0.394237652111668
"BAM7449","BAM4928",0.305103148751357
"BAM747","BAM4928",0.286021505376344
"BAM759","BAM4928",0.314926498303807
"BAM766","BAM4928",0.290310918293565
"BAM807","BAM4928",0.237163375224417
"BAM811","BAM4928",0.38795568263045
"BAM812","BAM4928",0.283201722900215
"BAM819","BAM4928",0.296482412060301
"BAM8296","BAM4928",0.391188012843382
"BAM8305","BAM4928",0.406159942363112
"BAM8315","BAM4928",0.241999280834232
"BAM8364","BAM4928",0.270803443328551
"BAMAWPYAN","BAM4928",0.177256317689531
"BENAMURI","BAM4928",0.290980672870437
"BLACKGORA","BAM4928",0.292244752757026
"CGR1656","BAM4928",0.394661411680401
"CGR1679","BAM4928",0.288035714285714
"CGR2012","BAM4928",0.289831722162549
"CO18","BAM4928",0.271464196651229
"CRDHAN-204","BAM4928",0.290714285714286
"CR143-2-2","BAM4928",0.395198853457542
"CR262-4","BAM4928",0.391350964974982
"CROSSA","BAM4928",0.285383244206774
"DULAR","BAM4928",0.295250089960417
"EYPO","BAM4928",0.342191481616309
"EYPO-2","BAM4928",0.289774758670004
"FULKATI","BAM4928",0.317443120260022
"Ghanteswari","BAM4928",0.392142857142857
"GHATIKAMMANANGARHAR","BAM4928",0.288584637268848
"GotrabiDhan","BAM4928",0.397111269614836
"GP-145-37","BAM4928",0.284951974386339
"GP-145-51","BAM4928",0.397348620566105
"HARBHOONDI","BAM4928",0.292604501607717
"HongZuiEr","BAM4928",0.395219266714594
"IndrabaruniDhan","BAM4928",0.402460770328103
"IR74371-54-1-1","BAM4928",0.38952245188881
"IR77298-14-1-2-10","BAM4928",0.392407340770061
"IR77298-5-6-18","BAM4928",0.400107219442459
"IR83383-B-B-129-4","BAM4928",0.402434658073756
"IR83388-B-B108-3","BAM4928",0.392806012884753
"IR87707-445-B-B","BAM4928",0.404668567355666
"IR87707-446-B-B","BAM4928",0.408679927667269
"IRROEPYO","BAM4928",0.227306137449467
"KALINGA-1","BAM4928",0.398247496423462
"KANGRO","BAM4928",0.274920184462575
"KHAODAWTAI","BAM4928",0.293790380473798
"MANDRIRAVINA","BAM4928",0.269039145907473
"MAUDAMANI","BAM4928",0.297452457839971
"MOROBEREKAN","BAM4928",0.38074398249453
"MTU1010","BAM4928",0.409759598134194
"MTU9","BAM4928",0.274285714285714
"NERICA-L-26","BAM4928",0.411627069834413
"NERICA-L-42","BAM4928",0.4125
"NERICA-L-44","BAM4928",0.405882352941176
"PARIJAT","BAM4928",0.407593123209169
"Patchaiperumal","BAM4928",0.38333927934356
"PEH-KUH-TSAO-TU","BAM4928",0.274038461538462
"PMK-2","BAM4928",0.388849305308158
"PRASAD-1","BAM4928",0.288936627282492
"PUSASUGANDH5","BAM4928",0.378928571428571
"PUSA1121","BAM4928",0.353969410050983
"Pusa1121-SN12","BAM4928",0.359129162092938
"PUSA44","BAM4928",0.405553525758129
"PUSABASMATI6","BAM4928",0.27027027027027
"PUSASUGANDH2","BAM4928",0.307130124777184
"RASI","BAM4928",0.396462785556374
"RKVY-104","BAM4928",0.289416846652268
"RKVY-143","BAM4928",0.386866523911492
"RKVY-28","BAM4928",0.297145953757225
"R-RF-44","BAM4928",0.408521303258145
"RRF-78","BAM4928",0.351181948424069
"Sadabahar","BAM4928",0.283488538681948
"SAFRI-17","BAM4928",0.290752069089601
"SAHBHAGIDHAN","BAM4928",0.403618774632748
"SATABHAMA","BAM4928",0.299892895394502
"SERATOES","BAM4928",0.321259555879141
"SERETY","BAM4928",0.270164168451106
"SHAKU","BAM4928",0.289267015706806
"SR1-3-1","BAM4928",0.290722761596548
"SUWEON","BAM4928",0.248784137673027
"SWARNA","BAM4928",0.405259365994236
"VANAPRAVA","BAM4928",0.291214750542299
"VANDANA","BAM4928",0.356988472622478
"Wayrarem","BAM4928",0.389924704195052
"281785","BAM5110",0.202852049910873
"282803","BAM5110",0.305713271823989
"299554","BAM5110",0.25382932166302
"356457","BAM5110",0.322854115153656
"376579","BAM5110",0.240589488636364
"376851","BAM5110",0.230439442658092
"377448","BAM5110",0.339413447782546
"377705","BAM5110",0.316921436189122
"384190","BAM5110",0.321301564722617
"426049","BAM5110",0.320935175345377
"438644","BAM5110",0.300214822771214
"ADAYSEL","BAM5110",0.359324469996407
"AbhayaXDagadesi","BAM5110",0.294379224475276
"ABHISEK","BAM5110",0.201500535905681
"ABOR-A-1","BAM5110",0.320357142857143
"ANJALI","BAM5110",0.177785663591199
"Annada","BAM5110",0.344778254649499
"Apo","BAM5110",0.30323498044792
"ARC10319","BAM5110",0.350930565497495
"ARC12071","BAM5110",0.250088495575221
"ARNAPURNA","BAM5110",0.226485148514851
"ASD16","BAM5110",0.170579864816791
"AUS257","BAM5110",0.190314510364546
"BAKAL","BAM5110",0.406058420483231
"BAM1057","BAM5110",0.413972701149425
"BAM1098","BAM5110",0.413904899135447
"BAM1659","BAM5110",0.231032002876663
"BAM1689","BAM5110",0.405619596541787
"BAM1708","BAM5110",0.412526997840173
"BAM1812","BAM5110",0.337437544610992
"BAM2096","BAM5110",0.241312056737589
"BAM2166","BAM5110",0.3124773960217
"BAM247","BAM5110",0.31661330487371
"BAM2574","BAM5110",0.228403839317455
"BAM2680","BAM5110",0.203867991483321
"BAM3154","BAM5110",0.311015118790497
"BAM3181","BAM5110",0.259331674369001
"BAM326","BAM5110",0.22748309006764
"BAM328","BAM5110",0.352846975088968
"BAM350","BAM5110",0.372312334967937
"BAM3690","BAM5110",0.342020129403307
"BAM4009","BAM5110",0.419122933141625
"BAM4054","BAM5110",0.188229056203606
"BAM4138","BAM5110",0.33117816091954
"BAM4168","BAM5110",0.280945507037171
"BAM4234","BAM5110",0.199074074074074
"BAM4254","BAM5110",0.197860962566845
"BAM4477","BAM5110",0.337615988579586
"BAM4496","BAM5110",0.354055968827488
"BAM4510","BAM5110",0.31907659269864
"BAM4521","BAM5110",0.319920606279322
"BAM4534","BAM5110",0.41490883089024
"BAM4797","BAM5110",0.246904846126636
"BAM491","BAM5110",0.370979270907791
"BAM4928","BAM5110",0.302791696492484
"BAM5110","BAM5110",0
"BAM56","BAM5110",0.305169340463458
"BAM5779","BAM5110",0.280115066522833
"BAM5850","BAM5110",0.430475504322767
"BAM6921","BAM5110",0.292691622103387
"BAM712","BAM5110",0.340674955595027
"BAM742","BAM5110",0.343235504652827
"BAM7429","BAM5110",0.334401709401709
"BAM7449","BAM5110",0.419733044733045
"BAM747","BAM5110",0.341824011400071
"BAM759","BAM5110",0.365413533834586
"BAM766","BAM5110",0.342929111191076
"BAM807","BAM5110",0.280993211861379
"BAM811","BAM5110",0.341805901173125
"BAM812","BAM5110",0.234285714285714
"BAM819","BAM5110",0.219507845934379
"BAM8296","BAM5110",0.289772727272727
"BAM8305","BAM5110",0.313059033989267
"BAM8315","BAM5110",0.324982104509664
"BAM8364","BAM5110",0.218058529621699
"BAMAWPYAN","BAM5110",0.318934485241181
"BENAMURI","BAM5110",0.24349376114082
"BLACKGORA","BAM5110",0.190822111977321
"CGR1656","BAM5110",0.350392296718973
"CGR1679","BAM5110",0.228966986155485
"CGR2012","BAM5110",0.230700818214159
"CO18","BAM5110",0.246808510638298
"CRDHAN-204","BAM5110",0.105431309904153
"CR143-2-2","BAM5110",0.289782840868636
"CR262-4","BAM5110",0.285536602700782
"CROSSA","BAM5110",0.229883020205601
"DULAR","BAM5110",0.421891795055536
"EYPO","BAM5110",0.354627949183303
"EYPO-2","BAM5110",0.217028083896196
"FULKATI","BAM5110",0.408698777857656
"Ghanteswari","BAM5110",0.320056899004267
"GHATIKAMMANANGARHAR","BAM5110",0.179392011311417
"GotrabiDhan","BAM5110",0.302906770648706
"GP-145-37","BAM5110",0.234253361641897
"GP-145-51","BAM5110",0.337134711332858
"HARBHOONDI","BAM5110",0.144479943201988
"HongZuiEr","BAM5110",0.325822603719599
"IndrabaruniDhan","BAM5110",0.277935438098617
"IR74371-54-1-1","BAM5110",0.295744680851064
"IR77298-14-1-2-10","BAM5110",0.285125448028674
"IR77298-5-6-18","BAM5110",0.304054054054054
"IR83383-B-B-129-4","BAM5110",0.304843304843305
"IR83388-B-B108-3","BAM5110",0.29123619522622
"IR87707-445-B-B","BAM5110",0.29645390070922
"IR87707-446-B-B","BAM5110",0.291036717062635
"IRROEPYO","BAM5110",0.294773391812866
"KALINGA-1","BAM5110",0.292600498043401
"KANGRO","BAM5110",0.250441852244609
"KHAODAWTAI","BAM5110",0.203921568627451
"MANDRIRAVINA","BAM5110",0.249557208643287
"MAUDAMANI","BAM5110",0.187054208273894
"MOROBEREKAN","BAM5110",0.440094683175528
"MTU1010","BAM5110",0.293854948195784
"MTU9","BAM5110",0.252577319587629
"NERICA-L-26","BAM5110",0.27258064516129
"NERICA-L-42","BAM5110",0.275843694493783
"NERICA-L-44","BAM5110",0.279156327543424
"PARIJAT","BAM5110",0.324902030637692
"Patchaiperumal","BAM5110",0.330198722498226
"PEH-KUH-TSAO-TU","BAM5110",0.249556894718185
"PMK-2","BAM5110",0.318391211906449
"PRASAD-1","BAM5110",0.206908831908832
"PUSASUGANDH5","BAM5110",0.306068133427963
"PUSA1121","BAM5110",0.379572618616443
"Pusa1121-SN12","BAM5110",0.382513661202186
"PUSA44","BAM5110",0.278951201747997
"PUSABASMATI6","BAM5110",0.252150537634409
"PUSASUGANDH2","BAM5110",0.180820948336872
"RASI","BAM5110",0.319551635428151
"RKVY-104","BAM5110",0.424399856682193
"RKVY-143","BAM5110",0.338778409090909
"RKVY-28","BAM5110",0.415647482014389
"R-RF-44","BAM5110",0.279422253922967
"RRF-78","BAM5110",0.335772938236344
"Sadabahar","BAM5110",0.233773181169758
"SAFRI-17","BAM5110",0.166010733452594
"SAHBHAGIDHAN","BAM5110",0.32009262557891
"SATABHAMA","BAM5110",0.185947480482612
"SERATOES","BAM5110",0.42399565689468
"SERETY","BAM5110",0.247778172769285
"SHAKU","BAM5110",0.211173184357542
"SR1-3-1","BAM5110",0.198534667619728
"SUWEON","BAM5110",0.23155737704918
"SWARNA","BAM5110",0.29637603157517
"VANAPRAVA","BAM5110",0.414177761784815
"VANDANA","BAM5110",0.354480286738351
"Wayrarem","BAM5110",0.305565465572601
"281785","BAM56",0.29257408068547
"282803","BAM56",0.403900709219858
"299554","BAM56",0.414452129595923
"356457","BAM56",0.405577126720791
"376579","BAM56",0.286498936924167
"376851","BAM56",0.286454610436026
"377448","BAM56",0.391350964974982
"377705","BAM56",0.411095305832148
"384190","BAM56",0.161749022396019
"426049","BAM56",0.404669260700389
"438644","BAM56",0.40290218559656
"ADAYSEL","BAM56",0.325618945102261
"AbhayaXDagadesi","BAM56",0.403059409462825
"ABHISEK","BAM56",0.294170243204578
"ABOR-A-1","BAM56",0.395967166309779
"ANJALI","BAM56",0.309659090909091
"Annada","BAM56",0.297533952823445
"Apo","BAM56",0.392819054390331
"ARC10319","BAM56",0.39921231650555
"ARC12071","BAM56",0.281371509367268
"ARNAPURNA","BAM56",0.3052706048815
"ASD16","BAM56",0.303952991452991
"AUS257","BAM56",0.29903536977492
"BAKAL","BAM56",0.218918918918919
"BAM1057","BAM56",0.261947538627381
"BAM1098","BAM56",0.276618705035971
"BAM1659","BAM56",0.299028427491904
"BAM1689","BAM56",0.260963335729691
"BAM1708","BAM56",0.24829198130169
"BAM1812","BAM56",0.38623395149786
"BAM2096","BAM56",0.292834338417879
"BAM2166","BAM56",0.185513005780347
"BAM247","BAM56",0.405193881181074
"BAM2574","BAM56",0.282794169925347
"BAM2680","BAM56",0.313475177304965
"BAM3154","BAM56",0.393884892086331
"BAM3181","BAM56",0.300818796724813
"BAM326","BAM56",0.28932384341637
"BAM328","BAM56",0.393314366998578
"BAM350","BAM56",0.323906485671192
"BAM3690","BAM56",0.405890804597701
"BAM4009","BAM56",0.277857656362329
"BAM4054","BAM56",0.303041018387553
"BAM4138","BAM56",0.192818671454219
"BAM4168","BAM56",0.24468085106383
"BAM4234","BAM56",0.301316257559587
"BAM4254","BAM56",0.299464285714286
"BAM4477","BAM56",0.405704099821747
"BAM4496","BAM56",0.403471484236628
"BAM4510","BAM56",0.180679785330948
"BAM4521","BAM56",0.145405405405405
"BAM4534","BAM56",0.287169406719085
"BAM4797","BAM56",0.268809607912398
"BAM491","BAM56",0.335
"BAM4928","BAM56",0.161717352415027
"BAM5110","BAM56",0.305169340463458
"BAM56","BAM56",0
"BAM5779","BAM56",0.255555555555556
"BAM5850","BAM56",0.291082344480403
"BAM6921","BAM56",0.398501605422761
"BAM712","BAM56",0.295632102272727
"BAM742","BAM56",0.301964285714286
"BAM7429","BAM56",0.387762362148702
"BAM7449","BAM56",0.278118240807498
"BAM747","BAM56",0.293939393939394
"BAM759","BAM56",0.319444444444444
"BAM766","BAM56",0.297948902482908
"BAM807","BAM56",0.255091103965702
"BAM811","BAM56",0.390291607396871
"BAM812","BAM56",0.285816362986781
"BAM819","BAM56",0.311539835655591
"BAM8296","BAM56",0.409655662051828
"BAM8305","BAM56",0.403977069150842
"BAM8315","BAM56",0.241138560687433
"BAM8364","BAM56",0.280435558729025
"BAMAWPYAN","BAM56",0.171633752244165
"BENAMURI","BAM56",0.303240740740741
"BLACKGORA","BAM56",0.29957507082153
"CGR1656","BAM56",0.406383737517832
"CGR1679","BAM56",0.302346249555635
"CGR2012","BAM56",0.289529914529915
"CO18","BAM56",0.280297661233168
"CRDHAN-204","BAM56",0.311699857752489
"CR143-2-2","BAM56",0.410338680926916
"CR262-4","BAM56",0.407571987202275
"CROSSA","BAM56",0.290809084457062
"DULAR","BAM56",0.266403728935102
"EYPO","BAM56",0.357557085900689
"EYPO-2","BAM56",0.297047314123088
"FULKATI","BAM56",0.289048473967684
"Ghanteswari","BAM56",0.405184659090909
"GHATIKAMMANANGARHAR","BAM56",0.293182620981985
"GotrabiDhan","BAM56",0.404153354632588
"GP-145-37","BAM56",0.293085106382979
"GP-145-51","BAM56",0.406450463292944
"HARBHOONDI","BAM56",0.309879175550817
"HongZuiEr","BAM56",0.408521303258145
"IndrabaruniDhan","BAM56",0.410815602836879
"IR74371-54-1-1","BAM56",0.403368794326241
"IR77298-14-1-2-10","BAM56",0.410426370476532
"IR77298-5-6-18","BAM56",0.404694167852063
"IR83383-B-B-129-4","BAM56",0.405516014234875
"IR83388-B-B108-3","BAM56",0.404380341880342
"IR87707-445-B-B","BAM56",0.402270308620078
"IR87707-446-B-B","BAM56",0.411119107592659
"IRROEPYO","BAM56",0.202559414990859
"KALINGA-1","BAM56",0.410593672236047
"KANGRO","BAM56",0.284403669724771
"KHAODAWTAI","BAM56",0.30586342509832
"MANDRIRAVINA","BAM56",0.281792419411973
"MAUDAMANI","BAM56",0.304246966452534
"MOROBEREKAN","BAM56",0.391754449691246
"MTU1010","BAM56",0.41616125579736
"MTU9","BAM56",0.282871357498223
"NERICA-L-26","BAM56",0.40935148692225
"NERICA-L-42","BAM56",0.410270078180526
"NERICA-L-44","BAM56",0.412025540971976
"PARIJAT","BAM56",0.40189083125223
"Patchaiperumal","BAM56",0.387508871540099
"PEH-KUH-TSAO-TU","BAM56",0.284272051009564
"PMK-2","BAM56",0.394932671863926
"PRASAD-1","BAM56",0.287162162162162
"PUSASUGANDH5","BAM56",0.385283687943262
"PUSA1121","BAM56",0.353993494759667
"Pusa1121-SN12","BAM56",0.358572988714962
"PUSA44","BAM56",0.404588492352513
"PUSABASMATI6","BAM56",0.274291860882037
"PUSASUGANDH2","BAM56",0.313319164009919
"RASI","BAM56",0.408590308370044
"RKVY-104","BAM56",0.277777777777778
"RKVY-143","BAM56",0.39155129570465
"RKVY-28","BAM56",0.26954806312769
"R-RF-44","BAM56",0.418716577540107
"RRF-78","BAM56",0.346771316446664
"Sadabahar","BAM56",0.288892844428622
"SAFRI-17","BAM56",0.304939155332856
"SAHBHAGIDHAN","BAM56",0.398468115425721
"SATABHAMA","BAM56",0.316743690010665
"SERATOES","BAM56",0.292722664735699
"SERETY","BAM56",0.27874378992193
"SHAKU","BAM56",0.29526825633383
"SR1-3-1","BAM56",0.305
"SUWEON","BAM56",0.253445065176909
"SWARNA","BAM56",0.416517377284128
"VANAPRAVA","BAM56",0.262684418855703
"VANDANA","BAM56",0.357577929057685
"Wayrarem","BAM56",0.394868139700641
"281785","BAM5779",0.291681670867843
"282803","BAM5779",0.409627773801002
"299554","BAM5779",0.385562086700955
"356457","BAM5779",0.387068044175276
"376579","BAM5779",0.295739348370927
"376851","BAM5779",0.295602018745494
"377448","BAM5779",0.404040404040404
"377705","BAM5779",0.410426370476532
"384190","BAM5779",0.263006817366344
"426049","BAM5779",0.384944702104888
"438644","BAM5779",0.405605786618445
"ADAYSEL","BAM5779",0.377173913043478
"AbhayaXDagadesi","BAM5779",0.401939655172414
"ABHISEK","BAM5779",0.290869722121978
"ABOR-A-1","BAM5779",0.40176322418136
"ANJALI","BAM5779",0.285535266738274
"Annada","BAM5779",0.211095100864553
"Apo","BAM5779",0.373431337396916
"ARC10319","BAM5779",0.397727272727273
"ARC12071","BAM5779",0.309269162210339
"ARNAPURNA","BAM5779",0.301533523537803
"ASD16","BAM5779",0.284869128719971
"AUS257","BAM5779",0.272956427799784
"BAKAL","BAM5779",0.357272727272727
"BAM1057","BAM5779",0.385088671733623
"BAM1098","BAM5779",0.351851851851852
"BAM1659","BAM5779",0.305867439333575
"BAM1689","BAM5779",0.363784961859789
"BAM1708","BAM5779",0.358802177858439
"BAM1812","BAM5779",0.396043165467626
"BAM2096","BAM5779",0.313683458377992
"BAM2166","BAM5779",0.256190823015295
"BAM247","BAM5779",0.401327592393254
"BAM2574","BAM5779",0.283972750089638
"BAM2680","BAM5779",0.304729487638839
"BAM3154","BAM5779",0.393906420021763
"BAM3181","BAM5779",0.304449228561177
"BAM326","BAM5779",0.302225412778177
"BAM328","BAM5779",0.420287253141831
"BAM350","BAM5779",0.392802741812643
"BAM3690","BAM5779",0.403003981179877
"BAM4009","BAM5779",0.366618339978253
"BAM4054","BAM5779",0.295616535994298
"BAM4138","BAM5779",0.292616720955483
"BAM4168","BAM5779",0.296148255813954
"BAM4234","BAM5779",0.288199426111908
"BAM4254","BAM5779",0.285868392664509
"BAM4477","BAM5779",0.396799712333693
"BAM4496","BAM5779",0.414790996784566
"BAM4510","BAM5779",0.298591040462428
"BAM4521","BAM5779",0.264
"BAM4534","BAM5779",0.383658008658009
"BAM4797","BAM5779",0.291488603988604
"BAM491","BAM5779",0.380943804034582
"BAM4928","BAM5779",0.238095238095238
"BAM5110","BAM5779",0.280115066522833
"BAM56","BAM5779",0.255555555555556
"BAM5779","BAM5779",0
"BAM5850","BAM5779",0.394412191582003
"BAM6921","BAM5779",0.393203883495146
"BAM712","BAM5779",0.20816911501254
"BAM742","BAM5779",0.207703383729302
"BAM7429","BAM5779",0.402084081925979
"BAM7449","BAM5779",0.393856779352963
"BAM747","BAM5779",0.198563734290844
"BAM759","BAM5779",0.377651515151515
"BAM766","BAM5779",0.20540246555475
"BAM807","BAM5779",0.0131059245960503
"BAM811","BAM5779",0.385084259591251
"BAM812","BAM5779",0.280799711815562
"BAM819","BAM5779",0.310226863521786
"BAM8296","BAM5779",0.383775071633238
"BAM8305","BAM5779",0.404736080983369
"BAM8315","BAM5779",0.247651734104046
"BAM8364","BAM5779",0.300647715005398
"BAMAWPYAN","BAM5779",0.275199419869471
"BENAMURI","BAM5779",0.30010756543564
"BLACKGORA","BAM5779",0.297249017506252
"CGR1656","BAM5779",0.400682471264368
"CGR1679","BAM5779",0.303225806451613
"CGR2012","BAM5779",0.293345323741007
"CO18","BAM5779",0.303111587982833
"CRDHAN-204","BAM5779",0.278535534816942
"CR143-2-2","BAM5779",0.360661632506293
"CR262-4","BAM5779",0.357373519913886
"CROSSA","BAM5779",0.298926654740608
"DULAR","BAM5779",0.377215189873418
"EYPO","BAM5779",0.396526508226691
"EYPO-2","BAM5779",0.301433691756272
"FULKATI","BAM5779",0.394384057971015
"Ghanteswari","BAM5779",0.404411764705882
"GHATIKAMMANANGARHAR","BAM5779",0.294327506243311
"GotrabiDhan","BAM5779",0.404369627507163
"GP-145-37","BAM5779",0.29853414372542
"GP-145-51","BAM5779",0.406542056074766
"HARBHOONDI","BAM5779",0.282639885222382
"HongZuiEr","BAM5779",0.407333815028902
"IndrabaruniDhan","BAM5779",0.389385275196569
"IR74371-54-1-1","BAM5779",0.364855202002145
"IR77298-14-1-2-10","BAM5779",0.397546897546898
"IR77298-5-6-18","BAM5779",0.394444444444444
"IR83383-B-B-129-4","BAM5779",0.392998204667864
"IR83388-B-B108-3","BAM5779",0.391780330222541
"IR87707-445-B-B","BAM5779",0.401932712956335
"IR87707-446-B-B","BAM5779",0.382994186046512
"IRROEPYO","BAM5779",0.288079470198676
"KALINGA-1","BAM5779",0.415023305844389
"KANGRO","BAM5779",0.309982174688057
"KHAODAWTAI","BAM5779",0.306126126126126
"MANDRIRAVINA","BAM5779",0.303143979992855
"MAUDAMANI","BAM5779",0.295397339086659
"MOROBEREKAN","BAM5779",0.307030391797876
"MTU1010","BAM5779",0.396688264938805
"MTU9","BAM5779",0.311178788964529
"NERICA-L-26","BAM5779",0.373511367737279
"NERICA-L-42","BAM5779",0.373791621911923
"NERICA-L-44","BAM5779",0.396064400715563
"PARIJAT","BAM5779",0.393601725377426
"Patchaiperumal","BAM5779",0.393483709273183
"PEH-KUH-TSAO-TU","BAM5779",0.308886509635974
"PMK-2","BAM5779",0.400643316654753
"PRASAD-1","BAM5779",0.300143523501973
"PUSASUGANDH5","BAM5779",0.390658554044381
"PUSA1121","BAM5779",0.376642335766423
"Pusa1121-SN12","BAM5779",0.377887788778878
"PUSA44","BAM5779",0.392870268283719
"PUSABASMATI6","BAM5779",0.279624277456647
"PUSASUGANDH2","BAM5779",0.293454935622318
"RASI","BAM5779",0.400925925925926
"RKVY-104","BAM5779",0.364835561980484
"RKVY-143","BAM5779",0.40297171500179
"RKVY-28","BAM5779",0.386034732272069
"R-RF-44","BAM5779",0.39647735442128
"RRF-78","BAM5779",0.394604316546763
"Sadabahar","BAM5779",0.311442965095358
"SAFRI-17","BAM5779",0.291922106022358
"SAHBHAGIDHAN","BAM5779",0.390546369518332
"SATABHAMA","BAM5779",0.265032211882606
"SERATOES","BAM5779",0.396495071193866
"SERETY","BAM5779",0.306797853309481
"SHAKU","BAM5779",0.25554302893649
"SR1-3-1","BAM5779",0.294954954954955
"SUWEON","BAM5779",0.27344336084021
"SWARNA","BAM5779",0.406543745480839
"VANAPRAVA","BAM5779",0.385174418604651
"VANDANA","BAM5779",0.373644251626898
"Wayrarem","BAM5779",0.376574307304786
"281785","BAM5850",0.418680129823296
"282803","BAM5850",0.34890798424633
"299554","BAM5850",0.340558412931668
"356457","BAM5850",0.341346153846154
"376579","BAM5850",0.395878136200717
"376851","BAM5850",0.403039073806078
"377448","BAM5850",0.308468468468468
"377705","BAM5850",0.355965603726263
"384190","BAM5850",0.289709573323772
"426049","BAM5850",0.341973543081873
"438644","BAM5850",0.347849656667871
"ADAYSEL","BAM5850",0.25054347826087
"AbhayaXDagadesi","BAM5850",0.342067480258435
"ABHISEK","BAM5850",0.423924828333936
"ABOR-A-1","BAM5850",0.342939481268012
"ANJALI","BAM5850",0.428724928366762
"Annada","BAM5850",0.399891774891775
"Apo","BAM5850",0.338177251524937
"ARC10319","BAM5850",0.331051873198847
"ARC12071","BAM5850",0.400606709493219
"ARNAPURNA","BAM5850",0.418600499821492
"ASD16","BAM5850",0.424568965517241
"AUS257","BAM5850",0.412698412698413
"BAKAL","BAM5850",0.209484011627907
"BAM1057","BAM5850",0.166967835200578
"BAM1098","BAM5850",0.242210144927536
"BAM1659","BAM5850",0.406862745098039
"BAM1689","BAM5850",0.236030478955007
"BAM1708","BAM5850",0.205583756345178
"BAM1812","BAM5850",0.311487216420598
"BAM2096","BAM5850",0.390619405657
"BAM2166","BAM5850",0.324881430134987
"BAM247","BAM5850",0.3362594052311
"BAM2574","BAM5850",0.396588868940754
"BAM2680","BAM5850",0.434790397706915
"BAM3154","BAM5850",0.326142131979695
"BAM3181","BAM5850",0.407686781609195
"BAM326","BAM5850",0.398058252427185
"BAM328","BAM5850",0.299964119124507
"BAM350","BAM5850",0.24090219863533
"BAM3690","BAM5850",0.342867487328023
"BAM4009","BAM5850",0.204479768786127
"BAM4054","BAM5850",0.421663097787295
"BAM4138","BAM5850",0.254624591947769
"BAM4168","BAM5850",0.326
"BAM4234","BAM5850",0.408943965517241
"BAM4254","BAM5850",0.410875045012604
"BAM4477","BAM5850",0.342029507016913
"BAM4496","BAM5850",0.31654162200786
"BAM4510","BAM5850",0.24107464839524
"BAM4521","BAM5850",0.286652078774617
"BAM4534","BAM5850",0.141417776178482
"BAM4797","BAM5850",0.375981441827266
"BAM491","BAM5850",0.261441441441441
"BAM4928","BAM5850",0.316883586406363
"BAM5110","BAM5850",0.430475504322767
"BAM56","BAM5850",0.291082344480403
"BAM5779","BAM5850",0.394412191582003
"BAM5850","BAM5850",0
"BAM6921","BAM5850",0.341660675772825
"BAM712","BAM5850",0.398602651379434
"BAM742","BAM5850",0.404547094911584
"BAM7429","BAM5850",0.32507183908046
"BAM7449","BAM5850",0.147335991301196
"BAM747","BAM5850",0.401116714697406
"BAM759","BAM5850",0.257776934749621
"BAM766","BAM5850",0.403477001086563
"BAM807","BAM5850",0.391916275712739
"BAM811","BAM5850",0.331482808022923
"BAM812","BAM5850",0.412815884476534
"BAM819","BAM5850",0.419523637675929
"BAM8296","BAM5850",0.343526466380544
"BAM8305","BAM5850",0.348665223665224
"BAM8315","BAM5850",0.353579175704989
"BAM8364","BAM5850",0.39938694554634
"BAMAWPYAN","BAM5850",0.268797675263349
"BENAMURI","BAM5850",0.406688241639698
"BLACKGORA","BAM5850",0.41362660944206
"CGR1656","BAM5850",0.325602301330457
"CGR1679","BAM5850",0.404591104734577
"CGR2012","BAM5850",0.396762589928058
"CO18","BAM5850",0.39187253848908
"CRDHAN-204","BAM5850",0.422054597701149
"CR143-2-2","BAM5850",0.336148041681638
"CR262-4","BAM5850",0.337876614060258
"CROSSA","BAM5850",0.395952722063037
"DULAR","BAM5850",0.174548736462094
"EYPO","BAM5850",0.306581352833638
"EYPO-2","BAM5850",0.420495333811917
"FULKATI","BAM5850",0.161913357400722
"Ghanteswari","BAM5850",0.348728965270319
"GHATIKAMMANANGARHAR","BAM5850",0.417083631165118
"GotrabiDhan","BAM5850",0.337929799426934
"GP-145-37","BAM5850",0.396779964221825
"GP-145-51","BAM5850",0.326647564469914
"HARBHOONDI","BAM5850",0.41699604743083
"HongZuiEr","BAM5850",0.345182244677012
"IndrabaruniDhan","BAM5850",0.343593414459556
"IR74371-54-1-1","BAM5850",0.343716433941998
"IR77298-14-1-2-10","BAM5850",0.342485549132948
"IR77298-5-6-18","BAM5850",0.337992831541219
"IR83383-B-B-129-4","BAM5850",0.342010771992819
"IR83388-B-B108-3","BAM5850",0.340444603800645
"IR87707-445-B-B","BAM5850",0.339240959541711
"IR87707-446-B-B","BAM5850",0.344771241830065
"IRROEPYO","BAM5850",0.293759231905465
"KALINGA-1","BAM5850",0.351056211958468
"KANGRO","BAM5850",0.400642169104531
"KHAODAWTAI","BAM5850",0.423701298701299
"MANDRIRAVINA","BAM5850",0.391669646049339
"MAUDAMANI","BAM5850",0.424504504504504
"MOROBEREKAN","BAM5850",0.332966629996333
"MTU1010","BAM5850",0.349477853799064
"MTU9","BAM5850",0.403984206748026
"NERICA-L-26","BAM5850",0.347111913357401
"NERICA-L-42","BAM5850",0.346360702760846
"NERICA-L-44","BAM5850",0.34585121602289
"PARIJAT","BAM5850",0.344604316546763
"Patchaiperumal","BAM5850",0.317173524150268
"PEH-KUH-TSAO-TU","BAM5850",0.40060779406507
"PMK-2","BAM5850",0.340057122456266
"PRASAD-1","BAM5850",0.415948275862069
"PUSASUGANDH5","BAM5850",0.333572196345396
"PUSA1121","BAM5850",0.288580809923386
"Pusa1121-SN12","BAM5850",0.288652221814175
"PUSA44","BAM5850",0.346336996336996
"PUSABASMATI6","BAM5850",0.397789054005074
"PUSASUGANDH2","BAM5850",0.422154617036507
"RASI","BAM5850",0.346523668639053
"RKVY-104","BAM5850",0.189009009009009
"RKVY-143","BAM5850",0.319692637598284
"RKVY-28","BAM5850",0.180209461899603
"R-RF-44","BAM5850",0.342256557671577
"RRF-78","BAM5850",0.283735156531126
"Sadabahar","BAM5850",0.388309352517986
"SAFRI-17","BAM5850",0.41101083032491
"SAHBHAGIDHAN","BAM5850",0.344468390804598
"SATABHAMA","BAM5850",0.419117647058823
"SERATOES","BAM5850",0.144727272727273
"SERETY","BAM5850",0.403191107923987
"SHAKU","BAM5850",0.407107935314028
"SR1-3-1","BAM5850",0.424810674359899
"SUWEON","BAM5850",0.391124482888304
"SWARNA","BAM5850",0.334358047016275
"VANAPRAVA","BAM5850",0.167511771097428
"VANDANA","BAM5850",0.272858691723889
"Wayrarem","BAM5850",0.338061041292639
"281785","BAM6921",0.327734095782702
"282803","BAM6921",0.216743526073076
"299554","BAM6921",0.215586307356154
"356457","BAM6921",0.220733427362482
"376579","BAM6921",0.355646306818182
"376851","BAM6921",0.355992844364937
"377448","BAM6921",0.251783166904422
"377705","BAM6921",0.242984014209591
"384190","BAM6921",0.412989323843416
"426049","BAM6921",0.221004243281471
"438644","BAM6921",0.223156764495347
"ADAYSEL","BAM6921",0.283147682357168
"AbhayaXDagadesi","BAM6921",0.204900568181818
"ABHISEK","BAM6921",0.315968492660222
"ABOR-A-1","BAM6921",0.241705315733143
"ANJALI","BAM6921",0.270515097690941
"Annada","BAM6921",0.420600858369099
"Apo","BAM6921",0.191270404542229
"ARC10319","BAM6921",0.258491240614945
"ARC12071","BAM6921",0.351432614078528
"ARNAPURNA","BAM6921",0.340113194198797
"ASD16","BAM6921",0.315461346633416
"AUS257","BAM6921",0.291979949874687
"BAKAL","BAM6921",0.321981981981982
"BAM1057","BAM6921",0.323582196697775
"BAM1098","BAM6921",0.325017946877243
"BAM1659","BAM6921",0.347786973731558
"BAM1689","BAM6921",0.322354211663067
"BAM1708","BAM6921",0.315014367816092
"BAM1812","BAM6921",0.254989308624376
"BAM2096","BAM6921",0.360411493437389
"BAM2166","BAM6921",0.412020275162925
"BAM247","BAM6921",0.224928876244666
"BAM2574","BAM6921",0.352187833511206
"BAM2680","BAM6921",0.335643212508884
"BAM3154","BAM6921",0.167685118619698
"BAM3181","BAM6921",0.371438746438746
"BAM326","BAM6921",0.347291518175339
"BAM328","BAM6921",0.25667022411953
"BAM350","BAM6921",0.283477932855526
"BAM3690","BAM6921",0.260565902578797
"BAM4009","BAM6921",0.339381961911606
"BAM4054","BAM6921",0.302724699221514
"BAM4138","BAM6921",0.425593098490295
"BAM4168","BAM6921",0.384837545126354
"BAM4234","BAM6921",0.306583629893238
"BAM4254","BAM6921",0.309421841541756
"BAM4477","BAM6921",0.255876068376068
"BAM4496","BAM6921",0.262300884955752
"BAM4510","BAM6921",0.415770609318996
"BAM4521","BAM6921",0.419045898084568
"BAM4534","BAM6921",0.334344876829704
"BAM4797","BAM6921",0.358910891089109
"BAM491","BAM6921",0.288214285714286
"BAM4928","BAM6921",0.395594555873925
"BAM5110","BAM6921",0.292691622103387
"BAM56","BAM6921",0.398501605422761
"BAM5779","BAM6921",0.393203883495146
"BAM5850","BAM6921",0.341660675772825
"BAM6921","BAM6921",0
"BAM712","BAM6921",0.418798862828714
"BAM742","BAM6921",0.418754473872584
"BAM7429","BAM6921",0.262633451957295
"BAM7449","BAM6921",0.331110310021629
"BAM747","BAM6921",0.419521770164168
"BAM759","BAM6921",0.267293233082707
"BAM766","BAM6921",0.41882649388049
"BAM807","BAM6921",0.392703862660944
"BAM811","BAM6921",0.244499645138396
"BAM812","BAM6921",0.340307582260372
"BAM819","BAM6921",0.321709585121602
"BAM8296","BAM6921",0.198407079646018
"BAM8305","BAM6921",0.21859386152748
"BAM8315","BAM6921",0.414546757434611
"BAM8364","BAM6921",0.328147353361946
"BAMAWPYAN","BAM6921",0.406013683831473
"BENAMURI","BAM6921",0.347647897362794
"BLACKGORA","BAM6921",0.309287486706842
"CGR1656","BAM6921",0.250534188034188
"CGR1679","BAM6921",0.356634649590893
"CGR2012","BAM6921",0.353423680456491
"CO18","BAM6921",0.344925479063165
"CRDHAN-204","BAM6921",0.296190815236739
"CR143-2-2","BAM6921",0.196905016008538
"CR262-4","BAM6921",0.196631205673759
"CROSSA","BAM6921",0.356407525736599
"DULAR","BAM6921",0.340193271295633
"EYPO","BAM6921",0.260775081492213
"EYPO-2","BAM6921",0.335881934566145
"FULKATI","BAM6921",0.326633165829146
"Ghanteswari","BAM6921",0.227450284090909
"GHATIKAMMANANGARHAR","BAM6921",0.306725663716814
"GotrabiDhan","BAM6921",0.216288147622427
"GP-145-37","BAM6921",0.356864136218517
"GP-145-51","BAM6921",0.259074733096085
"HARBHOONDI","BAM6921",0.281316725978648
"HongZuiEr","BAM6921",0.247233131024634
"IndrabaruniDhan","BAM6921",0.203080736543909
"IR74371-54-1-1","BAM6921",0.179241941197308
"IR77298-14-1-2-10","BAM6921",0.191496963201143
"IR77298-5-6-18","BAM6921",0.214260376019865
"IR83383-B-B-129-4","BAM6921",0.221431114275543
"IR83388-B-B108-3","BAM6921",0.187122020633227
"IR87707-445-B-B","BAM6921",0.207403471484237
"IR87707-446-B-B","BAM6921",0.197340043134436
"IRROEPYO","BAM6921",0.393184316599487
"KALINGA-1","BAM6921",0.225337118523776
"KANGRO","BAM6921",0.350548284400425
"KHAODAWTAI","BAM6921",0.321071428571429
"MANDRIRAVINA","BAM6921",0.344858156028369
"MAUDAMANI","BAM6921",0.322857142857143
"MOROBEREKAN","BAM6921",0.344796215429403
"MTU1010","BAM6921",0.217437722419929
"MTU9","BAM6921",0.353788687299893
"NERICA-L-26","BAM6921",0.143747773423584
"NERICA-L-42","BAM6921",0.145766914629826
"NERICA-L-44","BAM6921",0.17653314427508
"PARIJAT","BAM6921",0.212379935965848
"Patchaiperumal","BAM6921",0.244058176658389
"PEH-KUH-TSAO-TU","BAM6921",0.349982288345732
"PMK-2","BAM6921",0.240884955752212
"PRASAD-1","BAM6921",0.319137562366358
"PUSASUGANDH5","BAM6921",0.221709826179496
"PUSA1121","BAM6921",0.288712011577424
"Pusa1121-SN12","BAM6921",0.286337209302326
"PUSA44","BAM6921",0.192335633853977
"PUSABASMATI6","BAM6921",0.349066762383345
"PUSASUGANDH2","BAM6921",0.298901488306166
"RASI","BAM6921",0.240388136213841
"RKVY-104","BAM6921",0.323002508061627
"RKVY-143","BAM6921",0.262411347517731
"RKVY-28","BAM6921",0.327116212338594
"R-RF-44","BAM6921",0.20573566084788
"RRF-78","BAM6921",0.250801567509797
"Sadabahar","BAM6921",0.353371387798787
"SAFRI-17","BAM6921",0.302471346704871
"SAHBHAGIDHAN","BAM6921",0.210217159131364
"SATABHAMA","BAM6921",0.295204262877442
"SERATOES","BAM6921",0.331828034682081
"SERETY","BAM6921",0.349680170575693
"SHAKU","BAM6921",0.324309185959671
"SR1-3-1","BAM6921",0.296071428571429
"SUWEON","BAM6921",0.330786433097279
"SWARNA","BAM6921",0.21625492302184
"VANAPRAVA","BAM6921",0.322841726618705
"VANDANA","BAM6921",0.243828264758497
"Wayrarem","BAM6921",0.192156862745098
"281785","BAM712",0.341758632965468
"282803","BAM712",0.431247790738777
"299554","BAM712",0.42343976777939
"356457","BAM712",0.427039381153305
"376579","BAM712",0.343286219081272
"376851","BAM712",0.344206773618538
"377448","BAM712",0.444642221431114
"377705","BAM712",0.438981252210824
"384190","BAM712",0.294263456090652
"426049","BAM712",0.425925925925926
"438644","BAM712",0.428291116660721
"ADAYSEL","BAM712",0.41168040128986
"AbhayaXDagadesi","BAM712",0.425761871013466
"ABHISEK","BAM712",0.342892768079801
"ABOR-A-1","BAM712",0.426360725720384
"ANJALI","BAM712",0.343119915104351
"Annada","BAM712",0.0207299787384834
"Apo","BAM712",0.401098901098901
"ARC10319","BAM712",0.431145201569747
"ARC12071","BAM712",0.353417899929528
"ARNAPURNA","BAM712",0.353293413173653
"ASD16","BAM712",0.347710330138445
"AUS257","BAM712",0.338617741360884
"BAKAL","BAM712",0.381824712643678
"BAM1057","BAM712",0.394840558939448
"BAM1098","BAM712",0.363750448189315
"BAM1659","BAM712",0.352688172043011
"BAM1689","BAM712",0.37908144958737
"BAM1708","BAM712",0.382437275985663
"BAM1812","BAM712",0.426716471006759
"BAM2096","BAM712",0.359413634758036
"BAM2166","BAM712",0.27995681899964
"BAM247","BAM712",0.438407079646018
"BAM2574","BAM712",0.344026940801134
"BAM2680","BAM712",0.350954738330976
"BAM3154","BAM712",0.432926829268293
"BAM3181","BAM712",0.34806531771388
"BAM326","BAM712",0.346331088266572
"BAM328","BAM712",0.444700460829493
"BAM350","BAM712",0.424755455229496
"BAM3690","BAM712",0.442913385826772
"BAM4009","BAM712",0.36235252055774
"BAM4054","BAM712",0.345368087354702
"BAM4138","BAM712",0.294201861130995
"BAM4168","BAM712",0.312387791741472
"BAM4234","BAM712",0.32612548741581
"BAM4254","BAM712",0.328413940256046
"BAM4477","BAM712",0.440717074902378
"BAM4496","BAM712",0.439110483586304
"BAM4510","BAM712",0.314795008912656
"BAM4521","BAM712",0.293493889288282
"BAM4534","BAM712",0.397435897435897
"BAM4797","BAM712",0.338494018296974
"BAM491","BAM712",0.416162335350659
"BAM4928","BAM712",0.288900785153462
"BAM5110","BAM712",0.340674955595027
"BAM56","BAM712",0.295632102272727
"BAM5779","BAM712",0.20816911501254
"BAM5850","BAM712",0.398602651379434
"BAM6921","BAM712",0.418798862828714
"BAM712","BAM712",0
"BAM742","BAM712",0.0235982966643009
"BAM7429","BAM712",0.436702127659575
"BAM7449","BAM712",0.396694214876033
"BAM747","BAM712",0.0265768958185684
"BAM759","BAM712",0.400975243810953
"BAM766","BAM712",0.0235967107615302
"BAM807","BAM712",0.210648148148148
"BAM811","BAM712",0.424247787610619
"BAM812","BAM712",0.336059743954481
"BAM819","BAM712",0.352773826458037
"BAM8296","BAM712",0.424708377518558
"BAM8305","BAM712",0.433595144591217
"BAM8315","BAM712",0.186162624821683
"BAM8364","BAM712",0.330544677821289
"BAMAWPYAN","BAM712",0.296628407460545
"BENAMURI","BAM712",0.34686281460475
"BLACKGORA","BAM712",0.342559943582511
"CGR1656","BAM712",0.433617323393681
"CGR1679","BAM712",0.350690754516472
"CGR2012","BAM712",0.345457771469127
"CO18","BAM712",0.354798870853917
"CRDHAN-204","BAM712",0.330733782346686
"CR143-2-2","BAM712",0.418856534090909
"CR262-4","BAM712",0.414483002832861
"CROSSA","BAM712",0.343584305408271
"DULAR","BAM712",0.396964285714286
"EYPO","BAM712",0.419646081617913
"EYPO-2","BAM712",0.340417995040737
"FULKATI","BAM712",0.396706050841389
"Ghanteswari","BAM712",0.428470254957507
"GHATIKAMMANANGARHAR","BAM712",0.349136411702503
"GotrabiDhan","BAM712",0.435997171145686
"GP-145-37","BAM712",0.355072463768116
"GP-145-51","BAM712",0.43716719914803
"HARBHOONDI","BAM712",0.331679659815734
"HongZuiEr","BAM712",0.432191291934333
"IndrabaruniDhan","BAM712",0.435159010600707
"IR74371-54-1-1","BAM712",0.415134370579915
"IR77298-14-1-2-10","BAM712",0.438192211504109
"IR77298-5-6-18","BAM712",0.423785891527827
"IR83383-B-B-129-4","BAM712",0.417701312522171
"IR83388-B-B108-3","BAM712",0.424725469358838
"IR87707-445-B-B","BAM712",0.422642175909573
"IR87707-446-B-B","BAM712",0.440437746681019
"IRROEPYO","BAM712",0.316163087004004
"KALINGA-1","BAM712",0.440269408011344
"KANGRO","BAM712",0.354526241634378
"KHAODAWTAI","BAM712",0.343694493783304
"MANDRIRAVINA","BAM712",0.356108757062147
"MAUDAMANI","BAM712",0.347795163584637
"MOROBEREKAN","BAM712",0.193892302132273
"MTU1010","BAM712",0.430985414443259
"MTU9","BAM712",0.355295784626284
"NERICA-L-26","BAM712",0.423777222420564
"NERICA-L-42","BAM712",0.426043878273178
"NERICA-L-44","BAM712",0.42521216407355
"PARIJAT","BAM712",0.434991119005329
"Patchaiperumal","BAM712",0.441301272984441
"PEH-KUH-TSAO-TU","BAM712",0.354622441778405
"PMK-2","BAM712",0.424964689265537
"PRASAD-1","BAM712",0.335519319390287
"PUSASUGANDH5","BAM712",0.403254333215423
"PUSA1121","BAM712",0.342882882882883
"Pusa1121-SN12","BAM712",0.349565532223027
"PUSA44","BAM712",0.436685962373372
"PUSABASMATI6","BAM712",0.275276884601643
"PUSASUGANDH2","BAM712",0.354998233839633
"RASI","BAM712",0.435195326761592
"RKVY-104","BAM712",0.362370581935023
"RKVY-143","BAM712",0.436350777934936
"RKVY-28","BAM712",0.40343347639485
"R-RF-44","BAM712",0.424210152644657
"RRF-78","BAM712",0.421586059743954
"Sadabahar","BAM712",0.351759687166726
"SAFRI-17","BAM712",0.338617741360884
"SAHBHAGIDHAN","BAM712",0.433108587650816
"SATABHAMA","BAM712",0.338292596528516
"SERATOES","BAM712",0.391092679408583
"SERETY","BAM712",0.349770236832803
"SHAKU","BAM712",0.296028210838901
"SR1-3-1","BAM712",0.340213523131673
"SUWEON","BAM712",0.32220986281053
"SWARNA","BAM712",0.449982136477313
"VANAPRAVA","BAM712",0.395444763271162
"VANDANA","BAM712",0.403035714285714
"Wayrarem","BAM712",0.403805120910384
"281785","BAM742",0.34514858575009
"282803","BAM742",0.435409252669039
"299554","BAM742",0.426406135865595
"356457","BAM742",0.429153382925965
"376579","BAM742",0.343360626557494
"376851","BAM742",0.346858168761221
"377448","BAM742",0.44546106925009
"377705","BAM742",0.442047075606277
"384190","BAM742",0.301034975017844
"426049","BAM742",0.427683013503909
"438644","BAM742",0.431573275862069
"ADAYSEL","BAM742",0.414259927797834
"AbhayaXDagadesi","BAM742",0.430535714285714
"ABHISEK","BAM742",0.345822875582646
"ABOR-A-1","BAM742",0.423737916219119
"ANJALI","BAM742",0.347291518175339
"Annada","BAM742",0.0243378668575519
"Apo","BAM742",0.403605855051767
"ARC10319","BAM742",0.431597845601436
"ARC12071","BAM742",0.351135557132718
"ARNAPURNA","BAM742",0.352450284090909
"ASD16","BAM742",0.347802786709539
"AUS257","BAM742",0.342124147829207
"BAKAL","BAM742",0.390738060781476
"BAM1057","BAM742",0.399531024531025
"BAM1098","BAM742",0.37043729671124
"BAM1659","BAM742",0.354076479076479
"BAM1689","BAM742",0.386101083032491
"BAM1708","BAM742",0.390072202166065
"BAM1812","BAM742",0.428239083750895
"BAM2096","BAM742",0.361615083600142
"BAM2166","BAM742",0.285843920145191
"BAM247","BAM742",0.438837375178317
"BAM2574","BAM742",0.350053552302749
"BAM2680","BAM742",0.353884533143264
"BAM3154","BAM742",0.435198555956679
"BAM3181","BAM742",0.350107066381156
"BAM326","BAM742",0.348230246692885
"BAM328","BAM742",0.446109921484654
"BAM350","BAM742",0.426164331692541
"BAM3690","BAM742",0.44718817591925
"BAM4009","BAM742",0.373964710118833
"BAM4054","BAM742",0.347025495750708
"BAM4138","BAM742",0.299603889088945
"BAM4168","BAM742",0.315418023887079
"BAM4234","BAM742",0.328877005347594
"BAM4254","BAM742",0.327956989247312
"BAM4477","BAM742",0.446275071633238
"BAM4496","BAM742",0.439921791681479
"BAM4510","BAM742",0.322505384063173
"BAM4521","BAM742",0.298410404624277
"BAM4534","BAM742",0.400394831299354
"BAM4797","BAM742",0.343196314670447
"BAM491","BAM742",0.417473986365267
"BAM4928","BAM742",0.291906474820144
"BAM5110","BAM742",0.343235504652827
"BAM56","BAM742",0.301964285714286
"BAM5779","BAM742",0.207703383729302
"BAM5850","BAM742",0.404547094911584
"BAM6921","BAM742",0.418754473872584
"BAM712","BAM742",0.0235982966643009
"BAM742","BAM742",0
"BAM7429","BAM742",0.436919228020014
"BAM7449","BAM742",0.399421128798842
"BAM747","BAM742",0.0222578347578347
"BAM759","BAM742",0.407051282051282
"BAM766","BAM742",0.0123744619799139
"BAM807","BAM742",0.211627906976744
"BAM811","BAM742",0.425998573466477
"BAM812","BAM742",0.339605734767025
"BAM819","BAM742",0.35762893982808
"BAM8296","BAM742",0.424733096085409
"BAM8305","BAM742",0.43496227093065
"BAM8315","BAM742",0.192695214105793
"BAM8364","BAM742",0.336559139784946
"BAMAWPYAN","BAM742",0.300648882480173
"BENAMURI","BAM742",0.350714285714286
"BLACKGORA","BAM742",0.351990049751244
"CGR1656","BAM742",0.435512683101108
"CGR1679","BAM742",0.354925053533191
"CGR2012","BAM742",0.350660950339407
"CO18","BAM742",0.354752580989676
"CRDHAN-204","BAM742",0.333630527817404
"CR143-2-2","BAM742",0.422031473533619
"CR262-4","BAM742",0.417380442541042
"CROSSA","BAM742",0.349573257467994
"DULAR","BAM742",0.39902807775378
"EYPO","BAM742",0.421704297159505
"EYPO-2","BAM742",0.339451176051319
"FULKATI","BAM742",0.401334776334776
"Ghanteswari","BAM742",0.426176890156919
"GHATIKAMMANANGARHAR","BAM742",0.349361249112846
"GotrabiDhan","BAM742",0.437099073414113
"GP-145-37","BAM742",0.358540925266904
"GP-145-51","BAM742",0.440808297567954
"HARBHOONDI","BAM742",0.335535714285714
"HongZuiEr","BAM742",0.4352983465133
"IndrabaruniDhan","BAM742",0.433167436900107
"IR74371-54-1-1","BAM742",0.416518333926664
"IR77298-14-1-2-10","BAM742",0.439344852411807
"IR77298-5-6-18","BAM742",0.428775437343806
"IR83383-B-B-129-4","BAM742",0.419942816297355
"IR83388-B-B108-3","BAM742",0.423913043478261
"IR87707-445-B-B","BAM742",0.425240299038804
"IR87707-446-B-B","BAM742",0.440137035701406
"IRROEPYO","BAM742",0.321428571428571
"KALINGA-1","BAM742",0.4418064976794
"KANGRO","BAM742",0.353420772775611
"KHAODAWTAI","BAM742",0.350125493008247
"MANDRIRAVINA","BAM742",0.356507823613087
"MAUDAMANI","BAM742",0.347475832438238
"MOROBEREKAN","BAM742",0.193301783764106
"MTU1010","BAM742",0.432282336080258
"MTU9","BAM742",0.355080213903743
"NERICA-L-26","BAM742",0.426005747126437
"NERICA-L-42","BAM742",0.42839330245814
"NERICA-L-44","BAM742",0.428800284798861
"PARIJAT","BAM742",0.436337625178827
"Patchaiperumal","BAM742",0.444108223567106
"PEH-KUH-TSAO-TU","BAM742",0.353892641308212
"PMK-2","BAM742",0.423063255152807
"PRASAD-1","BAM742",0.33875
"PUSASUGANDH5","BAM742",0.403099394371215
"PUSA1121","BAM742",0.346949891067538
"Pusa1121-SN12","BAM742",0.35362741523879
"PUSA44","BAM742",0.441703216374269
"PUSABASMATI6","BAM742",0.281958948505582
"PUSASUGANDH2","BAM742",0.354122245913291
"RASI","BAM742",0.433837080722447
"RKVY-104","BAM742",0.369064748201439
"RKVY-143","BAM742",0.437655860349127
"RKVY-28","BAM742",0.410894660894661
"R-RF-44","BAM742",0.426071428571429
"RRF-78","BAM742",0.423324973127911
"Sadabahar","BAM742",0.35499462943072
"SAFRI-17","BAM742",0.342595912513446
"SAHBHAGIDHAN","BAM742",0.435085836909871
"SATABHAMA","BAM742",0.342902995720399
"SERATOES","BAM742",0.398764085786987
"SERETY","BAM742",0.349110320284697
"SHAKU","BAM742",0.29607476635514
"SR1-3-1","BAM742",0.341454675743461
"SUWEON","BAM742",0.323441582680104
"SWARNA","BAM742",0.450737144911902
"VANAPRAVA","BAM742",0.3985559566787
"VANDANA","BAM742",0.406182602444285
"Wayrarem","BAM742",0.405690765926986
"281785","BAM7429",0.347073518915061
"282803","BAM7429",0.250088558271343
"299554","BAM7429",0.265101892285298
"356457","BAM7429",0.249647639182523
"376579","BAM7429",0.232801418439716
"376851","BAM7429",0.264579606440072
"377448","BAM7429",0.15912330719886
"377705","BAM7429",0.241935483870968
"384190","BAM7429",0.391002844950213
"426049","BAM7429",0.250353107344633
"438644","BAM7429",0.24517512508935
"ADAYSEL","BAM7429",0.286661885980638
"AbhayaXDagadesi","BAM7429",0.264570007107321
"ABHISEK","BAM7429",0.352625937834941
"ABOR-A-1","BAM7429",0.238519045923816
"ANJALI","BAM7429",0.345703125
"Annada","BAM7429",0.438793718772305
"Apo","BAM7429",0.261904761904762
"ARC10319","BAM7429",0.231223175965665
"ARC12071","BAM7429",0.308875530410184
"ARNAPURNA","BAM7429",0.3
"ASD16","BAM7429",0.325916696333215
"AUS257","BAM7429",0.337026447462473
"BAKAL","BAM7429",0.305365502340655
"BAM1057","BAM7429",0.313528990694345
"BAM1098","BAM7429",0.32078853046595
"BAM1659","BAM7429",0.31695464362851
"BAM1689","BAM7429",0.292385057471264
"BAM1708","BAM7429",0.313330937836867
"BAM1812","BAM7429",0.155393378426486
"BAM2096","BAM7429",0.280198370527807
"BAM2166","BAM7429",0.397760115606936
"BAM247","BAM7429",0.239539007092199
"BAM2574","BAM7429",0.260468417317246
"BAM2680","BAM7429",0.338600852272727
"BAM3154","BAM7429",0.189451022604952
"BAM3181","BAM7429",0.305338078291815
"BAM326","BAM7429",0.238272921108742
"BAM328","BAM7429",0.193645722399716
"BAM350","BAM7429",0.215442561205273
"BAM3690","BAM7429",0.237473156764495
"BAM4009","BAM7429",0.334229390681004
"BAM4054","BAM7429",0.331391242937853
"BAM4138","BAM7429",0.411183027687882
"BAM4168","BAM7429",0.38478182473855
"BAM4234","BAM7429",0.352951635846373
"BAM4254","BAM7429",0.354671897289586
"BAM4477","BAM7429",0.22764517278233
"BAM4496","BAM7429",0.208657243816254
"BAM4510","BAM7429",0.393662728249194
"BAM4521","BAM7429",0.398953446409239
"BAM4534","BAM7429",0.313501959387246
"BAM4797","BAM7429",0.282409042741081
"BAM491","BAM7429",0.233559685489635
"BAM4928","BAM7429",0.394237652111668
"BAM5110","BAM7429",0.334401709401709
"BAM56","BAM7429",0.387762362148702
"BAM5779","BAM7429",0.402084081925979
"BAM5850","BAM7429",0.32507183908046
"BAM6921","BAM7429",0.262633451957295
"BAM712","BAM7429",0.436702127659575
"BAM742","BAM7429",0.436919228020014
"BAM7429","BAM7429",0
"BAM7449","BAM7429",0.312387468491177
"BAM747","BAM7429",0.437455452601568
"BAM759","BAM7429",0.282559880239521
"BAM766","BAM7429",0.435837526959022
"BAM807","BAM7429",0.398108493932905
"BAM811","BAM7429",0.241654829545455
"BAM812","BAM7429",0.334583779921401
"BAM819","BAM7429",0.331428571428571
"BAM8296","BAM7429",0.25407223796034
"BAM8305","BAM7429",0.263759828448892
"BAM8315","BAM7429",0.41765127103473
"BAM8364","BAM7429",0.357755539671194
"BAMAWPYAN","BAM7429",0.409205321826681
"BENAMURI","BAM7429",0.291637010676157
"BLACKGORA","BAM7429",0.336875664187035
"CGR1656","BAM7429",0.189434364994664
"CGR1679","BAM7429",0.23828125
"CGR2012","BAM7429",0.235691432634198
"CO18","BAM7429",0.309464728819568
"CRDHAN-204","BAM7429",0.349911190053286
"CR143-2-2","BAM7429",0.259081196581197
"CR262-4","BAM7429",0.259127968805388
"CROSSA","BAM7429",0.240163062743708
"DULAR","BAM7429",0.316684568564268
"EYPO","BAM7429",0.225940665701881
"EYPO-2","BAM7429",0.33546552949538
"FULKATI","BAM7429",0.307457870204374
"Ghanteswari","BAM7429",0.229868747782902
"GHATIKAMMANANGARHAR","BAM7429",0.347133757961783
"GotrabiDhan","BAM7429",0.242295430393199
"GP-145-37","BAM7429",0.251683800070897
"GP-145-51","BAM7429",0.135039090262971
"HARBHOONDI","BAM7429",0.348969438521677
"HongZuiEr","BAM7429",0.225794926759557
"IndrabaruniDhan","BAM7429",0.244424778761062
"IR74371-54-1-1","BAM7429",0.25646017699115
"IR77298-14-1-2-10","BAM7429",0.261896243291592
"IR77298-5-6-18","BAM7429",0.267648102163888
"IR83383-B-B-129-4","BAM7429",0.271337126600285
"IR83388-B-B108-3","BAM7429",0.248666903661571
"IR87707-445-B-B","BAM7429",0.268590651558074
"IR87707-446-B-B","BAM7429",0.258180510607695
"IRROEPYO","BAM7429",0.389396709323583
"KALINGA-1","BAM7429",0.22265625
"KANGRO","BAM7429",0.307773851590106
"KHAODAWTAI","BAM7429",0.328035714285714
"MANDRIRAVINA","BAM7429",0.309844192634561
"MAUDAMANI","BAM7429",0.332382310984308
"MOROBEREKAN","BAM7429",0.367476432197244
"MTU1010","BAM7429",0.256241084165478
"MTU9","BAM7429",0.310412224591329
"NERICA-L-26","BAM7429",0.255189692197566
"NERICA-L-42","BAM7429",0.258333333333333
"NERICA-L-44","BAM7429",0.247610619469027
"PARIJAT","BAM7429",0.253651585322408
"Patchaiperumal","BAM7429",0.186680835990081
"PEH-KUH-TSAO-TU","BAM7429",0.307610619469027
"PMK-2","BAM7429",0.237800565770863
"PRASAD-1","BAM7429",0.346085409252669
"PUSASUGANDH5","BAM7429",0.26036866359447
"PUSA1121","BAM7429",0.297434044091073
"Pusa1121-SN12","BAM7429",0.300036324010171
"PUSA44","BAM7429",0.247184889211769
"PUSABASMATI6","BAM7429",0.382932950878451
"PUSASUGANDH2","BAM7429",0.337579617834395
"RASI","BAM7429",0.251098901098901
"RKVY-104","BAM7429",0.329041487839771
"RKVY-143","BAM7429",0.149063935005298
"RKVY-28","BAM7429",0.302617425600574
"R-RF-44","BAM7429",0.254532527550658
"RRF-78","BAM7429",0.278271692745377
"Sadabahar","BAM7429",0.270558917764329
"SAFRI-17","BAM7429",0.328326180257511
"SAHBHAGIDHAN","BAM7429",0.249911126910771
"SATABHAMA","BAM7429",0.354122245913291
"SERATOES","BAM7429",0.316245487364621
"SERETY","BAM7429",0.310571124512238
"SHAKU","BAM7429",0.349422288483041
"SR1-3-1","BAM7429",0.343035714285714
"SUWEON","BAM7429",0.354321907600596
"SWARNA","BAM7429",0.242841803865426
"VANAPRAVA","BAM7429",0.31505376344086
"VANDANA","BAM7429",0.288447782546495
"Wayrarem","BAM7429",0.26531339031339
"281785","BAM7449",0.407367280606717
"282803","BAM7449",0.328612405880244
"299554","BAM7449",0.335601324016182
"356457","BAM7449",0.323162027123483
"376579","BAM7449",0.390165111270639
"376851","BAM7449",0.401301518438178
"377448","BAM7449",0.314935064935065
"377705","BAM7449",0.334770114942529
"384190","BAM7449",0.277697841726619
"426049","BAM7449",0.323855507868383
"438644","BAM7449",0.327111272200073
"ADAYSEL","BAM7449",0.241835994194485
"AbhayaXDagadesi","BAM7449",0.332793959007551
"ABHISEK","BAM7449",0.412925416364953
"ABOR-A-1","BAM7449",0.324431613136052
"ANJALI","BAM7449",0.410463861920173
"Annada","BAM7449",0.399530177087098
"Apo","BAM7449",0.320194384449244
"ARC10319","BAM7449",0.3136511375948
"ARC12071","BAM7449",0.388531618435155
"ARNAPURNA","BAM7449",0.404685264663805
"ASD16","BAM7449",0.411171171171171
"AUS257","BAM7449",0.403477001086563
"BAKAL","BAM7449",0.180974899963623
"BAM1057","BAM7449",0.149837133550489
"BAM1098","BAM7449",0.229582577132486
"BAM1659","BAM7449",0.40556768558952
"BAM1689","BAM7449",0.209361393323657
"BAM1708","BAM7449",0.200581395348837
"BAM1812","BAM7449",0.310630630630631
"BAM2096","BAM7449",0.385181198421241
"BAM2166","BAM7449",0.318098720292505
"BAM247","BAM7449",0.325556353194544
"BAM2574","BAM7449",0.397878460985257
"BAM2680","BAM7449",0.419511318720805
"BAM3154","BAM7449",0.319090909090909
"BAM3181","BAM7449",0.393448524118071
"BAM326","BAM7449",0.395608351331893
"BAM328","BAM7449",0.294784172661871
"BAM350","BAM7449",0.234196496572734
"BAM3690","BAM7449",0.320405944182675
"BAM4009","BAM7449",0.200289750090547
"BAM4054","BAM7449",0.4168752234537
"BAM4138","BAM7449",0.258620689655172
"BAM4168","BAM7449",0.323293172690763
"BAM4234","BAM7449",0.405181720043181
"BAM4254","BAM7449",0.407761732851986
"BAM4477","BAM7449",0.319394376351839
"BAM4496","BAM7449",0.303117162307417
"BAM4510","BAM7449",0.227470141150923
"BAM4521","BAM7449",0.270689026613197
"BAM4534","BAM7449",0.118970482361411
"BAM4797","BAM7449",0.381428571428571
"BAM491","BAM7449",0.257411424439624
"BAM4928","BAM7449",0.305103148751357
"BAM5110","BAM7449",0.419733044733045
"BAM56","BAM7449",0.278118240807498
"BAM5779","BAM7449",0.393856779352963
"BAM5850","BAM7449",0.147335991301196
"BAM6921","BAM7449",0.331110310021629
"BAM712","BAM7449",0.396694214876033
"BAM742","BAM7449",0.399421128798842
"BAM7429","BAM7449",0.312387468491177
"BAM7449","BAM7449",0
"BAM747","BAM7449",0.398231685312162
"BAM759","BAM7449",0.249240698557327
"BAM766","BAM7449",0.399672846237732
"BAM807","BAM7449",0.394575045207957
"BAM811","BAM7449",0.325
"BAM812","BAM7449",0.409008683068017
"BAM819","BAM7449",0.408613825551936
"BAM8296","BAM7449",0.333512544802867
"BAM8305","BAM7449",0.331222865412446
"BAM8315","BAM7449",0.353132922854038
"BAM8364","BAM7449",0.390032502708559
"BAMAWPYAN","BAM7449",0.258175872093023
"BENAMURI","BAM7449",0.398848092152628
"BLACKGORA","BAM7449",0.410669530970283
"CGR1656","BAM7449",0.312072072072072
"CGR1679","BAM7449",0.397878460985257
"CGR2012","BAM7449",0.400503778337531
"CO18","BAM7449",0.379347436357117
"CRDHAN-204","BAM7449",0.413669064748201
"CR143-2-2","BAM7449",0.327567567567568
"CR262-4","BAM7449",0.328838547285149
"CROSSA","BAM7449",0.397992111868053
"DULAR","BAM7449",0.147143890093999
"EYPO","BAM7449",0.296370967741935
"EYPO-2","BAM7449",0.409270571325907
"FULKATI","BAM7449",0.119400289017341
"Ghanteswari","BAM7449",0.319683908045977
"GHATIKAMMANANGARHAR","BAM7449",0.416100178890877
"GotrabiDhan","BAM7449",0.322991391678623
"GP-145-37","BAM7449",0.39924704195052
"GP-145-51","BAM7449",0.314681540122346
"HARBHOONDI","BAM7449",0.410727141828654
"HongZuiEr","BAM7449",0.324060693641618
"IndrabaruniDhan","BAM7449",0.329985652797704
"IR74371-54-1-1","BAM7449",0.328310010764263
"IR77298-14-1-2-10","BAM7449",0.330014482259232
"IR77298-5-6-18","BAM7449",0.32829373650108
"IR83383-B-B-129-4","BAM7449",0.328226387887527
"IR83388-B-B108-3","BAM7449",0.322969086987779
"IR87707-445-B-B","BAM7449",0.329088952654232
"IR87707-446-B-B","BAM7449",0.328851744186046
"IRROEPYO","BAM7449",0.285107169253511
"KALINGA-1","BAM7449",0.335190510424155
"KANGRO","BAM7449",0.387160228898426
"KHAODAWTAI","BAM7449",0.415281791907514
"MANDRIRAVINA","BAM7449",0.37831066571224
"MAUDAMANI","BAM7449",0.421062138728324
"MOROBEREKAN","BAM7449",0.331006612784717
"MTU1010","BAM7449",0.328170028818444
"MTU9","BAM7449",0.390366642703091
"NERICA-L-26","BAM7449",0.339007605939877
"NERICA-L-42","BAM7449",0.340509508432006
"NERICA-L-44","BAM7449",0.333990677662245
"PARIJAT","BAM7449",0.322290241267555
"Patchaiperumal","BAM7449",0.303155252778774
"PEH-KUH-TSAO-TU","BAM7449",0.387477638640429
"PMK-2","BAM7449",0.323476702508961
"PRASAD-1","BAM7449",0.406700288184438
"PUSASUGANDH5","BAM7449",0.310548977395048
"PUSA1121","BAM7449",0.269469835466179
"Pusa1121-SN12","BAM7449",0.276634827332844
"PUSA44","BAM7449",0.332720588235294
"PUSABASMATI6","BAM7449",0.386289445048966
"PUSASUGANDH2","BAM7449",0.418070993187522
"RASI","BAM7449",0.332715133531157
"RKVY-104","BAM7449",0.193752257132539
"RKVY-143","BAM7449",0.315392895586652
"RKVY-28","BAM7449",0.18021778584392
"R-RF-44","BAM7449",0.333933717579251
"RRF-78","BAM7449",0.275315315315315
"Sadabahar","BAM7449",0.388288288288288
"SAFRI-17","BAM7449",0.409717186366933
"SAHBHAGIDHAN","BAM7449",0.320014398848092
"SATABHAMA","BAM7449",0.41723641597697
"SERATOES","BAM7449",0.142
"SERETY","BAM7449",0.389507725476105
"SHAKU","BAM7449",0.402374670184697
"SR1-3-1","BAM7449",0.405854716299241
"SUWEON","BAM7449",0.377497173011685
"SWARNA","BAM7449",0.330618892508143
"VANAPRAVA","BAM7449",0.150018096272168
"VANDANA","BAM7449",0.251084598698482
"Wayrarem","BAM7449",0.322342342342342
"281785","BAM747",0.340535714285714
"282803","BAM747",0.436612215909091
"299554","BAM747",0.424507658643326
"356457","BAM747",0.427966101694915
"376579","BAM747",0.341376863023421
"376851","BAM747",0.344018624641834
"377448","BAM747",0.445060844667144
"377705","BAM747",0.446320654105937
"384190","BAM747",0.294410822356711
"426049","BAM747",0.42695436858861
"438644","BAM747",0.433464849354376
"ADAYSEL","BAM747",0.414748201438849
"AbhayaXDagadesi","BAM747",0.435696473102957
"ABHISEK","BAM747",0.340844062947067
"ABOR-A-1","BAM747",0.428699070764832
"ANJALI","BAM747",0.346235795454545
"Annada","BAM747",0.0281539558089807
"Apo","BAM747",0.404058383766465
"ARC10319","BAM747",0.426934097421203
"ARC12071","BAM747",0.3504243281471
"ARNAPURNA","BAM747",0.349186704384724
"ASD16","BAM747",0.342536515853224
"AUS257","BAM747",0.338698140200286
"BAKAL","BAM747",0.387847097006852
"BAM1057","BAM747",0.39881380301941
"BAM1098","BAM747",0.366762693554195
"BAM1659","BAM747",0.349748382458663
"BAM1689","BAM747",0.381578947368421
"BAM1708","BAM747",0.385848037450486
"BAM1812","BAM747",0.427857142857143
"BAM2096","BAM747",0.358637814827953
"BAM2166","BAM747",0.280888728323699
"BAM247","BAM747",0.441835645677695
"BAM2574","BAM747",0.346797153024911
"BAM2680","BAM747",0.353515625
"BAM3154","BAM747",0.435001800504141
"BAM3181","BAM747",0.349483434271464
"BAM326","BAM747",0.347345920912006
"BAM328","BAM747",0.44873620505518
"BAM350","BAM747",0.427708569271423
"BAM3690","BAM747",0.447377873563218
"BAM4009","BAM747",0.367636494252874
"BAM4054","BAM747",0.350141542816702
"BAM4138","BAM747",0.292700467457749
"BAM4168","BAM747",0.31173285198556
"BAM4234","BAM747",0.331374643874644
"BAM4254","BAM747",0.330835117773019
"BAM4477","BAM747",0.446626204926812
"BAM4496","BAM747",0.438142502658632
"BAM4510","BAM747",0.316242380781642
"BAM4521","BAM747",0.294043321299639
"BAM4534","BAM747",0.397853309481216
"BAM4797","BAM747",0.337694483734088
"BAM491","BAM747",0.414045746962116
"BAM4928","BAM747",0.286021505376344
"BAM5110","BAM747",0.341824011400071
"BAM56","BAM747",0.293939393939394
"BAM5779","BAM747",0.198563734290844
"BAM5850","BAM747",0.401116714697406
"BAM6921","BAM747",0.419521770164168
"BAM712","BAM747",0.0265768958185684
"BAM742","BAM747",0.0222578347578347
"BAM7429","BAM747",0.437455452601568
"BAM7449","BAM747",0.398231685312162
"BAM747","BAM747",0
"BAM759","BAM747",0.402484939759036
"BAM766","BAM747",0.0238095238095238
"BAM807","BAM747",0.200999642984648
"BAM811","BAM747",0.42425320056899
"BAM812","BAM747",0.333571683947086
"BAM819","BAM747",0.35614724803431
"BAM8296","BAM747",0.427075940383251
"BAM8305","BAM747",0.434361549497848
"BAM8315","BAM747",0.191150125403081
"BAM8364","BAM747",0.334403997144897
"BAMAWPYAN","BAM747",0.296402877697842
"BENAMURI","BAM747",0.344674029212683
"BLACKGORA","BAM747",0.34774902516838
"CGR1656","BAM747",0.43338083363021
"CGR1679","BAM747",0.352794588821645
"CGR2012","BAM747",0.346811542572141
"CO18","BAM747",0.351010996807378
"CRDHAN-204","BAM747",0.33321479374111
"CR143-2-2","BAM747",0.423296468069925
"CR262-4","BAM747",0.418683274021352
"CROSSA","BAM747",0.345035460992908
"DULAR","BAM747",0.396805455850682
"EYPO","BAM747",0.421234119782214
"EYPO-2","BAM747",0.341693347563145
"FULKATI","BAM747",0.400467121810995
"Ghanteswari","BAM747",0.42674253200569
"GHATIKAMMANANGARHAR","BAM747",0.347202549575071
"GotrabiDhan","BAM747",0.441009239516702
"GP-145-37","BAM747",0.355724920241049
"GP-145-51","BAM747",0.440998217468806
"HARBHOONDI","BAM747",0.332799715403771
"HongZuiEr","BAM747",0.439964157706093
"IndrabaruniDhan","BAM747",0.436124911284599
"IR74371-54-1-1","BAM747",0.418175363862265
"IR77298-14-1-2-10","BAM747",0.441714490674319
"IR77298-5-6-18","BAM747",0.425622775800712
"IR83383-B-B-129-4","BAM747",0.419101924447612
"IR83388-B-B108-3","BAM747",0.428291814946619
"IR87707-445-B-B","BAM747",0.42403265885694
"IR87707-446-B-B","BAM747",0.43950306085704
"IRROEPYO","BAM747",0.315038419319429
"KALINGA-1","BAM747",0.441637010676157
"KANGRO","BAM747",0.351255748142908
"KHAODAWTAI","BAM747",0.351679771265189
"MANDRIRAVINA","BAM747",0.351418439716312
"MAUDAMANI","BAM747",0.348338692390139
"MOROBEREKAN","BAM747",0.193090909090909
"MTU1010","BAM747",0.433345246604718
"MTU9","BAM747",0.352627840909091
"NERICA-L-26","BAM747",0.426012182013615
"NERICA-L-42","BAM747",0.42854603626022
"NERICA-L-44","BAM747",0.428444602272727
"PARIJAT","BAM747",0.437343805783649
"Patchaiperumal","BAM747",0.442628774422735
"PEH-KUH-TSAO-TU","BAM747",0.352127659574468
"PMK-2","BAM747",0.427002126151665
"PRASAD-1","BAM747",0.336360398860399
"PUSASUGANDH5","BAM747",0.404119318181818
"PUSA1121","BAM747",0.345652173913043
"Pusa1121-SN12","BAM747",0.351056081573197
"PUSA44","BAM747",0.439504373177843
"PUSABASMATI6","BAM747",0.277638190954774
"PUSASUGANDH2","BAM747",0.353368794326241
"RASI","BAM747",0.433553597650514
"RKVY-104","BAM747",0.365853658536585
"RKVY-143","BAM747",0.436079545454545
"RKVY-28","BAM747",0.407047824523553
"R-RF-44","BAM747",0.427450980392157
"RRF-78","BAM747",0.425383791503035
"Sadabahar","BAM747",0.352353780313837
"SAFRI-17","BAM747",0.3390619405657
"SAHBHAGIDHAN","BAM747",0.434736091298145
"SATABHAMA","BAM747",0.341038406827881
"SERATOES","BAM747",0.394460535843592
"SERETY","BAM747",0.34726173541963
"SHAKU","BAM747",0.289493293591654
"SR1-3-1","BAM747",0.340771153159586
"SUWEON","BAM747",0.319485842026826
"SWARNA","BAM747",0.451560818083961
"VANAPRAVA","BAM747",0.398234870317003
"VANDANA","BAM747",0.407560014331781
"Wayrarem","BAM747",0.406595365418895
"281785","BAM759",0.35969868173258
"282803","BAM759",0.263177570093458
"299554","BAM759",0.28363357608279
"356457","BAM759",0.254372906587272
"376579","BAM759",0.369337326843879
"376851","BAM759",0.37448093620234
"377448","BAM759",0.280120481927711
"377705","BAM759",0.263000374111485
"384190","BAM759",0.323287158367653
"426049","BAM759",0.25531914893617
"438644","BAM759",0.267319277108434
"ADAYSEL","BAM759",0.261724659606657
"AbhayaXDagadesi","BAM759",0.277777777777778
"ABHISEK","BAM759",0.372031662269129
"ABOR-A-1","BAM759",0.253012048192771
"ANJALI","BAM759",0.362088323353293
"Annada","BAM759",0.402526395173454
"Apo","BAM759",0.278424015009381
"ARC10319","BAM759",0.285148888051263
"ARC12071","BAM759",0.36660447761194
"ARNAPURNA","BAM759",0.386177347242921
"ASD16","BAM759",0.360338345864662
"AUS257","BAM759",0.358006042296072
"BAKAL","BAM759",0.212438189425637
"BAM1057","BAM759",0.244431861079653
"BAM1098","BAM759",0.222706595905989
"BAM1659","BAM759",0.374620637329287
"BAM1689","BAM759",0.214718123344684
"BAM1708","BAM759",0.167863894139887
"BAM1812","BAM759",0.273751408186256
"BAM2096","BAM759",0.382144191258872
"BAM2166","BAM759",0.313714285714286
"BAM247","BAM759",0.264870931537598
"BAM2574","BAM759",0.375515560554931
"BAM2680","BAM759",0.359895248784138
"BAM3154","BAM759",0.260507383566831
"BAM3181","BAM759",0.381095273818455
"BAM326","BAM759",0.368282600526118
"BAM328","BAM759",0.293974550898204
"BAM350","BAM759",0.192003167062549
"BAM3690","BAM759",0.26659125188537
"BAM4009","BAM759",0.238653555219365
"BAM4054","BAM759",0.364688316536021
"BAM4138","BAM759",0.356574460022736
"BAM4168","BAM759",0.369912514263979
"BAM4234","BAM759",0.371530382595649
"BAM4254","BAM759",0.373027798647633
"BAM4477","BAM759",0.270966528770214
"BAM4496","BAM759",0.281075027995521
"BAM4510","BAM759",0.343196381454957
"BAM4521","BAM759",0.326674277016743
"BAM4534","BAM759",0.247176204819277
"BAM4797","BAM759",0.362653745806933
"BAM491","BAM759",0.259593679458239
"BAM4928","BAM759",0.314926498303807
"BAM5110","BAM759",0.365413533834586
"BAM56","BAM759",0.319444444444444
"BAM5779","BAM759",0.377651515151515
"BAM5850","BAM759",0.257776934749621
"BAM6921","BAM759",0.267293233082707
"BAM712","BAM759",0.400975243810953
"BAM742","BAM759",0.407051282051282
"BAM7429","BAM759",0.282559880239521
"BAM7449","BAM759",0.249240698557327
"BAM747","BAM759",0.402484939759036
"BAM759","BAM759",0
"BAM766","BAM759",0.403678422449753
"BAM807","BAM759",0.378816434225405
"BAM811","BAM759",0.278943424503559
"BAM812","BAM759",0.371978851963746
"BAM819","BAM759",0.358462118356577
"BAM8296","BAM759",0.262803738317757
"BAM8305","BAM759",0.255467571644042
"BAM8315","BAM759",0.371877365632097
"BAM8364","BAM759",0.298381024096386
"BAMAWPYAN","BAM759",0.325625473843821
"BENAMURI","BAM759",0.381811349116873
"BLACKGORA","BAM759",0.360830527497194
"CGR1656","BAM759",0.287057938299473
"CGR1679","BAM759",0.370738104158861
"CGR2012","BAM759",0.369793621013133
"CO18","BAM759",0.365183246073298
"CRDHAN-204","BAM759",0.37743993993994
"CR143-2-2","BAM759",0.283783783783784
"CR262-4","BAM759",0.285393258426966
"CROSSA","BAM759",0.371166791323859
"DULAR","BAM759",0.239441930618401
"EYPO","BAM759",0.240542606037447
"EYPO-2","BAM759",0.348013493253373
"FULKATI","BAM759",0.258503401360544
"Ghanteswari","BAM759",0.256736526946108
"GHATIKAMMANANGARHAR","BAM759",0.354182225541449
"GotrabiDhan","BAM759",0.259977620290936
"GP-145-37","BAM759",0.374298540965208
"GP-145-51","BAM759",0.275797373358349
"HARBHOONDI","BAM759",0.378566066066066
"HongZuiEr","BAM759",0.277694046721929
"IndrabaruniDhan","BAM759",0.277216610549944
"IR74371-54-1-1","BAM759",0.282185628742515
"IR77298-14-1-2-10","BAM759",0.276077097505669
"IR77298-5-6-18","BAM759",0.276547842401501
"IR83383-B-B-129-4","BAM759",0.272080838323353
"IR83388-B-B108-3","BAM759",0.275609756097561
"IR87707-445-B-B","BAM759",0.272863008585293
"IR87707-446-B-B","BAM759",0.279545454545455
"IRROEPYO","BAM759",0.316153846153846
"KALINGA-1","BAM759",0.254494382022472
"KANGRO","BAM759",0.365449124114797
"KHAODAWTAI","BAM759",0.360399397136398
"MANDRIRAVINA","BAM759",0.365808137364688
"MAUDAMANI","BAM759",0.369065561416729
"MOROBEREKAN","BAM759",0.31752104055088
"MTU1010","BAM759",0.265325310267018
"MTU9","BAM759",0.369150131037065
"NERICA-L-26","BAM759",0.282666163141994
"NERICA-L-42","BAM759",0.281566129636568
"NERICA-L-44","BAM759",0.28024645257655
"PARIJAT","BAM759",0.274793388429752
"Patchaiperumal","BAM759",0.273355754857997
"PEH-KUH-TSAO-TU","BAM759",0.366591928251121
"PMK-2","BAM759",0.254945875326614
"PRASAD-1","BAM759",0.355292792792793
"PUSASUGANDH5","BAM759",0.256913303437967
"PUSA1121","BAM759",0.275389882084443
"Pusa1121-SN12","BAM759",0.272848948374761
"PUSA44","BAM759",0.25928052047455
"PUSABASMATI6","BAM759",0.36336109008327
"PUSASUGANDH2","BAM759",0.373273609555804
"RASI","BAM759",0.254738878143133
"RKVY-104","BAM759",0.238418079096045
"RKVY-143","BAM759",0.277092675635277
"RKVY-28","BAM759",0.239409984871407
"R-RF-44","BAM759",0.281238273921201
"RRF-78","BAM759",0.243796992481203
"Sadabahar","BAM759",0.361330326944758
"SAFRI-17","BAM759",0.348490566037736
"SAHBHAGIDHAN","BAM759",0.273733583489681
"SATABHAMA","BAM759",0.374624624624625
"SERATOES","BAM759",0.263217953594523
"SERETY","BAM759",0.364435302916978
"SHAKU","BAM759",0.335233975619347
"SR1-3-1","BAM759",0.361069277108434
"SUWEON","BAM759",0.296368606013276
"SWARNA","BAM759",0.281969068276122
"VANAPRAVA","BAM759",0.243560606060606
"VANDANA","BAM759",0.282961843596524
"Wayrarem","BAM759",0.279323308270677
"281785","BAM766",0.343299711815562
"282803","BAM766",0.434790397706915
"299554","BAM766",0.427573529411765
"356457","BAM766",0.426612041325258
"376579","BAM766",0.342765042979943
"376851","BAM766",0.34393063583815
"377448","BAM766",0.445326596896427
"377705","BAM766",0.44113424264178
"384190","BAM766",0.29737504494786
"426049","BAM766",0.425965665236052
"438644","BAM766",0.432007233273056
"ADAYSEL","BAM766",0.412341197822142
"AbhayaXDagadesi","BAM766",0.431573275862069
"ABHISEK","BAM766",0.342038904899135
"ABOR-A-1","BAM766",0.422702702702703
"ANJALI","BAM766",0.345395915442494
"Annada","BAM766",0.0253597122302158
"Apo","BAM766",0.40218951902369
"ARC10319","BAM766",0.428726091663659
"ARC12071","BAM766",0.351071428571429
"ARNAPURNA","BAM766",0.350802139037433
"ASD16","BAM766",0.345323741007194
"AUS257","BAM766",0.33826714801444
"BAKAL","BAM766",0.387331634510375
"BAM1057","BAM766",0.397064153678869
"BAM1098","BAM766",0.368736383442266
"BAM1659","BAM766",0.350870827285922
"BAM1689","BAM766",0.382577132486388
"BAM1708","BAM766",0.38858596873864
"BAM1812","BAM766",0.426486486486486
"BAM2096","BAM766",0.359492313192706
"BAM2166","BAM766",0.282719650018228
"BAM247","BAM766",0.438262742282843
"BAM2574","BAM766",0.348060344827586
"BAM2680","BAM766",0.352667382742571
"BAM3154","BAM766",0.434071921540138
"BAM3181","BAM766",0.347951114306254
"BAM326","BAM766",0.348044492285612
"BAM328","BAM766",0.444903086862886
"BAM350","BAM766",0.423751429660694
"BAM3690","BAM766",0.447482796088374
"BAM4009","BAM766",0.370068765834238
"BAM4054","BAM766",0.344864479315264
"BAM4138","BAM766",0.297934034070315
"BAM4168","BAM766",0.314
"BAM4234","BAM766",0.327586206896552
"BAM4254","BAM766",0.32744320230797
"BAM4477","BAM766",0.444704610951009
"BAM4496","BAM766",0.436516452074392
"BAM4510","BAM766",0.319595083152567
"BAM4521","BAM766",0.298034934497817
"BAM4534","BAM766",0.400793650793651
"BAM4797","BAM766",0.340641711229947
"BAM491","BAM766",0.415975477821854
"BAM4928","BAM766",0.290310918293565
"BAM5110","BAM766",0.342929111191076
"BAM56","BAM766",0.297948902482908
"BAM5779","BAM766",0.20540246555475
"BAM5850","BAM766",0.403477001086563
"BAM6921","BAM766",0.41882649388049
"BAM712","BAM766",0.0235967107615302
"BAM742","BAM766",0.0123744619799139
"BAM7429","BAM766",0.435837526959022
"BAM7449","BAM766",0.399672846237732
"BAM747","BAM766",0.0238095238095238
"BAM759","BAM766",0.403678422449753
"BAM766","BAM766",0
"BAM807","BAM766",0.209068010075567
"BAM811","BAM766",0.425394548063128
"BAM812","BAM766",0.337360259646592
"BAM819","BAM766",0.357708933717579
"BAM8296","BAM766",0.425985663082437
"BAM8305","BAM766",0.434971098265896
"BAM8315","BAM766",0.194645441389291
"BAM8364","BAM766",0.333393501805054
"BAMAWPYAN","BAM766",0.296081277213353
"BENAMURI","BAM766",0.347022955523673
"BLACKGORA","BAM766",0.350375402216661
"CGR1656","BAM766",0.432961897915169
"CGR1679","BAM766",0.352044476327116
"CGR2012","BAM766",0.346927775781531
"CO18","BAM766",0.353109363831308
"CRDHAN-204","BAM766",0.334230355220667
"CR143-2-2","BAM766",0.421279654924515
"CR262-4","BAM766",0.416786226685796
"CROSSA","BAM766",0.347693957811941
"DULAR","BAM766",0.396888567293777
"EYPO","BAM766",0.421120058565154
"EYPO-2","BAM766",0.336796847008241
"FULKATI","BAM766",0.399165759883932
"Ghanteswari","BAM766",0.425008970218873
"GHATIKAMMANANGARHAR","BAM766",0.347802786709539
"GotrabiDhan","BAM766",0.436246418338109
"GP-145-37","BAM766",0.357321876118869
"GP-145-51","BAM766",0.439813151275602
"HARBHOONDI","BAM766",0.33381191672649
"HongZuiEr","BAM766",0.433248914616498
"IndrabaruniDhan","BAM766",0.433607730851825
"IR74371-54-1-1","BAM766",0.416428060128847
"IR77298-14-1-2-10","BAM766",0.439673913043478
"IR77298-5-6-18","BAM766",0.430341113105925
"IR83383-B-B-129-4","BAM766",0.42191435768262
"IR83388-B-B108-3","BAM766",0.426058865757358
"IR87707-445-B-B","BAM766",0.42680744452398
"IR87707-446-B-B","BAM766",0.439789626405513
"IRROEPYO","BAM766",0.318835237744195
"KALINGA-1","BAM766",0.439784946236559
"KANGRO","BAM766",0.351640513552068
"KHAODAWTAI","BAM766",0.345268082043901
"MANDRIRAVINA","BAM766",0.354181558255897
"MAUDAMANI","BAM766",0.344504504504505
"MOROBEREKAN","BAM766",0.194759985342616
"MTU1010","BAM766",0.433621933621934
"MTU9","BAM766",0.351898280802292
"NERICA-L-26","BAM766",0.426842485549133
"NERICA-L-42","BAM766",0.429698708751793
"NERICA-L-44","BAM766",0.426423200859291
"PARIJAT","BAM766",0.435205183585313
"Patchaiperumal","BAM766",0.440365329512894
"PEH-KUH-TSAO-TU","BAM766",0.351216022889843
"PMK-2","BAM766",0.421193709792709
"PRASAD-1","BAM766",0.339920948616601
"PUSASUGANDH5","BAM766",0.40297171500179
"PUSA1121","BAM766",0.347207009857612
"Pusa1121-SN12","BAM766",0.353394495412844
"PUSA44","BAM766",0.440484937545922
"PUSABASMATI6","BAM766",0.283441793203182
"PUSASUGANDH2","BAM766",0.351162790697674
"RASI","BAM766",0.431321732691596
"RKVY-104","BAM766",0.366016612495486
"RKVY-143","BAM766",0.436559139784946
"RKVY-28","BAM766",0.407098877218399
"R-RF-44","BAM766",0.426645091693635
"RRF-78","BAM766",0.424918977313648
"Sadabahar","BAM766",0.351945244956772
"SAFRI-17","BAM766",0.340137283236994
"SAHBHAGIDHAN","BAM766",0.433548850574713
"SATABHAMA","BAM766",0.341104734576757
"SERATOES","BAM766",0.395985401459854
"SERETY","BAM766",0.34820788530466
"SHAKU","BAM766",0.292921686746988
"SR1-3-1","BAM766",0.339092872570194
"SUWEON","BAM766",0.319736842105263
"SWARNA","BAM766",0.44824466159971
"VANAPRAVA","BAM766",0.396257267441861
"VANDANA","BAM766",0.405459146782357
"Wayrarem","BAM766",0.405643421998562
"281785","BAM807",0.291949910554562
"282803","BAM807",0.408185053380783
"299554","BAM807",0.384811975173421
"356457","BAM807",0.388141592920354
"376579","BAM807",0.294985775248933
"376851","BAM807",0.295845272206304
"377448","BAM807",0.401610017889088
"377705","BAM807",0.411083392729865
"384190","BAM807",0.262923351158645
"426049","BAM807",0.385694000709975
"438644","BAM807",0.402762827412989
"ADAYSEL","BAM807",0.373828406633021
"AbhayaXDagadesi","BAM807",0.399678686183506
"ABHISEK","BAM807",0.291875447387258
"ABOR-A-1","BAM807",0.399606299212598
"ANJALI","BAM807",0.283908864364543
"Annada","BAM807",0.214438884917798
"Apo","BAM807",0.372681883024251
"ARC10319","BAM807",0.39709573323772
"ARC12071","BAM807",0.308333333333333
"ARNAPURNA","BAM807",0.300673281360737
"ASD16","BAM807",0.285867237687366
"AUS257","BAM807",0.26954806312769
"BAKAL","BAM807",0.356548480463097
"BAM1057","BAM807",0.383561643835616
"BAM1098","BAM807",0.346806207145435
"BAM1659","BAM807",0.306944944224541
"BAM1689","BAM807",0.364538239538239
"BAM1708","BAM807",0.357168587896254
"BAM1812","BAM807",0.391911238367931
"BAM2096","BAM807",0.311967329545455
"BAM2166","BAM807",0.253260869565217
"BAM247","BAM807",0.399643493761141
"BAM2574","BAM807",0.282608695652174
"BAM2680","BAM807",0.306365576102418
"BAM3154","BAM807",0.392818477084085
"BAM3181","BAM807",0.302960057061341
"BAM326","BAM807",0.30406852248394
"BAM328","BAM807",0.418181818181818
"BAM350","BAM807",0.393532526475038
"BAM3690","BAM807",0.401654081265732
"BAM4009","BAM807",0.36671469740634
"BAM4054","BAM807",0.295180722891566
"BAM4138","BAM807",0.292911119107593
"BAM4168","BAM807",0.297541576283442
"BAM4234","BAM807",0.28497686009256
"BAM4254","BAM807",0.285509838998211
"BAM4477","BAM807",0.394595561918397
"BAM4496","BAM807",0.409623579545455
"BAM4510","BAM807",0.296728971962617
"BAM4521","BAM807",0.264014466546112
"BAM4534","BAM807",0.381362007168459
"BAM4797","BAM807",0.290751240255138
"BAM491","BAM807",0.379341210168278
"BAM4928","BAM807",0.237163375224417
"BAM5110","BAM807",0.280993211861379
"BAM56","BAM807",0.255091103965702
"BAM5779","BAM807",0.0131059245960503
"BAM5850","BAM807",0.391916275712739
"BAM6921","BAM807",0.392703862660944
"BAM712","BAM807",0.210648148148148
"BAM742","BAM807",0.211627906976744
"BAM7429","BAM807",0.398108493932905
"BAM7449","BAM807",0.394575045207957
"BAM747","BAM807",0.200999642984648
"BAM759","BAM807",0.378816434225405
"BAM766","BAM807",0.209068010075567
"BAM807","BAM807",0
"BAM811","BAM807",0.384313725490196
"BAM812","BAM807",0.280243378668576
"BAM819","BAM807",0.308670727337872
"BAM8296","BAM807",0.382332029861358
"BAM8305","BAM807",0.403445800430725
"BAM8315","BAM807",0.246590093323762
"BAM8364","BAM807",0.300788247939807
"BAMAWPYAN","BAM807",0.276917536910335
"BENAMURI","BAM807",0.298111190306486
"BLACKGORA","BAM807",0.297796730632552
"CGR1656","BAM807",0.398320228734811
"CGR1679","BAM807",0.302889760970389
"CGR2012","BAM807",0.291741151233464
"CO18","BAM807",0.301598579040853
"CRDHAN-204","BAM807",0.279700321084552
"CR143-2-2","BAM807",0.35997145915091
"CR262-4","BAM807",0.356481481481482
"CROSSA","BAM807",0.297690941385435
"DULAR","BAM807",0.375943905070119
"EYPO","BAM807",0.394698620188816
"EYPO-2","BAM807",0.300498753117207
"FULKATI","BAM807",0.392252252252252
"Ghanteswari","BAM807",0.402708481824661
"GHATIKAMMANANGARHAR","BAM807",0.292834338417879
"GotrabiDhan","BAM807",0.402743142144638
"GP-145-37","BAM807",0.296197583511016
"GP-145-51","BAM807",0.404327610872675
"HARBHOONDI","BAM807",0.281863620135666
"HongZuiEr","BAM807",0.406283662477558
"IndrabaruniDhan","BAM807",0.385749822316987
"IR74371-54-1-1","BAM807",0.361732339368122
"IR77298-14-1-2-10","BAM807",0.393318965517241
"IR77298-5-6-18","BAM807",0.392475035663338
"IR83383-B-B-129-4","BAM807",0.391350964974982
"IR83388-B-B108-3","BAM807",0.391428571428571
"IR87707-445-B-B","BAM807",0.399715504978663
"IR87707-446-B-B","BAM807",0.382363570654138
"IRROEPYO","BAM807",0.289271329183449
"KALINGA-1","BAM807",0.413516405135521
"KANGRO","BAM807",0.307365439093484
"KHAODAWTAI","BAM807",0.306838524883638
"MANDRIRAVINA","BAM807",0.303514376996805
"MAUDAMANI","BAM807",0.295779685264664
"MOROBEREKAN","BAM807",0.304949053857351
"MTU1010","BAM807",0.394915861081275
"MTU9","BAM807",0.309540761836953
"NERICA-L-26","BAM807",0.371274685816876
"NERICA-L-42","BAM807",0.372287442191391
"NERICA-L-44","BAM807",0.395803698435277
"PARIJAT","BAM807",0.392167381974249
"Patchaiperumal","BAM807",0.390708437166251
"PEH-KUH-TSAO-TU","BAM807",0.307282415630551
"PMK-2","BAM807",0.398401420959147
"PRASAD-1","BAM807",0.299643493761141
"PUSASUGANDH5","BAM807",0.3875044499822
"PUSA1121","BAM807",0.371915820029028
"Pusa1121-SN12","BAM807",0.373860736419978
"PUSA44","BAM807",0.389233576642336
"PUSABASMATI6","BAM807",0.275719424460432
"PUSASUGANDH2","BAM807",0.290689410092395
"RASI","BAM807",0.399557685219314
"RKVY-104","BAM807",0.365170556552962
"RKVY-143","BAM807",0.399430402278391
"RKVY-28","BAM807",0.384185878962536
"R-RF-44","BAM807",0.394821428571429
"RRF-78","BAM807",0.394492131616595
"Sadabahar","BAM807",0.30829756795422
"SAFRI-17","BAM807",0.291711517761033
"SAHBHAGIDHAN","BAM807",0.389027877055039
"SATABHAMA","BAM807",0.265858873841768
"SERATOES","BAM807",0.396551724137931
"SERETY","BAM807",0.306858564321251
"SHAKU","BAM807",0.257468259895444
"SR1-3-1","BAM807",0.294444444444444
"SUWEON","BAM807",0.274561075831154
"SWARNA","BAM807",0.402443406395976
"VANAPRAVA","BAM807",0.38479595521849
"VANDANA","BAM807",0.373381294964029
"Wayrarem","BAM807",0.376340243030736
"281785","BAM811",0.344919786096257
"282803","BAM811",0.246907034287734
"299554","BAM811",0.244927536231884
"356457","BAM811",0.243670886075949
"376579","BAM811",0.330559490084986
"376851","BAM811",0.340057122456266
"377448","BAM811",0.251334994660021
"377705","BAM811",0.241422002122391
"384190","BAM811",0.398687012065295
"426049","BAM811",0.244440522414402
"438644","BAM811",0.247321428571429
"ADAYSEL","BAM811",0.294949856733524
"AbhayaXDagadesi","BAM811",0.254075124025514
"ABHISEK","BAM811",0.342255531763026
"ABOR-A-1","BAM811",0.24269943019943
"ANJALI","BAM811",0.341359773371105
"Annada","BAM811",0.427476835352815
"Apo","BAM811",0.255145493257629
"ARC10319","BAM811",0.265073135925794
"ARC12071","BAM811",0.364902998236332
"ARNAPURNA","BAM811",0.336803105151729
"ASD16","BAM811",0.324113475177305
"AUS257","BAM811",0.345344273992151
"BAKAL","BAM811",0.304956896551724
"BAM1057","BAM811",0.322771213748657
"BAM1098","BAM811",0.310301507537688
"BAM1659","BAM811",0.338298636037329
"BAM1689","BAM811",0.305276381909548
"BAM1708","BAM811",0.302943287867911
"BAM1812","BAM811",0.230796586059744
"BAM2096","BAM811",0.347949080622348
"BAM2166","BAM811",0.395344640923854
"BAM247","BAM811",0.238112136266856
"BAM2574","BAM811",0.341554293825408
"BAM2680","BAM811",0.341956059532247
"BAM3154","BAM811",0.230314960629921
"BAM3181","BAM811",0.349023090586146
"BAM326","BAM811",0.345060412224591
"BAM328","BAM811",0.262393767705382
"BAM350","BAM811",0.272025602409639
"BAM3690","BAM811",0.263139077583125
"BAM4009","BAM811",0.328556073092082
"BAM4054","BAM811",0.339329805996473
"BAM4138","BAM811",0.428699390899319
"BAM4168","BAM811",0.387410071942446
"BAM4234","BAM811",0.342963488124778
"BAM4254","BAM811",0.343839031339031
"BAM4477","BAM811",0.256665481692144
"BAM4496","BAM811",0.233227401129944
"BAM4510","BAM811",0.417411512334644
"BAM4521","BAM811",0.404393230104429
"BAM4534","BAM811",0.318925649235148
"BAM4797","BAM811",0.333509700176367
"BAM491","BAM811",0.273923870508716
"BAM4928","BAM811",0.38795568263045
"BAM5110","BAM811",0.341805901173125
"BAM56","BAM811",0.390291607396871
"BAM5779","BAM811",0.385084259591251
"BAM5850","BAM811",0.331482808022923
"BAM6921","BAM811",0.244499645138396
"BAM712","BAM811",0.424247787610619
"BAM742","BAM811",0.425998573466477
"BAM7429","BAM811",0.241654829545455
"BAM7449","BAM811",0.325
"BAM747","BAM811",0.42425320056899
"BAM759","BAM811",0.278943424503559
"BAM766","BAM811",0.425394548063128
"BAM807","BAM811",0.384313725490196
"BAM811","BAM811",0
"BAM812","BAM811",0.122641509433962
"BAM819","BAM811",0.34570103460578
"BAM8296","BAM811",0.24178735429177
"BAM8305","BAM811",0.252229753835177
"BAM8315","BAM811",0.416964285714286
"BAM8364","BAM811",0.344919786096257
"BAMAWPYAN","BAM811",0.41235632183908
"BENAMURI","BAM811",0.328891257995736
"BLACKGORA","BAM811",0.336103253182461
"CGR1656","BAM811",0.226498758424973
"CGR1679","BAM811",0.342796309439319
"CGR2012","BAM811",0.337660028449502
"CO18","BAM811",0.361386138613861
"CRDHAN-204","BAM811",0.336582772066643
"CR143-2-2","BAM811",0.259226401703336
"CR262-4","BAM811",0.260014179369018
"CROSSA","BAM811",0.332390381895332
"DULAR","BAM811",0.320457796852647
"EYPO","BAM811",0.268244219653179
"EYPO-2","BAM811",0.337646224742999
"FULKATI","BAM811",0.314556509298999
"Ghanteswari","BAM811",0.242112725983694
"GHATIKAMMANANGARHAR","BAM811",0.333333333333333
"GotrabiDhan","BAM811",0.24124513618677
"GP-145-37","BAM811",0.330916165546516
"GP-145-51","BAM811",0.243967352732434
"HARBHOONDI","BAM811",0.354255319148936
"HongZuiEr","BAM811",0.260691375623664
"IndrabaruniDhan","BAM811",0.239583333333333
"IR74371-54-1-1","BAM811",0.250265298903431
"IR77298-14-1-2-10","BAM811",0.238648552020021
"IR77298-5-6-18","BAM811",0.252659574468085
"IR83383-B-B-129-4","BAM811",0.254616477272727
"IR83388-B-B108-3","BAM811",0.239007092198582
"IR87707-445-B-B","BAM811",0.252031084422466
"IR87707-446-B-B","BAM811",0.247670250896057
"IRROEPYO","BAM811",0.397187728268809
"KALINGA-1","BAM811",0.247429989365473
"KANGRO","BAM811",0.365432098765432
"KHAODAWTAI","BAM811",0.33048433048433
"MANDRIRAVINA","BAM811",0.360728172499116
"MAUDAMANI","BAM811",0.328820805130032
"MOROBEREKAN","BAM811",0.35188542422045
"MTU1010","BAM811",0.256318974724101
"MTU9","BAM811",0.369241672572644
"NERICA-L-26","BAM811",0.251694612914734
"NERICA-L-42","BAM811",0.252033958259639
"NERICA-L-44","BAM811",0.267326732673267
"PARIJAT","BAM811",0.230578219226676
"Patchaiperumal","BAM811",0.256015569709837
"PEH-KUH-TSAO-TU","BAM811",0.364922206506365
"PMK-2","BAM811",0.241610738255034
"PRASAD-1","BAM811",0.343217329545455
"PUSASUGANDH5","BAM811",0.253274336283186
"PUSA1121","BAM811",0.308219178082192
"Pusa1121-SN12","BAM811",0.306591814559942
"PUSA44","BAM811",0.241029358463211
"PUSABASMATI6","BAM811",0.380730659025788
"PUSASUGANDH2","BAM811",0.337871287128713
"RASI","BAM811",0.247441520467836
"RKVY-104","BAM811",0.330060692609782
"RKVY-143","BAM811",0.259992925362575
"RKVY-28","BAM811",0.318279569892473
"R-RF-44","BAM811",0.250533428165007
"RRF-78","BAM811",0.278429282160625
"Sadabahar","BAM811",0.355618776671408
"SAFRI-17","BAM811",0.343984291324527
"SAHBHAGIDHAN","BAM811",0.229270021261517
"SATABHAMA","BAM811",0.348989719957462
"SERATOES","BAM811",0.33044733044733
"SERETY","BAM811",0.36769394261424
"SHAKU","BAM811",0.354694485842027
"SR1-3-1","BAM811",0.338916607270135
"SUWEON","BAM811",0.353531598513011
"SWARNA","BAM811",0.243837084673098
"VANAPRAVA","BAM811",0.321851453175457
"VANDANA","BAM811",0.294853466761973
"Wayrarem","BAM811",0.254706927175844
"281785","BAM812",0.230314960629921
"282803","BAM812",0.342516885886953
"299554","BAM812",0.34385260853703
"356457","BAM812",0.338761061946903
"376579","BAM812",0.219992897727273
"376851","BAM812",0.22921146953405
"377448","BAM812",0.350858369098712
"377705","BAM812",0.338680926916221
"384190","BAM812",0.296897289586305
"426049","BAM812",0.337238196663117
"438644","BAM812",0.340754039497307
"ADAYSEL","BAM812",0.38018018018018
"AbhayaXDagadesi","BAM812",0.345110635260528
"ABHISEK","BAM812",0.235019734481521
"ABOR-A-1","BAM812",0.336672629695886
"ANJALI","BAM812",0.231945926716471
"Annada","BAM812",0.34031507339778
"Apo","BAM812",0.348625490896109
"ARC10319","BAM812",0.3637832017229
"ARC12071","BAM812",0.253101736972705
"ARNAPURNA","BAM812",0.227578872740163
"ASD16","BAM812",0.212321428571429
"AUS257","BAM812",0.236672629695886
"BAKAL","BAM812",0.3875226039783
"BAM1057","BAM812",0.405191059841384
"BAM1098","BAM812",0.390252707581227
"BAM1659","BAM812",0.228828828828829
"BAM1689","BAM812",0.389530685920578
"BAM1708","BAM812",0.38826714801444
"BAM1812","BAM812",0.328740157480315
"BAM2096","BAM812",0.237215909090909
"BAM2166","BAM812",0.294416243654822
"BAM247","BAM812",0.332798001427552
"BAM2574","BAM812",0.234330484330484
"BAM2680","BAM812",0.229782686141788
"BAM3154","BAM812",0.329963898916968
"BAM3181","BAM812",0.237857142857143
"BAM326","BAM812",0.238332739579622
"BAM328","BAM812",0.35424091233072
"BAM350","BAM812",0.368759455370651
"BAM3690","BAM812",0.361131123919308
"BAM4009","BAM812",0.407420749279539
"BAM4054","BAM812",0.230524079320113
"BAM4138","BAM812",0.323010442924019
"BAM4168","BAM812",0.282176428054953
"BAM4234","BAM812",0.234497505345688
"BAM4254","BAM812",0.234347048300537
"BAM4477","BAM812",0.354717655468192
"BAM4496","BAM812",0.333392539964476
"BAM4510","BAM812",0.315780014378145
"BAM4521","BAM812",0.299493304379298
"BAM4534","BAM812",0.403584229390681
"BAM4797","BAM812",0.224778761061947
"BAM491","BAM812",0.366081032628182
"BAM4928","BAM812",0.283201722900215
"BAM5110","BAM812",0.234285714285714
"BAM56","BAM812",0.285816362986781
"BAM5779","BAM812",0.280799711815562
"BAM5850","BAM812",0.412815884476534
"BAM6921","BAM812",0.340307582260372
"BAM712","BAM812",0.336059743954481
"BAM742","BAM812",0.339605734767025
"BAM7429","BAM812",0.334583779921401
"BAM7449","BAM812",0.409008683068017
"BAM747","BAM812",0.333571683947086
"BAM759","BAM812",0.371978851963746
"BAM766","BAM812",0.337360259646592
"BAM807","BAM812",0.280243378668576
"BAM811","BAM812",0.122641509433962
"BAM812","BAM812",0
"BAM819","BAM812",0.235767991407089
"BAM8296","BAM812",0.339907604832978
"BAM8305","BAM812",0.34680316091954
"BAM8315","BAM812",0.320517427236795
"BAM8364","BAM812",0.232903687790906
"BAMAWPYAN","BAM812",0.306126126126126
"BENAMURI","BAM812",0.218236973590293
"BLACKGORA","BAM812",0.225142045454545
"CGR1656","BAM812",0.3275
"CGR1679","BAM812",0.233368907861971
"CGR2012","BAM812",0.230906495360457
"CO18","BAM812",0.250710227272727
"CRDHAN-204","BAM812",0.231468282252316
"CR143-2-2","BAM812",0.356198642372276
"CR262-4","BAM812",0.351033499643621
"CROSSA","BAM812",0.227272727272727
"DULAR","BAM812",0.401474289823804
"EYPO","BAM812",0.363553779069767
"EYPO-2","BAM812",0.22913694721826
"FULKATI","BAM812",0.396433717579251
"Ghanteswari","BAM812",0.332858161083393
"GHATIKAMMANANGARHAR","BAM812",0.224486180014174
"GotrabiDhan","BAM812",0.33398646241539
"GP-145-37","BAM812",0.221748400852879
"GP-145-51","BAM812",0.341917024320458
"HARBHOONDI","BAM812",0.246524064171123
"HongZuiEr","BAM812",0.353015075376884
"IndrabaruniDhan","BAM812",0.333570412517781
"IR74371-54-1-1","BAM812",0.345195729537367
"IR77298-14-1-2-10","BAM812",0.340035906642729
"IR77298-5-6-18","BAM812",0.349268640742062
"IR83383-B-B-129-4","BAM812",0.349928622412563
"IR83388-B-B108-3","BAM812",0.33779443254818
"IR87707-445-B-B","BAM812",0.35044404973357
"IR87707-446-B-B","BAM812",0.350649350649351
"IRROEPYO","BAM812",0.288222384784199
"KALINGA-1","BAM812",0.340042750267189
"KANGRO","BAM812",0.254339355295785
"KHAODAWTAI","BAM812",0.220093123209169
"MANDRIRAVINA","BAM812",0.251243781094527
"MAUDAMANI","BAM812",0.215332380271623
"MOROBEREKAN","BAM812",0.438388625592417
"MTU1010","BAM812",0.349803079126387
"MTU9","BAM812",0.254357879758093
"NERICA-L-26","BAM812",0.347576301615799
"NERICA-L-42","BAM812",0.350302598789605
"NERICA-L-44","BAM812",0.362940548237807
"PARIJAT","BAM812",0.325
"Patchaiperumal","BAM812",0.349928876244666
"PEH-KUH-TSAO-TU","BAM812",0.253283635072772
"PMK-2","BAM812",0.333747779751332
"PRASAD-1","BAM812",0.234330484330484
"PUSASUGANDH5","BAM812",0.348878604485582
"PUSA1121","BAM812",0.391470054446461
"Pusa1121-SN12","BAM812",0.39737513671163
"PUSA44","BAM812",0.337158469945355
"PUSABASMATI6","BAM812",0.278915229885057
"PUSASUGANDH2","BAM812",0.229758522727273
"RASI","BAM812",0.343151693667158
"RKVY-104","BAM812",0.413582464965864
"RKVY-143","BAM812",0.353840682788051
"RKVY-28","BAM812",0.41015484335614
"R-RF-44","BAM812",0.34614010007148
"RRF-78","BAM812",0.370350500715308
"Sadabahar","BAM812",0.244726492670719
"SAFRI-17","BAM812",0.23683267646005
"SAHBHAGIDHAN","BAM812",0.321798073492686
"SATABHAMA","BAM812",0.239572192513369
"SERATOES","BAM812",0.413217138707335
"SERETY","BAM812",0.254807692307692
"SHAKU","BAM812",0.246263079222721
"SR1-3-1","BAM812",0.231816553206736
"SUWEON","BAM812",0.24496644295302
"SWARNA","BAM812",0.341235632183908
"VANAPRAVA","BAM812",0.404366654637315
"VANDANA","BAM812",0.385237068965517
"Wayrarem","BAM812",0.351752503576538
"281785","BAM819",0.174302075876879
"282803","BAM819",0.290821771611526
"299554","BAM819",0.33345507669832
"356457","BAM819",0.306154934559604
"376579","BAM819",0.225462304409673
"376851","BAM819",0.242918608820366
"377448","BAM819",0.333810888252149
"377705","BAM819",0.25231646471846
"384190","BAM819",0.314662861220121
"426049","BAM819",0.304540617240156
"438644","BAM819",0.288020086083214
"ADAYSEL","BAM819",0.369690424766019
"AbhayaXDagadesi","BAM819",0.309914407988588
"ABHISEK","BAM819",0.226604517748297
"ABOR-A-1","BAM819",0.318360773085183
"ANJALI","BAM819",0.207473309608541
"Annada","BAM819",0.355810616929699
"Apo","BAM819",0.338508208422555
"ARC10319","BAM819",0.354503049874417
"ARC12071","BAM819",0.228753541076487
"ARNAPURNA","BAM819",0.230673758865248
"ASD16","BAM819",0.181769532643596
"AUS257","BAM819",0.222043010752688
"BAKAL","BAM819",0.405537459283388
"BAM1057","BAM819",0.411860129776496
"BAM1098","BAM819",0.408303249097473
"BAM1659","BAM819",0.233405483405483
"BAM1689","BAM819",0.404263005780347
"BAM1708","BAM819",0.400650289017341
"BAM1812","BAM819",0.332796276405299
"BAM2096","BAM819",0.255417406749556
"BAM2166","BAM819",0.305907937658572
"BAM247","BAM819",0.290121255349501
"BAM2574","BAM819",0.225961538461538
"BAM2680","BAM819",0.138869132290185
"BAM3154","BAM819",0.325207656193572
"BAM3181","BAM819",0.236532286835533
"BAM326","BAM819",0.225392296718973
"BAM328","BAM819",0.353780313837375
"BAM350","BAM819",0.374574347332577
"BAM3690","BAM819",0.273693693693694
"BAM4009","BAM819",0.417477477477477
"BAM4054","BAM819",0.20205237084218
"BAM4138","BAM819",0.322046109510086
"BAM4168","BAM819",0.285223988439306
"BAM4234","BAM819",0.212504453152832
"BAM4254","BAM819",0.213214285714286
"BAM4477","BAM819",0.265926986399427
"BAM4496","BAM819",0.336651261997867
"BAM4510","BAM819",0.311445999282382
"BAM4521","BAM819",0.32204923968139
"BAM4534","BAM819",0.405589394482264
"BAM4797","BAM819",0.235398230088496
"BAM491","BAM819",0.370430107526882
"BAM4928","BAM819",0.296482412060301
"BAM5110","BAM819",0.219507845934379
"BAM56","BAM819",0.311539835655591
"BAM5779","BAM819",0.310226863521786
"BAM5850","BAM819",0.419523637675929
"BAM6921","BAM819",0.321709585121602
"BAM712","BAM819",0.352773826458037
"BAM742","BAM819",0.35762893982808
"BAM7429","BAM819",0.331428571428571
"BAM7449","BAM819",0.408613825551936
"BAM747","BAM819",0.35614724803431
"BAM759","BAM819",0.358462118356577
"BAM766","BAM819",0.357708933717579
"BAM807","BAM819",0.308670727337872
"BAM811","BAM819",0.34570103460578
"BAM812","BAM819",0.235767991407089
"BAM819","BAM819",0
"BAM8296","BAM819",0.304517965136962
"BAM8305","BAM819",0.306104129263914
"BAM8315","BAM819",0.32956584140653
"BAM8364","BAM819",0.210225241329996
"BAMAWPYAN","BAM819",0.319689866570501
"BENAMURI","BAM819",0.230110595790225
"BLACKGORA","BAM819",0.189074139765874
"CGR1656","BAM819",0.337200999642985
"CGR1679","BAM819",0.217236467236467
"CGR2012","BAM819",0.236175526221905
"CO18","BAM819",0.221393034825871
"CRDHAN-204","BAM819",0.218181818181818
"CR143-2-2","BAM819",0.3506075768406
"CR262-4","BAM819",0.346331908831909
"CROSSA","BAM819",0.233380732314255
"DULAR","BAM819",0.411817528735632
"EYPO","BAM819",0.337450054486015
"EYPO-2","BAM819",0.211517952364024
"FULKATI","BAM819",0.40435878962536
"Ghanteswari","BAM819",0.315461346633416
"GHATIKAMMANANGARHAR","BAM819",0.207196029776675
"GotrabiDhan","BAM819",0.283605974395448
"GP-145-37","BAM819",0.230741924032659
"GP-145-51","BAM819",0.326545194712397
"HARBHOONDI","BAM819",0.227710413694722
"HongZuiEr","BAM819",0.283381191672649
"IndrabaruniDhan","BAM819",0.30796586059744
"IR74371-54-1-1","BAM819",0.343649946638207
"IR77298-14-1-2-10","BAM819",0.343221862639338
"IR77298-5-6-18","BAM819",0.320741268709907
"IR83383-B-B-129-4","BAM819",0.315225160829164
"IR83388-B-B108-3","BAM819",0.330774723313102
"IR87707-445-B-B","BAM819",0.325159914712154
"IR87707-446-B-B","BAM819",0.327082582041111
"IRROEPYO","BAM819",0.287257414866349
"KALINGA-1","BAM819",0.311653599429793
"KANGRO","BAM819",0.228642325416519
"KHAODAWTAI","BAM819",0.202895959957097
"MANDRIRAVINA","BAM819",0.223030518097942
"MAUDAMANI","BAM819",0.206754824874911
"MOROBEREKAN","BAM819",0.443210775391336
"MTU1010","BAM819",0.304363376251788
"MTU9","BAM819",0.228032728566346
"NERICA-L-26","BAM819",0.340035906642729
"NERICA-L-42","BAM819",0.342948717948718
"NERICA-L-44","BAM819",0.325266903914591
"PARIJAT","BAM819",0.29135405501965
"Patchaiperumal","BAM819",0.333155460690146
"PEH-KUH-TSAO-TU","BAM819",0.227740333451579
"PMK-2","BAM819",0.316696269982238
"PRASAD-1","BAM819",0.204318344039971
"PUSASUGANDH5","BAM819",0.323487544483986
"PUSA1121","BAM819",0.387758808572466
"Pusa1121-SN12","BAM819",0.387408759124088
"PUSA44","BAM819",0.281409788166545
"PUSABASMATI6","BAM819",0.258620689655172
"PUSASUGANDH2","BAM819",0.206112295664534
"RASI","BAM819",0.341930729550479
"RKVY-104","BAM819",0.42358863718087
"RKVY-143","BAM819",0.330544677821289
"RKVY-28","BAM819",0.412549585286693
"R-RF-44","BAM819",0.313080771979986
"RRF-78","BAM819",0.362482117310443
"Sadabahar","BAM819",0.239821428571429
"SAFRI-17","BAM819",0.207199140401146
"SAHBHAGIDHAN","BAM819",0.288289896465548
"SATABHAMA","BAM819",0.227288920555753
"SERATOES","BAM819",0.41578947368421
"SERETY","BAM819",0.225657427149965
"SHAKU","BAM819",0.247010463378176
"SR1-3-1","BAM819",0.210836909871245
"SUWEON","BAM819",0.233096750093388
"SWARNA","BAM819",0.342143113987774
"VANAPRAVA","BAM819",0.411637152150343
"VANDANA","BAM819",0.387311286843997
"Wayrarem","BAM819",0.342387419585418
"281785","BAM8296",0.312366737739872
"282803","BAM8296",0.193485915492958
"299554","BAM8296",0.215888526963446
"356457","BAM8296",0.214461214461214
"376579","BAM8296",0.35
"376851","BAM8296",0.350017812611329
"377448","BAM8296",0.251865008880995
"377705","BAM8296",0.21567243205083
"384190","BAM8296",0.408318584070796
"426049","BAM8296",0.214361140443506
"438644","BAM8296",0.196511213955144
"ADAYSEL","BAM8296",0.2825
"AbhayaXDagadesi","BAM8296",0.198797311637779
"ABHISEK","BAM8296",0.329355183469897
"ABOR-A-1","BAM8296",0.219226676126286
"ANJALI","BAM8296",0.313957597173145
"Annada","BAM8296",0.428012797724849
"Apo","BAM8296",0.231612446958982
"ARC10319","BAM8296",0.251067615658363
"ARC12071","BAM8296",0.353396691305878
"ARNAPURNA","BAM8296",0.343189017951426
"ASD16","BAM8296",0.285967399007796
"AUS257","BAM8296",0.308964781216649
"BAKAL","BAM8296",0.317741935483871
"BAM1057","BAM8296",0.331964285714286
"BAM1098","BAM8296",0.333929209867715
"BAM1659","BAM8296",0.33584229390681
"BAM1689","BAM8296",0.321109123434705
"BAM1708","BAM8296",0.313507703332139
"BAM1812","BAM8296",0.25540971975878
"BAM2096","BAM8296",0.356135401974612
"BAM2166","BAM8296",0.406733885487937
"BAM247","BAM8296",0.220629865534324
"BAM2574","BAM8296",0.340056617126681
"BAM2680","BAM8296",0.313074204946996
"BAM3154","BAM8296",0.219342152306042
"BAM3181","BAM8296",0.366004962779156
"BAM326","BAM8296",0.338532435306629
"BAM328","BAM8296",0.264060841881854
"BAM350","BAM8296",0.286839145106862
"BAM3690","BAM8296",0.243658449446231
"BAM4009","BAM8296",0.335772938236344
"BAM4054","BAM8296",0.291520056298381
"BAM4138","BAM8296",0.43372633083244
"BAM4168","BAM8296",0.389188218390805
"BAM4234","BAM8296",0.314093484419263
"BAM4254","BAM8296",0.317341862117982
"BAM4477","BAM8296",0.24406238922368
"BAM4496","BAM8296",0.242338851708348
"BAM4510","BAM8296",0.421212121212121
"BAM4521","BAM8296",0.411754133716751
"BAM4534","BAM8296",0.331853693181818
"BAM4797","BAM8296",0.350633356790992
"BAM491","BAM8296",0.286450924608819
"BAM4928","BAM8296",0.391188012843382
"BAM5110","BAM8296",0.289772727272727
"BAM56","BAM8296",0.409655662051828
"BAM5779","BAM8296",0.383775071633238
"BAM5850","BAM8296",0.343526466380544
"BAM6921","BAM8296",0.198407079646018
"BAM712","BAM8296",0.424708377518558
"BAM742","BAM8296",0.424733096085409
"BAM7429","BAM8296",0.25407223796034
"BAM7449","BAM8296",0.333512544802867
"BAM747","BAM8296",0.427075940383251
"BAM759","BAM8296",0.262803738317757
"BAM766","BAM8296",0.425985663082437
"BAM807","BAM8296",0.382332029861358
"BAM811","BAM8296",0.24178735429177
"BAM812","BAM8296",0.339907604832978
"BAM819","BAM8296",0.304517965136962
"BAM8296","BAM8296",0
"BAM8305","BAM8296",0.196155215379138
"BAM8315","BAM8296",0.418330955777461
"BAM8364","BAM8296",0.297936677339025
"BAMAWPYAN","BAM8296",0.418367346938776
"BENAMURI","BAM8296",0.351983002832861
"BLACKGORA","BAM8296",0.284379407616361
"CGR1656","BAM8296",0.253985122210414
"CGR1679","BAM8296",0.347895295366113
"CGR2012","BAM8296",0.347872340425532
"CO18","BAM8296",0.347035991531404
"CRDHAN-204","BAM8296",0.321302193913659
"CR143-2-2","BAM8296",0.199964576691463
"CR262-4","BAM8296",0.200105969622042
"CROSSA","BAM8296",0.343915343915344
"DULAR","BAM8296",0.332738944365193
"EYPO","BAM8296",0.252161383285303
"EYPO-2","BAM8296",0.317232837933475
"FULKATI","BAM8296",0.331488754016423
"Ghanteswari","BAM8296",0.209865629420085
"GHATIKAMMANANGARHAR","BAM8296",0.281888653981677
"GotrabiDhan","BAM8296",0.210730674196964
"GP-145-37","BAM8296",0.348623853211009
"GP-145-51","BAM8296",0.253633463310883
"HARBHOONDI","BAM8296",0.311725115125753
"HongZuiEr","BAM8296",0.23365316275764
"IndrabaruniDhan","BAM8296",0.200740218540712
"IR74371-54-1-1","BAM8296",0.200352733686067
"IR77298-14-1-2-10","BAM8296",0.195187165775401
"IR77298-5-6-18","BAM8296",0.198867657466384
"IR83383-B-B-129-4","BAM8296",0.193165722379603
"IR83388-B-B108-3","BAM8296",0.184824902723735
"IR87707-445-B-B","BAM8296",0.196119929453263
"IR87707-446-B-B","BAM8296",0.194096601073345
"IRROEPYO","BAM8296",0.394823186292381
"KALINGA-1","BAM8296",0.202540578687368
"KANGRO","BAM8296",0.350281491907108
"KHAODAWTAI","BAM8296",0.320590327169274
"MANDRIRAVINA","BAM8296",0.34973544973545
"MAUDAMANI","BAM8296",0.310056858564321
"MOROBEREKAN","BAM8296",0.346654611211573
"MTU1010","BAM8296",0.194000709975151
"MTU9","BAM8296",0.355449398443029
"NERICA-L-26","BAM8296",0.186166429587482
"NERICA-L-42","BAM8296",0.192307692307692
"NERICA-L-44","BAM8296",0.182492057889163
"PARIJAT","BAM8296",0.196029776674938
"Patchaiperumal","BAM8296",0.241889985895628
"PEH-KUH-TSAO-TU","BAM8296",0.351075079309129
"PMK-2","BAM8296",0.218287526427061
"PRASAD-1","BAM8296",0.294472005669738
"PUSASUGANDH5","BAM8296",0.201692524682652
"PUSA1121","BAM8296",0.285302593659942
"Pusa1121-SN12","BAM8296",0.284292435758234
"PUSA44","BAM8296",0.140969960188201
"PUSABASMATI6","BAM8296",0.34332619557459
"PUSASUGANDH2","BAM8296",0.303350970017637
"RASI","BAM8296",0.242982136347065
"RKVY-104","BAM8296",0.334579772079772
"RKVY-143","BAM8296",0.252642706131078
"RKVY-28","BAM8296",0.333035395066142
"R-RF-44","BAM8296",0.19727047146402
"RRF-78","BAM8296",0.230127750177431
"Sadabahar","BAM8296",0.350301525363604
"SAFRI-17","BAM8296",0.282384341637011
"SAHBHAGIDHAN","BAM8296",0.193668199504775
"SATABHAMA","BAM8296",0.290841584158416
"SERATOES","BAM8296",0.342256557671577
"SERETY","BAM8296",0.346113074204947
"SHAKU","BAM8296",0.346582466567608
"SR1-3-1","BAM8296",0.289473684210526
"SUWEON","BAM8296",0.345383759733037
"SWARNA","BAM8296",0.215431218816821
"VANAPRAVA","BAM8296",0.330590339892666
"VANDANA","BAM8296",0.288591800356506
"Wayrarem","BAM8296",0.229883020205601
"281785","BAM8305",0.242918608820366
"282803","BAM8305",0.142247510668563
"299554","BAM8305",0.221491228070175
"356457","BAM8305",0.184070796460177
"376579","BAM8305",0.372279700321085
"376851","BAM8305",0.361889367816092
"377448","BAM8305",0.250089573629523
"377705","BAM8305",0.223370146063413
"384190","BAM8305",0.414403145103646
"426049","BAM8305",0.184453930985414
"438644","BAM8305",0.146065397053539
"ADAYSEL","BAM8305",0.278058462648863
"AbhayaXDagadesi","BAM8305",0.198500535523027
"ABHISEK","BAM8305",0.313803019410496
"ABOR-A-1","BAM8305",0.22258064516129
"ANJALI","BAM8305",0.296752319771592
"Annada","BAM8305",0.435478073328541
"Apo","BAM8305",0.24205073240443
"ARC10319","BAM8305",0.255300035932447
"ARC12071","BAM8305",0.325106534090909
"ARNAPURNA","BAM8305",0.343872113676732
"ASD16","BAM8305",0.304830053667263
"AUS257","BAM8305",0.335729690869878
"BAKAL","BAM8305",0.317753623188406
"BAM1057","BAM8305",0.339169675090253
"BAM1098","BAM8305",0.333874458874459
"BAM1659","BAM8305",0.335920577617329
"BAM1689","BAM8305",0.318953068592058
"BAM1708","BAM8305",0.320101046553591
"BAM1812","BAM8305",0.262015781922525
"BAM2096","BAM8305",0.364138176638177
"BAM2166","BAM8305",0.413486005089059
"BAM247","BAM8305",0.199678800856531
"BAM2574","BAM8305",0.357755539671194
"BAM2680","BAM8305",0.316755793226381
"BAM3154","BAM8305",0.248464040477051
"BAM3181","BAM8305",0.364642857142857
"BAM326","BAM8305",0.348783106657122
"BAM328","BAM8305",0.274803711634547
"BAM350","BAM8305",0.287518853695324
"BAM3690","BAM8305",0.24089433826181
"BAM4009","BAM8305",0.340057636887608
"BAM4054","BAM8305",0.294107206247781
"BAM4138","BAM8305",0.43011917659805
"BAM4168","BAM8305",0.389452700253715
"BAM4234","BAM8305",0.311003929974991
"BAM4254","BAM8305",0.311537083482623
"BAM4477","BAM8305",0.235683607730852
"BAM4496","BAM8305",0.25809320526503
"BAM4510","BAM8305",0.423893486865779
"BAM4521","BAM8305",0.414704817095255
"BAM4534","BAM8305",0.332255747126437
"BAM4797","BAM8305",0.375
"BAM491","BAM8305",0.285175879396985
"BAM4928","BAM8305",0.406159942363112
"BAM5110","BAM8305",0.313059033989267
"BAM56","BAM8305",0.403977069150842
"BAM5779","BAM8305",0.404736080983369
"BAM5850","BAM8305",0.348665223665224
"BAM6921","BAM8305",0.21859386152748
"BAM712","BAM8305",0.433595144591217
"BAM742","BAM8305",0.43496227093065
"BAM7429","BAM8305",0.263759828448892
"BAM7449","BAM8305",0.331222865412446
"BAM747","BAM8305",0.434361549497848
"BAM759","BAM8305",0.255467571644042
"BAM766","BAM8305",0.434971098265896
"BAM807","BAM8305",0.403445800430725
"BAM811","BAM8305",0.252229753835177
"BAM812","BAM8305",0.34680316091954
"BAM819","BAM8305",0.306104129263914
"BAM8296","BAM8305",0.196155215379138
"BAM8305","BAM8305",0
"BAM8315","BAM8305",0.419575386829795
"BAM8364","BAM8305",0.309002869440459
"BAMAWPYAN","BAM8305",0.413263462233466
"BENAMURI","BAM8305",0.353488372093023
"BLACKGORA","BAM8305",0.310209889718961
"CGR1656","BAM8305",0.258577555396712
"CGR1679","BAM8305",0.35581727337616
"CGR2012","BAM8305",0.365783822476736
"CO18","BAM8305",0.321644713421146
"CRDHAN-204","BAM8305",0.32583065380493
"CR143-2-2","BAM8305",0.244912531238843
"CR262-4","BAM8305",0.245989304812834
"CROSSA","BAM8305",0.35688857244571
"DULAR","BAM8305",0.331713462922966
"EYPO","BAM8305",0.25609756097561
"EYPO-2","BAM8305",0.321364773133262
"FULKATI","BAM8305",0.335493160547156
"Ghanteswari","BAM8305",0.201888809693514
"GHATIKAMMANANGARHAR","BAM8305",0.267247510668563
"GotrabiDhan","BAM8305",0.210929156283375
"GP-145-37","BAM8305",0.359152421652422
"GP-145-51","BAM8305",0.260164051355207
"HARBHOONDI","BAM8305",0.328443649373882
"HongZuiEr","BAM8305",0.2497308934338
"IndrabaruniDhan","BAM8305",0.22350640113798
"IR74371-54-1-1","BAM8305",0.240925266903915
"IR77298-14-1-2-10","BAM8305",0.227011494252874
"IR77298-5-6-18","BAM8305",0.171357320983256
"IR83383-B-B-129-4","BAM8305",0.176554681915654
"IR83388-B-B108-3","BAM8305",0.200927908636688
"IR87707-445-B-B","BAM8305",0.171286425017768
"IR87707-446-B-B","BAM8305",0.179538072897871
"IRROEPYO","BAM8305",0.375275532696547
"KALINGA-1","BAM8305",0.188168210976479
"KANGRO","BAM8305",0.322861199858005
"KHAODAWTAI","BAM8305",0.320365722481176
"MANDRIRAVINA","BAM8305",0.322712709149163
"MAUDAMANI","BAM8305",0.317090648513078
"MOROBEREKAN","BAM8305",0.353862973760933
"MTU1010","BAM8305",0.167024320457797
"MTU9","BAM8305",0.329224723115398
"NERICA-L-26","BAM8305",0.243083003952569
"NERICA-L-42","BAM8305",0.244923405771286
"NERICA-L-44","BAM8305",0.195234708392603
"PARIJAT","BAM8305",0.226607142857143
"Patchaiperumal","BAM8305",0.250356125356125
"PEH-KUH-TSAO-TU","BAM8305",0.322953736654804
"PMK-2","BAM8305",0.223249200142197
"PRASAD-1","BAM8305",0.286199499463711
"PUSASUGANDH5","BAM8305",0.22265764161026
"PUSA1121","BAM8305",0.308796801163213
"Pusa1121-SN12","BAM8305",0.297223237120935
"PUSA44","BAM8305",0.189189189189189
"PUSABASMATI6","BAM8305",0.361521817526145
"PUSASUGANDH2","BAM8305",0.325560697757209
"RASI","BAM8305",0.226032448377581
"RKVY-104","BAM8305",0.335850413520316
"RKVY-143","BAM8305",0.265764161026006
"RKVY-28","BAM8305",0.325765765765766
"R-RF-44","BAM8305",0.213595706618962
"RRF-78","BAM8305",0.216505894962487
"Sadabahar","BAM8305",0.357347670250896
"SAFRI-17","BAM8305",0.320503597122302
"SAHBHAGIDHAN","BAM8305",0.228035714285714
"SATABHAMA","BAM8305",0.317012151536812
"SERATOES","BAM8305",0.341875681570338
"SERETY","BAM8305",0.330185317177477
"SHAKU","BAM8305",0.357999250655676
"SR1-3-1","BAM8305",0.310462199928341
"SUWEON","BAM8305",0.331584863244661
"SWARNA","BAM8305",0.23490294751977
"VANAPRAVA","BAM8305",0.33652111151209
"VANDANA","BAM8305",0.301475881929446
"Wayrarem","BAM8305",0.242928750447547
"281785","BAM8315",0.315326633165829
"282803","BAM8315",0.420292439372325
"299554","BAM8315",0.429146832662029
"356457","BAM8315",0.420716566158212
"376579","BAM8315",0.321517634485216
"376851","BAM8315",0.320158102766798
"377448","BAM8315",0.422565576715774
"377705","BAM8315",0.421551107934239
"384190","BAM8315",0.251072194424589
"426049","BAM8315",0.418356456776948
"438644","BAM8315",0.422370317002882
"ADAYSEL","BAM8315",0.377167630057804
"AbhayaXDagadesi","BAM8315",0.422898032200358
"ABHISEK","BAM8315",0.318247126436782
"ABOR-A-1","BAM8315",0.411406025824964
"ANJALI","BAM8315",0.332798001427552
"Annada","BAM8315",0.191741472172352
"Apo","BAM8315",0.406652360515021
"ARC10319","BAM8315",0.418646508279338
"ARC12071","BAM8315",0.313565340909091
"ARNAPURNA","BAM8315",0.325523606673766
"ASD16","BAM8315",0.325348587772614
"AUS257","BAM8315",0.313376483279396
"BAKAL","BAM8315",0.341962346125996
"BAM1057","BAM8315",0.354902667627974
"BAM1098","BAM8315",0.336826888326708
"BAM1659","BAM8315",0.317655571635311
"BAM1689","BAM8315",0.351048445408532
"BAM1708","BAM8315",0.340991316931983
"BAM1812","BAM8315",0.409888928699391
"BAM2096","BAM8315",0.323948681397006
"BAM2166","BAM8315",0.241090909090909
"BAM247","BAM8315",0.42274678111588
"BAM2574","BAM8315",0.317125491598141
"BAM2680","BAM8315",0.324777183600713
"BAM3154","BAM8315",0.416968162083936
"BAM3181","BAM8315",0.32312925170068
"BAM326","BAM8315",0.32618025751073
"BAM328","BAM8315",0.419020378977476
"BAM350","BAM8315",0.39339908952959
"BAM3690","BAM8315",0.421356421356421
"BAM4009","BAM8315",0.341753879465897
"BAM4054","BAM8315",0.318892045454545
"BAM4138","BAM8315",0.252162941600577
"BAM4168","BAM8315",0.279971024990945
"BAM4234","BAM8315",0.322257949267596
"BAM4254","BAM8315",0.322569070685325
"BAM4477","BAM8315",0.41594982078853
"BAM4496","BAM8315",0.423076923076923
"BAM4510","BAM8315",0.26725377426312
"BAM4521","BAM8315",0.244927536231884
"BAM4534","BAM8315",0.3578360891445
"BAM4797","BAM8315",0.309616749467708
"BAM491","BAM8315",0.39048473967684
"BAM4928","BAM8315",0.241999280834232
"BAM5110","BAM8315",0.324982104509664
"BAM56","BAM8315",0.241138560687433
"BAM5779","BAM8315",0.247651734104046
"BAM5850","BAM8315",0.353579175704989
"BAM6921","BAM8315",0.414546757434611
"BAM712","BAM8315",0.186162624821683
"BAM742","BAM8315",0.192695214105793
"BAM7429","BAM8315",0.41765127103473
"BAM7449","BAM8315",0.353132922854038
"BAM747","BAM8315",0.191150125403081
"BAM759","BAM8315",0.371877365632097
"BAM766","BAM8315",0.194645441389291
"BAM807","BAM8315",0.246590093323762
"BAM811","BAM8315",0.416964285714286
"BAM812","BAM8315",0.320517427236795
"BAM819","BAM8315",0.32956584140653
"BAM8296","BAM8315",0.418330955777461
"BAM8305","BAM8315",0.419575386829795
"BAM8315","BAM8315",0
"BAM8364","BAM8315",0.292054402290623
"BAMAWPYAN","BAM8315",0.247830802603037
"BENAMURI","BAM8315",0.317221625492302
"BLACKGORA","BAM8315",0.310074759700961
"CGR1656","BAM8315",0.41493553008596
"CGR1679","BAM8315",0.326304503216583
"CGR2012","BAM8315",0.318882121103547
"CO18","BAM8315",0.317598859992875
"CRDHAN-204","BAM8315",0.32433881343817
"CR143-2-2","BAM8315",0.406418070993187
"CR262-4","BAM8315",0.402321428571429
"CROSSA","BAM8315",0.32174688057041
"DULAR","BAM8315",0.351945244956772
"EYPO","BAM8315",0.398724954462659
"EYPO-2","BAM8315",0.315112540192926
"FULKATI","BAM8315",0.357246114925913
"Ghanteswari","BAM8315",0.417977126518942
"GHATIKAMMANANGARHAR","BAM8315",0.313833570412518
"GotrabiDhan","BAM8315",0.420207068903963
"GP-145-37","BAM8315",0.323968705547653
"GP-145-51","BAM8315",0.422842821339062
"HARBHOONDI","BAM8315",0.314576634512326
"HongZuiEr","BAM8315",0.414208633093525
"IndrabaruniDhan","BAM8315",0.426381461675579
"IR74371-54-1-1","BAM8315",0.407730673316708
"IR77298-14-1-2-10","BAM8315",0.421621621621622
"IR77298-5-6-18","BAM8315",0.423434704830054
"IR83383-B-B-129-4","BAM8315",0.41493553008596
"IR83388-B-B108-3","BAM8315",0.417114214106695
"IR87707-445-B-B","BAM8315",0.421802636266477
"IR87707-446-B-B","BAM8315",0.434310532030402
"IRROEPYO","BAM8315",0.283510833639368
"KALINGA-1","BAM8315",0.425608011444921
"KANGRO","BAM8315",0.315452930728242
"KHAODAWTAI","BAM8315",0.327295552367288
"MANDRIRAVINA","BAM8315",0.316999287241625
"MAUDAMANI","BAM8315",0.328612405880244
"MOROBEREKAN","BAM8315",0.292914536157779
"MTU1010","BAM8315",0.424731182795699
"MTU9","BAM8315",0.314973262032086
"NERICA-L-26","BAM8315",0.413966882649388
"NERICA-L-42","BAM8315",0.415535714285714
"NERICA-L-44","BAM8315",0.415716322166785
"PARIJAT","BAM8315",0.413861031518625
"Patchaiperumal","BAM8315",0.425080271138066
"PEH-KUH-TSAO-TU","BAM8315",0.316079686944148
"PMK-2","BAM8315",0.410110359558562
"PRASAD-1","BAM8315",0.290114613180516
"PUSASUGANDH5","BAM8315",0.368270944741533
"PUSA1121","BAM8315",0.256372906045157
"Pusa1121-SN12","BAM8315",0.26819012797075
"PUSA44","BAM8315",0.422950219619327
"PUSABASMATI6","BAM8315",0.21271613832853
"PUSASUGANDH2","BAM8315",0.337606837606838
"RASI","BAM8315",0.427279438907346
"RKVY-104","BAM8315",0.335073820669788
"RKVY-143","BAM8315",0.422047805922226
"RKVY-28","BAM8315",0.35943702634428
"R-RF-44","BAM8315",0.422966678609817
"RRF-78","BAM8315",0.393010752688172
"Sadabahar","BAM8315",0.318539727988547
"SAFRI-17","BAM8315",0.309712230215827
"SAHBHAGIDHAN","BAM8315",0.410701503221188
"SATABHAMA","BAM8315",0.319935691318328
"SERATOES","BAM8315",0.362463662790698
"SERETY","BAM8315",0.313949339992865
"SHAKU","BAM8315",0.287158367652565
"SR1-3-1","BAM8315",0.323698384201077
"SUWEON","BAM8315",0.274326347305389
"SWARNA","BAM8315",0.430115273775216
"VANAPRAVA","BAM8315",0.356704011564872
"VANDANA","BAM8315",0.386945546339704
"Wayrarem","BAM8315",0.4084229390681
"281785","BAM8364",0.201785714285714
"282803","BAM8364",0.298719772403983
"299554","BAM8364",0.344890510948905
"356457","BAM8364",0.298620933521924
"376579","BAM8364",0.244574884382782
"376851","BAM8364",0.240494978479197
"377448","BAM8364",0.361290322580645
"377705","BAM8364",0.291459074733096
"384190","BAM8364",0.283321454027085
"426049","BAM8364",0.29666430092264
"438644","BAM8364",0.300897666068223
"ADAYSEL","BAM8364",0.367207207207207
"AbhayaXDagadesi","BAM8364",0.310695187165775
"ABHISEK","BAM8364",0.228673835125448
"ABOR-A-1","BAM8364",0.297461565963532
"ANJALI","BAM8364",0.206049822064057
"Annada","BAM8364",0.334408602150538
"Apo","BAM8364",0.339578872234119
"ARC10319","BAM8364",0.357142857142857
"ARC12071","BAM8364",0.23458540042523
"ARNAPURNA","BAM8364",0.247873848334515
"ASD16","BAM8364",0.21074232690935
"AUS257","BAM8364",0.222022955523673
"BAKAL","BAM8364",0.379746835443038
"BAM1057","BAM8364",0.389189189189189
"BAM1098","BAM8364",0.384559884559885
"BAM1659","BAM8364",0.234054054054054
"BAM1689","BAM8364",0.380728978708048
"BAM1708","BAM8364",0.375946628200505
"BAM1812","BAM8364",0.351216022889843
"BAM2096","BAM8364",0.240938166311301
"BAM2166","BAM8364",0.273878437047757
"BAM247","BAM8364",0.327156094084106
"BAM2574","BAM8364",0.250445632798574
"BAM2680","BAM8364",0.184032716927454
"BAM3154","BAM8364",0.335255948089402
"BAM3181","BAM8364",0.247146932952924
"BAM326","BAM8364",0.23510524438102
"BAM328","BAM8364",0.353349964362081
"BAM350","BAM8364",0.36578449905482
"BAM3690","BAM8364",0.311982727599856
"BAM4009","BAM8364",0.400863620007197
"BAM4054","BAM8364",0.191327433628319
"BAM4138","BAM8364",0.296762589928058
"BAM4168","BAM8364",0.263271939328277
"BAM4234","BAM8364",0.225213980028531
"BAM4254","BAM8364",0.225339528234453
"BAM4477","BAM8364",0.315384615384615
"BAM4496","BAM8364",0.348188920454545
"BAM4510","BAM8364",0.289483129935391
"BAM4521","BAM8364",0.285095633345363
"BAM4534","BAM8364",0.395736295234683
"BAM4797","BAM8364",0.256114852889046
"BAM491","BAM8364",0.375537249283668
"BAM4928","BAM8364",0.270803443328551
"BAM5110","BAM8364",0.218058529621699
"BAM56","BAM8364",0.280435558729025
"BAM5779","BAM8364",0.300647715005398
"BAM5850","BAM8364",0.39938694554634
"BAM6921","BAM8364",0.328147353361946
"BAM712","BAM8364",0.330544677821289
"BAM742","BAM8364",0.336559139784946
"BAM7429","BAM8364",0.357755539671194
"BAM7449","BAM8364",0.390032502708559
"BAM747","BAM8364",0.334403997144897
"BAM759","BAM8364",0.298381024096386
"BAM766","BAM8364",0.333393501805054
"BAM807","BAM8364",0.300788247939807
"BAM811","BAM8364",0.344919786096257
"BAM812","BAM8364",0.232903687790906
"BAM819","BAM8364",0.210225241329996
"BAM8296","BAM8364",0.297936677339025
"BAM8305","BAM8364",0.309002869440459
"BAM8315","BAM8364",0.292054402290623
"BAM8364","BAM8364",0
"BAMAWPYAN","BAM8364",0.273153153153153
"BENAMURI","BAM8364",0.237678571428571
"BLACKGORA","BAM8364",0.200212992545261
"CGR1656","BAM8364",0.349589138978207
"CGR1679","BAM8364",0.24465811965812
"CGR2012","BAM8364",0.241342377722242
"CO18","BAM8364",0.237113402061856
"CRDHAN-204","BAM8364",0.23984319315752
"CR143-2-2","BAM8364",0.338692390139335
"CR262-4","BAM8364",0.334164588528678
"CROSSA","BAM8364",0.238644428672818
"DULAR","BAM8364",0.387711103126123
"EYPO","BAM8364",0.341636363636364
"EYPO-2","BAM8364",0.190594941218383
"FULKATI","BAM8364",0.386731391585761
"Ghanteswari","BAM8364",0.291814946619217
"GHATIKAMMANANGARHAR","BAM8364",0.192702798441374
"GotrabiDhan","BAM8364",0.317211948790896
"GP-145-37","BAM8364",0.248492373181979
"GP-145-51","BAM8364",0.353109363831308
"HARBHOONDI","BAM8364",0.232964680699251
"HongZuiEr","BAM8364",0.310975609756098
"IndrabaruniDhan","BAM8364",0.325754884547069
"IR74371-54-1-1","BAM8364",0.332147937411095
"IR77298-14-1-2-10","BAM8364",0.329439252336449
"IR77298-5-6-18","BAM8364",0.315864527629234
"IR83383-B-B-129-4","BAM8364",0.304821428571429
"IR83388-B-B108-3","BAM8364",0.316755793226381
"IR87707-445-B-B","BAM8364",0.317471590909091
"IR87707-446-B-B","BAM8364",0.332430480317804
"IRROEPYO","BAM8364",0.265459202341749
"KALINGA-1","BAM8364",0.296401852511578
"KANGRO","BAM8364",0.233250620347395
"KHAODAWTAI","BAM8364",0.19449410082231
"MANDRIRAVINA","BAM8364",0.235701598579041
"MAUDAMANI","BAM8364",0.22244094488189
"MOROBEREKAN","BAM8364",0.42831083546151
"MTU1010","BAM8364",0.308876163206872
"MTU9","BAM8364",0.235566642908054
"NERICA-L-26","BAM8364",0.332256907068533
"NERICA-L-42","BAM8364",0.336654804270463
"NERICA-L-44","BAM8364",0.317649147727273
"PARIJAT","BAM8364",0.321479628305933
"Patchaiperumal","BAM8364",0.345305832147937
"PEH-KUH-TSAO-TU","BAM8364",0.233759318423855
"PMK-2","BAM8364",0.296736431358638
"PRASAD-1","BAM8364",0.19747150997151
"PUSASUGANDH5","BAM8364",0.307719672714337
"PUSA1121","BAM8364",0.364065335753176
"Pusa1121-SN12","BAM8364",0.364697301239971
"PUSA44","BAM8364",0.288426433004746
"PUSABASMATI6","BAM8364",0.236520488856937
"PUSASUGANDH2","BAM8364",0.223702914001422
"RASI","BAM8364",0.324503311258278
"RKVY-104","BAM8364",0.391023339317774
"RKVY-143","BAM8364",0.342404838135895
"RKVY-28","BAM8364",0.392368610511159
"R-RF-44","BAM8364",0.330532713621738
"RRF-78","BAM8364",0.314914163090129
"Sadabahar","BAM8364",0.240806854694752
"SAFRI-17","BAM8364",0.195519713261649
"SAHBHAGIDHAN","BAM8364",0.316851124598358
"SATABHAMA","BAM8364",0.214795008912656
"SERATOES","BAM8364",0.401704751541531
"SERETY","BAM8364",0.226495726495726
"SHAKU","BAM8364",0.252708255509899
"SR1-3-1","BAM8364",0.202755905511811
"SUWEON","BAM8364",0.217967874486365
"SWARNA","BAM8364",0.349012567324955
"VANAPRAVA","BAM8364",0.386945546339704
"VANDANA","BAM8364",0.360093390804598
"Wayrarem","BAM8364",0.34251968503937
"281785","BAMAWPYAN",0.302915766738661
"282803","BAMAWPYAN",0.412249283667622
"299554","BAMAWPYAN",0.417218543046358
"356457","BAMAWPYAN",0.408621303883149
"376579","BAMAWPYAN",0.295698924731183
"376851","BAMAWPYAN",0.290794223826715
"377448","BAMAWPYAN",0.39906103286385
"377705","BAMAWPYAN",0.420466786355476
"384190","BAMAWPYAN",0.133106413471874
"426049","BAMAWPYAN",0.407904148783977
"438644","BAMAWPYAN",0.409797541576283
"ADAYSEL","BAMAWPYAN",0.314290895901342
"AbhayaXDagadesi","BAMAWPYAN",0.41558908045977
"ABHISEK","BAMAWPYAN",0.310313739632167
"ABOR-A-1","BAMAWPYAN",0.404075009015507
"ANJALI","BAMAWPYAN",0.303833751343604
"Annada","BAMAWPYAN",0.298811239193084
"Apo","BAMAWPYAN",0.406688241639698
"ARC10319","BAMAWPYAN",0.403575297941495
"ARC12071","BAMAWPYAN",0.288646911817208
"ARNAPURNA","BAMAWPYAN",0.308282756158515
"ASD16","BAMAWPYAN",0.305924596050269
"AUS257","BAMAWPYAN",0.301948051948052
"BAKAL","BAMAWPYAN",0.254823443756826
"BAM1057","BAMAWPYAN",0.261792452830189
"BAM1098","BAMAWPYAN",0.2886915549112
"BAM1659","BAMAWPYAN",0.299021384559623
"BAM1689","BAMAWPYAN",0.280784598619688
"BAM1708","BAMAWPYAN",0.27521770682148
"BAM1812","BAMAWPYAN",0.397837837837838
"BAM2096","BAMAWPYAN",0.283309455587393
"BAM2166","BAMAWPYAN",0.1816029143898
"BAM247","BAMAWPYAN",0.411880832735104
"BAM2574","BAMAWPYAN",0.293548387096774
"BAM2680","BAMAWPYAN",0.3099247581512
"BAM3154","BAMAWPYAN",0.402536231884058
"BAM3181","BAMAWPYAN",0.297520661157025
"BAM326","BAMAWPYAN",0.289180445722502
"BAM328","BAMAWPYAN",0.394292893036612
"BAM350","BAMAWPYAN",0.336377473363775
"BAM3690","BAMAWPYAN",0.40968443960827
"BAM4009","BAMAWPYAN",0.259775524981897
"BAM4054","BAMAWPYAN",0.308419550481627
"BAM4138","BAMAWPYAN",0.171195652173913
"BAM4168","BAMAWPYAN",0.238363636363636
"BAM4234","BAMAWPYAN",0.301293568091987
"BAM4254","BAMAWPYAN",0.301441441441441
"BAM4477","BAMAWPYAN",0.407634137558516
"BAM4496","BAMAWPYAN",0.401144082946014
"BAM4510","BAMAWPYAN",0.155334538878843
"BAM4521","BAMAWPYAN",0.139716569767442
"BAM4534","BAMAWPYAN",0.275189599133261
"BAM4797","BAMAWPYAN",0.276372059871704
"BAM491","BAMAWPYAN",0.340613718411552
"BAM4928","BAMAWPYAN",0.177256317689531
"BAM5110","BAMAWPYAN",0.318934485241181
"BAM56","BAMAWPYAN",0.171633752244165
"BAM5779","BAMAWPYAN",0.275199419869471
"BAM5850","BAMAWPYAN",0.268797675263349
"BAM6921","BAMAWPYAN",0.406013683831473
"BAM712","BAMAWPYAN",0.296628407460545
"BAM742","BAMAWPYAN",0.300648882480173
"BAM7429","BAMAWPYAN",0.409205321826681
"BAM7449","BAMAWPYAN",0.258175872093023
"BAM747","BAMAWPYAN",0.296402877697842
"BAM759","BAMAWPYAN",0.325625473843821
"BAM766","BAMAWPYAN",0.296081277213353
"BAM807","BAMAWPYAN",0.276917536910335
"BAM811","BAMAWPYAN",0.41235632183908
"BAM812","BAMAWPYAN",0.306126126126126
"BAM819","BAMAWPYAN",0.319689866570501
"BAM8296","BAMAWPYAN",0.418367346938776
"BAM8305","BAMAWPYAN",0.413263462233466
"BAM8315","BAMAWPYAN",0.247830802603037
"BAM8364","BAMAWPYAN",0.273153153153153
"BAMAWPYAN","BAMAWPYAN",0
"BENAMURI","BAMAWPYAN",0.295617816091954
"BLACKGORA","BAMAWPYAN",0.300071530758226
"CGR1656","BAMAWPYAN",0.401512423478574
"CGR1679","BAMAWPYAN",0.291202872531418
"CGR2012","BAMAWPYAN",0.296875
"CO18","BAMAWPYAN",0.285944206008584
"CRDHAN-204","BAMAWPYAN",0.313711414213927
"CR143-2-2","BAMAWPYAN",0.409974792942024
"CR262-4","BAMAWPYAN",0.407181328545781
"CROSSA","BAMAWPYAN",0.292918454935622
"DULAR","BAMAWPYAN",0.266726943942134
"EYPO","BAMAWPYAN",0.36641081871345
"EYPO-2","BAMAWPYAN",0.30254662840746
"FULKATI","BAMAWPYAN",0.266243194192378
"Ghanteswari","BAMAWPYAN",0.411437791323055
"GHATIKAMMANANGARHAR","BAMAWPYAN",0.305674518201285
"GotrabiDhan","BAMAWPYAN",0.412942438326779
"GP-145-37","BAMAWPYAN",0.298640915593705
"GP-145-51","BAMAWPYAN",0.399280575539568
"HARBHOONDI","BAMAWPYAN",0.309489575844716
"HongZuiEr","BAMAWPYAN",0.415582067968185
"IndrabaruniDhan","BAMAWPYAN",0.418159025787966
"IR74371-54-1-1","BAMAWPYAN",0.406876790830946
"IR77298-14-1-2-10","BAMAWPYAN",0.41545981173063
"IR77298-5-6-18","BAMAWPYAN",0.417864845434939
"IR83383-B-B-129-4","BAMAWPYAN",0.413700107874865
"IR83388-B-B108-3","BAMAWPYAN",0.415948275862069
"IR87707-445-B-B","BAMAWPYAN",0.415414878397711
"IR87707-446-B-B","BAMAWPYAN",0.419302071973828
"IRROEPYO","BAMAWPYAN",0.18828297715549
"KALINGA-1","BAMAWPYAN",0.422565576715774
"KANGRO","BAMAWPYAN",0.288543897216274
"KHAODAWTAI","BAMAWPYAN",0.319083694083694
"MANDRIRAVINA","BAMAWPYAN",0.285484447622453
"MAUDAMANI","BAMAWPYAN",0.314187972632337
"MOROBEREKAN","BAMAWPYAN",0.400110172603746
"MTU1010","BAMAWPYAN",0.417687319884726
"MTU9","BAMAWPYAN",0.285868005738881
"NERICA-L-26","BAMAWPYAN",0.418743228602384
"NERICA-L-42","BAMAWPYAN",0.419534050179211
"NERICA-L-44","BAMAWPYAN",0.411712034383954
"PARIJAT","BAMAWPYAN",0.411023054755043
"Patchaiperumal","BAMAWPYAN",0.392230576441103
"PEH-KUH-TSAO-TU","BAMAWPYAN",0.286940966010733
"PMK-2","BAMAWPYAN",0.401932712956335
"PRASAD-1","BAMAWPYAN",0.303052064631957
"PUSASUGANDH5","BAMAWPYAN",0.396632031529918
"PUSA1121","BAMAWPYAN",0.355916727538349
"Pusa1121-SN12","BAMAWPYAN",0.363986784140969
"PUSA44","BAMAWPYAN",0.420521292217327
"PUSABASMATI6","BAMAWPYAN",0.282923299565847
"PUSASUGANDH2","BAMAWPYAN",0.320943531093638
"RASI","BAMAWPYAN",0.415647015202076
"RKVY-104","BAMAWPYAN",0.260665220535069
"RKVY-143","BAMAWPYAN",0.398997134670487
"RKVY-28","BAMAWPYAN",0.267185238784371
"R-RF-44","BAMAWPYAN",0.421014753508456
"RRF-78","BAMAWPYAN",0.349603746397695
"Sadabahar","BAMAWPYAN",0.288330341113106
"SAFRI-17","BAMAWPYAN",0.304402742692169
"SAHBHAGIDHAN","BAMAWPYAN",0.407667386609071
"SATABHAMA","BAMAWPYAN",0.302513464991023
"SERATOES","BAMAWPYAN",0.264330047462578
"SERETY","BAMAWPYAN",0.285406955898171
"SHAKU","BAMAWPYAN",0.292073628850488
"SR1-3-1","BAMAWPYAN",0.305335255948089
"SUWEON","BAMAWPYAN",0.266616597822005
"SWARNA","BAMAWPYAN",0.420281995661605
"VANAPRAVA","BAMAWPYAN",0.260996001454017
"VANDANA","BAMAWPYAN",0.34971098265896
"Wayrarem","BAMAWPYAN",0.407747747747748
"281785","BENAMURI",0.230933713471133
"282803","BENAMURI",0.344491675522494
"299554","BENAMURI",0.361040378319389
"356457","BENAMURI",0.333803313359182
"376579","BENAMURI",0.196106194690265
"376851","BENAMURI",0.187455325232309
"377448","BENAMURI",0.309217577706324
"377705","BENAMURI",0.333510827121051
"384190","BENAMURI",0.304973357015986
"426049","BENAMURI",0.331152758132956
"438644","BENAMURI",0.340128755364807
"ADAYSEL","BENAMURI",0.372936109117014
"AbhayaXDagadesi","BENAMURI",0.33896196231781
"ABHISEK","BENAMURI",0.248304177079614
"ABOR-A-1","BENAMURI",0.320014270424545
"ANJALI","BENAMURI",0.234918381831086
"Annada","BENAMURI",0.349518029275259
"Apo","BENAMURI",0.345238095238095
"ARC10319","BENAMURI",0.30807719799857
"ARC12071","BENAMURI",0.200352733686067
"ARNAPURNA","BENAMURI",0.13196894848271
"ASD16","BENAMURI",0.216571834992888
"AUS257","BENAMURI",0.23384505533738
"BAKAL","BENAMURI",0.402236652236652
"BAM1057","BENAMURI",0.394396551724138
"BAM1098","BENAMURI",0.403776978417266
"BAM1659","BENAMURI",0.202867383512545
"BAM1689","BENAMURI",0.382500898311175
"BAM1708","BENAMURI",0.401329978432782
"BAM1812","BENAMURI",0.289023521026372
"BAM2096","BENAMURI",0.2039589961117
"BAM2166","BENAMURI",0.299494219653179
"BAM247","BENAMURI",0.326704545454545
"BAM2574","BENAMURI",0.196700957786449
"BAM2680","BENAMURI",0.227594757350337
"BAM3154","BENAMURI",0.327282530553559
"BAM3181","BENAMURI",0.156405693950178
"BAM326","BENAMURI",0.185145700071073
"BAM328","BENAMURI",0.306749555950266
"BAM350","BENAMURI",0.337292609351433
"BAM3690","BENAMURI",0.338958707360862
"BAM4009","BENAMURI",0.407247936849659
"BAM4054","BENAMURI",0.226341807909605
"BAM4138","BENAMURI",0.305416068866571
"BAM4168","BENAMURI",0.280439481268012
"BAM4234","BENAMURI",0.244934233913971
"BAM4254","BENAMURI",0.245720399429387
"BAM4477","BENAMURI",0.328942684229263
"BAM4496","BENAMURI",0.27431906614786
"BAM4510","BENAMURI",0.297602004294918
"BAM4521","BENAMURI",0.294085827623512
"BAM4534","BENAMURI",0.399964272954627
"BAM4797","BENAMURI",0.1727240649259
"BAM491","BENAMURI",0.332559800071403
"BAM4928","BENAMURI",0.290980672870437
"BAM5110","BENAMURI",0.24349376114082
"BAM56","BENAMURI",0.303240740740741
"BAM5779","BENAMURI",0.30010756543564
"BAM5850","BENAMURI",0.406688241639698
"BAM6921","BENAMURI",0.347647897362794
"BAM712","BENAMURI",0.34686281460475
"BAM742","BENAMURI",0.350714285714286
"BAM7429","BENAMURI",0.291637010676157
"BAM7449","BENAMURI",0.398848092152628
"BAM747","BENAMURI",0.344674029212683
"BAM759","BENAMURI",0.381811349116873
"BAM766","BENAMURI",0.347022955523673
"BAM807","BENAMURI",0.298111190306486
"BAM811","BENAMURI",0.328891257995736
"BAM812","BENAMURI",0.218236973590293
"BAM819","BENAMURI",0.230110595790225
"BAM8296","BENAMURI",0.351983002832861
"BAM8305","BENAMURI",0.353488372093023
"BAM8315","BENAMURI",0.317221625492302
"BAM8364","BENAMURI",0.237678571428571
"BAMAWPYAN","BENAMURI",0.295617816091954
"BENAMURI","BENAMURI",0
"BLACKGORA","BENAMURI",0.226017699115044
"CGR1656","BENAMURI",0.123221906116643
"CGR1679","BENAMURI",0.181624689606243
"CGR2012","BENAMURI",0.175613224315677
"CO18","BENAMURI",0.198159943382873
"CRDHAN-204","BENAMURI",0.249467707594038
"CR143-2-2","BENAMURI",0.352742165242165
"CR262-4","BENAMURI",0.348721590909091
"CROSSA","BENAMURI",0.175460339943343
"DULAR","BENAMURI",0.409530634181297
"EYPO","BENAMURI",0.331161780673181
"EYPO-2","BENAMURI",0.210255500354862
"FULKATI","BENAMURI",0.392139267767408
"Ghanteswari","BENAMURI",0.283990060347888
"GHATIKAMMANANGARHAR","BENAMURI",0.226228349240014
"GotrabiDhan","BENAMURI",0.323352232459249
"GP-145-37","BENAMURI",0.196819787985866
"GP-145-51","BENAMURI",0.292808828764685
"HARBHOONDI","BENAMURI",0.247246891651865
"HongZuiEr","BENAMURI",0.33410797282803
"IndrabaruniDhan","BENAMURI",0.336995038979447
"IR74371-54-1-1","BENAMURI",0.342487597448618
"IR77298-14-1-2-10","BENAMURI",0.352488363766559
"IR77298-5-6-18","BENAMURI",0.361811722912966
"IR83383-B-B-129-4","BENAMURI",0.364850427350427
"IR83388-B-B108-3","BENAMURI",0.34962673302524
"IR87707-445-B-B","BENAMURI",0.355118668083599
"IR87707-446-B-B","BENAMURI",0.347302158273381
"IRROEPYO","BENAMURI",0.29108838568298
"KALINGA-1","BENAMURI",0.313631522896699
"KANGRO","BENAMURI",0.198659139026112
"KHAODAWTAI","BENAMURI",0.226122594440485
"MANDRIRAVINA","BENAMURI",0.200035373187124
"MAUDAMANI","BENAMURI",0.23655147844674
"MOROBEREKAN","BENAMURI",0.449401523394995
"MTU1010","BENAMURI",0.358672376873662
"MTU9","BENAMURI",0.201312522170983
"NERICA-L-26","BENAMURI",0.3659627773801
"NERICA-L-42","BENAMURI",0.369233498935415
"NERICA-L-44","BENAMURI",0.335342077277561
"PARIJAT","BENAMURI",0.344551282051282
"Patchaiperumal","BENAMURI",0.288877081119377
"PEH-KUH-TSAO-TU","BENAMURI",0.199398443029016
"PMK-2","BENAMURI",0.317409766454352
"PRASAD-1","BENAMURI",0.230987917555082
"PUSASUGANDH5","BENAMURI",0.349822695035461
"PUSA1121","BENAMURI",0.396638959161547
"Pusa1121-SN12","BENAMURI",0.399309342057434
"PUSA44","BENAMURI",0.351307189542484
"PUSABASMATI6","BENAMURI",0.278732545649839
"PUSASUGANDH2","BENAMURI",0.235127478753541
"RASI","BENAMURI",0.341526045487894
"RKVY-104","BENAMURI",0.400752418487997
"RKVY-143","BENAMURI",0.293231750531538
"RKVY-28","BENAMURI",0.402513464991023
"R-RF-44","BENAMURI",0.34726173541963
"RRF-78","BENAMURI",0.362923351158645
"Sadabahar","BENAMURI",0.191307445671535
"SAFRI-17","BENAMURI",0.231593995711222
"SAHBHAGIDHAN","BENAMURI",0.340981856990395
"SATABHAMA","BENAMURI",0.237943262411348
"SERATOES","BENAMURI",0.397903867003975
"SERETY","BENAMURI",0.203152674459795
"SHAKU","BENAMURI",0.231870583860171
"SR1-3-1","BENAMURI",0.249821556031406
"SUWEON","BENAMURI",0.239494235775381
"SWARNA","BENAMURI",0.331245526127416
"VANAPRAVA","BENAMURI",0.395323741007194
"VANDANA","BENAMURI",0.37809250627465
"Wayrarem","BENAMURI",0.348770929818311
"281785","BLACKGORA",0.20610145441646
"282803","BLACKGORA",0.310672772102853
"299554","BLACKGORA",0.328147612156295
"356457","BLACKGORA",0.312521922132585
"376579","BLACKGORA",0.234611326064017
"376851","BLACKGORA",0.222004976892997
"377448","BLACKGORA",0.33214920071048
"377705","BLACKGORA",0.325918079096045
"384190","BLACKGORA",0.313760169791298
"426049","BLACKGORA",0.311841180604357
"438644","BLACKGORA",0.309786476868327
"ADAYSEL","BLACKGORA",0.368035714285714
"AbhayaXDagadesi","BLACKGORA",0.310045985143261
"ABHISEK","BLACKGORA",0.203591749644381
"ABOR-A-1","BLACKGORA",0.333392476933996
"ANJALI","BLACKGORA",0.188669255206495
"Annada","BLACKGORA",0.346891651865009
"Apo","BLACKGORA",0.329091551785083
"ARC10319","BLACKGORA",0.353662873399715
"ARC12071","BLACKGORA",0.24323374340949
"ARNAPURNA","BLACKGORA",0.213834269662921
"ASD16","BLACKGORA",0.181528662420382
"AUS257","BLACKGORA",0.215884861407249
"BAKAL","BLACKGORA",0.401433691756272
"BAM1057","BLACKGORA",0.412446504992867
"BAM1098","BLACKGORA",0.404540579191991
"BAM1659","BLACKGORA",0.234978540772532
"BAM1689","BLACKGORA",0.401788908765653
"BAM1708","BLACKGORA",0.410880458124553
"BAM1812","BLACKGORA",0.336586231369766
"BAM2096","BLACKGORA",0.22693661971831
"BAM2166","BLACKGORA",0.297772988505747
"BAM247","BLACKGORA",0.314245316366207
"BAM2574","BLACKGORA",0.225265017667845
"BAM2680","BLACKGORA",0.210628531073446
"BAM3154","BLACKGORA",0.32032927702219
"BAM3181","BLACKGORA",0.253715498938429
"BAM326","BLACKGORA",0.230810045985143
"BAM328","BLACKGORA",0.328207847295864
"BAM350","BLACKGORA",0.373638753285768
"BAM3690","BLACKGORA",0.329764453961456
"BAM4009","BLACKGORA",0.413423777222421
"BAM4054","BLACKGORA",0.193956430077301
"BAM4138","BLACKGORA",0.315939957112223
"BAM4168","BLACKGORA",0.294380816034359
"BAM4234","BLACKGORA",0.204135737009544
"BAM4254","BLACKGORA",0.204891882311237
"BAM4477","BLACKGORA",0.324592487597449
"BAM4496","BLACKGORA",0.340253342716397
"BAM4510","BLACKGORA",0.309743954480797
"BAM4521","BLACKGORA",0.300969131371141
"BAM4534","BLACKGORA",0.40550621669627
"BAM4797","BLACKGORA",0.233426867765696
"BAM491","BLACKGORA",0.37544420753376
"BAM4928","BLACKGORA",0.292244752757026
"BAM5110","BLACKGORA",0.190822111977321
"BAM56","BLACKGORA",0.29957507082153
"BAM5779","BLACKGORA",0.297249017506252
"BAM5850","BLACKGORA",0.41362660944206
"BAM6921","BLACKGORA",0.309287486706842
"BAM712","BLACKGORA",0.342559943582511
"BAM742","BLACKGORA",0.351990049751244
"BAM7429","BLACKGORA",0.336875664187035
"BAM7449","BLACKGORA",0.410669530970283
"BAM747","BLACKGORA",0.34774902516838
"BAM759","BLACKGORA",0.360830527497194
"BAM766","BLACKGORA",0.350375402216661
"BAM807","BLACKGORA",0.297796730632552
"BAM811","BLACKGORA",0.336103253182461
"BAM812","BLACKGORA",0.225142045454545
"BAM819","BLACKGORA",0.189074139765874
"BAM8296","BLACKGORA",0.284379407616361
"BAM8305","BLACKGORA",0.310209889718961
"BAM8315","BLACKGORA",0.310074759700961
"BAM8364","BLACKGORA",0.200212992545261
"BAMAWPYAN","BLACKGORA",0.300071530758226
"BENAMURI","BLACKGORA",0.226017699115044
"BLACKGORA","BLACKGORA",0
"CGR1656","BLACKGORA",0.333628318584071
"CGR1679","BLACKGORA",0.223595902507948
"CGR2012","BLACKGORA",0.226822363765039
"CO18","BLACKGORA",0.235035211267606
"CRDHAN-204","BLACKGORA",0.210321668434076
"CR143-2-2","BLACKGORA",0.328667611622962
"CR262-4","BLACKGORA",0.324796891557753
"CROSSA","BLACKGORA",0.21961958436069
"DULAR","BLACKGORA",0.413492346030616
"EYPO","BLACKGORA",0.344560518731988
"EYPO-2","BLACKGORA",0.226951607205934
"FULKATI","BLACKGORA",0.404642857142857
"Ghanteswari","BLACKGORA",0.322324267043448
"GHATIKAMMANANGARHAR","BLACKGORA",0.169184820801124
"GotrabiDhan","BLACKGORA",0.302928722653493
"GP-145-37","BLACKGORA",0.231432594156987
"GP-145-51","BLACKGORA",0.333628632175762
"HARBHOONDI","BLACKGORA",0.22338167668907
"HongZuiEr","BLACKGORA",0.323131672597865
"IndrabaruniDhan","BLACKGORA",0.310144417048256
"IR74371-54-1-1","BLACKGORA",0.329281183932347
"IR77298-14-1-2-10","BLACKGORA",0.314946619217082
"IR77298-5-6-18","BLACKGORA",0.315594059405941
"IR83383-B-B-129-4","BLACKGORA",0.305909412597311
"IR83388-B-B108-3","BLACKGORA",0.308141592920354
"IR87707-445-B-B","BLACKGORA",0.313293370944993
"IR87707-446-B-B","BLACKGORA",0.316881258941345
"IRROEPYO","BLACKGORA",0.278363636363636
"KALINGA-1","BLACKGORA",0.302864214992928
"KANGRO","BLACKGORA",0.244120744120744
"KHAODAWTAI","BLACKGORA",0.207831325301205
"MANDRIRAVINA","BLACKGORA",0.237684729064039
"MAUDAMANI","BLACKGORA",0.208997520368402
"MOROBEREKAN","BLACKGORA",0.444745395449621
"MTU1010","BLACKGORA",0.302804401845935
"MTU9","BLACKGORA",0.245146487822097
"NERICA-L-26","BLACKGORA",0.311498754004984
"NERICA-L-42","BLACKGORA",0.313625132368514
"NERICA-L-44","BLACKGORA",0.291255289139633
"PARIJAT","BLACKGORA",0.319277108433735
"Patchaiperumal","BLACKGORA",0.337213403880071
"PEH-KUH-TSAO-TU","BLACKGORA",0.242173760112557
"PMK-2","BLACKGORA",0.332042253521127
"PRASAD-1","BLACKGORA",0.181737901801484
"PUSASUGANDH5","BLACKGORA",0.301340860973888
"PUSA1121","BLACKGORA",0.371130309575234
"Pusa1121-SN12","BLACKGORA",0.373371924746744
"PUSA44","BLACKGORA",0.265461121157324
"PUSABASMATI6","BLACKGORA",0.227450980392157
"PUSASUGANDH2","BLACKGORA",0.205105633802817
"RASI","BLACKGORA",0.334730320699708
"RKVY-104","BLACKGORA",0.41449946562166
"RKVY-143","BLACKGORA",0.338504936530324
"RKVY-28","BLACKGORA",0.411396927474098
"R-RF-44","BLACKGORA",0.310839532412327
"RRF-78","BLACKGORA",0.338709677419355
"Sadabahar","BLACKGORA",0.224070796460177
"SAFRI-17","BLACKGORA",0.176271789398791
"SAHBHAGIDHAN","BLACKGORA",0.315398230088496
"SATABHAMA","BLACKGORA",0.205259442287328
"SERATOES","BLACKGORA",0.412738395106153
"SERETY","BLACKGORA",0.241348870056497
"SHAKU","BLACKGORA",0.246943312337903
"SR1-3-1","BLACKGORA",0.198049645390071
"SUWEON","BLACKGORA",0.231951129211403
"SWARNA","BLACKGORA",0.335531004989309
"VANAPRAVA","BLACKGORA",0.414311270125224
"VANDANA","BLACKGORA",0.378922967189729
"Wayrarem","BLACKGORA",0.330851063829787
"281785","CGR1656",0.345947875758658
"282803","CGR1656",0.247431810131066
"299554","CGR1656",0.261818181818182
"356457","CGR1656",0.235709244883557
"376579","CGR1656",0.303970223325062
"376851","CGR1656",0.298675733715104
"377448","CGR1656",0.207947255880257
"377705","CGR1656",0.232389380530973
"384190","CGR1656",0.406227758007117
"426049","CGR1656",0.236386138613861
"438644","CGR1656",0.244372990353698
"ADAYSEL","CGR1656",0.285816876122083
"AbhayaXDagadesi","CGR1656",0.24680170575693
"ABHISEK","CGR1656",0.35778175313059
"ABOR-A-1","CGR1656",0.223548272176701
"ANJALI","CGR1656",0.34597660404112
"Annada","CGR1656",0.436204431736955
"Apo","CGR1656",0.252930728241563
"ARC10319","CGR1656",0.202895959957097
"ARC12071","CGR1656",0.308236125839519
"ARNAPURNA","CGR1656",0.243114406779661
"ASD16","CGR1656",0.32703954399715
"AUS257","CGR1656",0.344253490870032
"BAKAL","CGR1656",0.318378378378378
"BAM1057","CGR1656",0.31149012567325
"BAM1098","CGR1656",0.320043103448276
"BAM1659","CGR1656",0.313196691837469
"BAM1689","CGR1656",0.294540229885057
"BAM1708","CGR1656",0.313644524236984
"BAM1812","CGR1656",0.18188302425107
"BAM2096","CGR1656",0.315201984408221
"BAM2166","CGR1656",0.398302023121387
"BAM247","CGR1656",0.227111426543648
"BAM2574","CGR1656",0.306147832267235
"BAM2680","CGR1656",0.33694109297374
"BAM3154","CGR1656",0.22813961856783
"BAM3181","CGR1656",0.266108935564258
"BAM326","CGR1656",0.291637010676157
"BAM328","CGR1656",0.210180915218163
"BAM350","CGR1656",0.236603773584906
"BAM3690","CGR1656",0.237549265496238
"BAM4009","CGR1656",0.32657091561939
"BAM4054","CGR1656",0.333863556026865
"BAM4138","CGR1656",0.411003236245955
"BAM4168","CGR1656",0.384823359769286
"BAM4234","CGR1656",0.351832088224831
"BAM4254","CGR1656",0.351640513552068
"BAM4477","CGR1656",0.226317663817664
"BAM4496","CGR1656",0.171676096181047
"BAM4510","CGR1656",0.402076620121733
"BAM4521","CGR1656",0.398519321054532
"BAM4534","CGR1656",0.31654162200786
"BAM4797","CGR1656",0.278798586572438
"BAM491","CGR1656",0.237950731881471
"BAM4928","CGR1656",0.394661411680401
"BAM5110","CGR1656",0.350392296718973
"BAM56","CGR1656",0.406383737517832
"BAM5779","CGR1656",0.400682471264368
"BAM5850","CGR1656",0.325602301330457
"BAM6921","CGR1656",0.250534188034188
"BAM712","CGR1656",0.433617323393681
"BAM742","CGR1656",0.435512683101108
"BAM7429","CGR1656",0.189434364994664
"BAM7449","CGR1656",0.312072072072072
"BAM747","CGR1656",0.43338083363021
"BAM759","CGR1656",0.287057938299473
"BAM766","CGR1656",0.432961897915169
"BAM807","CGR1656",0.398320228734811
"BAM811","CGR1656",0.226498758424973
"BAM812","CGR1656",0.3275
"BAM819","CGR1656",0.337200999642985
"BAM8296","CGR1656",0.253985122210414
"BAM8305","CGR1656",0.258577555396712
"BAM8315","CGR1656",0.41493553008596
"BAM8364","CGR1656",0.349589138978207
"BAMAWPYAN","CGR1656",0.401512423478574
"BENAMURI","CGR1656",0.123221906116643
"BLACKGORA","CGR1656",0.333628318584071
"CGR1656","CGR1656",0
"CGR1679","CGR1656",0.292539964476021
"CGR2012","CGR1656",0.282128871484514
"CO18","CGR1656",0.305742644452322
"CRDHAN-204","CGR1656",0.355314610735869
"CR143-2-2","CGR1656",0.25801282051282
"CR262-4","CGR1656",0.258681785967399
"CROSSA","CGR1656",0.282654867256637
"DULAR","CGR1656",0.325277479412818
"EYPO","CGR1656",0.23252444766389
"EYPO-2","CGR1656",0.320376286829961
"FULKATI","CGR1656",0.309651955507714
"Ghanteswari","CGR1656",0.180752840909091
"GHATIKAMMANANGARHAR","CGR1656",0.334394904458599
"GotrabiDhan","CGR1656",0.224327195467422
"GP-145-37","CGR1656",0.306165839829908
"GP-145-51","CGR1656",0.188565340909091
"HARBHOONDI","CGR1656",0.352260590957636
"HongZuiEr","CGR1656",0.235
"IndrabaruniDhan","CGR1656",0.239646017699115
"IR74371-54-1-1","CGR1656",0.250619907899398
"IR77298-14-1-2-10","CGR1656",0.254835243553009
"IR77298-5-6-18","CGR1656",0.263597582651973
"IR83383-B-B-129-4","CGR1656",0.270106761565836
"IR83388-B-B108-3","CGR1656",0.252132196162047
"IR87707-445-B-B","CGR1656",0.256378454996456
"IR87707-446-B-B","CGR1656",0.246225736879943
"IRROEPYO","CGR1656",0.400658616904501
"KALINGA-1","CGR1656",0.217962371317004
"KANGRO","CGR1656",0.306320621468927
"KHAODAWTAI","CGR1656",0.335357142857143
"MANDRIRAVINA","CGR1656",0.304778761061947
"MAUDAMANI","CGR1656",0.346126383434488
"MOROBEREKAN","CGR1656",0.363883847549909
"MTU1010","CGR1656",0.262904948380207
"MTU9","CGR1656",0.309726659566915
"NERICA-L-26","CGR1656",0.270275098249375
"NERICA-L-42","CGR1656",0.274033345157857
"NERICA-L-44","CGR1656",0.23830616583983
"PARIJAT","CGR1656",0.248932384341637
"Patchaiperumal","CGR1656",0.188695960311836
"PEH-KUH-TSAO-TU","CGR1656",0.306480169971671
"PMK-2","CGR1656",0.22169143665959
"PRASAD-1","CGR1656",0.342526690391459
"PUSASUGANDH5","CGR1656",0.253903477643719
"PUSA1121","CGR1656",0.309541019154319
"Pusa1121-SN12","CGR1656",0.305555555555556
"PUSA44","CGR1656",0.25127365356623
"PUSABASMATI6","CGR1656",0.381498745069918
"PUSASUGANDH2","CGR1656",0.341592920353982
"RASI","CGR1656",0.246429879165141
"RKVY-104","CGR1656",0.315139584824624
"RKVY-143","CGR1656",0.192171448813319
"RKVY-28","CGR1656",0.312926391382406
"R-RF-44","CGR1656",0.250266808964781
"RRF-78","CGR1656",0.267557932263815
"Sadabahar","CGR1656",0.301355206847361
"SAFRI-17","CGR1656",0.341624910522548
"SAHBHAGIDHAN","CGR1656",0.248046875
"SATABHAMA","CGR1656",0.347972972972973
"SERATOES","CGR1656",0.316389290882779
"SERETY","CGR1656",0.313676731793961
"SHAKU","CGR1656",0.342223051100336
"SR1-3-1","CGR1656",0.357040743388134
"SUWEON","CGR1656",0.347558702944465
"SWARNA","CGR1656",0.235947010383101
"VANAPRAVA","CGR1656",0.312140804597701
"VANDANA","CGR1656",0.286327845382964
"Wayrarem","CGR1656",0.254898468115426
"281785","CGR1679",0.230085348506401
"282803","CGR1679",0.341174389812522
"299554","CGR1679",0.35265261627907
"356457","CGR1679",0.335739436619718
"376579","CGR1679",0.153248587570621
"376851","CGR1679",0.154435340220876
"377448","CGR1679",0.27583749109052
"377705","CGR1679",0.333156028368794
"384190","CGR1679",0.291563275434243
"426049","CGR1679",0.335217237725185
"438644","CGR1679",0.336607142857143
"ADAYSEL","CGR1679",0.365281261196704
"AbhayaXDagadesi","CGR1679",0.360716820440028
"ABHISEK","CGR1679",0.247060919130745
"ABOR-A-1","CGR1679",0.331018518518518
"ANJALI","CGR1679",0.239384288747346
"Annada","CGR1679",0.356582233321441
"Apo","CGR1679",0.355445193330968
"ARC10319","CGR1679",0.32673090649536
"ARC12071","CGR1679",0.203664552501762
"ARNAPURNA","CGR1679",0.184191954834157
"ASD16","CGR1679",0.215324583185527
"AUS257","CGR1679",0.239122681883024
"BAKAL","CGR1679",0.385750269881252
"BAM1057","CGR1679",0.39541547277937
"BAM1098","CGR1679",0.40193617784152
"BAM1659","CGR1679",0.202223019003227
"BAM1689","CGR1679",0.381687612208259
"BAM1708","CGR1679",0.402259684361549
"BAM1812","CGR1679",0.255958733546781
"BAM2096","CGR1679",0.179378531073446
"BAM2166","CGR1679",0.297297297297297
"BAM247","CGR1679",0.335164835164835
"BAM2574","CGR1679",0.151735127478754
"BAM2680","CGR1679",0.227449593208348
"BAM3154","CGR1679",0.305455850681981
"BAM3181","CGR1679",0.19613063542776
"BAM326","CGR1679",0.125354107648725
"BAM328","CGR1679",0.304748405386251
"BAM350","CGR1679",0.32137490608565
"BAM3690","CGR1679",0.33584229390681
"BAM4009","CGR1679",0.409709781440344
"BAM4054","CGR1679",0.227192673476576
"BAM4138","CGR1679",0.307168458781362
"BAM4168","CGR1679",0.281654676258993
"BAM4234","CGR1679",0.259226401703336
"BAM4254","CGR1679",0.258890469416785
"BAM4477","CGR1679",0.327463536108147
"BAM4496","CGR1679",0.301836806782056
"BAM4510","CGR1679",0.294117647058823
"BAM4521","CGR1679",0.296976241900648
"BAM4534","CGR1679",0.395580898075552
"BAM4797","CGR1679",0.17477096546864
"BAM491","CGR1679",0.317890235210264
"BAM4928","CGR1679",0.288035714285714
"BAM5110","CGR1679",0.228966986155485
"BAM56","CGR1679",0.302346249555635
"BAM5779","CGR1679",0.303225806451613
"BAM5850","CGR1679",0.404591104734577
"BAM6921","CGR1679",0.356634649590893
"BAM712","CGR1679",0.350690754516472
"BAM742","CGR1679",0.354925053533191
"BAM7429","CGR1679",0.23828125
"BAM7449","CGR1679",0.397878460985257
"BAM747","CGR1679",0.352794588821645
"BAM759","CGR1679",0.370738104158861
"BAM766","CGR1679",0.352044476327116
"BAM807","CGR1679",0.302889760970389
"BAM811","CGR1679",0.342796309439319
"BAM812","CGR1679",0.233368907861971
"BAM819","CGR1679",0.217236467236467
"BAM8296","CGR1679",0.347895295366113
"BAM8305","CGR1679",0.35581727337616
"BAM8315","CGR1679",0.326304503216583
"BAM8364","CGR1679",0.24465811965812
"BAMAWPYAN","CGR1679",0.291202872531418
"BENAMURI","CGR1679",0.181624689606243
"BLACKGORA","CGR1679",0.223595902507948
"CGR1656","CGR1679",0.292539964476021
"CGR1679","CGR1679",0
"CGR2012","CGR1679",0.124423145189918
"CO18","CGR1679",0.205892731122089
"CRDHAN-204","CGR1679",0.240616147308782
"CR143-2-2","CGR1679",0.350462304409673
"CR262-4","CGR1679",0.345854004252303
"CROSSA","CGR1679",0.127121640735502
"DULAR","CGR1679",0.399105545617173
"EYPO","CGR1679",0.325568797399783
"EYPO-2","CGR1679",0.223562810503903
"FULKATI","CGR1679",0.39147564469914
"Ghanteswari","CGR1679",0.329907866761162
"GHATIKAMMANANGARHAR","CGR1679",0.234744268077601
"GotrabiDhan","CGR1679",0.333805309734513
"GP-145-37","CGR1679",0.145531614270576
"GP-145-51","CGR1679",0.120432777580702
"HARBHOONDI","CGR1679",0.249911378943637
"HongZuiEr","CGR1679",0.32441113490364
"IndrabaruniDhan","CGR1679",0.319483734087694
"IR74371-54-1-1","CGR1679",0.347895295366113
"IR77298-14-1-2-10","CGR1679",0.353540772532189
"IR77298-5-6-18","CGR1679",0.371671991480298
"IR83383-B-B-129-4","CGR1679",0.368477103301385
"IR83388-B-B108-3","CGR1679",0.357904085257549
"IR87707-445-B-B","CGR1679",0.367480537862704
"IR87707-446-B-B","CGR1679",0.352888410477216
"IRROEPYO","CGR1679",0.276483436476156
"KALINGA-1","CGR1679",0.329726853494147
"KANGRO","CGR1679",0.2038407329105
"KHAODAWTAI","CGR1679",0.222597864768683
"MANDRIRAVINA","CGR1679",0.205010585744531
"MAUDAMANI","CGR1679",0.233285917496444
"MOROBEREKAN","CGR1679",0.455765047135606
"MTU1010","CGR1679",0.358517462580185
"MTU9","CGR1679",0.20474672334396
"NERICA-L-26","CGR1679",0.348766535573829
"NERICA-L-42","CGR1679",0.352691218130312
"NERICA-L-44","CGR1679",0.340176991150443
"PARIJAT","CGR1679",0.340803984347207
"Patchaiperumal","CGR1679",0.284577290413866
"PEH-KUH-TSAO-TU","CGR1679",0.203069865913903
"PMK-2","CGR1679",0.329328621908127
"PRASAD-1","CGR1679",0.242912827781715
"PUSASUGANDH5","CGR1679",0.358533994334278
"PUSA1121","CGR1679",0.391233766233766
"Pusa1121-SN12","CGR1679",0.398729582577133
"PUSA44","CGR1679",0.353282553500181
"PUSABASMATI6","CGR1679",0.283851375491247
"PUSASUGANDH2","CGR1679",0.215118332744613
"RASI","CGR1679",0.349523460410557
"RKVY-104","CGR1679",0.408327376697641
"RKVY-143","CGR1679",0.244342291371994
"RKVY-28","CGR1679",0.387634408602151
"R-RF-44","CGR1679",0.360775248933144
"RRF-78","CGR1679",0.372688477951636
"Sadabahar","CGR1679",0.175728500355366
"SAFRI-17","CGR1679",0.235912981455064
"SAHBHAGIDHAN","CGR1679",0.336767317939609
"SATABHAMA","CGR1679",0.245480326125487
"SERATOES","CGR1679",0.397579479768786
"SERETY","CGR1679",0.200460014154282
"SHAKU","CGR1679",0.259865971705138
"SR1-3-1","CGR1679",0.24848592803705
"SUWEON","CGR1679",0.250464511334077
"SWARNA","CGR1679",0.323382195209153
"VANAPRAVA","CGR1679",0.395795903701042
"VANDANA","CGR1679",0.380007153075823
"Wayrarem","CGR1679",0.358285917496444
"281785","CGR2012",0.237095051619793
"282803","CGR2012",0.348688873139617
"299554","CGR2012",0.360524399126001
"356457","CGR2012",0.334332040888262
"376579","CGR2012",0.141389085754784
"376851","CGR2012",0.147142857142857
"377448","CGR2012",0.272565108811987
"377705","CGR2012",0.348490230905862
"384190","CGR2012",0.300924280127977
"426049","CGR2012",0.332802547770701
"438644","CGR2012",0.340014316392269
"ADAYSEL","CGR2012",0.37603305785124
"AbhayaXDagadesi","CGR2012",0.352365706154393
"ABHISEK","CGR2012",0.246609564596717
"ABOR-A-1","CGR2012",0.330840455840456
"ANJALI","CGR2012",0.232990786676116
"Annada","CGR2012",0.347430406852248
"Apo","CGR2012",0.357168267520455
"ARC10319","CGR2012",0.316118656182988
"ARC12071","CGR2012",0.213378044475821
"ARNAPURNA","CGR2012",0.179215270413574
"ASD16","CGR2012",0.218550106609808
"AUS257","CGR2012",0.240806854694752
"BAKAL","CGR2012",0.388928957807429
"BAM1057","CGR2012",0.385637342908438
"BAM1098","CGR2012",0.402084081925979
"BAM1659","CGR2012",0.210204814947898
"BAM1689","CGR2012",0.366726618705036
"BAM1708","CGR2012",0.391327815761065
"BAM1812","CGR2012",0.231824661439772
"BAM2096","CGR2012",0.18312101910828
"BAM2166","CGR2012",0.301699204627621
"BAM247","CGR2012",0.337122557726465
"BAM2574","CGR2012",0.156748140276302
"BAM2680","CGR2012",0.24031971580817
"BAM3154","CGR2012",0.30431654676259
"BAM3181","CGR2012",0.197864768683274
"BAM326","CGR2012",0.132682060390764
"BAM328","CGR2012",0.294284700035499
"BAM350","CGR2012",0.311864406779661
"BAM3690","CGR2012",0.347037701974865
"BAM4009","CGR2012",0.403480444922856
"BAM4054","CGR2012",0.224947071277346
"BAM4138","CGR2012",0.312028725314183
"BAM4168","CGR2012",0.289521065898452
"BAM4234","CGR2012",0.261016346837242
"BAM4254","CGR2012",0.260435247948626
"BAM4477","CGR2012",0.341889483065954
"BAM4496","CGR2012",0.294409058740269
"BAM4510","CGR2012",0.293949158610813
"BAM4521","CGR2012",0.299134511359538
"BAM4534","CGR2012",0.396680942184154
"BAM4797","CGR2012",0.157551164431898
"BAM491","CGR2012",0.311361200428725
"BAM4928","CGR2012",0.289831722162549
"BAM5110","CGR2012",0.230700818214159
"BAM56","CGR2012",0.289529914529915
"BAM5779","CGR2012",0.293345323741007
"BAM5850","CGR2012",0.396762589928058
"BAM6921","CGR2012",0.353423680456491
"BAM712","CGR2012",0.345457771469127
"BAM742","CGR2012",0.350660950339407
"BAM7429","CGR2012",0.235691432634198
"BAM7449","CGR2012",0.400503778337531
"BAM747","CGR2012",0.346811542572141
"BAM759","CGR2012",0.369793621013133
"BAM766","CGR2012",0.346927775781531
"BAM807","CGR2012",0.291741151233464
"BAM811","CGR2012",0.337660028449502
"BAM812","CGR2012",0.230906495360457
"BAM819","CGR2012",0.236175526221905
"BAM8296","CGR2012",0.347872340425532
"BAM8305","CGR2012",0.365783822476736
"BAM8315","CGR2012",0.318882121103547
"BAM8364","CGR2012",0.241342377722242
"BAMAWPYAN","CGR2012",0.296875
"BENAMURI","CGR2012",0.175613224315677
"BLACKGORA","CGR2012",0.226822363765039
"CGR1656","CGR2012",0.282128871484514
"CGR1679","CGR2012",0.124423145189918
"CGR2012","CGR2012",0
"CO18","CGR2012",0.204070796460177
"CRDHAN-204","CGR2012",0.240938166311301
"CR143-2-2","CGR2012",0.344385026737968
"CR262-4","CGR2012",0.339964476021314
"CROSSA","CGR2012",0.0691790516631281
"DULAR","CGR2012",0.405836018617973
"EYPO","CGR2012",0.323305545487495
"EYPO-2","CGR2012",0.225789286981199
"FULKATI","CGR2012",0.397343862167983
"Ghanteswari","CGR2012",0.327476038338658
"GHATIKAMMANANGARHAR","CGR2012",0.232944503358077
"GotrabiDhan","CGR2012",0.337765957446808
"GP-145-37","CGR2012",0.133628318584071
"GP-145-51","CGR2012",0.235671057315771
"HARBHOONDI","CGR2012",0.245467472449342
"HongZuiEr","CGR2012",0.337924865831843
"IndrabaruniDhan","CGR2012",0.330796460176991
"IR74371-54-1-1","CGR2012",0.344735909252038
"IR77298-14-1-2-10","CGR2012",0.346829093514869
"IR77298-5-6-18","CGR2012",0.366951262895767
"IR83383-B-B-129-4","CGR2012",0.367343304843305
"IR83388-B-B108-3","CGR2012",0.347741017431519
"IR87707-445-B-B","CGR2012",0.367162592986185
"IR87707-446-B-B","CGR2012",0.354653251886453
"IRROEPYO","CGR2012",0.282998171846435
"KALINGA-1","CGR2012",0.325284090909091
"KANGRO","CGR2012",0.212094499294781
"KHAODAWTAI","CGR2012",0.222797003210846
"MANDRIRAVINA","CGR2012",0.203323903818953
"MAUDAMANI","CGR2012",0.233155080213904
"MOROBEREKAN","CGR2012",0.450254175744372
"MTU1010","CGR2012",0.357372367011782
"MTU9","CGR2012",0.212234042553191
"NERICA-L-26","CGR2012",0.339828387558098
"NERICA-L-42","CGR2012",0.345047923322684
"NERICA-L-44","CGR2012",0.332978723404255
"PARIJAT","CGR2012",0.350802139037433
"Patchaiperumal","CGR2012",0.282446808510638
"PEH-KUH-TSAO-TU","CGR2012",0.211837455830389
"PMK-2","CGR2012",0.329263977353149
"PRASAD-1","CGR2012",0.233913970849627
"PUSASUGANDH5","CGR2012",0.355445193330968
"PUSA1121","CGR2012",0.387803112558813
"Pusa1121-SN12","CGR2012",0.39440203562341
"PUSA44","CGR2012",0.348727272727273
"PUSABASMATI6","CGR2012",0.287199713158838
"PUSASUGANDH2","CGR2012",0.225583864118896
"RASI","CGR2012",0.344587155963303
"RKVY-104","CGR2012",0.408634897886062
"RKVY-143","CGR2012",0.239992915338293
"RKVY-28","CGR2012",0.391522988505747
"R-RF-44","CGR2012",0.348770929818311
"RRF-78","CGR2012",0.370317516946129
"Sadabahar","CGR2012",0.170106761565836
"SAFRI-17","CGR2012",0.227872947894361
"SAHBHAGIDHAN","CGR2012",0.346318036286019
"SATABHAMA","CGR2012",0.236347517730496
"SERATOES","CGR2012",0.395546705286025
"SERETY","CGR2012",0.213449254790632
"SHAKU","CGR2012",0.257270693512304
"SR1-3-1","CGR2012",0.245538900785154
"SUWEON","CGR2012",0.245627093412728
"SWARNA","CGR2012",0.335422636103152
"VANAPRAVA","CGR2012",0.38746849117753
"VANDANA","CGR2012",0.380781642165651
"Wayrarem","CGR2012",0.360506600071352
"281785","CO18",0.212508884150675
"282803","CO18",0.325634696755994
"299554","CO18",0.359239130434783
"356457","CO18",0.290379213483146
"376579","CO18",0.221594918842625
"376851","CO18",0.210601209533974
"377448","CO18",0.317276928546036
"377705","CO18",0.352067868504772
"384190","CO18",0.28525980911983
"426049","CO18",0.288657978161324
"438644","CO18",0.317372730509078
"ADAYSEL","CO18",0.364221824686941
"AbhayaXDagadesi","CO18",0.348956490979837
"ABHISEK","CO18",0.23365316275764
"ABOR-A-1","CO18",0.289314873979411
"ANJALI","CO18",0.237649964714185
"Annada","CO18",0.354551920341394
"Apo","CO18",0.363941967445152
"ARC10319","CO18",0.253027065527066
"ARC12071","CO18",0.0399085794655415
"ARNAPURNA","CO18",0.178684488216672
"ASD16","CO18",0.203933380581148
"AUS257","CO18",0.246621621621622
"BAKAL","CO18",0.382806891600861
"BAM1057","CO18",0.379291845493562
"BAM1098","CO18",0.398890479599141
"BAM1659","CO18",0.160593068953198
"BAM1689","CO18",0.374776065926191
"BAM1708","CO18",0.375447387258411
"BAM1812","CO18",0.310748492373182
"BAM2096","CO18",0.215368346845259
"BAM2166","CO18",0.288793103448276
"BAM247","CO18",0.321832979476292
"BAM2574","CO18",0.211280056577086
"BAM2680","CO18",0.241707833450953
"BAM3154","CO18",0.331305903398927
"BAM3181","CO18",0.200141693234148
"BAM326","CO18",0.188472418670439
"BAM328","CO18",0.321605374823197
"BAM350","CO18",0.340585146286572
"BAM3690","CO18",0.347981421936406
"BAM4009","CO18",0.38254194930382
"BAM4054","CO18",0.215014064697609
"BAM4138","CO18",0.285892857142857
"BAM4168","CO18",0.27935368043088
"BAM4234","CO18",0.239391796322489
"BAM4254","CO18",0.2403265885694
"BAM4477","CO18",0.341965235899255
"BAM4496","CO18",0.300387596899225
"BAM4510","CO18",0.281672597864769
"BAM4521","CO18",0.285123966942149
"BAM4534","CO18",0.393847795163585
"BAM4797","CO18",0.203476123595506
"BAM491","CO18",0.332977967306326
"BAM4928","CO18",0.271464196651229
"BAM5110","CO18",0.246808510638298
"BAM56","CO18",0.280297661233168
"BAM5779","CO18",0.303111587982833
"BAM5850","CO18",0.39187253848908
"BAM6921","CO18",0.344925479063165
"BAM712","CO18",0.354798870853917
"BAM742","CO18",0.354752580989676
"BAM7429","CO18",0.309464728819568
"BAM7449","CO18",0.379347436357117
"BAM747","CO18",0.351010996807378
"BAM759","CO18",0.365183246073298
"BAM766","CO18",0.353109363831308
"BAM807","CO18",0.301598579040853
"BAM811","CO18",0.361386138613861
"BAM812","CO18",0.250710227272727
"BAM819","CO18",0.221393034825871
"BAM8296","CO18",0.347035991531404
"BAM8305","CO18",0.321644713421146
"BAM8315","CO18",0.317598859992875
"BAM8364","CO18",0.237113402061856
"BAMAWPYAN","CO18",0.285944206008584
"BENAMURI","CO18",0.198159943382873
"BLACKGORA","CO18",0.235035211267606
"CGR1656","CO18",0.305742644452322
"CGR1679","CO18",0.205892731122089
"CGR2012","CO18",0.204070796460177
"CO18","CO18",0
"CRDHAN-204","CO18",0.255571276972055
"CR143-2-2","CO18",0.352534562211982
"CR262-4","CO18",0.347826086956522
"CROSSA","CO18",0.195767195767196
"DULAR","CO18",0.398253741981468
"EYPO","CO18",0.328102453102453
"EYPO-2","CO18",0.180918727915194
"FULKATI","CO18",0.386030725259021
"Ghanteswari","CO18",0.313912429378531
"GHATIKAMMANANGARHAR","CO18",0.218782975729863
"GotrabiDhan","CO18",0.320331803741617
"GP-145-37","CO18",0.218265162200282
"GP-145-51","CO18",0.317328136073707
"HARBHOONDI","CO18",0.258407079646018
"HongZuiEr","CO18",0.343360626557494
"IndrabaruniDhan","CO18",0.311001410437236
"IR74371-54-1-1","CO18",0.350088183421517
"IR77298-14-1-2-10","CO18",0.347237076648841
"IR77298-5-6-18","CO18",0.337345132743363
"IR83383-B-B-129-4","CO18",0.334160170092133
"IR83388-B-B108-3","CO18",0.326610049539986
"IR87707-445-B-B","CO18",0.337447108603667
"IR87707-446-B-B","CO18",0.348012889366273
"IRROEPYO","CO18",0.259535052669815
"KALINGA-1","CO18",0.303963198867657
"KANGRO","CO18",0.0376928471248247
"KHAODAWTAI","CO18",0.24140375753279
"MANDRIRAVINA","CO18",0.00509666080843585
"MAUDAMANI","CO18",0.24103656372027
"MOROBEREKAN","CO18",0.450795947901592
"MTU1010","CO18",0.315340909090909
"MTU9","CO18",0.0393714689265536
"NERICA-L-26","CO18",0.361239757748486
"NERICA-L-42","CO18",0.365690081186022
"NERICA-L-44","CO18",0.335863042710907
"PARIJAT","CO18",0.346699787083038
"Patchaiperumal","CO18",0.271700776287932
"PEH-KUH-TSAO-TU","CO18",0.0356640899508082
"PMK-2","CO18",0.286896794646002
"PRASAD-1","CO18",0.202865228157057
"PUSASUGANDH5","CO18",0.345624558927311
"PUSA1121","CO18",0.385225225225225
"Pusa1121-SN12","CO18",0.383013400941688
"PUSA44","CO18",0.343591600289645
"PUSABASMATI6","CO18",0.262303851640514
"PUSASUGANDH2","CO18",0.208245243128964
"RASI","CO18",0.338143953233467
"RKVY-104","CO18",0.398752228163993
"RKVY-143","CO18",0.292196327683616
"RKVY-28","CO18",0.375982844889207
"R-RF-44","CO18",0.329078014184397
"RRF-78","CO18",0.345402910898119
"Sadabahar","CO18",0.213449254790632
"SAFRI-17","CO18",0.220049768929968
"SAHBHAGIDHAN","CO18",0.342431761786601
"SATABHAMA","CO18",0.238515901060071
"SERATOES","CO18",0.384850665707089
"SERETY","CO18",0.0535588442565187
"SHAKU","CO18",0.265717455621302
"SR1-3-1","CO18",0.244843527738265
"SUWEON","CO18",0.234826054774241
"SWARNA","CO18",0.342368045649073
"VANAPRAVA","CO18",0.378581661891118
"VANDANA","CO18",0.380706134094151
"Wayrarem","CO18",0.36639460610362
"281785","CRDHAN-204",0.217236467236467
"282803","CRDHAN-204",0.324185552407932
"299554","CRDHAN-204",0.193829401088929
"356457","CRDHAN-204",0.332453361492432
"376579","CRDHAN-204",0.249557208643287
"376851","CRDHAN-204",0.244642857142857
"377448","CRDHAN-204",0.347400284900285
"377705","CRDHAN-204",0.344845908607864
"384190","CRDHAN-204",0.314827953174885
"426049","CRDHAN-204",0.330801836806782
"438644","CRDHAN-204",0.32445477297104
"ADAYSEL","CRDHAN-204",0.368232341340982
"AbhayaXDagadesi","CRDHAN-204",0.307951721689741
"ABHISEK","CRDHAN-204",0.196683309557775
"ABOR-A-1","CRDHAN-204",0.352742165242165
"ANJALI","CRDHAN-204",0.179659815733522
"Annada","CRDHAN-204",0.335589597434984
"Apo","CRDHAN-204",0.291089811856585
"ARC10319","CRDHAN-204",0.3575
"ARC12071","CRDHAN-204",0.259265795975997
"ARNAPURNA","CRDHAN-204",0.234827099505999
"ASD16","CRDHAN-204",0.193714488636364
"AUS257","CRDHAN-204",0.199036058550518
"BAKAL","CRDHAN-204",0.402917867435158
"BAM1057","CRDHAN-204",0.408602150537634
"BAM1098","CRDHAN-204",0.415348670021567
"BAM1659","CRDHAN-204",0.235821966977746
"BAM1689","CRDHAN-204",0.397661870503597
"BAM1708","CRDHAN-204",0.406575637800934
"BAM1812","CRDHAN-204",0.346756949394155
"BAM2096","CRDHAN-204",0.256723283793348
"BAM2166","CRDHAN-204",0.316985214569059
"BAM247","CRDHAN-204",0.322454771195459
"BAM2574","CRDHAN-204",0.237606232294618
"BAM2680","CRDHAN-204",0.237159050655331
"BAM3154","CRDHAN-204",0.319583931133429
"BAM3181","CRDHAN-204",0.262158324458644
"BAM326","CRDHAN-204",0.245122383824051
"BAM328","CRDHAN-204",0.359879389854558
"BAM350","CRDHAN-204",0.379102225575255
"BAM3690","CRDHAN-204",0.360344209394048
"BAM4009","CRDHAN-204",0.411585365853659
"BAM4054","CRDHAN-204",0.204337094499295
"BAM4138","CRDHAN-204",0.324605451936872
"BAM4168","CRDHAN-204",0.292161093131967
"BAM4234","CRDHAN-204",0.197765164952111
"BAM4254","CRDHAN-204",0.196085409252669
"BAM4477","CRDHAN-204",0.352207977207977
"BAM4496","CRDHAN-204",0.34966395472232
"BAM4510","CRDHAN-204",0.314530524812567
"BAM4521","CRDHAN-204",0.315533980582524
"BAM4534","CRDHAN-204",0.415922884684041
"BAM4797","CRDHAN-204",0.244362226920366
"BAM491","CRDHAN-204",0.376248216833096
"BAM4928","CRDHAN-204",0.290714285714286
"BAM5110","CRDHAN-204",0.105431309904153
"BAM56","CRDHAN-204",0.311699857752489
"BAM5779","CRDHAN-204",0.278535534816942
"BAM5850","CRDHAN-204",0.422054597701149
"BAM6921","CRDHAN-204",0.296190815236739
"BAM712","CRDHAN-204",0.330733782346686
"BAM742","CRDHAN-204",0.333630527817404
"BAM7429","CRDHAN-204",0.349911190053286
"BAM7449","CRDHAN-204",0.413669064748201
"BAM747","CRDHAN-204",0.33321479374111
"BAM759","CRDHAN-204",0.37743993993994
"BAM766","CRDHAN-204",0.334230355220667
"BAM807","CRDHAN-204",0.279700321084552
"BAM811","CRDHAN-204",0.336582772066643
"BAM812","CRDHAN-204",0.231468282252316
"BAM819","CRDHAN-204",0.218181818181818
"BAM8296","CRDHAN-204",0.321302193913659
"BAM8305","CRDHAN-204",0.32583065380493
"BAM8315","CRDHAN-204",0.32433881343817
"BAM8364","CRDHAN-204",0.23984319315752
"BAMAWPYAN","CRDHAN-204",0.313711414213927
"BENAMURI","CRDHAN-204",0.249467707594038
"BLACKGORA","CRDHAN-204",0.210321668434076
"CGR1656","CRDHAN-204",0.355314610735869
"CGR1679","CRDHAN-204",0.240616147308782
"CGR2012","CRDHAN-204",0.240938166311301
"CO18","CRDHAN-204",0.255571276972055
"CRDHAN-204","CRDHAN-204",0
"CR143-2-2","CRDHAN-204",0.294880910060434
"CR262-4","CRDHAN-204",0.289567068843151
"CROSSA","CRDHAN-204",0.247613997879109
"DULAR","CRDHAN-204",0.417859699355762
"EYPO","CRDHAN-204",0.368211440984794
"EYPO-2","CRDHAN-204",0.248403122782115
"FULKATI","CRDHAN-204",0.405667144906743
"Ghanteswari","CRDHAN-204",0.342553191489362
"GHATIKAMMANANGARHAR","CRDHAN-204",0.21070293182621
"GotrabiDhan","CRDHAN-204",0.312079348211123
"GP-145-37","CRDHAN-204",0.249735075944896
"GP-145-51","CRDHAN-204",0.348597799077032
"HARBHOONDI","CRDHAN-204",0.110401135960241
"HongZuiEr","CRDHAN-204",0.347678571428571
"IndrabaruniDhan","CRDHAN-204",0.287433628318584
"IR74371-54-1-1","CRDHAN-204",0.291092258748674
"IR77298-14-1-2-10","CRDHAN-204",0.295096635647817
"IR77298-5-6-18","CRDHAN-204",0.314808238636364
"IR83383-B-B-129-4","CRDHAN-204",0.323027718550107
"IR83388-B-B108-3","CRDHAN-204",0.300995024875622
"IR87707-445-B-B","CRDHAN-204",0.31530576175327
"IR87707-446-B-B","CRDHAN-204",0.291502330584439
"IRROEPYO","CRDHAN-204",0.28855267954794
"KALINGA-1","CRDHAN-204",0.329549485633203
"KANGRO","CRDHAN-204",0.257671957671958
"KHAODAWTAI","CRDHAN-204",0.220064148253742
"MANDRIRAVINA","CRDHAN-204",0.256455606650159
"MAUDAMANI","CRDHAN-204",0.194809811589051
"MOROBEREKAN","CRDHAN-204",0.42854552049329
"MTU1010","CRDHAN-204",0.309158945117605
"MTU9","CRDHAN-204",0.26063829787234
"NERICA-L-26","CRDHAN-204",0.29188996070025
"NERICA-L-42","CRDHAN-204",0.292449485997873
"NERICA-L-44","CRDHAN-204",0.290796460176991
"PARIJAT","CRDHAN-204",0.31661330487371
"Patchaiperumal","CRDHAN-204",0.342533616418967
"PEH-KUH-TSAO-TU","CRDHAN-204",0.257693668199505
"PMK-2","CRDHAN-204",0.350300459526334
"PRASAD-1","CRDHAN-204",0.221570717839375
"PUSASUGANDH5","CRDHAN-204",0.321643641516118
"PUSA1121","CRDHAN-204",0.385574837310195
"Pusa1121-SN12","CRDHAN-204",0.388666908826734
"PUSA44","CRDHAN-204",0.301962209302326
"PUSABASMATI6","CRDHAN-204",0.256703611011798
"PUSASUGANDH2","CRDHAN-204",0.187102473498233
"RASI","CRDHAN-204",0.327586206896552
"RKVY-104","CRDHAN-204",0.416487839771102
"RKVY-143","CRDHAN-204",0.356712716967765
"RKVY-28","CRDHAN-204",0.414213926776741
"R-RF-44","CRDHAN-204",0.265647226173542
"RRF-78","CRDHAN-204",0.354292839330246
"Sadabahar","CRDHAN-204",0.247864768683274
"SAFRI-17","CRDHAN-204",0.206218727662616
"SAHBHAGIDHAN","CRDHAN-204",0.312255772646536
"SATABHAMA","CRDHAN-204",0.184929078014184
"SERATOES","CRDHAN-204",0.415823699421965
"SERETY","CRDHAN-204",0.257264351523742
"SHAKU","CRDHAN-204",0.201375976199331
"SR1-3-1","CRDHAN-204",0.210976478973628
"SUWEON","CRDHAN-204",0.233333333333333
"SWARNA","CRDHAN-204",0.312678571428571
"VANAPRAVA","CRDHAN-204",0.408405172413793
"VANDANA","CRDHAN-204",0.323908375089477
"Wayrarem","CRDHAN-204",0.29288256227758
"281785","CR143-2-2",0.34024303073624
"282803","CR143-2-2",0.229528535980149
"299554","CR143-2-2",0.196903460837887
"356457","CR143-2-2",0.244452271926735
"376579","CR143-2-2",0.363555713271824
"376851","CR143-2-2",0.356068743286788
"377448","CR143-2-2",0.257051053195287
"377705","CR143-2-2",0.251596877217885
"384190","CR143-2-2",0.401671408250356
"426049","CR143-2-2",0.24416135881104
"438644","CR143-2-2",0.231305903398927
"ADAYSEL","CR143-2-2",0.286970567121321
"AbhayaXDagadesi","CR143-2-2",0.22228144989339
"ABHISEK","CR143-2-2",0.326242402574187
"ABOR-A-1","CR143-2-2",0.245986443096682
"ANJALI","CR143-2-2",0.326998223801066
"Annada","CR143-2-2",0.425277082588488
"Apo","CR143-2-2",0.175718849840256
"ARC10319","CR143-2-2",0.259113652609006
"ARC12071","CR143-2-2",0.354210898796886
"ARNAPURNA","CR143-2-2",0.357370095440085
"ASD16","CR143-2-2",0.324074074074074
"AUS257","CR143-2-2",0.276584317937701
"BAKAL","CR143-2-2",0.317952415284787
"BAM1057","CR143-2-2",0.326625943226734
"BAM1098","CR143-2-2",0.326860841423948
"BAM1659","CR143-2-2",0.342872570194384
"BAM1689","CR143-2-2",0.318475916606758
"BAM1708","CR143-2-2",0.315893563466379
"BAM1812","CR143-2-2",0.254723707664884
"BAM2096","CR143-2-2",0.352711804324708
"BAM2166","CR143-2-2",0.405899384726746
"BAM247","CR143-2-2",0.250355618776671
"BAM2574","CR143-2-2",0.350942725008894
"BAM2680","CR143-2-2",0.345060412224591
"BAM3154","CR143-2-2",0.206072583542939
"BAM3181","CR143-2-2",0.368992524029904
"BAM326","CR143-2-2",0.349358974358974
"BAM328","CR143-2-2",0.263559021623538
"BAM350","CR143-2-2",0.280566037735849
"BAM3690","CR143-2-2",0.265317090648513
"BAM4009","CR143-2-2",0.333751343604443
"BAM4054","CR143-2-2",0.322198656769176
"BAM4138","CR143-2-2",0.425772825305536
"BAM4168","CR143-2-2",0.383074702273547
"BAM4234","CR143-2-2",0.343649946638207
"BAM4254","CR143-2-2",0.345535714285714
"BAM4477","CR143-2-2",0.261683910096325
"BAM4496","CR143-2-2",0.261331444759207
"BAM4510","CR143-2-2",0.415324024346581
"BAM4521","CR143-2-2",0.406678700361011
"BAM4534","CR143-2-2",0.325062477686541
"BAM4797","CR143-2-2",0.357243816254417
"BAM491","CR143-2-2",0.282119914346895
"BAM4928","CR143-2-2",0.395198853457542
"BAM5110","CR143-2-2",0.289782840868636
"BAM56","CR143-2-2",0.410338680926916
"BAM5779","CR143-2-2",0.360661632506293
"BAM5850","CR143-2-2",0.336148041681638
"BAM6921","CR143-2-2",0.196905016008538
"BAM712","CR143-2-2",0.418856534090909
"BAM742","CR143-2-2",0.422031473533619
"BAM7429","CR143-2-2",0.259081196581197
"BAM7449","CR143-2-2",0.327567567567568
"BAM747","CR143-2-2",0.423296468069925
"BAM759","CR143-2-2",0.283783783783784
"BAM766","CR143-2-2",0.421279654924515
"BAM807","CR143-2-2",0.35997145915091
"BAM811","CR143-2-2",0.259226401703336
"BAM812","CR143-2-2",0.356198642372276
"BAM819","CR143-2-2",0.3506075768406
"BAM8296","CR143-2-2",0.199964576691463
"BAM8305","CR143-2-2",0.244912531238843
"BAM8315","CR143-2-2",0.406418070993187
"BAM8364","CR143-2-2",0.338692390139335
"BAMAWPYAN","CR143-2-2",0.409974792942024
"BENAMURI","CR143-2-2",0.352742165242165
"BLACKGORA","CR143-2-2",0.328667611622962
"CGR1656","CR143-2-2",0.25801282051282
"CGR1679","CR143-2-2",0.350462304409673
"CGR2012","CR143-2-2",0.344385026737968
"CO18","CR143-2-2",0.352534562211982
"CRDHAN-204","CR143-2-2",0.294880910060434
"CR143-2-2","CR143-2-2",0
"CR262-4","CR143-2-2",0.00406216884493116
"CROSSA","CR143-2-2",0.345200141693234
"DULAR","CR143-2-2",0.336621233859397
"EYPO","CR143-2-2",0.279912980420595
"EYPO-2","CR143-2-2",0.339025257915333
"FULKATI","CR143-2-2",0.317594254937163
"Ghanteswari","CR143-2-2",0.251242897727273
"GHATIKAMMANANGARHAR","CR143-2-2",0.317651220374956
"GotrabiDhan","CR143-2-2",0.239184397163121
"GP-145-37","CR143-2-2",0.347340425531915
"GP-145-51","CR143-2-2",0.255871886120996
"HARBHOONDI","CR143-2-2",0.207369170523318
"HongZuiEr","CR143-2-2",0.253485877726135
"IndrabaruniDhan","CR143-2-2",0.209248759744862
"IR74371-54-1-1","CR143-2-2",0.0989030431705591
"IR77298-14-1-2-10","CR143-2-2",0.198642372275813
"IR77298-5-6-18","CR143-2-2",0.23411430599929
"IR83383-B-B-129-4","CR143-2-2",0.235849056603774
"IR83388-B-B108-3","CR143-2-2",0.19950213371266
"IR87707-445-B-B","CR143-2-2",0.227610619469026
"IR87707-446-B-B","CR143-2-2",0.178173318950018
"IRROEPYO","CR143-2-2",0.394399707174231
"KALINGA-1","CR143-2-2",0.240411931818182
"KANGRO","CR143-2-2",0.353783592644979
"KHAODAWTAI","CR143-2-2",0.338513754912469
"MANDRIRAVINA","CR143-2-2",0.352993269571378
"MAUDAMANI","CR143-2-2",0.322154834106315
"MOROBEREKAN","CR143-2-2",0.344952795933188
"MTU1010","CR143-2-2",0.226721369960756
"MTU9","CR143-2-2",0.358031272210377
"NERICA-L-26","CR143-2-2",0.145
"NERICA-L-42","CR143-2-2",0.148194050991501
"NERICA-L-44","CR143-2-2",0.221119773210489
"PARIJAT","CR143-2-2",0.235126469540435
"Patchaiperumal","CR143-2-2",0.262048192771084
"PEH-KUH-TSAO-TU","CR143-2-2",0.353649893692417
"PMK-2","CR143-2-2",0.246725663716814
"PRASAD-1","CR143-2-2",0.337602276769833
"PUSASUGANDH5","CR143-2-2",0.232825779036827
"PUSA1121","CR143-2-2",0.288245931283906
"Pusa1121-SN12","CR143-2-2",0.289760348583878
"PUSA44","CR143-2-2",0.219330178376411
"PUSABASMATI6","CR143-2-2",0.361809045226131
"PUSASUGANDH2","CR143-2-2",0.308537017357421
"RASI","CR143-2-2",0.23489564262175
"RKVY-104","CR143-2-2",0.332558970693352
"RKVY-143","CR143-2-2",0.259311812699539
"RKVY-28","CR143-2-2",0.327821710999281
"R-RF-44","CR143-2-2",0.220106761565836
"RRF-78","CR143-2-2",0.252492877492878
"Sadabahar","CR143-2-2",0.353193007491973
"SAFRI-17","CR143-2-2",0.316994633273703
"SAHBHAGIDHAN","CR143-2-2",0.233380732314255
"SATABHAMA","CR143-2-2",0.187388987566607
"SERATOES","CR143-2-2",0.335019877123238
"SERETY","CR143-2-2",0.349786931818182
"SHAKU","CR143-2-2",0.306487695749441
"SR1-3-1","CR143-2-2",0.319285714285714
"SUWEON","CR143-2-2",0.333581811405144
"SWARNA","CR143-2-2",0.222977809591983
"VANAPRAVA","CR143-2-2",0.324757106872976
"VANDANA","CR143-2-2",0.213467048710602
"Wayrarem","CR143-2-2",0.175382426182853
"281785","CR262-4",0.335887384176764
"282803","CR262-4",0.229232944503358
"299554","CR262-4",0.198585418933623
"356457","CR262-4",0.244987689060851
"376579","CR262-4",0.35833038556774
"376851","CR262-4",0.350642398286938
"377448","CR262-4",0.256766381766382
"377705","CR262-4",0.252124645892351
"384190","CR262-4",0.396735273243435
"426049","CR262-4",0.244800845964046
"438644","CR262-4",0.230782918149466
"ADAYSEL","CR262-4",0.287759484609878
"AbhayaXDagadesi","CR262-4",0.222872340425532
"ABHISEK","CR262-4",0.32174688057041
"ABOR-A-1","CR262-4",0.246983676366217
"ANJALI","CR262-4",0.323071479122435
"Annada","CR262-4",0.419843249020306
"Apo","CR262-4",0.175221238938053
"ARC10319","CR262-4",0.259087669280114
"ARC12071","CR262-4",0.34925952045134
"ARNAPURNA","CR262-4",0.352308776876983
"ASD16","CR262-4",0.319069602272727
"AUS257","CR262-4",0.272127052105639
"BAKAL","CR262-4",0.320416218155723
"BAM1057","CR262-4",0.32737030411449
"BAM1098","CR262-4",0.32605583392985
"BAM1659","CR262-4",0.339131994261119
"BAM1689","CR262-4",0.318980983135989
"BAM1708","CR262-4",0.316911501254031
"BAM1812","CR262-4",0.254888019907572
"BAM2096","CR262-4",0.347418670438472
"BAM2166","CR262-4",0.402020931071815
"BAM247","CR262-4",0.25070821529745
"BAM2574","CR262-4",0.344913151364764
"BAM2680","CR262-4",0.341480694296847
"BAM3154","CR262-4",0.205164992826399
"BAM3181","CR262-4",0.365056818181818
"BAM326","CR262-4",0.344326241134752
"BAM328","CR262-4",0.26417434443657
"BAM350","CR262-4",0.282894736842105
"BAM3690","CR262-4",0.266356810868788
"BAM4009","CR262-4",0.335300429184549
"BAM4054","CR262-4",0.317941487486782
"BAM4138","CR262-4",0.423324973127911
"BAM4168","CR262-4",0.380669546436285
"BAM4234","CR262-4",0.339247693399574
"BAM4254","CR262-4",0.340569395017794
"BAM4477","CR262-4",0.261016346837242
"BAM4496","CR262-4",0.261199294532628
"BAM4510","CR262-4",0.412236889047449
"BAM4521","CR262-4",0.403132877205618
"BAM4534","CR262-4",0.327752048450303
"BAM4797","CR262-4",0.352360817477097
"BAM491","CR262-4",0.281617385108657
"BAM4928","CR262-4",0.391350964974982
"BAM5110","CR262-4",0.285536602700782
"BAM56","CR262-4",0.407571987202275
"BAM5779","CR262-4",0.357373519913886
"BAM5850","CR262-4",0.337876614060258
"BAM6921","CR262-4",0.196631205673759
"BAM712","CR262-4",0.414483002832861
"BAM742","CR262-4",0.417380442541042
"BAM7429","CR262-4",0.259127968805388
"BAM7449","CR262-4",0.328838547285149
"BAM747","CR262-4",0.418683274021352
"BAM759","CR262-4",0.285393258426966
"BAM766","CR262-4",0.416786226685796
"BAM807","CR262-4",0.356481481481482
"BAM811","CR262-4",0.260014179369018
"BAM812","CR262-4",0.351033499643621
"BAM819","CR262-4",0.346331908831909
"BAM8296","CR262-4",0.200105969622042
"BAM8305","CR262-4",0.245989304812834
"BAM8315","CR262-4",0.402321428571429
"BAM8364","CR262-4",0.334164588528678
"BAMAWPYAN","CR262-4",0.407181328545781
"BENAMURI","CR262-4",0.348721590909091
"BLACKGORA","CR262-4",0.324796891557753
"CGR1656","CR262-4",0.258681785967399
"CGR1679","CR262-4",0.345854004252303
"CGR2012","CR262-4",0.339964476021314
"CO18","CR262-4",0.347826086956522
"CRDHAN-204","CR262-4",0.289567068843151
"CR143-2-2","CR262-4",0.00406216884493116
"CR262-4","CR262-4",0
"CROSSA","CR262-4",0.340989399293286
"DULAR","CR262-4",0.338450553373795
"EYPO","CR262-4",0.279241877256318
"EYPO-2","CR262-4",0.335579992905286
"FULKATI","CR262-4",0.320278969957081
"Ghanteswari","CR262-4",0.250619469026549
"GHATIKAMMANANGARHAR","CR262-4",0.313161609033169
"GotrabiDhan","CR262-4",0.239583333333333
"GP-145-37","CR262-4",0.342281879194631
"GP-145-51","CR262-4",0.255851063829787
"HARBHOONDI","CR262-4",0.202875399361022
"HongZuiEr","CR262-4",0.253561253561254
"IndrabaruniDhan","CR262-4",0.209039548022599
"IR74371-54-1-1","CR262-4",0.0964726631393298
"IR77298-14-1-2-10","CR262-4",0.199785943631823
"IR77298-5-6-18","CR262-4",0.233522324592488
"IR83383-B-B-129-4","CR262-4",0.234918381831086
"IR83388-B-B108-3","CR262-4",0.198795180722892
"IR87707-445-B-B","CR262-4",0.226984126984127
"IR87707-446-B-B","CR262-4",0.17921146953405
"IRROEPYO","CR262-4",0.390123906705539
"KALINGA-1","CR262-4",0.240176991150442
"KANGRO","CR262-4",0.348484848484849
"KHAODAWTAI","CR262-4",0.333155270655271
"MANDRIRAVINA","CR262-4",0.348586572438162
"MAUDAMANI","CR262-4",0.315770736917052
"MOROBEREKAN","CR262-4",0.346557971014493
"MTU1010","CR262-4",0.226820603907638
"MTU9","CR262-4",0.352993269571378
"NERICA-L-26","CR262-4",0.144333570919458
"NERICA-L-42","CR262-4",0.149135192375574
"NERICA-L-44","CR262-4",0.221123277993642
"PARIJAT","CR262-4",0.234291799787007
"Patchaiperumal","CR262-4",0.262089657606777
"PEH-KUH-TSAO-TU","CR262-4",0.348516949152542
"PMK-2","CR262-4",0.246647847565279
"PRASAD-1","CR262-4",0.334397163120567
"PUSASUGANDH5","CR262-4",0.23172024019781
"PUSA1121","CR262-4",0.288315903353768
"Pusa1121-SN12","CR262-4",0.290217391304348
"PUSA44","CR262-4",0.219746376811594
"PUSABASMATI6","CR262-4",0.356657122405154
"PUSASUGANDH2","CR262-4",0.304378531073446
"RASI","CR262-4",0.237755847953216
"RKVY-104","CR262-4",0.334224598930481
"RKVY-143","CR262-4",0.25954738330976
"RKVY-28","CR262-4",0.328673835125448
"R-RF-44","CR262-4",0.218217329545455
"RRF-78","CR262-4",0.253641207815275
"Sadabahar","CR262-4",0.347493778883754
"SAFRI-17","CR262-4",0.312321428571429
"SAHBHAGIDHAN","CR262-4",0.231314204746723
"SATABHAMA","CR262-4",0.181560283687943
"SERATOES","CR262-4",0.337062432334897
"SERETY","CR262-4",0.344723796033994
"SHAKU","CR262-4",0.302044609665427
"SR1-3-1","CR262-4",0.314768683274021
"SUWEON","CR262-4",0.330483271375465
"SWARNA","CR262-4",0.222142857142857
"VANAPRAVA","CR262-4",0.326048011465425
"VANDANA","CR262-4",0.214668094218415
"Wayrarem","CR262-4",0.175896343627973
"281785","CROSSA",0.233214920071048
"282803","CROSSA",0.347457627118644
"299554","CROSSA",0.358411892675852
"356457","CROSSA",0.334678834678835
"376579","CROSSA",0.155555555555556
"376851","CROSSA",0.151671408250356
"377448","CROSSA",0.272840383931745
"377705","CROSSA",0.342170378225521
"384190","CROSSA",0.298053097345133
"426049","CROSSA",0.33409651285664
"438644","CROSSA",0.339921652421652
"ADAYSEL","CROSSA",0.374463519313305
"AbhayaXDagadesi","CROSSA",0.34714842366277
"ABHISEK","CROSSA",0.242354196301565
"ABOR-A-1","CROSSA",0.330373001776199
"ANJALI","CROSSA",0.230144722908577
"Annada","CROSSA",0.348560255954497
"Apo","CROSSA",0.3546388101983
"ARC10319","CROSSA",0.315948736205055
"ARC12071","CROSSA",0.207630098452883
"ARNAPURNA","CROSSA",0.175685172171469
"ASD16","CROSSA",0.221317280453258
"AUS257","CROSSA",0.241551049448595
"BAKAL","CROSSA",0.391101542877646
"BAM1057","CROSSA",0.386981402002861
"BAM1098","CROSSA",0.401431127012522
"BAM1659","CROSSA",0.206964285714286
"BAM1689","CROSSA",0.369674185463659
"BAM1708","CROSSA",0.395094880057286
"BAM1812","CROSSA",0.247424511545293
"BAM2096","CROSSA",0.180985915492958
"BAM2166","CROSSA",0.29960460100647
"BAM247","CROSSA",0.331093031482137
"BAM2574","CROSSA",0.156592435489572
"BAM2680","CROSSA",0.233121244255921
"BAM3154","CROSSA",0.301896921975662
"BAM3181","CROSSA",0.183362831858407
"BAM326","CROSSA",0.127742392073602
"BAM328","CROSSA",0.295542978422356
"BAM350","CROSSA",0.312992865189636
"BAM3690","CROSSA",0.340478742408003
"BAM4009","CROSSA",0.401929260450161
"BAM4054","CROSSA",0.220815752461322
"BAM4138","CROSSA",0.308886509635974
"BAM4168","CROSSA",0.280645161290323
"BAM4234","CROSSA",0.255484784147205
"BAM4254","CROSSA",0.255772646536412
"BAM4477","CROSSA",0.336408800567779
"BAM4496","CROSSA",0.296616143813888
"BAM4510","CROSSA",0.290138839444642
"BAM4521","CROSSA",0.291711517761033
"BAM4534","CROSSA",0.397973693565588
"BAM4797","CROSSA",0.157830056179775
"BAM491","CROSSA",0.304409672830726
"BAM4928","CROSSA",0.285383244206774
"BAM5110","CROSSA",0.229883020205601
"BAM56","CROSSA",0.290809084457062
"BAM5779","CROSSA",0.298926654740608
"BAM5850","CROSSA",0.395952722063037
"BAM6921","CROSSA",0.356407525736599
"BAM712","CROSSA",0.343584305408271
"BAM742","CROSSA",0.349573257467994
"BAM7429","CROSSA",0.240163062743708
"BAM7449","CROSSA",0.397992111868053
"BAM747","CROSSA",0.345035460992908
"BAM759","CROSSA",0.371166791323859
"BAM766","CROSSA",0.347693957811941
"BAM807","CROSSA",0.297690941385435
"BAM811","CROSSA",0.332390381895332
"BAM812","CROSSA",0.227272727272727
"BAM819","CROSSA",0.233380732314255
"BAM8296","CROSSA",0.343915343915344
"BAM8305","CROSSA",0.35688857244571
"BAM8315","CROSSA",0.32174688057041
"BAM8364","CROSSA",0.238644428672818
"BAMAWPYAN","CROSSA",0.292918454935622
"BENAMURI","CROSSA",0.175460339943343
"BLACKGORA","CROSSA",0.21961958436069
"CGR1656","CROSSA",0.282654867256637
"CGR1679","CROSSA",0.127121640735502
"CGR2012","CROSSA",0.0691790516631281
"CO18","CROSSA",0.195767195767196
"CRDHAN-204","CROSSA",0.247613997879109
"CR143-2-2","CROSSA",0.345200141693234
"CR262-4","CROSSA",0.340989399293286
"CROSSA","CROSSA",0
"DULAR","CROSSA",0.406060606060606
"EYPO","CROSSA",0.320938628158845
"EYPO-2","CROSSA",0.222791519434629
"FULKATI","CROSSA",0.392205934930282
"Ghanteswari","CROSSA",0.3273788468341
"GHATIKAMMANANGARHAR","CROSSA",0.231866197183099
"GotrabiDhan","CROSSA",0.337866478276228
"GP-145-37","CROSSA",0.138429024304332
"GP-145-51","CROSSA",0.238036157390996
"HARBHOONDI","CROSSA",0.249822820694543
"HongZuiEr","CROSSA",0.327868852459016
"IndrabaruniDhan","CROSSA",0.334333098094566
"IR74371-54-1-1","CROSSA",0.340508115737474
"IR77298-14-1-2-10","CROSSA",0.3509272467903
"IR77298-5-6-18","CROSSA",0.359242209631728
"IR83383-B-B-129-4","CROSSA",0.355673758865248
"IR83388-B-B108-3","CROSSA",0.346956829440906
"IR87707-445-B-B","CROSSA",0.363267466478476
"IR87707-446-B-B","CROSSA",0.349803079126387
"IRROEPYO","CROSSA",0.278566229985444
"KALINGA-1","CROSSA",0.317185289957567
"KANGRO","CROSSA",0.205096660808436
"KHAODAWTAI","CROSSA",0.22165131112686
"MANDRIRAVINA","CROSSA",0.195843606903839
"MAUDAMANI","CROSSA",0.236431358637815
"MOROBEREKAN","CROSSA",0.454940282301846
"MTU1010","CROSSA",0.346946022727273
"MTU9","CROSSA",0.207877075238432
"NERICA-L-26","CROSSA",0.34644128113879
"NERICA-L-42","CROSSA",0.351146384479718
"NERICA-L-44","CROSSA",0.336511299435028
"PARIJAT","CROSSA",0.346631205673759
"Patchaiperumal","CROSSA",0.278306878306878
"PEH-KUH-TSAO-TU","CROSSA",0.203383856186112
"PMK-2","CROSSA",0.327871740662438
"PRASAD-1","CROSSA",0.234867256637168
"PUSASUGANDH5","CROSSA",0.363700564971751
"PUSA1121","CROSSA",0.38746849117753
"Pusa1121-SN12","CROSSA",0.395079594790159
"PUSA44","CROSSA",0.347353154459753
"PUSABASMATI6","CROSSA",0.2825
"PUSASUGANDH2","CROSSA",0.231488011283498
"RASI","CROSSA",0.344367227505486
"RKVY-104","CROSSA",0.402069211559044
"RKVY-143","CROSSA",0.244436594842812
"RKVY-28","CROSSA",0.389860764012853
"R-RF-44","CROSSA",0.353014184397163
"RRF-78","CROSSA",0.366347177848775
"Sadabahar","CROSSA",0.177179305457123
"SAFRI-17","CROSSA",0.225783475783476
"SAHBHAGIDHAN","CROSSA",0.34141592920354
"SATABHAMA","CROSSA",0.231707317073171
"SERATOES","CROSSA",0.396613832853026
"SERETY","CROSSA",0.206920903954802
"SHAKU","CROSSA",0.256576509818451
"SR1-3-1","CROSSA",0.246979388770434
"SUWEON","CROSSA",0.247959940652819
"SWARNA","CROSSA",0.335292022792023
"VANAPRAVA","CROSSA",0.38815318539728
"VANDANA","CROSSA",0.37981455064194
"Wayrarem","CROSSA",0.357396239801348
"281785","DULAR",0.416307471264368
"282803","DULAR",0.339693295292439
"299554","DULAR",0.346322722283205
"356457","DULAR",0.336053938963804
"376579","DULAR",0.394464285714286
"376851","DULAR",0.401296829971182
"377448","DULAR",0.312140804597701
"377705","DULAR",0.350303679885673
"384190","DULAR",0.256708407871199
"426049","DULAR",0.335943060498221
"438644","DULAR",0.337410071942446
"ADAYSEL","DULAR",0.243418680129823
"AbhayaXDagadesi","DULAR",0.343000358037952
"ABHISEK","DULAR",0.420446364290857
"ABOR-A-1","DULAR",0.335306781485468
"ANJALI","DULAR",0.426428571428571
"Annada","DULAR",0.398527298850575
"Apo","DULAR",0.331785714285714
"ARC10319","DULAR",0.327344592166727
"ARC12071","DULAR",0.398042704626335
"ARNAPURNA","DULAR",0.419452347083926
"ASD16","DULAR",0.417472252058718
"AUS257","DULAR",0.41015484335614
"BAKAL","DULAR",0.183182640144665
"BAM1057","DULAR",0.172376487558601
"BAM1098","DULAR",0.204004329004329
"BAM1659","DULAR",0.410094066570188
"BAM1689","DULAR",0.213150289017341
"BAM1708","DULAR",0.184704184704185
"BAM1812","DULAR",0.314874551971326
"BAM2096","DULAR",0.389344262295082
"BAM2166","DULAR",0.29322897706589
"BAM247","DULAR",0.326950608446671
"BAM2574","DULAR",0.396779964221825
"BAM2680","DULAR",0.431404072883173
"BAM3154","DULAR",0.321635311143271
"BAM3181","DULAR",0.410880458124553
"BAM326","DULAR",0.401075268817204
"BAM328","DULAR",0.305
"BAM350","DULAR",0.241203178206583
"BAM3690","DULAR",0.329967544175983
"BAM4009","DULAR",0.193251533742331
"BAM4054","DULAR",0.416814788482048
"BAM4138","DULAR",0.274368231046931
"BAM4168","DULAR",0.341436865021771
"BAM4234","DULAR",0.409692417739628
"BAM4254","DULAR",0.410445082555635
"BAM4477","DULAR",0.324130512728577
"BAM4496","DULAR",0.323005698005698
"BAM4510","DULAR",0.261776339446242
"BAM4521","DULAR",0.25018115942029
"BAM4534","DULAR",0.140193617784152
"BAM4797","DULAR",0.382373845060412
"BAM491","DULAR",0.259605026929982
"BAM4928","DULAR",0.295250089960417
"BAM5110","DULAR",0.421891795055536
"BAM56","DULAR",0.266403728935102
"BAM5779","DULAR",0.377215189873418
"BAM5850","DULAR",0.174548736462094
"BAM6921","DULAR",0.340193271295633
"BAM712","DULAR",0.396964285714286
"BAM742","DULAR",0.39902807775378
"BAM7429","DULAR",0.316684568564268
"BAM7449","DULAR",0.147143890093999
"BAM747","DULAR",0.396805455850682
"BAM759","DULAR",0.239441930618401
"BAM766","DULAR",0.396888567293777
"BAM807","DULAR",0.375943905070119
"BAM811","DULAR",0.320457796852647
"BAM812","DULAR",0.401474289823804
"BAM819","DULAR",0.411817528735632
"BAM8296","DULAR",0.332738944365193
"BAM8305","DULAR",0.331713462922966
"BAM8315","DULAR",0.351945244956772
"BAM8364","DULAR",0.387711103126123
"BAMAWPYAN","DULAR",0.266726943942134
"BENAMURI","DULAR",0.409530634181297
"BLACKGORA","DULAR",0.413492346030616
"CGR1656","DULAR",0.325277479412818
"CGR1679","DULAR",0.399105545617173
"CGR2012","DULAR",0.405836018617973
"CO18","DULAR",0.398253741981468
"CRDHAN-204","DULAR",0.417859699355762
"CR143-2-2","DULAR",0.336621233859397
"CR262-4","DULAR",0.338450553373795
"CROSSA","DULAR",0.406060606060606
"DULAR","DULAR",0
"EYPO","DULAR",0.287691187181355
"EYPO-2","DULAR",0.417352415026834
"FULKATI","DULAR",0.165107913669065
"Ghanteswari","DULAR",0.332857142857143
"GHATIKAMMANANGARHAR","DULAR",0.410758817242608
"GotrabiDhan","DULAR",0.32762312633833
"GP-145-37","DULAR",0.405771286070538
"GP-145-51","DULAR",0.319727891156463
"HARBHOONDI","DULAR",0.415293696275072
"HongZuiEr","DULAR",0.329439252336449
"IndrabaruniDhan","DULAR",0.34270462633452
"IR74371-54-1-1","DULAR",0.331669044222539
"IR77298-14-1-2-10","DULAR",0.337779379956741
"IR77298-5-6-18","DULAR",0.337030411449016
"IR83383-B-B-129-4","DULAR",0.33345259391771
"IR83388-B-B108-3","DULAR",0.332677165354331
"IR87707-445-B-B","DULAR",0.339158345221113
"IR87707-446-B-B","DULAR",0.337793851717902
"IRROEPYO","DULAR",0.310294117647059
"KALINGA-1","DULAR",0.345659163987138
"KANGRO","DULAR",0.3984375
"KHAODAWTAI","DULAR",0.421875
"MANDRIRAVINA","DULAR",0.39554367201426
"MAUDAMANI","DULAR",0.418462643678161
"MOROBEREKAN","DULAR",0.327913774205334
"MTU1010","DULAR",0.343604442852024
"MTU9","DULAR",0.401287553648069
"NERICA-L-26","DULAR",0.350485786254048
"NERICA-L-42","DULAR",0.35253209700428
"NERICA-L-44","DULAR",0.34093338083363
"PARIJAT","DULAR",0.328550932568149
"Patchaiperumal","DULAR",0.311586452762923
"PEH-KUH-TSAO-TU","DULAR",0.398111863199145
"PMK-2","DULAR",0.336123975774849
"PRASAD-1","DULAR",0.403116045845272
"PUSASUGANDH5","DULAR",0.32309889325241
"PUSA1121","DULAR",0.284780239738467
"Pusa1121-SN12","DULAR",0.290782735918069
"PUSA44","DULAR",0.335285505124451
"PUSABASMATI6","DULAR",0.400216528329123
"PUSASUGANDH2","DULAR",0.426229508196721
"RASI","DULAR",0.345330380214101
"RKVY-104","DULAR",0.175826149425287
"RKVY-143","DULAR",0.317712045616536
"RKVY-28","DULAR",0.183783783783784
"R-RF-44","DULAR",0.344141884629165
"RRF-78","DULAR",0.268266475644699
"Sadabahar","DULAR",0.39167862266858
"SAFRI-17","DULAR",0.414625360230548
"SAHBHAGIDHAN","DULAR",0.326950608446671
"SATABHAMA","DULAR",0.418812589413448
"SERATOES","DULAR",0.174346879535559
"SERETY","DULAR",0.401214719542694
"SHAKU","DULAR",0.406367041198502
"SR1-3-1","DULAR",0.412410071942446
"SUWEON","DULAR",0.365118021730985
"SWARNA","DULAR",0.335376848178868
"VANAPRAVA","DULAR",0.172979797979798
"VANDANA","DULAR",0.26036036036036
"Wayrarem","DULAR",0.333333333333333
"281785","EYPO",0.334
"282803","EYPO",0.230963551064598
"299554","EYPO",0.270070292267851
"356457","EYPO",0.240767300107565
"376579","EYPO",0.314393939393939
"376851","EYPO",0.319555717407138
"377448","EYPO",0.225326560232221
"377705","EYPO",0.240687160940325
"384190","EYPO",0.362418537291817
"426049","EYPO",0.241100323624595
"438644","EYPO",0.225847612103536
"ADAYSEL","EYPO",0.265875912408759
"AbhayaXDagadesi","EYPO",0.251988430947216
"ABHISEK","EYPO",0.359898107714702
"ABOR-A-1","EYPO",0.255531374682626
"ANJALI","EYPO",0.338330924855491
"Annada","EYPO",0.421579330422125
"Apo","EYPO",0.275949367088608
"ARC10319","EYPO",0.247997086671522
"ARC12071","EYPO",0.326681049982021
"ARNAPURNA","EYPO",0.341963322545847
"ASD16","EYPO",0.342753623188406
"AUS257","EYPO",0.364264919941776
"BAKAL","EYPO",0.264673514306676
"BAM1057","EYPO",0.283576642335766
"BAM1098","EYPO",0.269539810080351
"BAM1659","EYPO",0.346013167520117
"BAM1689","EYPO",0.26078216374269
"BAM1708","EYPO",0.278610603290676
"BAM1812","EYPO",0.231955023576351
"BAM2096","EYPO",0.335616438356164
"BAM2166","EYPO",0.350515463917526
"BAM247","EYPO",0.247742867461177
"BAM2574","EYPO",0.332128659197687
"BAM2680","EYPO",0.339169675090253
"BAM3154","EYPO",0.222059897735573
"BAM3181","EYPO",0.344372059355773
"BAM326","EYPO",0.294384057971015
"BAM328","EYPO",0.248014440433213
"BAM350","EYPO",0.222349351639969
"BAM3690","EYPO",0.250456037942357
"BAM4009","EYPO",0.287801314828342
"BAM4054","EYPO",0.333333333333333
"BAM4138","EYPO",0.386613021214338
"BAM4168","EYPO",0.38582966226138
"BAM4234","EYPO",0.361432706222865
"BAM4254","EYPO",0.361856417693981
"BAM4477","EYPO",0.244569152787835
"BAM4496","EYPO",0.255847427132062
"BAM4510","EYPO",0.376093294460641
"BAM4521","EYPO",0.371098053617334
"BAM4534","EYPO",0.289397240377632
"BAM4797","EYPO",0.334351419331656
"BAM491","EYPO",0.246550472040668
"BAM4928","EYPO",0.342191481616309
"BAM5110","EYPO",0.354627949183303
"BAM56","EYPO",0.357557085900689
"BAM5779","EYPO",0.396526508226691
"BAM5850","EYPO",0.306581352833638
"BAM6921","EYPO",0.260775081492213
"BAM712","EYPO",0.419646081617913
"BAM742","EYPO",0.421704297159505
"BAM7429","EYPO",0.225940665701881
"BAM7449","EYPO",0.296370967741935
"BAM747","EYPO",0.421234119782214
"BAM759","EYPO",0.240542606037447
"BAM766","EYPO",0.421120058565154
"BAM807","EYPO",0.394698620188816
"BAM811","EYPO",0.268244219653179
"BAM812","EYPO",0.363553779069767
"BAM819","EYPO",0.337450054486015
"BAM8296","EYPO",0.252161383285303
"BAM8305","EYPO",0.25609756097561
"BAM8315","EYPO",0.398724954462659
"BAM8364","EYPO",0.341636363636364
"BAMAWPYAN","EYPO",0.36641081871345
"BENAMURI","EYPO",0.331161780673181
"BLACKGORA","EYPO",0.344560518731988
"CGR1656","EYPO",0.23252444766389
"CGR1679","EYPO",0.325568797399783
"CGR2012","EYPO",0.323305545487495
"CO18","EYPO",0.328102453102453
"CRDHAN-204","EYPO",0.368211440984794
"CR143-2-2","EYPO",0.279912980420595
"CR262-4","EYPO",0.279241877256318
"CROSSA","EYPO",0.320938628158845
"DULAR","EYPO",0.287691187181355
"EYPO","EYPO",0
"EYPO-2","EYPO",0.349005424954792
"FULKATI","EYPO",0.289416058394161
"Ghanteswari","EYPO",0.256044749188019
"GHATIKAMMANANGARHAR","EYPO",0.344920749279539
"GotrabiDhan","EYPO",0.243770314192849
"GP-145-37","EYPO",0.330328164442842
"GP-145-51","EYPO",0.22819399203764
"HARBHOONDI","EYPO",0.376538740043447
"HongZuiEr","EYPO",0.252183406113537
"IndrabaruniDhan","EYPO",0.248646697942981
"IR74371-54-1-1","EYPO",0.271958243340533
"IR77298-14-1-2-10","EYPO",0.260204081632653
"IR77298-5-6-18","EYPO",0.254884225759768
"IR83383-B-B-129-4","EYPO",0.251357220412595
"IR83388-B-B108-3","EYPO",0.263758146270818
"IR87707-445-B-B","EYPO",0.245674116798846
"IR87707-446-B-B","EYPO",0.251003283473185
"IRROEPYO","EYPO",0.363873370577281
"KALINGA-1","EYPO",0.250361794500724
"KANGRO","EYPO",0.324290334171757
"KHAODAWTAI","EYPO",0.348892117689793
"MANDRIRAVINA","EYPO",0.328170028818444
"MAUDAMANI","EYPO",0.365349764407394
"MOROBEREKAN","EYPO",0.34349593495935
"MTU1010","EYPO",0.258526850507983
"MTU9","EYPO",0.329418142392483
"NERICA-L-26","EYPO",0.260909090909091
"NERICA-L-42","EYPO",0.262806637806638
"NERICA-L-44","EYPO",0.243238369996394
"PARIJAT","EYPO",0.257696486780152
"Patchaiperumal","EYPO",0.240440115440115
"PEH-KUH-TSAO-TU","EYPO",0.325405405405405
"PMK-2","EYPO",0.253871083903493
"PRASAD-1","EYPO",0.346613545816733
"PUSASUGANDH5","EYPO",0.248736462093863
"PUSA1121","EYPO",0.295621780721118
"Pusa1121-SN12","EYPO",0.293791574279379
"PUSA44","EYPO",0.260644205849685
"PUSABASMATI6","EYPO",0.359751643535427
"PUSASUGANDH2","EYPO",0.350684438040346
"RASI","EYPO",0.258562918838421
"RKVY-104","EYPO",0.278142076502732
"RKVY-143","EYPO",0.167925206760158
"RKVY-28","EYPO",0.282219788243885
"R-RF-44","EYPO",0.260507246376812
"RRF-78","EYPO",0.24646611090975
"Sadabahar","EYPO",0.321895424836601
"SAFRI-17","EYPO",0.346615720524017
"SAHBHAGIDHAN","EYPO",0.254252623959464
"SATABHAMA","EYPO",0.360477741585233
"SERATOES","EYPO",0.291620727673649
"SERETY","EYPO",0.327910339840926
"SHAKU","EYPO",0.367184539598333
"SR1-3-1","EYPO",0.354492542742816
"SUWEON","EYPO",0.324252743094968
"SWARNA","EYPO",0.262946754194019
"VANAPRAVA","EYPO",0.285009140767824
"VANDANA","EYPO",0.28287795992714
"Wayrarem","EYPO",0.276430123099203
"281785","EYPO-2",0.204448398576512
"282803","EYPO-2",0.304209409267775
"299554","EYPO-2",0.353742732558139
"356457","EYPO-2",0.276565798733286
"376579","EYPO-2",0.239738145789101
"376851","EYPO-2",0.228653090389425
"377448","EYPO-2",0.358645276292335
"377705","EYPO-2",0.294858156028369
"384190","EYPO-2",0.306382978723404
"426049","EYPO-2",0.274267560889516
"438644","EYPO-2",0.302678571428571
"ADAYSEL","EYPO-2",0.37755467909645
"AbhayaXDagadesi","EYPO-2",0.31629392971246
"ABHISEK","EYPO-2",0.23598714744734
"ABOR-A-1","EYPO-2",0.116915422885572
"ANJALI","EYPO-2",0.226645435244161
"Annada","EYPO-2",0.343014967925873
"Apo","EYPO-2",0.351687388987567
"ARC10319","EYPO-2",0.324946466809422
"ARC12071","EYPO-2",0.189527503526093
"ARNAPURNA","EYPO-2",0.216201906106601
"ASD16","EYPO-2",0.210152644657437
"AUS257","EYPO-2",0.228474455162558
"BAKAL","EYPO-2",0.401798561151079
"BAM1057","EYPO-2",0.403694404591105
"BAM1098","EYPO-2",0.39996408045977
"BAM1659","EYPO-2",0.201040172166428
"BAM1689","EYPO-2",0.389845712235379
"BAM1708","EYPO-2",0.397845601436266
"BAM1812","EYPO-2",0.336894586894587
"BAM2096","EYPO-2",0.242402826855124
"BAM2166","EYPO-2",0.294160057678443
"BAM247","EYPO-2",0.307842441447835
"BAM2574","EYPO-2",0.236096351399221
"BAM2680","EYPO-2",0.189270538243626
"BAM3154","EYPO-2",0.338061041292639
"BAM3181","EYPO-2",0.233747779751332
"BAM326","EYPO-2",0.221867234646787
"BAM328","EYPO-2",0.341610500177368
"BAM350","EYPO-2",0.362763554216867
"BAM3690","EYPO-2",0.331663685152057
"BAM4009","EYPO-2",0.405724508050089
"BAM4054","EYPO-2",0.168664081776524
"BAM4138","EYPO-2",0.315883829329509
"BAM4168","EYPO-2",0.267337405677327
"BAM4234","EYPO-2",0.237850301525364
"BAM4254","EYPO-2",0.240576102418208
"BAM4477","EYPO-2",0.323005698005698
"BAM4496","EYPO-2",0.336161187698834
"BAM4510","EYPO-2",0.306716684530189
"BAM4521","EYPO-2",0.308066258552395
"BAM4534","EYPO-2",0.411733238231098
"BAM4797","EYPO-2",0.238884968242766
"BAM491","EYPO-2",0.358796296296296
"BAM4928","EYPO-2",0.289774758670004
"BAM5110","EYPO-2",0.217028083896196
"BAM56","EYPO-2",0.297047314123088
"BAM5779","EYPO-2",0.301433691756272
"BAM5850","EYPO-2",0.420495333811917
"BAM6921","EYPO-2",0.335881934566145
"BAM712","EYPO-2",0.340417995040737
"BAM742","EYPO-2",0.339451176051319
"BAM7429","EYPO-2",0.33546552949538
"BAM7449","EYPO-2",0.409270571325907
"BAM747","EYPO-2",0.341693347563145
"BAM759","EYPO-2",0.348013493253373
"BAM766","EYPO-2",0.336796847008241
"BAM807","EYPO-2",0.300498753117207
"BAM811","EYPO-2",0.337646224742999
"BAM812","EYPO-2",0.22913694721826
"BAM819","EYPO-2",0.211517952364024
"BAM8296","EYPO-2",0.317232837933475
"BAM8305","EYPO-2",0.321364773133262
"BAM8315","EYPO-2",0.315112540192926
"BAM8364","EYPO-2",0.190594941218383
"BAMAWPYAN","EYPO-2",0.30254662840746
"BENAMURI","EYPO-2",0.210255500354862
"BLACKGORA","EYPO-2",0.226951607205934
"CGR1656","EYPO-2",0.320376286829961
"CGR1679","EYPO-2",0.223562810503903
"CGR2012","EYPO-2",0.225789286981199
"CO18","EYPO-2",0.180918727915194
"CRDHAN-204","EYPO-2",0.248403122782115
"CR143-2-2","EYPO-2",0.339025257915333
"CR262-4","EYPO-2",0.335579992905286
"CROSSA","EYPO-2",0.222791519434629
"DULAR","EYPO-2",0.417352415026834
"EYPO","EYPO-2",0.349005424954792
"EYPO-2","EYPO-2",0
"FULKATI","EYPO-2",0.408960573476703
"Ghanteswari","EYPO-2",0.254429482636428
"GHATIKAMMANANGARHAR","EYPO-2",0.205716302046577
"GotrabiDhan","EYPO-2",0.301309271054494
"GP-145-37","EYPO-2",0.237093352192362
"GP-145-51","EYPO-2",0.33321479374111
"HARBHOONDI","EYPO-2",0.247869318181818
"HongZuiEr","EYPO-2",0.322983583154889
"IndrabaruniDhan","EYPO-2",0.326025459688826
"IR74371-54-1-1","EYPO-2",0.334512022630834
"IR77298-14-1-2-10","EYPO-2",0.336253128351806
"IR77298-5-6-18","EYPO-2",0.342674707343029
"IR83383-B-B-129-4","EYPO-2",0.319843805466809
"IR83388-B-B108-3","EYPO-2",0.318133427963094
"IR87707-445-B-B","EYPO-2",0.329858657243816
"IR87707-446-B-B","EYPO-2",0.336497134670487
"IRROEPYO","EYPO-2",0.275673707210488
"KALINGA-1","EYPO-2",0.280851063829787
"KANGRO","EYPO-2",0.18564880112835
"KHAODAWTAI","EYPO-2",0.185988620199147
"MANDRIRAVINA","EYPO-2",0.182492057889163
"MAUDAMANI","EYPO-2",0.225169099323603
"MOROBEREKAN","EYPO-2",0.442126269956459
"MTU1010","EYPO-2",0.311320754716981
"MTU9","EYPO-2",0.187610619469027
"NERICA-L-26","EYPO-2",0.34941050375134
"NERICA-L-42","EYPO-2",0.351753453772582
"NERICA-L-44","EYPO-2",0.330913597733711
"PARIJAT","EYPO-2",0.322838847385272
"Patchaiperumal","EYPO-2",0.311217268223638
"PEH-KUH-TSAO-TU","EYPO-2",0.185204802259887
"PMK-2","EYPO-2",0.117055084745763
"PRASAD-1","EYPO-2",0.200496806245564
"PUSASUGANDH5","EYPO-2",0.326786978060863
"PUSA1121","EYPO-2",0.389830508474576
"Pusa1121-SN12","EYPO-2",0.386371873867343
"PUSA44","EYPO-2",0.317422867513612
"PUSABASMATI6","EYPO-2",0.271750805585392
"PUSASUGANDH2","EYPO-2",0.229056203605514
"RASI","EYPO-2",0.253477306002928
"RKVY-104","EYPO-2",0.40939957112223
"RKVY-143","EYPO-2",0.321946902654867
"RKVY-28","EYPO-2",0.401612903225806
"R-RF-44","EYPO-2",0.336118023462496
"RRF-78","EYPO-2",0.344017094017094
"Sadabahar","EYPO-2",0.236683238636364
"SAFRI-17","EYPO-2",0.206669044222539
"SAHBHAGIDHAN","EYPO-2",0.318133427963094
"SATABHAMA","EYPO-2",0.227224388514711
"SERATOES","EYPO-2",0.41101083032491
"SERETY","EYPO-2",0.181126062322946
"SHAKU","EYPO-2",0.256324404761905
"SR1-3-1","EYPO-2",0.229070181688636
"SUWEON","EYPO-2",0.230326651818857
"SWARNA","EYPO-2",0.339055793991416
"VANAPRAVA","EYPO-2",0.401509705248023
"VANDANA","EYPO-2",0.389385275196569
"Wayrarem","EYPO-2",0.35439658241367
"281785","FULKATI",0.410334893770256
"282803","FULKATI",0.330057183702645
"299554","FULKATI",0.32985347985348
"356457","FULKATI",0.331734186211798
"376579","FULKATI",0.391949910554562
"376851","FULKATI",0.389891696750903
"377448","FULKATI",0.314321698452681
"377705","FULKATI",0.335831548893647
"384190","FULKATI",0.288199426111908
"426049","FULKATI",0.332679971489665
"438644","FULKATI",0.328102453102453
"ADAYSEL","FULKATI",0.251897361763643
"AbhayaXDagadesi","FULKATI",0.326048011465425
"ABHISEK","FULKATI",0.412941600576784
"ABOR-A-1","FULKATI",0.328427853553482
"ANJALI","FULKATI",0.408944543828265
"Annada","FULKATI",0.400144196106705
"Apo","FULKATI",0.318165532067359
"ARC10319","FULKATI",0.319244604316547
"ARC12071","FULKATI",0.393302458140363
"ARNAPURNA","FULKATI",0.404846756949394
"ASD16","FULKATI",0.404343144292893
"AUS257","FULKATI",0.398485394879192
"BAKAL","FULKATI",0.192321622600507
"BAM1057","FULKATI",0.168413444163354
"BAM1098","FULKATI",0.234346724574738
"BAM1659","FULKATI",0.404390420899855
"BAM1689","FULKATI",0.226086956521739
"BAM1708","FULKATI",0.21304347826087
"BAM1812","FULKATI",0.313869924541861
"BAM2096","FULKATI",0.374955341193283
"BAM2166","FULKATI",0.321793002915452
"BAM247","FULKATI",0.327777777777778
"BAM2574","FULKATI",0.395123700250986
"BAM2680","FULKATI",0.414817465998568
"BAM3154","FULKATI",0.311276287164612
"BAM3181","FULKATI",0.397058823529412
"BAM326","FULKATI",0.387652548456569
"BAM328","FULKATI",0.297784923186852
"BAM350","FULKATI",0.241575160923892
"BAM3690","FULKATI",0.319314079422383
"BAM4009","FULKATI",0.210212919523638
"BAM4054","FULKATI",0.415181753385602
"BAM4138","FULKATI",0.266292541636495
"BAM4168","FULKATI",0.336426491994178
"BAM4234","FULKATI",0.405487804878049
"BAM4254","FULKATI",0.406227501799856
"BAM4477","FULKATI",0.320466786355476
"BAM4496","FULKATI",0.304309116809117
"BAM4510","FULKATI",0.238009376126938
"BAM4521","FULKATI",0.27882866496908
"BAM4534","FULKATI",0.125583064226767
"BAM4797","FULKATI",0.375934496262015
"BAM491","FULKATI",0.264028776978417
"BAM4928","FULKATI",0.317443120260022
"BAM5110","FULKATI",0.408698777857656
"BAM56","FULKATI",0.289048473967684
"BAM5779","FULKATI",0.394384057971015
"BAM5850","FULKATI",0.161913357400722
"BAM6921","FULKATI",0.326633165829146
"BAM712","FULKATI",0.396706050841389
"BAM742","FULKATI",0.401334776334776
"BAM7429","FULKATI",0.307457870204374
"BAM7449","FULKATI",0.119400289017341
"BAM747","FULKATI",0.400467121810995
"BAM759","FULKATI",0.258503401360544
"BAM766","FULKATI",0.399165759883932
"BAM807","FULKATI",0.392252252252252
"BAM811","FULKATI",0.314556509298999
"BAM812","FULKATI",0.396433717579251
"BAM819","FULKATI",0.40435878962536
"BAM8296","FULKATI",0.331488754016423
"BAM8305","FULKATI",0.335493160547156
"BAM8315","FULKATI",0.357246114925913
"BAM8364","FULKATI",0.386731391585761
"BAMAWPYAN","FULKATI",0.266243194192378
"BENAMURI","FULKATI",0.392139267767408
"BLACKGORA","FULKATI",0.404642857142857
"CGR1656","FULKATI",0.309651955507714
"CGR1679","FULKATI",0.39147564469914
"CGR2012","FULKATI",0.397343862167983
"CO18","FULKATI",0.386030725259021
"CRDHAN-204","FULKATI",0.405667144906743
"CR143-2-2","FULKATI",0.317594254937163
"CR262-4","FULKATI",0.320278969957081
"CROSSA","FULKATI",0.392205934930282
"DULAR","FULKATI",0.165107913669065
"EYPO","FULKATI",0.289416058394161
"EYPO-2","FULKATI",0.408960573476703
"FULKATI","FULKATI",0
"Ghanteswari","FULKATI",0.323792486583184
"GHATIKAMMANANGARHAR","FULKATI",0.412236889047449
"GotrabiDhan","FULKATI",0.324633535931355
"GP-145-37","FULKATI",0.390636168691923
"GP-145-51","FULKATI",0.310283052669294
"HARBHOONDI","FULKATI",0.402797704447633
"HongZuiEr","FULKATI",0.328288288288288
"IndrabaruniDhan","FULKATI",0.33018194791295
"IR74371-54-1-1","FULKATI",0.32529474812433
"IR77298-14-1-2-10","FULKATI",0.326534296028881
"IR77298-5-6-18","FULKATI",0.326234788833214
"IR83383-B-B-129-4","FULKATI",0.33183776022972
"IR83388-B-B108-3","FULKATI",0.321812320916905
"IR87707-445-B-B","FULKATI",0.329403358342265
"IR87707-446-B-B","FULKATI",0.328628302569671
"IRROEPYO","FULKATI",0.284053156146179
"KALINGA-1","FULKATI",0.333273703041145
"KANGRO","FULKATI",0.394230769230769
"KHAODAWTAI","FULKATI",0.412738395106153
"MANDRIRAVINA","FULKATI",0.384189864382584
"MAUDAMANI","FULKATI",0.412167026637869
"MOROBEREKAN","FULKATI",0.328696925329429
"MTU1010","FULKATI",0.338066139468009
"MTU9","FULKATI",0.395773638968481
"NERICA-L-26","FULKATI",0.335372436128104
"NERICA-L-42","FULKATI",0.33547466095646
"NERICA-L-44","FULKATI",0.332857652515162
"PARIJAT","FULKATI",0.32262118491921
"Patchaiperumal","FULKATI",0.302749018207783
"PEH-KUH-TSAO-TU","FULKATI",0.39154477345701
"PMK-2","FULKATI",0.328163992869875
"PRASAD-1","FULKATI",0.402404018658055
"PUSASUGANDH5","FULKATI",0.326001430615165
"PUSA1121","FULKATI",0.280794460641399
"Pusa1121-SN12","FULKATI",0.287097953216374
"PUSA44","FULKATI",0.330589096231248
"PUSABASMATI6","FULKATI",0.394793926247288
"PUSASUGANDH2","FULKATI",0.411186561829878
"RASI","FULKATI",0.334689349112426
"RKVY-104","FULKATI",0.206654676258993
"RKVY-143","FULKATI",0.313280971081757
"RKVY-28","FULKATI",0.195369030390738
"R-RF-44","FULKATI",0.334829443447038
"RRF-78","FULKATI",0.276980996773037
"Sadabahar","FULKATI",0.371675053918045
"SAFRI-17","FULKATI",0.403068592057762
"SAHBHAGIDHAN","FULKATI",0.321903052064632
"SATABHAMA","FULKATI",0.407739161590828
"SERATOES","FULKATI",0.143142961076755
"SERETY","FULKATI",0.390977443609023
"SHAKU","FULKATI",0.396123447497177
"SR1-3-1","FULKATI",0.407847372210223
"SUWEON","FULKATI",0.377585558480632
"SWARNA","FULKATI",0.32990990990991
"VANAPRAVA","FULKATI",0.169011544011544
"VANDANA","FULKATI",0.26647461289161
"Wayrarem","FULKATI",0.31718693936132
"281785","Ghanteswari",0.326923076923077
"282803","Ghanteswari",0.21095406360424
"299554","Ghanteswari",0.25199709513435
"356457","Ghanteswari",0.164850615114235
"376579","Ghanteswari",0.342998585572843
"376851","Ghanteswari",0.333689839572193
"377448","Ghanteswari",0.233558478492712
"377705","Ghanteswari",0.176917638741605
"384190","Ghanteswari",0.40709219858156
"426049","Ghanteswari",0.164376321353066
"438644","Ghanteswari",0.210592011412268
"ADAYSEL","Ghanteswari",0.278632784538296
"AbhayaXDagadesi","Ghanteswari",0.221099290780142
"ABHISEK","Ghanteswari",0.345454545454545
"ABOR-A-1","Ghanteswari",0.152096659559346
"ANJALI","Ghanteswari",0.334041047416844
"Annada","Ghanteswari",0.427807486631016
"Apo","Ghanteswari",0.267009213323884
"ARC10319","Ghanteswari",0.21471846044191
"ARC12071","Ghanteswari",0.31311706629055
"ARNAPURNA","Ghanteswari",0.280246913580247
"ASD16","Ghanteswari",0.299360795454545
"AUS257","Ghanteswari",0.322805139186295
"BAKAL","Ghanteswari",0.318671454219031
"BAM1057","Ghanteswari",0.326647564469914
"BAM1098","Ghanteswari",0.323371510379384
"BAM1659","Ghanteswari",0.334888729361091
"BAM1689","Ghanteswari",0.309677419354839
"BAM1708","Ghanteswari",0.315412186379928
"BAM1812","Ghanteswari",0.222143364088006
"BAM2096","Ghanteswari",0.348763250883392
"BAM2166","Ghanteswari",0.400432120993878
"BAM247","Ghanteswari",0.209454674220963
"BAM2574","Ghanteswari",0.327243703440936
"BAM2680","Ghanteswari",0.286827195467422
"BAM3154","Ghanteswari",0.24328197778574
"BAM3181","Ghanteswari",0.309996455157745
"BAM326","Ghanteswari",0.323456352022711
"BAM328","Ghanteswari",0.242472546935884
"BAM350","Ghanteswari",0.258433283358321
"BAM3690","Ghanteswari",0.224347515194852
"BAM4009","Ghanteswari",0.335239456754825
"BAM4054","Ghanteswari",0.280148095909732
"BAM4138","Ghanteswari",0.421354353278395
"BAM4168","Ghanteswari",0.38300935925126
"BAM4234","Ghanteswari",0.344980489535296
"BAM4254","Ghanteswari",0.345551601423488
"BAM4477","Ghanteswari",0.215351812366738
"BAM4496","Ghanteswari",0.207347227128223
"BAM4510","Ghanteswari",0.413183279742765
"BAM4521","Ghanteswari",0.411987041036717
"BAM4534","Ghanteswari",0.326327039543997
"BAM4797","Ghanteswari",0.328812962310673
"BAM491","Ghanteswari",0.272970085470085
"BAM4928","Ghanteswari",0.392142857142857
"BAM5110","Ghanteswari",0.320056899004267
"BAM56","Ghanteswari",0.405184659090909
"BAM5779","Ghanteswari",0.404411764705882
"BAM5850","Ghanteswari",0.348728965270319
"BAM6921","Ghanteswari",0.227450284090909
"BAM712","Ghanteswari",0.428470254957507
"BAM742","Ghanteswari",0.426176890156919
"BAM7429","Ghanteswari",0.229868747782902
"BAM7449","Ghanteswari",0.319683908045977
"BAM747","Ghanteswari",0.42674253200569
"BAM759","Ghanteswari",0.256736526946108
"BAM766","Ghanteswari",0.425008970218873
"BAM807","Ghanteswari",0.402708481824661
"BAM811","Ghanteswari",0.242112725983694
"BAM812","Ghanteswari",0.332858161083393
"BAM819","Ghanteswari",0.315461346633416
"BAM8296","Ghanteswari",0.209865629420085
"BAM8305","Ghanteswari",0.201888809693514
"BAM8315","Ghanteswari",0.417977126518942
"BAM8364","Ghanteswari",0.291814946619217
"BAMAWPYAN","Ghanteswari",0.411437791323055
"BENAMURI","Ghanteswari",0.283990060347888
"BLACKGORA","Ghanteswari",0.322324267043448
"CGR1656","Ghanteswari",0.180752840909091
"CGR1679","Ghanteswari",0.329907866761162
"CGR2012","Ghanteswari",0.327476038338658
"CO18","Ghanteswari",0.313912429378531
"CRDHAN-204","Ghanteswari",0.342553191489362
"CR143-2-2","Ghanteswari",0.251242897727273
"CR262-4","Ghanteswari",0.250619469026549
"CROSSA","Ghanteswari",0.3273788468341
"DULAR","Ghanteswari",0.332857142857143
"EYPO","Ghanteswari",0.256044749188019
"EYPO-2","Ghanteswari",0.254429482636428
"FULKATI","Ghanteswari",0.323792486583184
"Ghanteswari","Ghanteswari",0
"GHATIKAMMANANGARHAR","Ghanteswari",0.301128349788434
"GotrabiDhan","Ghanteswari",0.204987619384506
"GP-145-37","Ghanteswari",0.332272887946271
"GP-145-51","Ghanteswari",0.233333333333333
"HARBHOONDI","Ghanteswari",0.341909155429382
"HongZuiEr","Ghanteswari",0.217368045649073
"IndrabaruniDhan","Ghanteswari",0.22165312610385
"IR74371-54-1-1","Ghanteswari",0.253886925795053
"IR77298-14-1-2-10","Ghanteswari",0.2419757489301
"IR77298-5-6-18","Ghanteswari",0.232731137088204
"IR83383-B-B-129-4","Ghanteswari",0.236786094359702
"IR83388-B-B108-3","Ghanteswari",0.224150141643059
"IR87707-445-B-B","Ghanteswari",0.232603320381491
"IR87707-446-B-B","Ghanteswari",0.230286738351254
"IRROEPYO","Ghanteswari",0.395476103611821
"KALINGA-1","Ghanteswari",0.161650141643059
"KANGRO","Ghanteswari",0.311091549295775
"KHAODAWTAI","Ghanteswari",0.276629853936587
"MANDRIRAVINA","Ghanteswari",0.312787001059696
"MAUDAMANI","Ghanteswari",0.326156583629893
"MOROBEREKAN","Ghanteswari",0.364820846905538
"MTU1010","Ghanteswari",0.227418207681366
"MTU9","Ghanteswari",0.316041076487252
"NERICA-L-26","Ghanteswari",0.25972172672137
"NERICA-L-42","Ghanteswari",0.263633144475921
"NERICA-L-44","Ghanteswari",0.223753976670201
"PARIJAT","Ghanteswari",0.2272565742715
"Patchaiperumal","Ghanteswari",0.207773851590106
"PEH-KUH-TSAO-TU","Ghanteswari",0.31095406360424
"PMK-2","Ghanteswari",0.150494001411433
"PRASAD-1","Ghanteswari",0.307487579843861
"PUSASUGANDH5","Ghanteswari",0.223753976670201
"PUSA1121","Ghanteswari",0.296356421356421
"Pusa1121-SN12","Ghanteswari",0.288844621513944
"PUSA44","Ghanteswari",0.20221254987305
"PUSABASMATI6","Ghanteswari",0.373032904148784
"PUSASUGANDH2","Ghanteswari",0.321680790960452
"RASI","Ghanteswari",0.211517367458867
"RKVY-104","Ghanteswari",0.329525169582292
"RKVY-143","Ghanteswari",0.226598375132462
"RKVY-28","Ghanteswari",0.322898032200358
"R-RF-44","Ghanteswari",0.243785511363636
"RRF-78","Ghanteswari",0.252487562189055
"Sadabahar","Ghanteswari",0.338428723782439
"SAFRI-17","Ghanteswari",0.317273376159886
"SAHBHAGIDHAN","Ghanteswari",0.226304579339723
"SATABHAMA","Ghanteswari",0.34420418291386
"SERATOES","Ghanteswari",0.33044733044733
"SERETY","Ghanteswari",0.31411390166254
"SHAKU","Ghanteswari",0.350316102640387
"SR1-3-1","Ghanteswari",0.327156094084106
"SUWEON","Ghanteswari",0.31728624535316
"SWARNA","Ghanteswari",0.237857142857143
"VANAPRAVA","Ghanteswari",0.325985663082437
"VANDANA","Ghanteswari",0.297466095645967
"Wayrarem","Ghanteswari",0.268534941468606
"281785","GHATIKAMMANANGARHAR",0.17375132837407
"282803","GHATIKAMMANANGARHAR",0.28362676056338
"299554","GHATIKAMMANANGARHAR",0.31846098265896
"356457","GHATIKAMMANANGARHAR",0.308864751226349
"376579","GHATIKAMMANANGARHAR",0.241986615005284
"376851","GHATIKAMMANANGARHAR",0.236412078152753
"377448","GHATIKAMMANANGARHAR",0.33386524822695
"377705","GHATIKAMMANANGARHAR",0.310691601976006
"384190","GHATIKAMMANANGARHAR",0.300919377652051
"426049","GHATIKAMMANANGARHAR",0.306258790436006
"438644","GHATIKAMMANANGARHAR",0.276769832799715
"ADAYSEL","GHATIKAMMANANGARHAR",0.377853067047076
"AbhayaXDagadesi","GHATIKAMMANANGARHAR",0.285588131402331
"ABHISEK","GHATIKAMMANANGARHAR",0.204432624113475
"ABOR-A-1","GHATIKAMMANANGARHAR",0.312898653437279
"ANJALI","GHATIKAMMANANGARHAR",0.194111424541608
"Annada","GHATIKAMMANANGARHAR",0.352325168619098
"Apo","GHATIKAMMANANGARHAR",0.3382197103497
"ARC10319","GHATIKAMMANANGARHAR",0.341619318181818
"ARC12071","GHATIKAMMANANGARHAR",0.225263157894737
"ARNAPURNA","GHATIKAMMANANGARHAR",0.219824561403509
"ASD16","GHATIKAMMANANGARHAR",0.181336161187699
"AUS257","GHATIKAMMANANGARHAR",0.212131961688542
"BAKAL","GHATIKAMMANANGARHAR",0.393944822644213
"BAM1057","GHATIKAMMANANGARHAR",0.403496254013557
"BAM1098","GHATIKAMMANANGARHAR",0.405680600214362
"BAM1659","GHATIKAMMANANGARHAR",0.224187209717756
"BAM1689","GHATIKAMMANANGARHAR",0.392384697890597
"BAM1708","GHATIKAMMANANGARHAR",0.39625
"BAM1812","GHATIKAMMANANGARHAR",0.331856839121191
"BAM2096","GHATIKAMMANANGARHAR",0.252550123109392
"BAM2166","GHATIKAMMANANGARHAR",0.297093649085038
"BAM247","GHATIKAMMANANGARHAR",0.305545743553515
"BAM2574","GHATIKAMMANANGARHAR",0.231285310734463
"BAM2680","GHATIKAMMANANGARHAR",0.202464788732394
"BAM3154","GHATIKAMMANANGARHAR",0.318506609503394
"BAM3181","GHATIKAMMANANGARHAR",0.247351694915254
"BAM326","GHATIKAMMANANGARHAR",0.240812720848056
"BAM328","GHATIKAMMANANGARHAR",0.34816384180791
"BAM350","GHATIKAMMANANGARHAR",0.369141357330334
"BAM3690","GHATIKAMMANANGARHAR",0.343126780626781
"BAM4009","GHATIKAMMANANGARHAR",0.406383737517832
"BAM4054","GHATIKAMMANANGARHAR",0.17875920084122
"BAM4138","GHATIKAMMANANGARHAR",0.3125
"BAM4168","GHATIKAMMANANGARHAR",0.29233798782671
"BAM4234","GHATIKAMMANANGARHAR",0.215696649029982
"BAM4254","GHATIKAMMANANGARHAR",0.216790648246546
"BAM4477","GHATIKAMMANANGARHAR",0.337995750708215
"BAM4496","GHATIKAMMANANGARHAR",0.342540464461647
"BAM4510","GHATIKAMMANANGARHAR",0.310032017075774
"BAM4521","GHATIKAMMANANGARHAR",0.30064539261384
"BAM4534","GHATIKAMMANANGARHAR",0.408235711750089
"BAM4797","GHATIKAMMANANGARHAR",0.243778478794252
"BAM491","GHATIKAMMANANGARHAR",0.359829666430092
"BAM4928","GHATIKAMMANANGARHAR",0.288584637268848
"BAM5110","GHATIKAMMANANGARHAR",0.179392011311417
"BAM56","GHATIKAMMANANGARHAR",0.293182620981985
"BAM5779","GHATIKAMMANANGARHAR",0.294327506243311
"BAM5850","GHATIKAMMANANGARHAR",0.417083631165118
"BAM6921","GHATIKAMMANANGARHAR",0.306725663716814
"BAM712","GHATIKAMMANANGARHAR",0.349136411702503
"BAM742","GHATIKAMMANANGARHAR",0.349361249112846
"BAM7429","GHATIKAMMANANGARHAR",0.347133757961783
"BAM7449","GHATIKAMMANANGARHAR",0.416100178890877
"BAM747","GHATIKAMMANANGARHAR",0.347202549575071
"BAM759","GHATIKAMMANANGARHAR",0.354182225541449
"BAM766","GHATIKAMMANANGARHAR",0.347802786709539
"BAM807","GHATIKAMMANANGARHAR",0.292834338417879
"BAM811","GHATIKAMMANANGARHAR",0.333333333333333
"BAM812","GHATIKAMMANANGARHAR",0.224486180014174
"BAM819","GHATIKAMMANANGARHAR",0.207196029776675
"BAM8296","GHATIKAMMANANGARHAR",0.281888653981677
"BAM8305","GHATIKAMMANANGARHAR",0.267247510668563
"BAM8315","GHATIKAMMANANGARHAR",0.313833570412518
"BAM8364","GHATIKAMMANANGARHAR",0.192702798441374
"BAMAWPYAN","GHATIKAMMANANGARHAR",0.305674518201285
"BENAMURI","GHATIKAMMANANGARHAR",0.226228349240014
"BLACKGORA","GHATIKAMMANANGARHAR",0.169184820801124
"CGR1656","GHATIKAMMANANGARHAR",0.334394904458599
"CGR1679","GHATIKAMMANANGARHAR",0.234744268077601
"CGR2012","GHATIKAMMANANGARHAR",0.232944503358077
"CO18","GHATIKAMMANANGARHAR",0.218782975729863
"CRDHAN-204","GHATIKAMMANANGARHAR",0.21070293182621
"CR143-2-2","GHATIKAMMANANGARHAR",0.317651220374956
"CR262-4","GHATIKAMMANANGARHAR",0.313161609033169
"CROSSA","GHATIKAMMANANGARHAR",0.231866197183099
"DULAR","GHATIKAMMANANGARHAR",0.410758817242608
"EYPO","GHATIKAMMANANGARHAR",0.344920749279539
"EYPO-2","GHATIKAMMANANGARHAR",0.205716302046577
"FULKATI","GHATIKAMMANANGARHAR",0.412236889047449
"Ghanteswari","GHATIKAMMANANGARHAR",0.301128349788434
"GHATIKAMMANANGARHAR","GHATIKAMMANANGARHAR",0
"GotrabiDhan","GHATIKAMMANANGARHAR",0.298731053930208
"GP-145-37","GHATIKAMMANANGARHAR",0.231080605420627
"GP-145-51","GHATIKAMMANANGARHAR",0.341472045293701
"HARBHOONDI","GHATIKAMMANANGARHAR",0.215142957995058
"HongZuiEr","GHATIKAMMANANGARHAR",0.332089552238806
"IndrabaruniDhan","GHATIKAMMANANGARHAR",0.310587407667956
"IR74371-54-1-1","GHATIKAMMANANGARHAR",0.32112676056338
"IR77298-14-1-2-10","GHATIKAMMANANGARHAR",0.316660733357067
"IR77298-5-6-18","GHATIKAMMANANGARHAR",0.291563713378044
"IR83383-B-B-129-4","GHATIKAMMANANGARHAR",0.288291475061903
"IR83388-B-B108-3","GHATIKAMMANANGARHAR",0.307882644043832
"IR87707-445-B-B","GHATIKAMMANANGARHAR",0.281667839549613
"IR87707-446-B-B","GHATIKAMMANANGARHAR",0.291636883488206
"IRROEPYO","GHATIKAMMANANGARHAR",0.281023222060958
"KALINGA-1","GHATIKAMMANANGARHAR",0.272149664666431
"KANGRO","GHATIKAMMANANGARHAR",0.223508771929825
"KHAODAWTAI","GHATIKAMMANANGARHAR",0.201946902654867
"MANDRIRAVINA","GHATIKAMMANANGARHAR",0.222847100175747
"MAUDAMANI","GHATIKAMMANANGARHAR",0.194828196953595
"MOROBEREKAN","GHATIKAMMANANGARHAR",0.447833935018051
"MTU1010","GHATIKAMMANANGARHAR",0.285967399007796
"MTU9","GHATIKAMMANANGARHAR",0.22310405643739
"NERICA-L-26","GHATIKAMMANANGARHAR",0.314946619217082
"NERICA-L-42","GHATIKAMMANANGARHAR",0.319703912583715
"NERICA-L-44","GHATIKAMMANANGARHAR",0.274295774647887
"PARIJAT","GHATIKAMMANANGARHAR",0.313052706048815
"Patchaiperumal","GHATIKAMMANANGARHAR",0.337205209433298
"PEH-KUH-TSAO-TU","GHATIKAMMANANGARHAR",0.222652128033767
"PMK-2","GHATIKAMMANANGARHAR",0.309247538677918
"PRASAD-1","GHATIKAMMANANGARHAR",0.165783898305085
"PUSASUGANDH5","GHATIKAMMANANGARHAR",0.307299012693935
"PUSA1121","GHATIKAMMANANGARHAR",0.382543103448276
"Pusa1121-SN12","GHATIKAMMANANGARHAR",0.378158844765343
"PUSA44","GHATIKAMMANANGARHAR",0.260390314419949
"PUSABASMATI6","GHATIKAMMANANGARHAR",0.253648985404058
"PUSASUGANDH2","GHATIKAMMANANGARHAR",0.206223628691983
"RASI","GHATIKAMMANANGARHAR",0.321493624772313
"RKVY-104","GHATIKAMMANANGARHAR",0.404770380918476
"RKVY-143","GHATIKAMMANANGARHAR",0.346845259076489
"RKVY-28","GHATIKAMMANANGARHAR",0.402569593147752
"R-RF-44","GHATIKAMMANANGARHAR",0.296145685997171
"RRF-78","GHATIKAMMANANGARHAR",0.323706591070163
"Sadabahar","GHATIKAMMANANGARHAR",0.224619738238415
"SAFRI-17","GHATIKAMMANANGARHAR",0.178026269080582
"SAHBHAGIDHAN","GHATIKAMMANANGARHAR",0.307746727980191
"SATABHAMA","GHATIKAMMANANGARHAR",0.191928093056045
"SERATOES","GHATIKAMMANANGARHAR",0.409777138749101
"SERETY","GHATIKAMMANANGARHAR",0.223749119097956
"SHAKU","GHATIKAMMANANGARHAR",0.244082840236686
"SR1-3-1","GHATIKAMMANANGARHAR",0.182494684620836
"SUWEON","GHATIKAMMANANGARHAR",0.231152993348115
"SWARNA","GHATIKAMMANANGARHAR",0.322724039829303
"VANAPRAVA","GHATIKAMMANANGARHAR",0.402072909220872
"VANDANA","GHATIKAMMANANGARHAR",0.38202846975089
"Wayrarem","GHATIKAMMANANGARHAR",0.33929836995039
"281785","GotrabiDhan",0.302846975088968
"282803","GotrabiDhan",0.206131078224101
"299554","GotrabiDhan",0.220550924247916
"356457","GotrabiDhan",0.19041769041769
"376579","GotrabiDhan",0.343882602545969
"376851","GotrabiDhan",0.33921568627451
"377448","GotrabiDhan",0.241820768136558
"377705","GotrabiDhan",0.18904593639576
"384190","GotrabiDhan",0.417551309271055
"426049","GotrabiDhan",0.190736174709405
"438644","GotrabiDhan",0.207429790259509
"ADAYSEL","GotrabiDhan",0.284871244635193
"AbhayaXDagadesi","GotrabiDhan",0.21001415428167
"ABHISEK","GotrabiDhan",0.326683291770574
"ABOR-A-1","GotrabiDhan",0.203480113636364
"ANJALI","GotrabiDhan",0.302403676210675
"Annada","GotrabiDhan",0.437878248487006
"Apo","GotrabiDhan",0.25
"ARC10319","GotrabiDhan",0.232098325614535
"ARC12071","GotrabiDhan",0.31830985915493
"ARNAPURNA","GotrabiDhan",0.30803099682987
"ASD16","GotrabiDhan",0.298261178140525
"AUS257","GotrabiDhan",0.331076265146115
"BAKAL","GotrabiDhan",0.318426724137931
"BAM1057","GotrabiDhan",0.317954220314735
"BAM1098","GotrabiDhan",0.31453634085213
"BAM1659","GotrabiDhan",0.330465949820789
"BAM1689","GotrabiDhan",0.316732353994984
"BAM1708","GotrabiDhan",0.314290830945559
"BAM1812","GotrabiDhan",0.241569045083422
"BAM2096","GotrabiDhan",0.340395480225989
"BAM2166","GotrabiDhan",0.398485394879192
"BAM247","GotrabiDhan",0.038881069669247
"BAM2574","GotrabiDhan",0.33634431455898
"BAM2680","GotrabiDhan",0.289427157001414
"BAM3154","GotrabiDhan",0.218559656037263
"BAM3181","GotrabiDhan",0.334633108826657
"BAM326","GotrabiDhan",0.325115289109613
"BAM328","GotrabiDhan",0.241507430997877
"BAM350","GotrabiDhan",0.270082582582583
"BAM3690","GotrabiDhan",0.215560314061385
"BAM4009","GotrabiDhan",0.330950679056469
"BAM4054","GotrabiDhan",0.29806338028169
"BAM4138","GotrabiDhan",0.421316165951359
"BAM4168","GotrabiDhan",0.38196191160618
"BAM4234","GotrabiDhan",0.313297872340425
"BAM4254","GotrabiDhan",0.312322443181818
"BAM4477","GotrabiDhan",0.201135154310039
"BAM4496","GotrabiDhan",0.228234050052873
"BAM4510","GotrabiDhan",0.409707351891506
"BAM4521","GotrabiDhan",0.411151079136691
"BAM4534","GotrabiDhan",0.326868327402135
"BAM4797","GotrabiDhan",0.334741288278775
"BAM491","GotrabiDhan",0.272210376687989
"BAM4928","GotrabiDhan",0.397111269614836
"BAM5110","GotrabiDhan",0.302906770648706
"BAM56","GotrabiDhan",0.404153354632588
"BAM5779","GotrabiDhan",0.404369627507163
"BAM5850","GotrabiDhan",0.337929799426934
"BAM6921","GotrabiDhan",0.216288147622427
"BAM712","GotrabiDhan",0.435997171145686
"BAM742","GotrabiDhan",0.437099073414113
"BAM7429","GotrabiDhan",0.242295430393199
"BAM7449","GotrabiDhan",0.322991391678623
"BAM747","GotrabiDhan",0.441009239516702
"BAM759","GotrabiDhan",0.259977620290936
"BAM766","GotrabiDhan",0.436246418338109
"BAM807","GotrabiDhan",0.402743142144638
"BAM811","GotrabiDhan",0.24124513618677
"BAM812","GotrabiDhan",0.33398646241539
"BAM819","GotrabiDhan",0.283605974395448
"BAM8296","GotrabiDhan",0.210730674196964
"BAM8305","GotrabiDhan",0.210929156283375
"BAM8315","GotrabiDhan",0.420207068903963
"BAM8364","GotrabiDhan",0.317211948790896
"BAMAWPYAN","GotrabiDhan",0.412942438326779
"BENAMURI","GotrabiDhan",0.323352232459249
"BLACKGORA","GotrabiDhan",0.302928722653493
"CGR1656","GotrabiDhan",0.224327195467422
"CGR1679","GotrabiDhan",0.333805309734513
"CGR2012","GotrabiDhan",0.337765957446808
"CO18","GotrabiDhan",0.320331803741617
"CRDHAN-204","GotrabiDhan",0.312079348211123
"CR143-2-2","GotrabiDhan",0.239184397163121
"CR262-4","GotrabiDhan",0.239583333333333
"CROSSA","GotrabiDhan",0.337866478276228
"DULAR","GotrabiDhan",0.32762312633833
"EYPO","GotrabiDhan",0.243770314192849
"EYPO-2","GotrabiDhan",0.301309271054494
"FULKATI","GotrabiDhan",0.324633535931355
"Ghanteswari","GotrabiDhan",0.204987619384506
"GHATIKAMMANANGARHAR","GotrabiDhan",0.298731053930208
"GotrabiDhan","GotrabiDhan",0
"GP-145-37","GotrabiDhan",0.338686904341687
"GP-145-51","GotrabiDhan",0.23954642097803
"HARBHOONDI","GotrabiDhan",0.324477506199079
"HongZuiEr","GotrabiDhan",0.21116246000711
"IndrabaruniDhan","GotrabiDhan",0.199364855328158
"IR74371-54-1-1","GotrabiDhan",0.243376898622395
"IR77298-14-1-2-10","GotrabiDhan",0.22876516773733
"IR77298-5-6-18","GotrabiDhan",0.207891012031139
"IR83383-B-B-129-4","GotrabiDhan",0.204537398085785
"IR83388-B-B108-3","GotrabiDhan",0.221572794899044
"IR87707-445-B-B","GotrabiDhan",0.202259089304624
"IR87707-446-B-B","GotrabiDhan",0.204301075268817
"IRROEPYO","GotrabiDhan",0.389435336976321
"KALINGA-1","GotrabiDhan",0.202793493635078
"KANGRO","GotrabiDhan",0.317158931082982
"KHAODAWTAI","GotrabiDhan",0.315190323728211
"MANDRIRAVINA","GotrabiDhan",0.320521861777151
"MAUDAMANI","GotrabiDhan",0.323205401563611
"MOROBEREKAN","GotrabiDhan",0.364112757499096
"MTU1010","GotrabiDhan",0.190205819730305
"MTU9","GotrabiDhan",0.322780332507959
"NERICA-L-26","GotrabiDhan",0.229508196721312
"NERICA-L-42","GotrabiDhan",0.233121244255921
"NERICA-L-44","GotrabiDhan",0.204232804232804
"PARIJAT","GotrabiDhan",0.216589861751152
"Patchaiperumal","GotrabiDhan",0.239252995066949
"PEH-KUH-TSAO-TU","GotrabiDhan",0.317283950617284
"PMK-2","GotrabiDhan",0.204193093727977
"PRASAD-1","GotrabiDhan",0.297910024796316
"PUSASUGANDH5","GotrabiDhan",0.226614895870102
"PUSA1121","GotrabiDhan",0.304105149441844
"Pusa1121-SN12","GotrabiDhan",0.296269467584209
"PUSA44","GotrabiDhan",0.169021739130435
"PUSABASMATI6","GotrabiDhan",0.354233654876742
"PUSASUGANDH2","GotrabiDhan",0.298412698412698
"RASI","GotrabiDhan",0.228419897585955
"RKVY-104","GotrabiDhan",0.329889561809761
"RKVY-143","GotrabiDhan",0.232767762460233
"RKVY-28","GotrabiDhan",0.319921316165951
"R-RF-44","GotrabiDhan",0.207049238398866
"RRF-78","GotrabiDhan",0.223109691160809
"Sadabahar","GotrabiDhan",0.333214920071048
"SAFRI-17","GotrabiDhan",0.296613190730838
"SAHBHAGIDHAN","GotrabiDhan",0.214943342776204
"SATABHAMA","GotrabiDhan",0.322477876106195
"SERATOES","GotrabiDhan",0.328648648648649
"SERETY","GotrabiDhan",0.318663838812301
"SHAKU","GotrabiDhan",0.355790645879733
"SR1-3-1","GotrabiDhan",0.322890708437166
"SUWEON","GotrabiDhan",0.335003711952487
"SWARNA","GotrabiDhan",0.231481481481482
"VANAPRAVA","GotrabiDhan",0.316797994269341
"VANDANA","GotrabiDhan",0.277460770328103
"Wayrarem","GotrabiDhan",0.250621669626998
"281785","GP-145-37",0.236767317939609
"282803","GP-145-37",0.345909732016925
"299554","GP-145-37",0.362549800796813
"356457","GP-145-37",0.335907335907336
"376579","GP-145-37",0.147899752912107
"376851","GP-145-37",0.148207312744054
"377448","GP-145-37",0.264737215909091
"377705","GP-145-37",0.336395759717315
"384190","GP-145-37",0.294908062234795
"426049","GP-145-37",0.334272631208172
"438644","GP-145-37",0.339971550497866
"ADAYSEL","GP-145-37",0.375178826895565
"AbhayaXDagadesi","GP-145-37",0.358103326256192
"ABHISEK","GP-145-37",0.24688501245995
"ABOR-A-1","GP-145-37",0.343039772727273
"ANJALI","GP-145-37",0.233580508474576
"Annada","GP-145-37",0.359225026661927
"Apo","GP-145-37",0.353857041755131
"ARC10319","GP-145-37",0.332799145299145
"ARC12071","GP-145-37",0.22390158172232
"ARNAPURNA","GP-145-37",0.20597539543058
"ASD16","GP-145-37",0.22422954303932
"AUS257","GP-145-37",0.245286374955532
"BAKAL","GP-145-37",0.388011486001436
"BAM1057","GP-145-37",0.387817077527688
"BAM1098","GP-145-37",0.403866809881847
"BAM1659","GP-145-37",0.220357142857143
"BAM1689","GP-145-37",0.391156462585034
"BAM1708","GP-145-37",0.397316636851521
"BAM1812","GP-145-37",0.259744861800142
"BAM2096","GP-145-37",0.183403805496829
"BAM2166","GP-145-37",0.296835670622078
"BAM247","GP-145-37",0.333864118895966
"BAM2574","GP-145-37",0.158136251323685
"BAM2680","GP-145-37",0.229872881355932
"BAM3154","GP-145-37",0.30261274158912
"BAM3181","GP-145-37",0.198193411264612
"BAM326","GP-145-37",0.133805309734513
"BAM328","GP-145-37",0.291092258748674
"BAM350","GP-145-37",0.315670800450958
"BAM3690","GP-145-37",0.339464285714286
"BAM4009","GP-145-37",0.41375
"BAM4054","GP-145-37",0.218453427065026
"BAM4138","GP-145-37",0.309107142857143
"BAM4168","GP-145-37",0.279190544412607
"BAM4234","GP-145-37",0.25583864118896
"BAM4254","GP-145-37",0.255413560525382
"BAM4477","GP-145-37",0.335164835164835
"BAM4496","GP-145-37",0.302501761804087
"BAM4510","GP-145-37",0.287620064034152
"BAM4521","GP-145-37",0.301504836975994
"BAM4534","GP-145-37",0.39410092395167
"BAM4797","GP-145-37",0.175632911392405
"BAM491","GP-145-37",0.334399431414357
"BAM4928","GP-145-37",0.284951974386339
"BAM5110","GP-145-37",0.234253361641897
"BAM56","GP-145-37",0.293085106382979
"BAM5779","GP-145-37",0.29853414372542
"BAM5850","GP-145-37",0.396779964221825
"BAM6921","GP-145-37",0.356864136218517
"BAM712","GP-145-37",0.355072463768116
"BAM742","GP-145-37",0.358540925266904
"BAM7429","GP-145-37",0.251683800070897
"BAM7449","GP-145-37",0.39924704195052
"BAM747","GP-145-37",0.355724920241049
"BAM759","GP-145-37",0.374298540965208
"BAM766","GP-145-37",0.357321876118869
"BAM807","GP-145-37",0.296197583511016
"BAM811","GP-145-37",0.330916165546516
"BAM812","GP-145-37",0.221748400852879
"BAM819","GP-145-37",0.230741924032659
"BAM8296","GP-145-37",0.348623853211009
"BAM8305","GP-145-37",0.359152421652422
"BAM8315","GP-145-37",0.323968705547653
"BAM8364","GP-145-37",0.248492373181979
"BAMAWPYAN","GP-145-37",0.298640915593705
"BENAMURI","GP-145-37",0.196819787985866
"BLACKGORA","GP-145-37",0.231432594156987
"CGR1656","GP-145-37",0.306165839829908
"CGR1679","GP-145-37",0.145531614270576
"CGR2012","GP-145-37",0.133628318584071
"CO18","GP-145-37",0.218265162200282
"CRDHAN-204","GP-145-37",0.249735075944896
"CR143-2-2","GP-145-37",0.347340425531915
"CR262-4","GP-145-37",0.342281879194631
"CROSSA","GP-145-37",0.138429024304332
"DULAR","GP-145-37",0.405771286070538
"EYPO","GP-145-37",0.330328164442842
"EYPO-2","GP-145-37",0.237093352192362
"FULKATI","GP-145-37",0.390636168691923
"Ghanteswari","GP-145-37",0.332272887946271
"GHATIKAMMANANGARHAR","GP-145-37",0.231080605420627
"GotrabiDhan","GP-145-37",0.338686904341687
"GP-145-37","GP-145-37",0
"GP-145-51","GP-145-37",0.255315379163714
"HARBHOONDI","GP-145-37",0.251504424778761
"HongZuiEr","GP-145-37",0.328291814946619
"IndrabaruniDhan","GP-145-37",0.325044091710758
"IR74371-54-1-1","GP-145-37",0.343562610229277
"IR77298-14-1-2-10","GP-145-37",0.35222816399287
"IR77298-5-6-18","GP-145-37",0.370534135125575
"IR83383-B-B-129-4","GP-145-37",0.365343727852587
"IR83388-B-B108-3","GP-145-37",0.351203113941967
"IR87707-445-B-B","GP-145-37",0.369274136715997
"IR87707-446-B-B","GP-145-37",0.35750089509488
"IRROEPYO","GP-145-37",0.277838427947598
"KALINGA-1","GP-145-37",0.32956152758133
"KANGRO","GP-145-37",0.220112517580872
"KHAODAWTAI","GP-145-37",0.228515625
"MANDRIRAVINA","GP-145-37",0.220324057766819
"MAUDAMANI","GP-145-37",0.236786094359702
"MOROBEREKAN","GP-145-37",0.455877034358047
"MTU1010","GP-145-37",0.357015985790408
"MTU9","GP-145-37",0.221829742140586
"NERICA-L-26","GP-145-37",0.344907407407407
"NERICA-L-42","GP-145-37",0.347457627118644
"NERICA-L-44","GP-145-37",0.357319223985891
"PARIJAT","GP-145-37",0.346385542168675
"Patchaiperumal","GP-145-37",0.294957686882934
"PEH-KUH-TSAO-TU","GP-145-37",0.219640971488912
"PMK-2","GP-145-37",0.341557983785689
"PRASAD-1","GP-145-37",0.248317392844492
"PUSASUGANDH5","GP-145-37",0.362464689265537
"PUSA1121","GP-145-37",0.389369369369369
"Pusa1121-SN12","GP-145-37",0.395289855072464
"PUSA44","GP-145-37",0.346905537459283
"PUSABASMATI6","GP-145-37",0.296289689618266
"PUSASUGANDH2","GP-145-37",0.220246478873239
"RASI","GP-145-37",0.339292229113462
"RKVY-104","GP-145-37",0.414855717848237
"RKVY-143","GP-145-37",0.245765702187721
"RKVY-28","GP-145-37",0.389703253485878
"R-RF-44","GP-145-37",0.353827072997874
"RRF-78","GP-145-37",0.367328840014189
"Sadabahar","GP-145-37",0.177396533427662
"SAFRI-17","GP-145-37",0.228840682788051
"SAHBHAGIDHAN","GP-145-37",0.342133238837704
"SATABHAMA","GP-145-37",0.243104667609618
"SERATOES","GP-145-37",0.395930860640979
"SERETY","GP-145-37",0.217590957258919
"SHAKU","GP-145-37",0.257867456497593
"SR1-3-1","GP-145-37",0.249466571834993
"SUWEON","GP-145-37",0.251204149685069
"SWARNA","GP-145-37",0.335294117647059
"VANAPRAVA","GP-145-37",0.388968481375358
"VANDANA","GP-145-37",0.376248216833096
"Wayrarem","GP-145-37",0.358283079106066
"281785","GP-145-51",0.344162799000357
"282803","GP-145-51",0.244235544519333
"299554","GP-145-51",0.256363636363636
"356457","GP-145-51",0.2381036305957
"376579","GP-145-51",0.263662171753016
"376851","GP-145-51",0.265569076592699
"377448","GP-145-51",0.173440285204991
"377705","GP-145-51",0.235023041474654
"384190","GP-145-51",0.394699395233013
"426049","GP-145-51",0.240374425997881
"438644","GP-145-51",0.241323792486583
"ADAYSEL","GP-145-51",0.278715003589375
"AbhayaXDagadesi","GP-145-51",0.268218983291859
"ABHISEK","GP-145-51",0.359263233190272
"ABOR-A-1","GP-145-51",0.234402852049911
"ANJALI","GP-145-51",0.349023090586146
"Annada","GP-145-51",0.441902037897748
"Apo","GP-145-51",0.262699822380107
"ARC10319","GP-145-51",0.225160829163688
"ARC12071","GP-145-51",0.314775539059738
"ARNAPURNA","GP-145-51",0.297101449275362
"ASD16","GP-145-51",0.324964387464387
"AUS257","GP-145-51",0.346938775510204
"BAKAL","GP-145-51",0.305765765765766
"BAM1057","GP-145-51",0.31389088298636
"BAM1098","GP-145-51",0.320301291248207
"BAM1659","GP-145-51",0.317380352644836
"BAM1689","GP-145-51",0.296442687747036
"BAM1708","GP-145-51",0.319080129356809
"BAM1812","GP-145-51",0.15211970074813
"BAM2096","GP-145-51",0.291031549096065
"BAM2166","GP-145-51",0.396745027124774
"BAM247","GP-145-51",0.240063875088715
"BAM2574","GP-145-51",0.265552790615002
"BAM2680","GP-145-51",0.336998935792834
"BAM3154","GP-145-51",0.204602660913341
"BAM3181","GP-145-51",0.307404770380919
"BAM326","GP-145-51",0.235231316725979
"BAM328","GP-145-51",0.208303761533002
"BAM350","GP-145-51",0.223768333960135
"BAM3690","GP-145-51",0.235136103151863
"BAM4009","GP-145-51",0.330763714593044
"BAM4054","GP-145-51",0.336042402826855
"BAM4138","GP-145-51",0.412980942107156
"BAM4168","GP-145-51",0.389870223503965
"BAM4234","GP-145-51",0.367129135538954
"BAM4254","GP-145-51",0.368402282453638
"BAM4477","GP-145-51",0.227110794442465
"BAM4496","GP-145-51",0.201943462897527
"BAM4510","GP-145-51",0.398280802292264
"BAM4521","GP-145-51",0.402817919075145
"BAM4534","GP-145-51",0.3125
"BAM4797","GP-145-51",0.284098939929329
"BAM491","GP-145-51",0.226802284082798
"BAM4928","GP-145-51",0.397348620566105
"BAM5110","GP-145-51",0.337134711332858
"BAM56","GP-145-51",0.406450463292944
"BAM5779","GP-145-51",0.406542056074766
"BAM5850","GP-145-51",0.326647564469914
"BAM6921","GP-145-51",0.259074733096085
"BAM712","GP-145-51",0.43716719914803
"BAM742","GP-145-51",0.440808297567954
"BAM7429","GP-145-51",0.135039090262971
"BAM7449","GP-145-51",0.314681540122346
"BAM747","GP-145-51",0.440998217468806
"BAM759","GP-145-51",0.275797373358349
"BAM766","GP-145-51",0.439813151275602
"BAM807","GP-145-51",0.404327610872675
"BAM811","GP-145-51",0.243967352732434
"BAM812","GP-145-51",0.341917024320458
"BAM819","GP-145-51",0.326545194712397
"BAM8296","GP-145-51",0.253633463310883
"BAM8305","GP-145-51",0.260164051355207
"BAM8315","GP-145-51",0.422842821339062
"BAM8364","GP-145-51",0.353109363831308
"BAMAWPYAN","GP-145-51",0.399280575539568
"BENAMURI","GP-145-51",0.292808828764685
"BLACKGORA","GP-145-51",0.333628632175762
"CGR1656","GP-145-51",0.188565340909091
"CGR1679","GP-145-51",0.120432777580702
"CGR2012","GP-145-51",0.235671057315771
"CO18","GP-145-51",0.317328136073707
"CRDHAN-204","GP-145-51",0.348597799077032
"CR143-2-2","GP-145-51",0.255871886120996
"CR262-4","GP-145-51",0.255851063829787
"CROSSA","GP-145-51",0.238036157390996
"DULAR","GP-145-51",0.319727891156463
"EYPO","GP-145-51",0.22819399203764
"EYPO-2","GP-145-51",0.33321479374111
"FULKATI","GP-145-51",0.310283052669294
"Ghanteswari","GP-145-51",0.233333333333333
"GHATIKAMMANANGARHAR","GP-145-51",0.341472045293701
"GotrabiDhan","GP-145-51",0.23954642097803
"GP-145-37","GP-145-51",0.255315379163714
"GP-145-51","GP-145-51",0
"HARBHOONDI","GP-145-51",0.355263157894737
"HongZuiEr","GP-145-51",0.227678571428571
"IndrabaruniDhan","GP-145-51",0.224168435951875
"IR74371-54-1-1","GP-145-51",0.254429482636428
"IR77298-14-1-2-10","GP-145-51",0.25411596277738
"IR77298-5-6-18","GP-145-51",0.278152753108348
"IR83383-B-B-129-4","GP-145-51",0.275524724297403
"IR83388-B-B108-3","GP-145-51",0.261016346837242
"IR87707-445-B-B","GP-145-51",0.269462137296532
"IR87707-446-B-B","GP-145-51",0.251077586206897
"IRROEPYO","GP-145-51",0.385756133284511
"KALINGA-1","GP-145-51",0.235440340909091
"KANGRO","GP-145-51",0.314134275618375
"KHAODAWTAI","GP-145-51",0.333095323098893
"MANDRIRAVINA","GP-145-51",0.315286624203822
"MAUDAMANI","GP-145-51",0.346002855103497
"MOROBEREKAN","GP-145-51",0.370733478576616
"MTU1010","GP-145-51",0.264255167498218
"MTU9","GP-145-51",0.317584369449378
"NERICA-L-26","GP-145-51",0.253040057224607
"NERICA-L-42","GP-145-51",0.255760368663594
"NERICA-L-44","GP-145-51",0.24442082890542
"PARIJAT","GP-145-51",0.247597009611962
"Patchaiperumal","GP-145-51",0.185198300283286
"PEH-KUH-TSAO-TU","GP-145-51",0.313628318584071
"PMK-2","GP-145-51",0.232566371681416
"PRASAD-1","GP-145-51",0.350961538461538
"PUSASUGANDH5","GP-145-51",0.26391350584899
"PUSA1121","GP-145-51",0.306469100108421
"Pusa1121-SN12","GP-145-51",0.308460421205519
"PUSA44","GP-145-51",0.259097525473071
"PUSABASMATI6","GP-145-51",0.387872264083244
"PUSASUGANDH2","GP-145-51",0.321466524973433
"RASI","GP-145-51",0.254765395894428
"RKVY-104","GP-145-51",0.326421165534501
"RKVY-143","GP-145-51",0.141846480367881
"RKVY-28","GP-145-51",0.297166427546628
"R-RF-44","GP-145-51",0.264957264957265
"RRF-78","GP-145-51",0.279579472558803
"Sadabahar","GP-145-51",0.285663338088445
"SAFRI-17","GP-145-51",0.342340730136006
"SAHBHAGIDHAN","GP-145-51",0.24644128113879
"SATABHAMA","GP-145-51",0.353996447602131
"SERATOES","GP-145-51",0.312138728323699
"SERETY","GP-145-51",0.313475177304965
"SHAKU","GP-145-51",0.370757180156658
"SR1-3-1","GP-145-51",0.353697749196141
"SUWEON","GP-145-51",0.357888847444983
"SWARNA","GP-145-51",0.223575779290577
"VANAPRAVA","GP-145-51",0.313218390804598
"VANDANA","GP-145-51",0.290830945558739
"Wayrarem","GP-145-51",0.263186029935852
"281785","HARBHOONDI",0.23207277916518
"282803","HARBHOONDI",0.329021970233877
"299554","HARBHOONDI",0.25891557496361
"356457","HARBHOONDI",0.336975678533662
"376579","HARBHOONDI",0.257795889440113
"376851","HARBHOONDI",0.243937232524964
"377448","HARBHOONDI",0.356811697574893
"377705","HARBHOONDI",0.346822861199858
"384190","HARBHOONDI",0.312876906704505
"426049","HARBHOONDI",0.335926449787836
"438644","HARBHOONDI",0.333750894774517
"ADAYSEL","HARBHOONDI",0.375044818931517
"AbhayaXDagadesi","HARBHOONDI",0.309659090909091
"ABHISEK","HARBHOONDI",0.208675473045341
"ABOR-A-1","HARBHOONDI",0.351924447612259
"ANJALI","HARBHOONDI",0.205141843971631
"Annada","HARBHOONDI",0.336007130124777
"Apo","HARBHOONDI",0.27246891651865
"ARC10319","HARBHOONDI",0.357678571428571
"ARC12071","HARBHOONDI",0.258827683615819
"ARNAPURNA","HARBHOONDI",0.244526836158192
"ASD16","HARBHOONDI",0.208007117437722
"AUS257","HARBHOONDI",0.181185290967512
"BAKAL","HARBHOONDI",0.407880532565671
"BAM1057","HARBHOONDI",0.410035842293907
"BAM1098","HARBHOONDI",0.412176724137931
"BAM1659","HARBHOONDI",0.24389367816092
"BAM1689","HARBHOONDI",0.397915168943206
"BAM1708","HARBHOONDI",0.408372260150916
"BAM1812","HARBHOONDI",0.348538845331433
"BAM2096","HARBHOONDI",0.251327433628319
"BAM2166","HARBHOONDI",0.311868686868687
"BAM247","HARBHOONDI",0.335701598579041
"BAM2574","HARBHOONDI",0.244318181818182
"BAM2680","HARBHOONDI",0.238483345145287
"BAM3154","HARBHOONDI",0.312365204888569
"BAM3181","HARBHOONDI",0.268479033404406
"BAM326","HARBHOONDI",0.247338537970192
"BAM328","HARBHOONDI",0.357320540156361
"BAM350","HARBHOONDI",0.377593360995851
"BAM3690","HARBHOONDI",0.363212621011115
"BAM4009","HARBHOONDI",0.413378766140603
"BAM4054","HARBHOONDI",0.211789622308507
"BAM4138","HARBHOONDI",0.326398852223816
"BAM4168","HARBHOONDI",0.282060518731988
"BAM4234","HARBHOONDI",0.227967306325515
"BAM4254","HARBHOONDI",0.22647897362794
"BAM4477","HARBHOONDI",0.35772792022792
"BAM4496","HARBHOONDI",0.355221238938053
"BAM4510","HARBHOONDI",0.317792068595927
"BAM4521","HARBHOONDI",0.311375089992801
"BAM4534","HARBHOONDI",0.41163870046412
"BAM4797","HARBHOONDI",0.254583921015515
"BAM491","HARBHOONDI",0.374553890078515
"BAM4928","HARBHOONDI",0.292604501607717
"BAM5110","HARBHOONDI",0.144479943201988
"BAM56","HARBHOONDI",0.309879175550817
"BAM5779","HARBHOONDI",0.282639885222382
"BAM5850","HARBHOONDI",0.41699604743083
"BAM6921","HARBHOONDI",0.281316725978648
"BAM712","HARBHOONDI",0.331679659815734
"BAM742","HARBHOONDI",0.335535714285714
"BAM7429","HARBHOONDI",0.348969438521677
"BAM7449","HARBHOONDI",0.410727141828654
"BAM747","HARBHOONDI",0.332799715403771
"BAM759","HARBHOONDI",0.378566066066066
"BAM766","HARBHOONDI",0.33381191672649
"BAM807","HARBHOONDI",0.281863620135666
"BAM811","HARBHOONDI",0.354255319148936
"BAM812","HARBHOONDI",0.246524064171123
"BAM819","HARBHOONDI",0.227710413694722
"BAM8296","HARBHOONDI",0.311725115125753
"BAM8305","HARBHOONDI",0.328443649373882
"BAM8315","HARBHOONDI",0.314576634512326
"BAM8364","HARBHOONDI",0.232964680699251
"BAMAWPYAN","HARBHOONDI",0.309489575844716
"BENAMURI","HARBHOONDI",0.247246891651865
"BLACKGORA","HARBHOONDI",0.22338167668907
"CGR1656","HARBHOONDI",0.352260590957636
"CGR1679","HARBHOONDI",0.249911378943637
"CGR2012","HARBHOONDI",0.245467472449342
"CO18","HARBHOONDI",0.258407079646018
"CRDHAN-204","HARBHOONDI",0.110401135960241
"CR143-2-2","HARBHOONDI",0.207369170523318
"CR262-4","HARBHOONDI",0.202875399361022
"CROSSA","HARBHOONDI",0.249822820694543
"DULAR","HARBHOONDI",0.415293696275072
"EYPO","HARBHOONDI",0.376538740043447
"EYPO-2","HARBHOONDI",0.247869318181818
"FULKATI","HARBHOONDI",0.402797704447633
"Ghanteswari","HARBHOONDI",0.341909155429382
"GHATIKAMMANANGARHAR","HARBHOONDI",0.215142957995058
"GotrabiDhan","HARBHOONDI",0.324477506199079
"GP-145-37","HARBHOONDI",0.251504424778761
"GP-145-51","HARBHOONDI",0.355263157894737
"HARBHOONDI","HARBHOONDI",0
"HongZuiEr","HARBHOONDI",0.347212294496069
"IndrabaruniDhan","HARBHOONDI",0.304670912951168
"IR74371-54-1-1","HARBHOONDI",0.248937677053824
"IR77298-14-1-2-10","HARBHOONDI",0.291815582558971
"IR77298-5-6-18","HARBHOONDI",0.320298613579808
"IR83383-B-B-129-4","HARBHOONDI",0.326766063187788
"IR83388-B-B108-3","HARBHOONDI",0.290511727078891
"IR87707-445-B-B","HARBHOONDI",0.318117480537863
"IR87707-446-B-B","HARBHOONDI",0.285457809694794
"IRROEPYO","HARBHOONDI",0.293720335889011
"KALINGA-1","HARBHOONDI",0.336767317939609
"KANGRO","HARBHOONDI",0.256880733944954
"KHAODAWTAI","HARBHOONDI",0.218995010691376
"MANDRIRAVINA","HARBHOONDI",0.26025459688826
"MAUDAMANI","HARBHOONDI",0.209090909090909
"MOROBEREKAN","HARBHOONDI",0.428649237472767
"MTU1010","HARBHOONDI",0.317955112219451
"MTU9","HARBHOONDI",0.259397163120567
"NERICA-L-26","HARBHOONDI",0.270825884876654
"NERICA-L-42","HARBHOONDI",0.277383906416165
"NERICA-L-44","HARBHOONDI",0.299220963172805
"PARIJAT","HARBHOONDI",0.333036667853329
"Patchaiperumal","HARBHOONDI",0.350513637973787
"PEH-KUH-TSAO-TU","HARBHOONDI",0.257345132743363
"PMK-2","HARBHOONDI",0.349009900990099
"PRASAD-1","HARBHOONDI",0.23097439544808
"PUSASUGANDH5","HARBHOONDI",0.315509915014164
"PUSA1121","HARBHOONDI",0.371562952243126
"Pusa1121-SN12","HARBHOONDI",0.379636363636364
"PUSA44","HARBHOONDI",0.310889292196007
"PUSABASMATI6","HARBHOONDI",0.253040057224607
"PUSASUGANDH2","HARBHOONDI",0.203218960028299
"RASI","HARBHOONDI",0.331073653352877
"RKVY-104","HARBHOONDI",0.414669051878354
"RKVY-143","HARBHOONDI",0.355827134254339
"RKVY-28","HARBHOONDI",0.415859346968066
"R-RF-44","HARBHOONDI",0.302701741912549
"RRF-78","HARBHOONDI",0.354470965443534
"Sadabahar","HARBHOONDI",0.247241011035956
"SAFRI-17","HARBHOONDI",0.21344297461566
"SAHBHAGIDHAN","HARBHOONDI",0.32864768683274
"SATABHAMA","HARBHOONDI",0.124645892351275
"SERATOES","HARBHOONDI",0.421005061460593
"SERETY","HARBHOONDI",0.252926569705569
"SHAKU","HARBHOONDI",0.197951582867784
"SR1-3-1","HARBHOONDI",0.213801711840228
"SUWEON","HARBHOONDI",0.237829803047194
"SWARNA","HARBHOONDI",0.322540250447227
"VANAPRAVA","HARBHOONDI",0.410919540229885
"VANDANA","HARBHOONDI",0.31824686940966
"Wayrarem","HARBHOONDI",0.275898896404414
"281785","HongZuiEr",0.333870967741935
"282803","HongZuiEr",0.227967306325515
"299554","HongZuiEr",0.262965668371074
"356457","HongZuiEr",0.232566371681416
"376579","HongZuiEr",0.33464005702067
"376851","HongZuiEr",0.342379583033789
"377448","HongZuiEr",0.244448424068768
"377705","HongZuiEr",0.159074733096085
"384190","HongZuiEr",0.412468738835298
"426049","HongZuiEr",0.233214920071048
"438644","HongZuiEr",0.232687477574453
"ADAYSEL","HongZuiEr",0.298773891092679
"AbhayaXDagadesi","HongZuiEr",0.240819964349376
"ABHISEK","HongZuiEr",0.346153846153846
"ABOR-A-1","HongZuiEr",0.225125268432355
"ANJALI","HongZuiEr",0.344151212553495
"Annada","HongZuiEr",0.436399568810636
"Apo","HongZuiEr",0.240628347018922
"ARC10319","HongZuiEr",0.247037701974865
"ARC12071","HongZuiEr",0.350568585643212
"ARNAPURNA","HongZuiEr",0.334634492547906
"ASD16","HongZuiEr",0.31951393852752
"AUS257","HongZuiEr",0.33399209486166
"BAKAL","HongZuiEr",0.318609703113686
"BAM1057","HongZuiEr",0.338436599423631
"BAM1098","HongZuiEr",0.323285198555957
"BAM1659","HongZuiEr",0.352728586917239
"BAM1689","HongZuiEr",0.334597327555074
"BAM1708","HongZuiEr",0.32202166064982
"BAM1812","HongZuiEr",0.227272727272727
"BAM2096","HongZuiEr",0.343772241992883
"BAM2166","HongZuiEr",0.397240377632535
"BAM247","HongZuiEr",0.210845522654299
"BAM2574","HongZuiEr",0.341907824222937
"BAM2680","HongZuiEr",0.265156918687589
"BAM3154","HongZuiEr",0.247833935018051
"BAM3181","HongZuiEr",0.344007155635063
"BAM326","HongZuiEr",0.332021466905188
"BAM328","HongZuiEr",0.245094541562611
"BAM350","HongZuiEr",0.269565217391304
"BAM3690","HongZuiEr",0.120944484498918
"BAM4009","HongZuiEr",0.340786152181753
"BAM4054","HongZuiEr",0.321149751596877
"BAM4138","HongZuiEr",0.420995670995671
"BAM4168","HongZuiEr",0.37961622013034
"BAM4234","HongZuiEr",0.348463187991422
"BAM4254","HongZuiEr",0.350179211469534
"BAM4477","HongZuiEr",0.115618298784846
"BAM4496","HongZuiEr",0.243598862019915
"BAM4510","HongZuiEr",0.416037396619921
"BAM4521","HongZuiEr",0.418899348298335
"BAM4534","HongZuiEr",0.330286738351254
"BAM4797","HongZuiEr",0.344870429534966
"BAM491","HongZuiEr",0.286406025824964
"BAM4928","HongZuiEr",0.395219266714594
"BAM5110","HongZuiEr",0.325822603719599
"BAM56","HongZuiEr",0.408521303258145
"BAM5779","HongZuiEr",0.407333815028902
"BAM5850","HongZuiEr",0.345182244677012
"BAM6921","HongZuiEr",0.247233131024634
"BAM712","HongZuiEr",0.432191291934333
"BAM742","HongZuiEr",0.4352983465133
"BAM7429","HongZuiEr",0.225794926759557
"BAM7449","HongZuiEr",0.324060693641618
"BAM747","HongZuiEr",0.439964157706093
"BAM759","HongZuiEr",0.277694046721929
"BAM766","HongZuiEr",0.433248914616498
"BAM807","HongZuiEr",0.406283662477558
"BAM811","HongZuiEr",0.260691375623664
"BAM812","HongZuiEr",0.353015075376884
"BAM819","HongZuiEr",0.283381191672649
"BAM8296","HongZuiEr",0.23365316275764
"BAM8305","HongZuiEr",0.2497308934338
"BAM8315","HongZuiEr",0.414208633093525
"BAM8364","HongZuiEr",0.310975609756098
"BAMAWPYAN","HongZuiEr",0.415582067968185
"BENAMURI","HongZuiEr",0.33410797282803
"BLACKGORA","HongZuiEr",0.323131672597865
"CGR1656","HongZuiEr",0.235
"CGR1679","HongZuiEr",0.32441113490364
"CGR2012","HongZuiEr",0.337924865831843
"CO18","HongZuiEr",0.343360626557494
"CRDHAN-204","HongZuiEr",0.347678571428571
"CR143-2-2","HongZuiEr",0.253485877726135
"CR262-4","HongZuiEr",0.253561253561254
"CROSSA","HongZuiEr",0.327868852459016
"DULAR","HongZuiEr",0.329439252336449
"EYPO","HongZuiEr",0.252183406113537
"EYPO-2","HongZuiEr",0.322983583154889
"FULKATI","HongZuiEr",0.328288288288288
"Ghanteswari","HongZuiEr",0.217368045649073
"GHATIKAMMANANGARHAR","HongZuiEr",0.332089552238806
"GotrabiDhan","HongZuiEr",0.21116246000711
"GP-145-37","HongZuiEr",0.328291814946619
"GP-145-51","HongZuiEr",0.227678571428571
"HARBHOONDI","HongZuiEr",0.347212294496069
"HongZuiEr","HongZuiEr",0
"IndrabaruniDhan","HongZuiEr",0.23373622467117
"IR74371-54-1-1","HongZuiEr",0.253914590747331
"IR77298-14-1-2-10","HongZuiEr",0.258707360861759
"IR77298-5-6-18","HongZuiEr",0.266059957173448
"IR83383-B-B-129-4","HongZuiEr",0.260278870218091
"IR83388-B-B108-3","HongZuiEr",0.256071428571429
"IR87707-445-B-B","HongZuiEr",0.262540021344717
"IR87707-446-B-B","HongZuiEr",0.252528901734104
"IRROEPYO","HongZuiEr",0.402461425422483
"KALINGA-1","HongZuiEr",0.212758374910905
"KANGRO","HongZuiEr",0.348952786652467
"KHAODAWTAI","HongZuiEr",0.325385442811043
"MANDRIRAVINA","HongZuiEr",0.343894624421502
"MAUDAMANI","HongZuiEr",0.340021497671086
"MOROBEREKAN","HongZuiEr",0.357716161984677
"MTU1010","HongZuiEr",0.244897959183674
"MTU9","HongZuiEr",0.35176596503746
"NERICA-L-26","HongZuiEr",0.253230437903805
"NERICA-L-42","HongZuiEr",0.25543284645529
"NERICA-L-44","HongZuiEr",0.24465811965812
"PARIJAT","HongZuiEr",0.220892857142857
"Patchaiperumal","HongZuiEr",0.223960184856026
"PEH-KUH-TSAO-TU","HongZuiEr",0.348630380647456
"PMK-2","HongZuiEr",0.223150782361309
"PRASAD-1","HongZuiEr",0.349016100178891
"PUSASUGANDH5","HongZuiEr",0.236907730673317
"PUSA1121","HongZuiEr",0.308850199492202
"Pusa1121-SN12","HongZuiEr",0.305585980284775
"PUSA44","HongZuiEr",0.227603787327021
"PUSABASMATI6","HongZuiEr",0.383423423423423
"PUSASUGANDH2","HongZuiEr",0.330722677109292
"RASI","HongZuiEr",0.255604557148107
"RKVY-104","HongZuiEr",0.339748201438849
"RKVY-143","HongZuiEr",0.23995734091717
"RKVY-28","HongZuiEr",0.329426613775694
"R-RF-44","HongZuiEr",0.263223731236598
"RRF-78","HongZuiEr",0.263873970640888
"Sadabahar","HongZuiEr",0.343951324266285
"SAFRI-17","HongZuiEr",0.322250179726815
"SAHBHAGIDHAN","HongZuiEr",0.219229397074563
"SATABHAMA","HongZuiEr",0.345178571428571
"SERATOES","HongZuiEr",0.338774029742474
"SERETY","HongZuiEr",0.350267379679144
"SHAKU","HongZuiEr",0.364232209737828
"SR1-3-1","HongZuiEr",0.351632579834948
"SUWEON","HongZuiEr",0.357463524130191
"SWARNA","HongZuiEr",0.255847427132062
"VANAPRAVA","HongZuiEr",0.337964633706243
"VANDANA","HongZuiEr",0.286381602587136
"Wayrarem","HongZuiEr",0.24588403722262
"281785","IndrabaruniDhan",0.311944543192321
"282803","IndrabaruniDhan",0.216725352112676
"299554","IndrabaruniDhan",0.196635311143271
"356457","IndrabaruniDhan",0.20925341745531
"376579","IndrabaruniDhan",0.333333333333333
"376851","IndrabaruniDhan",0.325614535090844
"377448","IndrabaruniDhan",0.230305180979418
"377705","IndrabaruniDhan",0.229262266148959
"384190","IndrabaruniDhan",0.41646017699115
"426049","IndrabaruniDhan",0.209961281239
"438644","IndrabaruniDhan",0.213319088319088
"ADAYSEL","IndrabaruniDhan",0.242591931453052
"AbhayaXDagadesi","IndrabaruniDhan",0.212769720551822
"ABHISEK","IndrabaruniDhan",0.309676271789399
"ABOR-A-1","IndrabaruniDhan",0.231287690670451
"ANJALI","IndrabaruniDhan",0.305967514124294
"Annada","IndrabaruniDhan",0.436922530206112
"Apo","IndrabaruniDhan",0.228253182461103
"ARC10319","IndrabaruniDhan",0.230632551528074
"ARC12071","IndrabaruniDhan",0.318325712275765
"ARNAPURNA","IndrabaruniDhan",0.326530612244898
"ASD16","IndrabaruniDhan",0.284702549575071
"AUS257","IndrabaruniDhan",0.296724813100748
"BAKAL","IndrabaruniDhan",0.328382247673586
"BAM1057","IndrabaruniDhan",0.334047109207709
"BAM1098","IndrabaruniDhan",0.339828387558098
"BAM1659","IndrabaruniDhan",0.325993555316864
"BAM1689","IndrabaruniDhan",0.325589706933524
"BAM1708","IndrabaruniDhan",0.328566321058277
"BAM1812","IndrabaruniDhan",0.234929078014184
"BAM2096","IndrabaruniDhan",0.334802538787024
"BAM2166","IndrabaruniDhan",0.410694994598488
"BAM247","IndrabaruniDhan",0.20859872611465
"BAM2574","IndrabaruniDhan",0.328556263269639
"BAM2680","IndrabaruniDhan",0.325150123631226
"BAM3154","IndrabaruniDhan",0.222619899785254
"BAM3181","IndrabaruniDhan",0.34750265674814
"BAM326","IndrabaruniDhan",0.321061946902655
"BAM328","IndrabaruniDhan",0.24788285109386
"BAM350","IndrabaruniDhan",0.275468164794007
"BAM3690","IndrabaruniDhan",0.242694226657163
"BAM4009","IndrabaruniDhan",0.346304891110318
"BAM4054","IndrabaruniDhan",0.302354181307098
"BAM4138","IndrabaruniDhan",0.421316165951359
"BAM4168","IndrabaruniDhan",0.389727011494253
"BAM4234","IndrabaruniDhan",0.309380530973451
"BAM4254","IndrabaruniDhan",0.309726659566915
"BAM4477","IndrabaruniDhan",0.244684620836286
"BAM4496","IndrabaruniDhan",0.22666431842198
"BAM4510","IndrabaruniDhan",0.412508909479686
"BAM4521","IndrabaruniDhan",0.423104563420769
"BAM4534","IndrabaruniDhan",0.328535891968728
"BAM4797","IndrabaruniDhan",0.330990864371047
"BAM491","IndrabaruniDhan",0.281705150976909
"BAM4928","IndrabaruniDhan",0.402460770328103
"BAM5110","IndrabaruniDhan",0.277935438098617
"BAM56","IndrabaruniDhan",0.410815602836879
"BAM5779","IndrabaruniDhan",0.389385275196569
"BAM5850","IndrabaruniDhan",0.343593414459556
"BAM6921","IndrabaruniDhan",0.203080736543909
"BAM712","IndrabaruniDhan",0.435159010600707
"BAM742","IndrabaruniDhan",0.433167436900107
"BAM7429","IndrabaruniDhan",0.244424778761062
"BAM7449","IndrabaruniDhan",0.329985652797704
"BAM747","IndrabaruniDhan",0.436124911284599
"BAM759","IndrabaruniDhan",0.277216610549944
"BAM766","IndrabaruniDhan",0.433607730851825
"BAM807","IndrabaruniDhan",0.385749822316987
"BAM811","IndrabaruniDhan",0.239583333333333
"BAM812","IndrabaruniDhan",0.333570412517781
"BAM819","IndrabaruniDhan",0.30796586059744
"BAM8296","IndrabaruniDhan",0.200740218540712
"BAM8305","IndrabaruniDhan",0.22350640113798
"BAM8315","IndrabaruniDhan",0.426381461675579
"BAM8364","IndrabaruniDhan",0.325754884547069
"BAMAWPYAN","IndrabaruniDhan",0.418159025787966
"BENAMURI","IndrabaruniDhan",0.336995038979447
"BLACKGORA","IndrabaruniDhan",0.310144417048256
"CGR1656","IndrabaruniDhan",0.239646017699115
"CGR1679","IndrabaruniDhan",0.319483734087694
"CGR2012","IndrabaruniDhan",0.330796460176991
"CO18","IndrabaruniDhan",0.311001410437236
"CRDHAN-204","IndrabaruniDhan",0.287433628318584
"CR143-2-2","IndrabaruniDhan",0.209248759744862
"CR262-4","IndrabaruniDhan",0.209039548022599
"CROSSA","IndrabaruniDhan",0.334333098094566
"DULAR","IndrabaruniDhan",0.34270462633452
"EYPO","IndrabaruniDhan",0.248646697942981
"EYPO-2","IndrabaruniDhan",0.326025459688826
"FULKATI","IndrabaruniDhan",0.33018194791295
"Ghanteswari","IndrabaruniDhan",0.22165312610385
"GHATIKAMMANANGARHAR","IndrabaruniDhan",0.310587407667956
"GotrabiDhan","IndrabaruniDhan",0.199364855328158
"GP-145-37","IndrabaruniDhan",0.325044091710758
"GP-145-51","IndrabaruniDhan",0.224168435951875
"HARBHOONDI","IndrabaruniDhan",0.304670912951168
"HongZuiEr","IndrabaruniDhan",0.23373622467117
"IndrabaruniDhan","IndrabaruniDhan",0
"IR74371-54-1-1","IndrabaruniDhan",0.209654686398872
"IR77298-14-1-2-10","IndrabaruniDhan",0.178457163170992
"IR77298-5-6-18","IndrabaruniDhan",0.212796041003888
"IR83383-B-B-129-4","IndrabaruniDhan",0.223912274495932
"IR83388-B-B108-3","IndrabaruniDhan",0.201661364439731
"IR87707-445-B-B","IndrabaruniDhan",0.216402116402116
"IR87707-446-B-B","IndrabaruniDhan",0.217554522702896
"IRROEPYO","IndrabaruniDhan",0.389333818711321
"KALINGA-1","IndrabaruniDhan",0.217966819625838
"KANGRO","IndrabaruniDhan",0.315752461322082
"KHAODAWTAI","IndrabaruniDhan",0.327353463587922
"MANDRIRAVINA","IndrabaruniDhan",0.312191684284708
"MAUDAMANI","IndrabaruniDhan",0.30315938942137
"MOROBEREKAN","IndrabaruniDhan",0.363570654138056
"MTU1010","IndrabaruniDhan",0.209145693016661
"MTU9","IndrabaruniDhan",0.31966053748232
"NERICA-L-26","IndrabaruniDhan",0.188766441521507
"NERICA-L-42","IndrabaruniDhan",0.192484121383204
"NERICA-L-44","IndrabaruniDhan",0.211212976022567
"PARIJAT","IndrabaruniDhan",0.230237504431053
"Patchaiperumal","IndrabaruniDhan",0.23440253789214
"PEH-KUH-TSAO-TU","IndrabaruniDhan",0.315362931642001
"PMK-2","IndrabaruniDhan",0.232582688247713
"PRASAD-1","IndrabaruniDhan",0.307610619469027
"PUSASUGANDH5","IndrabaruniDhan",0.219851904090268
"PUSA1121","IndrabaruniDhan",0.300215594681998
"Pusa1121-SN12","IndrabaruniDhan",0.294830079537238
"PUSA44","IndrabaruniDhan",0.195007235890014
"PUSABASMATI6","IndrabaruniDhan",0.351818830242511
"PUSASUGANDH2","IndrabaruniDhan",0.124691792884819
"RASI","IndrabaruniDhan",0.240416210295728
"RKVY-104","IndrabaruniDhan",0.342826628693485
"RKVY-143","IndrabaruniDhan",0.226375176304654
"RKVY-28","IndrabaruniDhan",0.328867452661665
"R-RF-44","IndrabaruniDhan",0.185951875442321
"RRF-78","IndrabaruniDhan",0.247608926673751
"Sadabahar","IndrabaruniDhan",0.336586231369766
"SAFRI-17","IndrabaruniDhan",0.278767367296046
"SAHBHAGIDHAN","IndrabaruniDhan",0.229380530973451
"SATABHAMA","IndrabaruniDhan",0.306605439773932
"SERATOES","IndrabaruniDhan",0.336334173568599
"SERETY","IndrabaruniDhan",0.321743734557007
"SHAKU","IndrabaruniDhan",0.345640074211503
"SR1-3-1","IndrabaruniDhan",0.305792466240227
"SUWEON","IndrabaruniDhan",0.329503335804299
"SWARNA","IndrabaruniDhan",0.133274021352313
"VANAPRAVA","IndrabaruniDhan",0.330829756795422
"VANDANA","IndrabaruniDhan",0.274946543121882
"Wayrarem","IndrabaruniDhan",0.228642325416519
"281785","IR74371-54-1-1",0.333451830785638
"282803","IR74371-54-1-1",0.226005645730416
"299554","IR74371-54-1-1",0.204454907642159
"356457","IR74371-54-1-1",0.236934408979306
"376579","IR74371-54-1-1",0.346643109540636
"376851","IR74371-54-1-1",0.356125356125356
"377448","IR74371-54-1-1",0.253556187766714
"377705","IR74371-54-1-1",0.257773851590106
"384190","IR74371-54-1-1",0.394121813031161
"426049","IR74371-54-1-1",0.235935302390999
"438644","IR74371-54-1-1",0.229700854700855
"ADAYSEL","IR74371-54-1-1",0.284948158741509
"AbhayaXDagadesi","IR74371-54-1-1",0.228687654757694
"ABHISEK","IR74371-54-1-1",0.327991452991453
"ABOR-A-1","IR74371-54-1-1",0.24015608371763
"ANJALI","IR74371-54-1-1",0.313250883392226
"Annada","IR74371-54-1-1",0.418146306818182
"Apo","IR74371-54-1-1",0.146871686108165
"ARC10319","IR74371-54-1-1",0.260049804340093
"ARC12071","IR74371-54-1-1",0.349119718309859
"ARNAPURNA","IR74371-54-1-1",0.347940865892291
"ASD16","IR74371-54-1-1",0.325540205455189
"AUS257","IR74371-54-1-1",0.266453219494842
"BAKAL","IR74371-54-1-1",0.325689716947331
"BAM1057","IR74371-54-1-1",0.326957454415445
"BAM1098","IR74371-54-1-1",0.323792486583184
"BAM1659","IR74371-54-1-1",0.345327604726101
"BAM1689","IR74371-54-1-1",0.318344679326406
"BAM1708","IR74371-54-1-1",0.320150322118826
"BAM1812","IR74371-54-1-1",0.254609929078014
"BAM2096","IR74371-54-1-1",0.351093860268172
"BAM2166","IR74371-54-1-1",0.400107991360691
"BAM247","IR74371-54-1-1",0.248584571832979
"BAM2574","IR74371-54-1-1",0.350653941322022
"BAM2680","IR74371-54-1-1",0.350477200424178
"BAM3154","IR74371-54-1-1",0.189667500893815
"BAM3181","IR74371-54-1-1",0.36582772066643
"BAM326","IR74371-54-1-1",0.343196314670447
"BAM328","IR74371-54-1-1",0.255213856486391
"BAM350","IR74371-54-1-1",0.286786786786787
"BAM3690","IR74371-54-1-1",0.261785714285714
"BAM4009","IR74371-54-1-1",0.332141580264569
"BAM4054","IR74371-54-1-1",0.31210415200563
"BAM4138","IR74371-54-1-1",0.417859699355762
"BAM4168","IR74371-54-1-1",0.38294434470377
"BAM4234","IR74371-54-1-1",0.334336283185841
"BAM4254","IR74371-54-1-1",0.336173233936812
"BAM4477","IR74371-54-1-1",0.256742370475515
"BAM4496","IR74371-54-1-1",0.249471830985916
"BAM4510","IR74371-54-1-1",0.409625668449198
"BAM4521","IR74371-54-1-1",0.407833273445922
"BAM4534","IR74371-54-1-1",0.326458036984353
"BAM4797","IR74371-54-1-1",0.350210970464135
"BAM491","IR74371-54-1-1",0.286171347316033
"BAM4928","IR74371-54-1-1",0.38952245188881
"BAM5110","IR74371-54-1-1",0.295744680851064
"BAM56","IR74371-54-1-1",0.403368794326241
"BAM5779","IR74371-54-1-1",0.364855202002145
"BAM5850","IR74371-54-1-1",0.343716433941998
"BAM6921","IR74371-54-1-1",0.179241941197308
"BAM712","IR74371-54-1-1",0.415134370579915
"BAM742","IR74371-54-1-1",0.416518333926664
"BAM7429","IR74371-54-1-1",0.25646017699115
"BAM7449","IR74371-54-1-1",0.328310010764263
"BAM747","IR74371-54-1-1",0.418175363862265
"BAM759","IR74371-54-1-1",0.282185628742515
"BAM766","IR74371-54-1-1",0.416428060128847
"BAM807","IR74371-54-1-1",0.361732339368122
"BAM811","IR74371-54-1-1",0.250265298903431
"BAM812","IR74371-54-1-1",0.345195729537367
"BAM819","IR74371-54-1-1",0.343649946638207
"BAM8296","IR74371-54-1-1",0.200352733686067
"BAM8305","IR74371-54-1-1",0.240925266903915
"BAM8315","IR74371-54-1-1",0.407730673316708
"BAM8364","IR74371-54-1-1",0.332147937411095
"BAMAWPYAN","IR74371-54-1-1",0.406876790830946
"BENAMURI","IR74371-54-1-1",0.342487597448618
"BLACKGORA","IR74371-54-1-1",0.329281183932347
"CGR1656","IR74371-54-1-1",0.250619907899398
"CGR1679","IR74371-54-1-1",0.347895295366113
"CGR2012","IR74371-54-1-1",0.344735909252038
"CO18","IR74371-54-1-1",0.350088183421517
"CRDHAN-204","IR74371-54-1-1",0.291092258748674
"CR143-2-2","IR74371-54-1-1",0.0989030431705591
"CR262-4","IR74371-54-1-1",0.0964726631393298
"CROSSA","IR74371-54-1-1",0.340508115737474
"DULAR","IR74371-54-1-1",0.331669044222539
"EYPO","IR74371-54-1-1",0.271958243340533
"EYPO-2","IR74371-54-1-1",0.334512022630834
"FULKATI","IR74371-54-1-1",0.32529474812433
"Ghanteswari","IR74371-54-1-1",0.253886925795053
"GHATIKAMMANANGARHAR","IR74371-54-1-1",0.32112676056338
"GotrabiDhan","IR74371-54-1-1",0.243376898622395
"GP-145-37","IR74371-54-1-1",0.343562610229277
"GP-145-51","IR74371-54-1-1",0.254429482636428
"HARBHOONDI","IR74371-54-1-1",0.248937677053824
"HongZuiEr","IR74371-54-1-1",0.253914590747331
"IndrabaruniDhan","IR74371-54-1-1",0.209654686398872
"IR74371-54-1-1","IR74371-54-1-1",0
"IR77298-14-1-2-10","IR74371-54-1-1",0.190747330960854
"IR77298-5-6-18","IR74371-54-1-1",0.234607218683652
"IR83383-B-B-129-4","IR74371-54-1-1",0.230347025495751
"IR83388-B-B108-3","IR74371-54-1-1",0.189844302901628
"IR87707-445-B-B","IR74371-54-1-1",0.227529080014099
"IR87707-446-B-B","IR74371-54-1-1",0.200178890876565
"IRROEPYO","IR74371-54-1-1",0.386603567528213
"KALINGA-1","IR74371-54-1-1",0.235252560932533
"KANGRO","IR74371-54-1-1",0.348399577910658
"KHAODAWTAI","IR74371-54-1-1",0.336651261997867
"MANDRIRAVINA","IR74371-54-1-1",0.350617283950617
"MAUDAMANI","IR74371-54-1-1",0.319602272727273
"MOROBEREKAN","IR74371-54-1-1",0.340917298663778
"MTU1010","IR74371-54-1-1",0.231451899183529
"MTU9","IR74371-54-1-1",0.351963211885391
"NERICA-L-26","IR74371-54-1-1",0.144176136363636
"NERICA-L-42","IR74371-54-1-1",0.14827221438646
"NERICA-L-44","IR74371-54-1-1",0.213605921748326
"PARIJAT","IR74371-54-1-1",0.232446808510638
"Patchaiperumal","IR74371-54-1-1",0.25194209039548
"PEH-KUH-TSAO-TU","IR74371-54-1-1",0.348677248677249
"PMK-2","IR74371-54-1-1",0.241288278775079
"PRASAD-1","IR74371-54-1-1",0.331325301204819
"PUSASUGANDH5","IR74371-54-1-1",0.232874293785311
"PUSA1121","IR74371-54-1-1",0.288031723143475
"Pusa1121-SN12","IR74371-54-1-1",0.289254703328509
"PUSA44","IR74371-54-1-1",0.212115732368897
"PUSABASMATI6","IR74371-54-1-1",0.361478043555873
"PUSASUGANDH2","IR74371-54-1-1",0.308709449929478
"RASI","IR74371-54-1-1",0.2436177972283
"RKVY-104","IR74371-54-1-1",0.329003558718861
"RKVY-143","IR74371-54-1-1",0.259774568510039
"RKVY-28","IR74371-54-1-1",0.332975679542203
"R-RF-44","IR74371-54-1-1",0.222929936305732
"RRF-78","IR74371-54-1-1",0.259489180560482
"Sadabahar","IR74371-54-1-1",0.347872340425532
"SAFRI-17","IR74371-54-1-1",0.309158945117605
"SAHBHAGIDHAN","IR74371-54-1-1",0.228141592920354
"SATABHAMA","IR74371-54-1-1",0.189246551114255
"SERATOES","IR74371-54-1-1",0.331112711559237
"SERETY","IR74371-54-1-1",0.344632768361582
"SHAKU","IR74371-54-1-1",0.304234769687964
"SR1-3-1","IR74371-54-1-1",0.311367673179396
"SUWEON","IR74371-54-1-1",0.328258447827701
"SWARNA","IR74371-54-1-1",0.218003565062389
"VANAPRAVA","IR74371-54-1-1",0.326172574292875
"VANDANA","IR74371-54-1-1",0.209269162210339
"Wayrarem","IR74371-54-1-1",0.150177304964539
"281785","IR77298-14-1-2-10",0.323751347466762
"282803","IR77298-14-1-2-10",0.216833095577746
"299554","IR77298-14-1-2-10",0.201715954728003
"356457","IR77298-14-1-2-10",0.220311946118398
"376579","IR77298-14-1-2-10",0.350695683196575
"376851","IR77298-14-1-2-10",0.34705248023005
"377448","IR77298-14-1-2-10",0.248204022988506
"377705","IR77298-14-1-2-10",0.246255349500713
"384190","IR77298-14-1-2-10",0.419792783136835
"426049","IR77298-14-1-2-10",0.219872022751511
"438644","IR77298-14-1-2-10",0.225
"ADAYSEL","IR77298-14-1-2-10",0.256586070010826
"AbhayaXDagadesi","IR77298-14-1-2-10",0.224267333809864
"ABHISEK","IR77298-14-1-2-10",0.325422509888529
"ABOR-A-1","IR77298-14-1-2-10",0.240494978479197
"ANJALI","IR77298-14-1-2-10",0.300321199143469
"Annada","IR77298-14-1-2-10",0.443067528735632
"Apo","IR77298-14-1-2-10",0.206292456203075
"ARC10319","IR77298-14-1-2-10",0.257630161579892
"ARC12071","IR77298-14-1-2-10",0.354551920341394
"ARNAPURNA","IR77298-14-1-2-10",0.347563144788332
"ASD16","IR77298-14-1-2-10",0.313037249283668
"AUS257","IR77298-14-1-2-10",0.312230215827338
"BAKAL","IR77298-14-1-2-10",0.318625678119349
"BAM1057","IR77298-14-1-2-10",0.330808080808081
"BAM1098","IR77298-14-1-2-10",0.328040418621436
"BAM1659","IR77298-14-1-2-10",0.33091962346126
"BAM1689","IR77298-14-1-2-10",0.318526543878657
"BAM1708","IR77298-14-1-2-10",0.317984832069339
"BAM1812","IR77298-14-1-2-10",0.251969914040115
"BAM2096","IR77298-14-1-2-10",0.351336898395722
"BAM2166","IR77298-14-1-2-10",0.406659388646288
"BAM247","IR77298-14-1-2-10",0.2310443490701
"BAM2574","IR77298-14-1-2-10",0.35806220951019
"BAM2680","IR77298-14-1-2-10",0.347266881028939
"BAM3154","IR77298-14-1-2-10",0.214130827611131
"BAM3181","IR77298-14-1-2-10",0.367431028305267
"BAM326","IR77298-14-1-2-10",0.343056549749463
"BAM328","IR77298-14-1-2-10",0.264380135762772
"BAM350","IR77298-14-1-2-10",0.28671461014383
"BAM3690","IR77298-14-1-2-10",0.260900900900901
"BAM4009","IR77298-14-1-2-10",0.339292163235825
"BAM4054","IR77298-14-1-2-10",0.304479203697121
"BAM4138","IR77298-14-1-2-10",0.424439624005784
"BAM4168","IR77298-14-1-2-10",0.406499636891794
"BAM4234","IR77298-14-1-2-10",0.315497494631353
"BAM4254","IR77298-14-1-2-10",0.31903052064632
"BAM4477","IR77298-14-1-2-10",0.25913323782235
"BAM4496","IR77298-14-1-2-10",0.258725071225071
"BAM4510","IR77298-14-1-2-10",0.415165706051873
"BAM4521","IR77298-14-1-2-10",0.421653971708379
"BAM4534","IR77298-14-1-2-10",0.329202586206897
"BAM4797","IR77298-14-1-2-10",0.362068965517241
"BAM491","IR77298-14-1-2-10",0.292923850574713
"BAM4928","IR77298-14-1-2-10",0.392407340770061
"BAM5110","IR77298-14-1-2-10",0.285125448028674
"BAM56","IR77298-14-1-2-10",0.410426370476532
"BAM5779","IR77298-14-1-2-10",0.397546897546898
"BAM5850","IR77298-14-1-2-10",0.342485549132948
"BAM6921","IR77298-14-1-2-10",0.191496963201143
"BAM712","IR77298-14-1-2-10",0.438192211504109
"BAM742","IR77298-14-1-2-10",0.439344852411807
"BAM7429","IR77298-14-1-2-10",0.261896243291592
"BAM7449","IR77298-14-1-2-10",0.330014482259232
"BAM747","IR77298-14-1-2-10",0.441714490674319
"BAM759","IR77298-14-1-2-10",0.276077097505669
"BAM766","IR77298-14-1-2-10",0.439673913043478
"BAM807","IR77298-14-1-2-10",0.393318965517241
"BAM811","IR77298-14-1-2-10",0.238648552020021
"BAM812","IR77298-14-1-2-10",0.340035906642729
"BAM819","IR77298-14-1-2-10",0.343221862639338
"BAM8296","IR77298-14-1-2-10",0.195187165775401
"BAM8305","IR77298-14-1-2-10",0.227011494252874
"BAM8315","IR77298-14-1-2-10",0.421621621621622
"BAM8364","IR77298-14-1-2-10",0.329439252336449
"BAMAWPYAN","IR77298-14-1-2-10",0.41545981173063
"BENAMURI","IR77298-14-1-2-10",0.352488363766559
"BLACKGORA","IR77298-14-1-2-10",0.314946619217082
"CGR1656","IR77298-14-1-2-10",0.254835243553009
"CGR1679","IR77298-14-1-2-10",0.353540772532189
"CGR2012","IR77298-14-1-2-10",0.346829093514869
"CO18","IR77298-14-1-2-10",0.347237076648841
"CRDHAN-204","IR77298-14-1-2-10",0.295096635647817
"CR143-2-2","IR77298-14-1-2-10",0.198642372275813
"CR262-4","IR77298-14-1-2-10",0.199785943631823
"CROSSA","IR77298-14-1-2-10",0.3509272467903
"DULAR","IR77298-14-1-2-10",0.337779379956741
"EYPO","IR77298-14-1-2-10",0.260204081632653
"EYPO-2","IR77298-14-1-2-10",0.336253128351806
"FULKATI","IR77298-14-1-2-10",0.326534296028881
"Ghanteswari","IR77298-14-1-2-10",0.2419757489301
"GHATIKAMMANANGARHAR","IR77298-14-1-2-10",0.316660733357067
"GotrabiDhan","IR77298-14-1-2-10",0.22876516773733
"GP-145-37","IR77298-14-1-2-10",0.35222816399287
"GP-145-51","IR77298-14-1-2-10",0.25411596277738
"HARBHOONDI","IR77298-14-1-2-10",0.291815582558971
"HongZuiEr","IR77298-14-1-2-10",0.258707360861759
"IndrabaruniDhan","IR77298-14-1-2-10",0.178457163170992
"IR74371-54-1-1","IR77298-14-1-2-10",0.190747330960854
"IR77298-14-1-2-10","IR77298-14-1-2-10",0
"IR77298-5-6-18","IR77298-14-1-2-10",0.222698072805139
"IR83383-B-B-129-4","IR77298-14-1-2-10",0.235872675250358
"IR83388-B-B108-3","IR77298-14-1-2-10",0.103528153955809
"IR87707-445-B-B","IR77298-14-1-2-10",0.222736992159658
"IR87707-446-B-B","IR77298-14-1-2-10",0.194124008651766
"IRROEPYO","IR77298-14-1-2-10",0.389338235294118
"KALINGA-1","IR77298-14-1-2-10",0.235714285714286
"KANGRO","IR77298-14-1-2-10",0.352596017069701
"KHAODAWTAI","IR77298-14-1-2-10",0.327945402298851
"MANDRIRAVINA","IR77298-14-1-2-10",0.349946600213599
"MAUDAMANI","IR77298-14-1-2-10",0.300932568149211
"MOROBEREKAN","IR77298-14-1-2-10",0.357873584216295
"MTU1010","IR77298-14-1-2-10",0.23765211166786
"MTU9","IR77298-14-1-2-10",0.357398141529664
"NERICA-L-26","IR77298-14-1-2-10",0.202227011494253
"NERICA-L-42","IR77298-14-1-2-10",0.201710620099786
"NERICA-L-44","IR77298-14-1-2-10",0.192910580691129
"PARIJAT","IR77298-14-1-2-10",0.217204301075269
"Patchaiperumal","IR77298-14-1-2-10",0.251872993221548
"PEH-KUH-TSAO-TU","IR77298-14-1-2-10",0.351851851851852
"PMK-2","IR77298-14-1-2-10",0.239494301994302
"PRASAD-1","IR77298-14-1-2-10",0.324919441460795
"PUSASUGANDH5","IR77298-14-1-2-10",0.201247771836007
"PUSA1121","IR77298-14-1-2-10",0.291031227305737
"Pusa1121-SN12","IR77298-14-1-2-10",0.282426013883814
"PUSA44","IR77298-14-1-2-10",0.196382900986482
"PUSABASMATI6","IR77298-14-1-2-10",0.352432432432432
"PUSASUGANDH2","IR77298-14-1-2-10",0.281639928698752
"RASI","IR77298-14-1-2-10",0.243830570902394
"RKVY-104","IR77298-14-1-2-10",0.324397265203311
"RKVY-143","IR77298-14-1-2-10",0.252051373528362
"RKVY-28","IR77298-14-1-2-10",0.328819068255688
"R-RF-44","IR77298-14-1-2-10",0.219040801717967
"RRF-78","IR77298-14-1-2-10",0.238180515759312
"Sadabahar","IR77298-14-1-2-10",0.349713055954089
"SAFRI-17","IR77298-14-1-2-10",0.308606409794743
"SAHBHAGIDHAN","IR77298-14-1-2-10",0.216660707901323
"SATABHAMA","IR77298-14-1-2-10",0.296997855611151
"SERATOES","IR77298-14-1-2-10",0.334849036013096
"SERETY","IR77298-14-1-2-10",0.35028551034975
"SHAKU","IR77298-14-1-2-10",0.333895131086142
"SR1-3-1","IR77298-14-1-2-10",0.277019748653501
"SUWEON","IR77298-14-1-2-10",0.335583052118485
"SWARNA","IR77298-14-1-2-10",0.157553956834532
"VANAPRAVA","IR77298-14-1-2-10",0.326943942133816
"VANDANA","IR77298-14-1-2-10",0.258378378378378
"Wayrarem","IR77298-14-1-2-10",0.205123611608742
"281785","IR77298-5-6-18",0.29543834640057
"282803","IR77298-5-6-18",0.18546676096181
"299554","IR77298-5-6-18",0.196331274972757
"356457","IR77298-5-6-18",0.210137275607181
"376579","IR77298-5-6-18",0.369026548672566
"376851","IR77298-5-6-18",0.373168988924616
"377448","IR77298-5-6-18",0.268422926308295
"377705","IR77298-5-6-18",0.241153573956122
"384190","IR77298-5-6-18",0.410365637202698
"426049","IR77298-5-6-18",0.210331452750353
"438644","IR77298-5-6-18",0.18348787446505
"ADAYSEL","IR77298-5-6-18",0.294370742201506
"AbhayaXDagadesi","IR77298-5-6-18",0.17859673990078
"ABHISEK","IR77298-5-6-18",0.325955016065691
"ABOR-A-1","IR77298-5-6-18",0.246619217081851
"ANJALI","IR77298-5-6-18",0.289893617021277
"Annada","IR77298-5-6-18",0.427934356047092
"Apo","IR77298-5-6-18",0.252217098261795
"ARC10319","IR77298-5-6-18",0.256245538900785
"ARC12071","IR77298-5-6-18",0.344742413549753
"ARNAPURNA","IR77298-5-6-18",0.344864101659019
"ASD16","IR77298-5-6-18",0.320959147424512
"AUS257","IR77298-5-6-18",0.328392857142857
"BAKAL","IR77298-5-6-18",0.311982727599856
"BAM1057","IR77298-5-6-18",0.32233775546791
"BAM1098","IR77298-5-6-18",0.323170731707317
"BAM1659","IR77298-5-6-18",0.360294117647059
"BAM1689","IR77298-5-6-18",0.315685570710696
"BAM1708","IR77298-5-6-18",0.323761665470208
"BAM1812","IR77298-5-6-18",0.263064344116602
"BAM2096","IR77298-5-6-18",0.376857749469214
"BAM2166","IR77298-5-6-18",0.40812274368231
"BAM247","IR77298-5-6-18",0.215272856130404
"BAM2574","IR77298-5-6-18",0.358156028368794
"BAM2680","IR77298-5-6-18",0.331797235023041
"BAM3154","IR77298-5-6-18",0.244795405599426
"BAM3181","IR77298-5-6-18",0.374689385871494
"BAM326","IR77298-5-6-18",0.355291193181818
"BAM328","IR77298-5-6-18",0.282246633593196
"BAM350","IR77298-5-6-18",0.285526315789474
"BAM3690","IR77298-5-6-18",0.263948497854077
"BAM4009","IR77298-5-6-18",0.325206167084977
"BAM4054","IR77298-5-6-18",0.312808750882145
"BAM4138","IR77298-5-6-18",0.422194334887056
"BAM4168","IR77298-5-6-18",0.394092219020173
"BAM4234","IR77298-5-6-18",0.235471296952516
"BAM4254","IR77298-5-6-18",0.237562189054726
"BAM4477","IR77298-5-6-18",0.262522202486678
"BAM4496","IR77298-5-6-18",0.259625574002119
"BAM4510","IR77298-5-6-18",0.408082975679542
"BAM4521","IR77298-5-6-18",0.41264409221902
"BAM4534","IR77298-5-6-18",0.320028510334996
"BAM4797","IR77298-5-6-18",0.366666666666667
"BAM491","IR77298-5-6-18",0.287290850836597
"BAM4928","IR77298-5-6-18",0.400107219442459
"BAM5110","IR77298-5-6-18",0.304054054054054
"BAM56","IR77298-5-6-18",0.404694167852063
"BAM5779","IR77298-5-6-18",0.394444444444444
"BAM5850","IR77298-5-6-18",0.337992831541219
"BAM6921","IR77298-5-6-18",0.214260376019865
"BAM712","IR77298-5-6-18",0.423785891527827
"BAM742","IR77298-5-6-18",0.428775437343806
"BAM7429","IR77298-5-6-18",0.267648102163888
"BAM7449","IR77298-5-6-18",0.32829373650108
"BAM747","IR77298-5-6-18",0.425622775800712
"BAM759","IR77298-5-6-18",0.276547842401501
"BAM766","IR77298-5-6-18",0.430341113105925
"BAM807","IR77298-5-6-18",0.392475035663338
"BAM811","IR77298-5-6-18",0.252659574468085
"BAM812","IR77298-5-6-18",0.349268640742062
"BAM819","IR77298-5-6-18",0.320741268709907
"BAM8296","IR77298-5-6-18",0.198867657466384
"BAM8305","IR77298-5-6-18",0.171357320983256
"BAM8315","IR77298-5-6-18",0.423434704830054
"BAM8364","IR77298-5-6-18",0.315864527629234
"BAMAWPYAN","IR77298-5-6-18",0.417864845434939
"BENAMURI","IR77298-5-6-18",0.361811722912966
"BLACKGORA","IR77298-5-6-18",0.315594059405941
"CGR1656","IR77298-5-6-18",0.263597582651973
"CGR1679","IR77298-5-6-18",0.371671991480298
"CGR2012","IR77298-5-6-18",0.366951262895767
"CO18","IR77298-5-6-18",0.337345132743363
"CRDHAN-204","IR77298-5-6-18",0.314808238636364
"CR143-2-2","IR77298-5-6-18",0.23411430599929
"CR262-4","IR77298-5-6-18",0.233522324592488
"CROSSA","IR77298-5-6-18",0.359242209631728
"DULAR","IR77298-5-6-18",0.337030411449016
"EYPO","IR77298-5-6-18",0.254884225759768
"EYPO-2","IR77298-5-6-18",0.342674707343029
"FULKATI","IR77298-5-6-18",0.326234788833214
"Ghanteswari","IR77298-5-6-18",0.232731137088204
"GHATIKAMMANANGARHAR","IR77298-5-6-18",0.291563713378044
"GotrabiDhan","IR77298-5-6-18",0.207891012031139
"GP-145-37","IR77298-5-6-18",0.370534135125575
"GP-145-51","IR77298-5-6-18",0.278152753108348
"HARBHOONDI","IR77298-5-6-18",0.320298613579808
"HongZuiEr","IR77298-5-6-18",0.266059957173448
"IndrabaruniDhan","IR77298-5-6-18",0.212796041003888
"IR74371-54-1-1","IR77298-5-6-18",0.234607218683652
"IR77298-14-1-2-10","IR77298-5-6-18",0.222698072805139
"IR77298-5-6-18","IR77298-5-6-18",0
"IR83383-B-B-129-4","IR77298-5-6-18",0.0767045454545454
"IR83388-B-B108-3","IR77298-5-6-18",0.195035460992908
"IR87707-445-B-B","IR77298-5-6-18",0.0767737380868337
"IR87707-446-B-B","IR77298-5-6-18",0.151705565529623
"IRROEPYO","IR77298-5-6-18",0.381065304633346
"KALINGA-1","IR77298-5-6-18",0.218971631205674
"KANGRO","IR77298-5-6-18",0.344146685472496
"KHAODAWTAI","IR77298-5-6-18",0.341889483065954
"MANDRIRAVINA","IR77298-5-6-18",0.337517680339463
"MAUDAMANI","IR77298-5-6-18",0.335943060498221
"MOROBEREKAN","IR77298-5-6-18",0.349891225525743
"MTU1010","IR77298-5-6-18",0.105861456483126
"MTU9","IR77298-5-6-18",0.347695035460993
"NERICA-L-26","IR77298-5-6-18",0.222162740899358
"NERICA-L-42","IR77298-5-6-18",0.225743626062323
"NERICA-L-44","IR77298-5-6-18",0.185001768659356
"PARIJAT","IR77298-5-6-18",0.233285917496444
"Patchaiperumal","IR77298-5-6-18",0.259357344632768
"PEH-KUH-TSAO-TU","IR77298-5-6-18",0.344644750795334
"PMK-2","IR77298-5-6-18",0.247613997879109
"PRASAD-1","IR77298-5-6-18",0.301561945331913
"PUSASUGANDH5","IR77298-5-6-18",0.2296388101983
"PUSA1121","IR77298-5-6-18",0.303610108303249
"Pusa1121-SN12","IR77298-5-6-18",0.296370235934664
"PUSA44","IR77298-5-6-18",0.18731884057971
"PUSABASMATI6","IR77298-5-6-18",0.342406876790831
"PUSASUGANDH2","IR77298-5-6-18",0.310930314821365
"RASI","IR77298-5-6-18",0.256959706959707
"RKVY-104","IR77298-5-6-18",0.332738307747233
"RKVY-143","IR77298-5-6-18",0.272646850672328
"RKVY-28","IR77298-5-6-18",0.328371592539455
"R-RF-44","IR77298-5-6-18",0.157203690560681
"RRF-78","IR77298-5-6-18",0.178050515830665
"Sadabahar","IR77298-5-6-18",0.36934852260591
"SAFRI-17","IR77298-5-6-18",0.300570816981805
"SAHBHAGIDHAN","IR77298-5-6-18",0.229078014184397
"SATABHAMA","IR77298-5-6-18",0.314295849592054
"SERATOES","IR77298-5-6-18",0.329056740151789
"SERETY","IR77298-5-6-18",0.34863523573201
"SHAKU","IR77298-5-6-18",0.350687988099665
"SR1-3-1","IR77298-5-6-18",0.2904031394934
"SUWEON","IR77298-5-6-18",0.335562987736901
"SWARNA","IR77298-5-6-18",0.246340592645484
"VANAPRAVA","IR77298-5-6-18",0.321005385996409
"VANDANA","IR77298-5-6-18",0.293781272337384
"Wayrarem","IR77298-5-6-18",0.251424501424501
"281785","IR83383-B-B-129-4",0.283220520128251
"282803","IR83383-B-B-129-4",0.185067232837933
"299554","IR83383-B-B-129-4",0.200472555434387
"356457","IR83383-B-B-129-4",0.210257314064152
"376579","IR83383-B-B-129-4",0.371362668559262
"376851","IR83383-B-B-129-4",0.3659627773801
"377448","IR83383-B-B-129-4",0.275204845030281
"377705","IR83383-B-B-129-4",0.245564229950319
"384190","IR83383-B-B-129-4",0.404085257548846
"426049","IR83383-B-B-129-4",0.209409267775027
"438644","IR83383-B-B-129-4",0.183975731620271
"ADAYSEL","IR83383-B-B-129-4",0.298601147776184
"AbhayaXDagadesi","IR83383-B-B-129-4",0.187078452254171
"ABHISEK","IR83383-B-B-129-4",0.330708661417323
"ABOR-A-1","IR83383-B-B-129-4",0.222696549270722
"ANJALI","IR83383-B-B-129-4",0.293335696561503
"Annada","IR83383-B-B-129-4",0.419078242229368
"Apo","IR83383-B-B-129-4",0.254351687388988
"ARC10319","IR83383-B-B-129-4",0.255007153075823
"ARC12071","IR83383-B-B-129-4",0.340402969247084
"ARNAPURNA","IR83383-B-B-129-4",0.352192362093352
"ASD16","IR83383-B-B-129-4",0.327162691349235
"AUS257","IR83383-B-B-129-4",0.330532713621738
"BAKAL","IR83383-B-B-129-4",0.319129809421072
"BAM1057","IR83383-B-B-129-4",0.323888091822095
"BAM1098","IR83383-B-B-129-4",0.319633883704236
"BAM1659","IR83383-B-B-129-4",0.357784969435455
"BAM1689","IR83383-B-B-129-4",0.32158273381295
"BAM1708","IR83383-B-B-129-4",0.323877917414722
"BAM1812","IR83383-B-B-129-4",0.276550249465431
"BAM2096","IR83383-B-B-129-4",0.368980169971671
"BAM2166","IR83383-B-B-129-4",0.400795084929527
"BAM247","IR83383-B-B-129-4",0.213600852272727
"BAM2574","IR83383-B-B-129-4",0.363442389758179
"BAM2680","IR83383-B-B-129-4",0.330908445706175
"BAM3154","IR83383-B-B-129-4",0.235716852317643
"BAM3181","IR83383-B-B-129-4",0.377580071174377
"BAM326","IR83383-B-B-129-4",0.347617354196302
"BAM328","IR83383-B-B-129-4",0.281072443181818
"BAM350","IR83383-B-B-129-4",0.291179796456841
"BAM3690","IR83383-B-B-129-4",0.261554998208527
"BAM4009","IR83383-B-B-129-4",0.329626972740316
"BAM4054","IR83383-B-B-129-4",0.303426351112681
"BAM4138","IR83383-B-B-129-4",0.421118680530656
"BAM4168","IR83383-B-B-129-4",0.389689978370584
"BAM4234","IR83383-B-B-129-4",0.237459978655283
"BAM4254","IR83383-B-B-129-4",0.240734141126158
"BAM4477","IR83383-B-B-129-4",0.257214107588172
"BAM4496","IR83383-B-B-129-4",0.268999646518204
"BAM4510","IR83383-B-B-129-4",0.413533834586466
"BAM4521","IR83383-B-B-129-4",0.41020555355211
"BAM4534","IR83383-B-B-129-4",0.323823109843081
"BAM4797","IR83383-B-B-129-4",0.372614840989399
"BAM491","IR83383-B-B-129-4",0.294432548179872
"BAM4928","IR83383-B-B-129-4",0.402434658073756
"BAM5110","IR83383-B-B-129-4",0.304843304843305
"BAM56","IR83383-B-B-129-4",0.405516014234875
"BAM5779","IR83383-B-B-129-4",0.392998204667864
"BAM5850","IR83383-B-B-129-4",0.342010771992819
"BAM6921","IR83383-B-B-129-4",0.221431114275543
"BAM712","IR83383-B-B-129-4",0.417701312522171
"BAM742","IR83383-B-B-129-4",0.419942816297355
"BAM7429","IR83383-B-B-129-4",0.271337126600285
"BAM7449","IR83383-B-B-129-4",0.328226387887527
"BAM747","IR83383-B-B-129-4",0.419101924447612
"BAM759","IR83383-B-B-129-4",0.272080838323353
"BAM766","IR83383-B-B-129-4",0.42191435768262
"BAM807","IR83383-B-B-129-4",0.391350964974982
"BAM811","IR83383-B-B-129-4",0.254616477272727
"BAM812","IR83383-B-B-129-4",0.349928622412563
"BAM819","IR83383-B-B-129-4",0.315225160829164
"BAM8296","IR83383-B-B-129-4",0.193165722379603
"BAM8305","IR83383-B-B-129-4",0.176554681915654
"BAM8315","IR83383-B-B-129-4",0.41493553008596
"BAM8364","IR83383-B-B-129-4",0.304821428571429
"BAMAWPYAN","IR83383-B-B-129-4",0.413700107874865
"BENAMURI","IR83383-B-B-129-4",0.364850427350427
"BLACKGORA","IR83383-B-B-129-4",0.305909412597311
"CGR1656","IR83383-B-B-129-4",0.270106761565836
"CGR1679","IR83383-B-B-129-4",0.368477103301385
"CGR2012","IR83383-B-B-129-4",0.367343304843305
"CO18","IR83383-B-B-129-4",0.334160170092133
"CRDHAN-204","IR83383-B-B-129-4",0.323027718550107
"CR143-2-2","IR83383-B-B-129-4",0.235849056603774
"CR262-4","IR83383-B-B-129-4",0.234918381831086
"CROSSA","IR83383-B-B-129-4",0.355673758865248
"DULAR","IR83383-B-B-129-4",0.33345259391771
"EYPO","IR83383-B-B-129-4",0.251357220412595
"EYPO-2","IR83383-B-B-129-4",0.319843805466809
"FULKATI","IR83383-B-B-129-4",0.33183776022972
"Ghanteswari","IR83383-B-B-129-4",0.236786094359702
"GHATIKAMMANANGARHAR","IR83383-B-B-129-4",0.288291475061903
"GotrabiDhan","IR83383-B-B-129-4",0.204537398085785
"GP-145-37","IR83383-B-B-129-4",0.365343727852587
"GP-145-51","IR83383-B-B-129-4",0.275524724297403
"HARBHOONDI","IR83383-B-B-129-4",0.326766063187788
"HongZuiEr","IR83383-B-B-129-4",0.260278870218091
"IndrabaruniDhan","IR83383-B-B-129-4",0.223912274495932
"IR74371-54-1-1","IR83383-B-B-129-4",0.230347025495751
"IR77298-14-1-2-10","IR83383-B-B-129-4",0.235872675250358
"IR77298-5-6-18","IR83383-B-B-129-4",0.0767045454545454
"IR83383-B-B-129-4","IR83383-B-B-129-4",0
"IR83388-B-B108-3","IR83383-B-B-129-4",0.211422490244768
"IR87707-445-B-B","IR83383-B-B-129-4",0.0493630573248408
"IR87707-446-B-B","IR83383-B-B-129-4",0.155790605951954
"IRROEPYO","IR83383-B-B-129-4",0.376737381126555
"KALINGA-1","IR83383-B-B-129-4",0.2209797657082
"KANGRO","IR83383-B-B-129-4",0.339632638643589
"KHAODAWTAI","IR83383-B-B-129-4",0.343928571428571
"MANDRIRAVINA","IR83383-B-B-129-4",0.334218916046759
"MAUDAMANI","IR83383-B-B-129-4",0.333095323098893
"MOROBEREKAN","IR83383-B-B-129-4",0.343625136215038
"MTU1010","IR83383-B-B-129-4",0.0750889679715302
"MTU9","IR83383-B-B-129-4",0.343694493783304
"NERICA-L-26","IR83383-B-B-129-4",0.216893342877595
"NERICA-L-42","IR83383-B-B-129-4",0.218871940404399
"NERICA-L-44","IR83383-B-B-129-4",0.186659589525832
"PARIJAT","IR83383-B-B-129-4",0.239587041651833
"Patchaiperumal","IR83383-B-B-129-4",0.257527453064116
"PEH-KUH-TSAO-TU","IR83383-B-B-129-4",0.339943342776204
"PMK-2","IR83383-B-B-129-4",0.224381625441696
"PRASAD-1","IR83383-B-B-129-4",0.29925320056899
"PUSASUGANDH5","IR83383-B-B-129-4",0.226950354609929
"PUSA1121","IR83383-B-B-129-4",0.321221981200289
"Pusa1121-SN12","IR83383-B-B-129-4",0.309411337209302
"PUSA44","IR83383-B-B-129-4",0.181256810751907
"PUSABASMATI6","IR83383-B-B-129-4",0.342718794835007
"PUSASUGANDH2","IR83383-B-B-129-4",0.319773611602405
"RASI","IR83383-B-B-129-4",0.243580337490829
"RKVY-104","IR83383-B-B-129-4",0.330708661417323
"RKVY-143","IR83383-B-B-129-4",0.266477675407512
"RKVY-28","IR83383-B-B-129-4",0.32902762827413
"R-RF-44","IR83383-B-B-129-4",0.1694464158978
"RRF-78","IR83383-B-B-129-4",0.191595441595442
"Sadabahar","IR83383-B-B-129-4",0.369340463458111
"SAFRI-17","IR83383-B-B-129-4",0.299463327370304
"SAHBHAGIDHAN","IR83383-B-B-129-4",0.234886201991465
"SATABHAMA","IR83383-B-B-129-4",0.315985790408526
"SERATOES","IR83383-B-B-129-4",0.330802603036876
"SERETY","IR83383-B-B-129-4",0.340014189428876
"SHAKU","IR83383-B-B-129-4",0.355572120760343
"SR1-3-1","IR83383-B-B-129-4",0.296607142857143
"SUWEON","IR83383-B-B-129-4",0.335132117603275
"SWARNA","IR83383-B-B-129-4",0.248837209302326
"VANAPRAVA","IR83383-B-B-129-4",0.322314049586777
"VANDANA","IR83383-B-B-129-4",0.297563597276962
"Wayrarem","IR83383-B-B-129-4",0.25650160313502
"281785","IR83388-B-B108-3",0.305704099821747
"282803","IR83388-B-B108-3",0.19929203539823
"299554","IR83388-B-B108-3",0.208121827411167
"356457","IR83388-B-B108-3",0.215116279069767
"376579","IR83388-B-B108-3",0.347340425531915
"376851","IR83388-B-B108-3",0.355738291026099
"377448","IR83388-B-B108-3",0.247060919130745
"377705","IR83388-B-B108-3",0.24078667611623
"384190","IR83388-B-B108-3",0.414889836531628
"426049","IR83388-B-B108-3",0.215218926553672
"438644","IR83388-B-B108-3",0.199535548410147
"ADAYSEL","IR83388-B-B108-3",0.281048097631012
"AbhayaXDagadesi","IR83388-B-B108-3",0.202980837473385
"ABHISEK","IR83388-B-B108-3",0.332499106185198
"ABOR-A-1","IR83388-B-B108-3",0.221767011043819
"ANJALI","IR83388-B-B108-3",0.301452355650018
"Annada","IR83388-B-B108-3",0.429004637887977
"Apo","IR83388-B-B108-3",0.210582386363636
"ARC10319","IR83388-B-B108-3",0.246156596353236
"ARC12071","IR83388-B-B108-3",0.336276933945602
"ARNAPURNA","IR83388-B-B108-3",0.342932862190813
"ASD16","IR83388-B-B108-3",0.315658362989324
"AUS257","IR83388-B-B108-3",0.321658327376698
"BAKAL","IR83388-B-B108-3",0.32097876934149
"BAM1057","IR83388-B-B108-3",0.330043072505384
"BAM1098","IR83388-B-B108-3",0.319259791591807
"BAM1659","IR83388-B-B108-3",0.333393242271747
"BAM1689","IR83388-B-B108-3",0.314521926671459
"BAM1708","IR83388-B-B108-3",0.317349137931034
"BAM1812","IR83388-B-B108-3",0.24270462633452
"BAM2096","IR83388-B-B108-3",0.353149327671621
"BAM2166","IR83388-B-B108-3",0.397903867003975
"BAM247","IR83388-B-B108-3",0.221000354735722
"BAM2574","IR83388-B-B108-3",0.346714031971581
"BAM2680","IR83388-B-B108-3",0.339247693399574
"BAM3154","IR83388-B-B108-3",0.212773591675637
"BAM3181","IR83388-B-B108-3",0.363798008534851
"BAM326","IR83388-B-B108-3",0.342095914742451
"BAM328","IR83388-B-B108-3",0.260184201204392
"BAM350","IR83388-B-B108-3",0.281449493052948
"BAM3690","IR83388-B-B108-3",0.26316732353995
"BAM4009","IR83388-B-B108-3",0.339419978517723
"BAM4054","IR83388-B-B108-3",0.290356764394207
"BAM4138","IR83388-B-B108-3",0.422828427853553
"BAM4168","IR83388-B-B108-3",0.391312184571017
"BAM4234","IR83388-B-B108-3",0.297902595094205
"BAM4254","IR83388-B-B108-3",0.300534759358289
"BAM4477","IR83388-B-B108-3",0.259153928190544
"BAM4496","IR83388-B-B108-3",0.253536067892503
"BAM4510","IR83388-B-B108-3",0.417710196779964
"BAM4521","IR83388-B-B108-3",0.412729895420123
"BAM4534","IR83388-B-B108-3",0.324893009985735
"BAM4797","IR83388-B-B108-3",0.362689728203318
"BAM491","IR83388-B-B108-3",0.288008565310492
"BAM4928","IR83388-B-B108-3",0.392806012884753
"BAM5110","IR83388-B-B108-3",0.29123619522622
"BAM56","IR83388-B-B108-3",0.404380341880342
"BAM5779","IR83388-B-B108-3",0.391780330222541
"BAM5850","IR83388-B-B108-3",0.340444603800645
"BAM6921","IR83388-B-B108-3",0.187122020633227
"BAM712","IR83388-B-B108-3",0.424725469358838
"BAM742","IR83388-B-B108-3",0.423913043478261
"BAM7429","IR83388-B-B108-3",0.248666903661571
"BAM7449","IR83388-B-B108-3",0.322969086987779
"BAM747","IR83388-B-B108-3",0.428291814946619
"BAM759","IR83388-B-B108-3",0.275609756097561
"BAM766","IR83388-B-B108-3",0.426058865757358
"BAM807","IR83388-B-B108-3",0.391428571428571
"BAM811","IR83388-B-B108-3",0.239007092198582
"BAM812","IR83388-B-B108-3",0.33779443254818
"BAM819","IR83388-B-B108-3",0.330774723313102
"BAM8296","IR83388-B-B108-3",0.184824902723735
"BAM8305","IR83388-B-B108-3",0.200927908636688
"BAM8315","IR83388-B-B108-3",0.417114214106695
"BAM8364","IR83388-B-B108-3",0.316755793226381
"BAMAWPYAN","IR83388-B-B108-3",0.415948275862069
"BENAMURI","IR83388-B-B108-3",0.34962673302524
"BLACKGORA","IR83388-B-B108-3",0.308141592920354
"CGR1656","IR83388-B-B108-3",0.252132196162047
"CGR1679","IR83388-B-B108-3",0.357904085257549
"CGR2012","IR83388-B-B108-3",0.347741017431519
"CO18","IR83388-B-B108-3",0.326610049539986
"CRDHAN-204","IR83388-B-B108-3",0.300995024875622
"CR143-2-2","IR83388-B-B108-3",0.19950213371266
"CR262-4","IR83388-B-B108-3",0.198795180722892
"CROSSA","IR83388-B-B108-3",0.346956829440906
"DULAR","IR83388-B-B108-3",0.332677165354331
"EYPO","IR83388-B-B108-3",0.263758146270818
"EYPO-2","IR83388-B-B108-3",0.318133427963094
"FULKATI","IR83388-B-B108-3",0.321812320916905
"Ghanteswari","IR83388-B-B108-3",0.224150141643059
"GHATIKAMMANANGARHAR","IR83388-B-B108-3",0.307882644043832
"GotrabiDhan","IR83388-B-B108-3",0.221572794899044
"GP-145-37","IR83388-B-B108-3",0.351203113941967
"GP-145-51","IR83388-B-B108-3",0.261016346837242
"HARBHOONDI","IR83388-B-B108-3",0.290511727078891
"HongZuiEr","IR83388-B-B108-3",0.256071428571429
"IndrabaruniDhan","IR83388-B-B108-3",0.201661364439731
"IR74371-54-1-1","IR83388-B-B108-3",0.189844302901628
"IR77298-14-1-2-10","IR83388-B-B108-3",0.103528153955809
"IR77298-5-6-18","IR83388-B-B108-3",0.195035460992908
"IR83383-B-B-129-4","IR83388-B-B108-3",0.211422490244768
"IR83388-B-B108-3","IR83388-B-B108-3",0
"IR87707-445-B-B","IR83388-B-B108-3",0.203677510608204
"IR87707-446-B-B","IR83388-B-B108-3",0.190527448869752
"IRROEPYO","IR83388-B-B108-3",0.378244972577697
"KALINGA-1","IR83388-B-B108-3",0.217653314427508
"KANGRO","IR83388-B-B108-3",0.333921637839746
"KHAODAWTAI","IR83388-B-B108-3",0.317047075606277
"MANDRIRAVINA","IR83388-B-B108-3",0.328556263269639
"MAUDAMANI","IR83388-B-B108-3",0.312076950480941
"MOROBEREKAN","IR83388-B-B108-3",0.345540246555475
"MTU1010","IR83388-B-B108-3",0.204197794379224
"MTU9","IR83388-B-B108-3",0.338125665601704
"NERICA-L-26","IR83388-B-B108-3",0.20264474624732
"NERICA-L-42","IR83388-B-B108-3",0.204674220963173
"NERICA-L-44","IR83388-B-B108-3",0.193913658881812
"PARIJAT","IR83388-B-B108-3",0.219139096406973
"Patchaiperumal","IR83388-B-B108-3",0.245399858457183
"PEH-KUH-TSAO-TU","IR83388-B-B108-3",0.333156404812456
"PMK-2","IR83388-B-B108-3",0.22208480565371
"PRASAD-1","IR83388-B-B108-3",0.311166429587482
"PUSASUGANDH5","IR83388-B-B108-3",0.201592920353982
"PUSA1121","IR83388-B-B108-3",0.277075812274368
"Pusa1121-SN12","IR83388-B-B108-3",0.271392313270486
"PUSA44","IR83388-B-B108-3",0.191497093023256
"PUSABASMATI6","IR83388-B-B108-3",0.335186513629842
"PUSASUGANDH2","IR83388-B-B108-3",0.304386275203396
"RASI","IR83388-B-B108-3",0.236533528765115
"RKVY-104","IR83388-B-B108-3",0.321543408360129
"RKVY-143","IR83388-B-B108-3",0.256201275690999
"RKVY-28","IR83388-B-B108-3",0.329150233058444
"R-RF-44","IR83388-B-B108-3",0.197443181818182
"RRF-78","IR83388-B-B108-3",0.231494661921708
"Sadabahar","IR83388-B-B108-3",0.348096762717894
"SAFRI-17","IR83388-B-B108-3",0.298464833987861
"SAHBHAGIDHAN","IR83388-B-B108-3",0.220326936744847
"SATABHAMA","IR83388-B-B108-3",0.286044034090909
"SERATOES","IR83388-B-B108-3",0.335618910140743
"SERETY","IR83388-B-B108-3",0.336582772066643
"SHAKU","IR83388-B-B108-3",0.33891369047619
"SR1-3-1","IR83388-B-B108-3",0.284362727597287
"SUWEON","IR83388-B-B108-3",0.333333333333333
"SWARNA","IR83388-B-B108-3",0.223571428571429
"VANAPRAVA","IR83388-B-B108-3",0.327102803738318
"VANDANA","IR83388-B-B108-3",0.254733833511969
"Wayrarem","IR83388-B-B108-3",0.210423336890786
"281785","IR87707-445-B-B",0.285257548845471
"282803","IR87707-445-B-B",0.177589852008457
"299554","IR87707-445-B-B",0.197935530604853
"356457","IR87707-445-B-B",0.209926341634514
"376579","IR87707-445-B-B",0.370808330391811
"376851","IR87707-445-B-B",0.369395017793594
"377448","IR87707-445-B-B",0.272549715909091
"377705","IR87707-445-B-B",0.234733498058595
"384190","IR87707-445-B-B",0.403893805309735
"426049","IR87707-445-B-B",0.209813577207176
"438644","IR87707-445-B-B",0.174902239601849
"ADAYSEL","IR87707-445-B-B",0.297249017506252
"AbhayaXDagadesi","IR87707-445-B-B",0.178748231966054
"ABHISEK","IR87707-445-B-B",0.326388888888889
"ABOR-A-1","IR87707-445-B-B",0.231382978723404
"ANJALI","IR87707-445-B-B",0.303356890459364
"Annada","IR87707-445-B-B",0.425142247510669
"Apo","IR87707-445-B-B",0.249557835160948
"ARC10319","IR87707-445-B-B",0.247330960854093
"ARC12071","IR87707-445-B-B",0.340014064697609
"ARNAPURNA","IR87707-445-B-B",0.347114707952146
"ASD16","IR87707-445-B-B",0.315957446808511
"AUS257","IR87707-445-B-B",0.32876468494126
"BAKAL","IR87707-445-B-B",0.319454414931802
"BAM1057","IR87707-445-B-B",0.325822603719599
"BAM1098","IR87707-445-B-B",0.322603719599428
"BAM1659","IR87707-445-B-B",0.353920515574651
"BAM1689","IR87707-445-B-B",0.317448943031172
"BAM1708","IR87707-445-B-B",0.32032927702219
"BAM1812","IR87707-445-B-B",0.263578274760383
"BAM2096","IR87707-445-B-B",0.370017636684303
"BAM2166","IR87707-445-B-B",0.401978417266187
"BAM247","IR87707-445-B-B",0.211382113821138
"BAM2574","IR87707-445-B-B",0.356384860275911
"BAM2680","IR87707-445-B-B",0.328268551236749
"BAM3154","IR87707-445-B-B",0.231057898498928
"BAM3181","IR87707-445-B-B",0.37743535246192
"BAM326","IR87707-445-B-B",0.35056657223796
"BAM328","IR87707-445-B-B",0.282608695652174
"BAM350","IR87707-445-B-B",0.288367729831144
"BAM3690","IR87707-445-B-B",0.257591997141836
"BAM4009","IR87707-445-B-B",0.328989646554802
"BAM4054","IR87707-445-B-B",0.31023566654942
"BAM4138","IR87707-445-B-B",0.425839885632595
"BAM4168","IR87707-445-B-B",0.394254937163375
"BAM4234","IR87707-445-B-B",0.243635077793494
"BAM4254","IR87707-445-B-B",0.246456413890858
"BAM4477","IR87707-445-B-B",0.251329315845445
"BAM4496","IR87707-445-B-B",0.255285412262156
"BAM4510","IR87707-445-B-B",0.416012838801712
"BAM4521","IR87707-445-B-B",0.409221385001794
"BAM4534","IR87707-445-B-B",0.328358208955224
"BAM4797","IR87707-445-B-B",0.363316936050597
"BAM491","IR87707-445-B-B",0.291044776119403
"BAM4928","IR87707-445-B-B",0.404668567355666
"BAM5110","IR87707-445-B-B",0.29645390070922
"BAM56","IR87707-445-B-B",0.402270308620078
"BAM5779","IR87707-445-B-B",0.401932712956335
"BAM5850","IR87707-445-B-B",0.339240959541711
"BAM6921","IR87707-445-B-B",0.207403471484237
"BAM712","IR87707-445-B-B",0.422642175909573
"BAM742","IR87707-445-B-B",0.425240299038804
"BAM7429","IR87707-445-B-B",0.268590651558074
"BAM7449","IR87707-445-B-B",0.329088952654232
"BAM747","IR87707-445-B-B",0.42403265885694
"BAM759","IR87707-445-B-B",0.272863008585293
"BAM766","IR87707-445-B-B",0.42680744452398
"BAM807","IR87707-445-B-B",0.399715504978663
"BAM811","IR87707-445-B-B",0.252031084422466
"BAM812","IR87707-445-B-B",0.35044404973357
"BAM819","IR87707-445-B-B",0.325159914712154
"BAM8296","IR87707-445-B-B",0.196119929453263
"BAM8305","IR87707-445-B-B",0.171286425017768
"BAM8315","IR87707-445-B-B",0.421802636266477
"BAM8364","IR87707-445-B-B",0.317471590909091
"BAMAWPYAN","IR87707-445-B-B",0.415414878397711
"BENAMURI","IR87707-445-B-B",0.355118668083599
"BLACKGORA","IR87707-445-B-B",0.313293370944993
"CGR1656","IR87707-445-B-B",0.256378454996456
"CGR1679","IR87707-445-B-B",0.367480537862704
"CGR2012","IR87707-445-B-B",0.367162592986185
"CO18","IR87707-445-B-B",0.337447108603667
"CRDHAN-204","IR87707-445-B-B",0.31530576175327
"CR143-2-2","IR87707-445-B-B",0.227610619469026
"CR262-4","IR87707-445-B-B",0.226984126984127
"CROSSA","IR87707-445-B-B",0.363267466478476
"DULAR","IR87707-445-B-B",0.339158345221113
"EYPO","IR87707-445-B-B",0.245674116798846
"EYPO-2","IR87707-445-B-B",0.329858657243816
"FULKATI","IR87707-445-B-B",0.329403358342265
"Ghanteswari","IR87707-445-B-B",0.232603320381491
"GHATIKAMMANANGARHAR","IR87707-445-B-B",0.281667839549613
"GotrabiDhan","IR87707-445-B-B",0.202259089304624
"GP-145-37","IR87707-445-B-B",0.369274136715997
"GP-145-51","IR87707-445-B-B",0.269462137296532
"HARBHOONDI","IR87707-445-B-B",0.318117480537863
"HongZuiEr","IR87707-445-B-B",0.262540021344717
"IndrabaruniDhan","IR87707-445-B-B",0.216402116402116
"IR74371-54-1-1","IR87707-445-B-B",0.227529080014099
"IR77298-14-1-2-10","IR87707-445-B-B",0.222736992159658
"IR77298-5-6-18","IR87707-445-B-B",0.0767737380868337
"IR83383-B-B-129-4","IR87707-445-B-B",0.0493630573248408
"IR83388-B-B108-3","IR87707-445-B-B",0.203677510608204
"IR87707-445-B-B","IR87707-445-B-B",0
"IR87707-446-B-B","IR87707-445-B-B",0.131785714285714
"IRROEPYO","IR87707-445-B-B",0.382417182380779
"KALINGA-1","IR87707-445-B-B",0.221102863202545
"KANGRO","IR87707-445-B-B",0.339254308828702
"KHAODAWTAI","IR87707-445-B-B",0.350035536602701
"MANDRIRAVINA","IR87707-445-B-B",0.337914023960536
"MAUDAMANI","IR87707-445-B-B",0.331500532103583
"MOROBEREKAN","IR87707-445-B-B",0.346264886322627
"MTU1010","IR87707-445-B-B",0.11317747077577
"MTU9","IR87707-445-B-B",0.343164959378312
"NERICA-L-26","IR87707-445-B-B",0.218827708703375
"NERICA-L-42","IR87707-445-B-B",0.220028208744711
"NERICA-L-44","IR87707-445-B-B",0.183051444679352
"PARIJAT","IR87707-445-B-B",0.23830616583983
"Patchaiperumal","IR87707-445-B-B",0.251675485008818
"PEH-KUH-TSAO-TU","IR87707-445-B-B",0.339971801198449
"PMK-2","IR87707-445-B-B",0.232652342374075
"PRASAD-1","IR87707-445-B-B",0.300673281360737
"PUSASUGANDH5","IR87707-445-B-B",0.218595624558927
"PUSA1121","IR87707-445-B-B",0.320064841498559
"Pusa1121-SN12","IR87707-445-B-B",0.311099060014461
"PUSA44","IR87707-445-B-B",0.191458559536735
"PUSABASMATI6","IR87707-445-B-B",0.346291012838802
"PUSASUGANDH2","IR87707-445-B-B",0.314834390415786
"RASI","IR87707-445-B-B",0.242971887550201
"RKVY-104","IR87707-445-B-B",0.329415954415954
"RKVY-143","IR87707-445-B-B",0.265878616796048
"RKVY-28","IR87707-445-B-B",0.327376697641172
"R-RF-44","IR87707-445-B-B",0.171742209631728
"RRF-78","IR87707-445-B-B",0.187699397376817
"Sadabahar","IR87707-445-B-B",0.367328840014189
"SAFRI-17","IR87707-445-B-B",0.301067615658363
"SAHBHAGIDHAN","IR87707-445-B-B",0.23549186128804
"SATABHAMA","IR87707-445-B-B",0.309094125973107
"SERATOES","IR87707-445-B-B",0.332132564841499
"SERETY","IR87707-445-B-B",0.343220338983051
"SHAKU","IR87707-445-B-B",0.348888888888889
"SR1-3-1","IR87707-445-B-B",0.299040511727079
"SUWEON","IR87707-445-B-B",0.334938866246758
"SWARNA","IR87707-445-B-B",0.244480056980057
"VANAPRAVA","IR87707-445-B-B",0.324034334763948
"VANDANA","IR87707-445-B-B",0.292722083481984
"Wayrarem","IR87707-445-B-B",0.25
"281785","IR87707-446-B-B",0.29978354978355
"282803","IR87707-446-B-B",0.198460987831067
"299554","IR87707-446-B-B",0.185640837311788
"356457","IR87707-446-B-B",0.208777540867093
"376579","IR87707-446-B-B",0.366356144750985
"376851","IR87707-446-B-B",0.356652205350687
"377448","IR87707-446-B-B",0.245500359971202
"377705","IR87707-446-B-B",0.232078853046595
"384190","IR87707-446-B-B",0.414691091954023
"426049","IR87707-446-B-B",0.209360485887817
"438644","IR87707-446-B-B",0.199674737983376
"ADAYSEL","IR87707-446-B-B",0.283121597096189
"AbhayaXDagadesi","IR87707-446-B-B",0.200538599640934
"ABHISEK","IR87707-446-B-B",0.325325144508671
"ABOR-A-1","IR87707-446-B-B",0.237391930835735
"ANJALI","IR87707-446-B-B",0.29881762809029
"Annada","IR87707-446-B-B",0.442397977609245
"Apo","IR87707-446-B-B",0.225251076040172
"ARC10319","IR87707-446-B-B",0.249188018765789
"ARC12071","IR87707-446-B-B",0.351230824117017
"ARNAPURNA","IR87707-446-B-B",0.334405144694534
"ASD16","IR87707-446-B-B",0.305895039539899
"AUS257","IR87707-446-B-B",0.325921908893709
"BAKAL","IR87707-446-B-B",0.324555030875409
"BAM1057","IR87707-446-B-B",0.325842696629214
"BAM1098","IR87707-446-B-B",0.330671506352087
"BAM1659","IR87707-446-B-B",0.340239912758997
"BAM1689","IR87707-446-B-B",0.311523082515449
"BAM1708","IR87707-446-B-B",0.328913912095895
"BAM1812","IR87707-446-B-B",0.249910104279036
"BAM2096","IR87707-446-B-B",0.353972798854689
"BAM2166","IR87707-446-B-B",0.413654618473896
"BAM247","IR87707-446-B-B",0.211234745154343
"BAM2574","IR87707-446-B-B",0.348348887293611
"BAM2680","IR87707-446-B-B",0.335304659498208
"BAM3154","IR87707-446-B-B",0.227289244186046
"BAM3181","IR87707-446-B-B",0.363097376931369
"BAM326","IR87707-446-B-B",0.343288952860741
"BAM328","IR87707-446-B-B",0.265697883028346
"BAM350","IR87707-446-B-B",0.276215805471125
"BAM3690","IR87707-446-B-B",0.255889815150417
"BAM4009","IR87707-446-B-B",0.329714078899747
"BAM4054","IR87707-446-B-B",0.318100678329168
"BAM4138","IR87707-446-B-B",0.426315789473684
"BAM4168","IR87707-446-B-B",0.396463725847612
"BAM4234","IR87707-446-B-B",0.287073608617594
"BAM4254","IR87707-446-B-B",0.28736046092906
"BAM4477","IR87707-446-B-B",0.257564841498559
"BAM4496","IR87707-446-B-B",0.249374776705966
"BAM4510","IR87707-446-B-B",0.419197396963124
"BAM4521","IR87707-446-B-B",0.414540816326531
"BAM4534","IR87707-446-B-B",0.324441240086518
"BAM4797","IR87707-446-B-B",0.36
"BAM491","IR87707-446-B-B",0.285199855959669
"BAM4928","IR87707-446-B-B",0.408679927667269
"BAM5110","IR87707-446-B-B",0.291036717062635
"BAM56","IR87707-446-B-B",0.411119107592659
"BAM5779","IR87707-446-B-B",0.382994186046512
"BAM5850","IR87707-446-B-B",0.344771241830065
"BAM6921","IR87707-446-B-B",0.197340043134436
"BAM712","IR87707-446-B-B",0.440437746681019
"BAM742","IR87707-446-B-B",0.440137035701406
"BAM7429","IR87707-446-B-B",0.258180510607695
"BAM7449","IR87707-446-B-B",0.328851744186046
"BAM747","IR87707-446-B-B",0.43950306085704
"BAM759","IR87707-446-B-B",0.279545454545455
"BAM766","IR87707-446-B-B",0.439789626405513
"BAM807","IR87707-446-B-B",0.382363570654138
"BAM811","IR87707-446-B-B",0.247670250896057
"BAM812","IR87707-446-B-B",0.350649350649351
"BAM819","IR87707-446-B-B",0.327082582041111
"BAM8296","IR87707-446-B-B",0.194096601073345
"BAM8305","IR87707-446-B-B",0.179538072897871
"BAM8315","IR87707-446-B-B",0.434310532030402
"BAM8364","IR87707-446-B-B",0.332430480317804
"BAMAWPYAN","IR87707-446-B-B",0.419302071973828
"BENAMURI","IR87707-446-B-B",0.347302158273381
"BLACKGORA","IR87707-446-B-B",0.316881258941345
"CGR1656","IR87707-446-B-B",0.246225736879943
"CGR1679","IR87707-446-B-B",0.352888410477216
"CGR2012","IR87707-446-B-B",0.354653251886453
"CO18","IR87707-446-B-B",0.348012889366273
"CRDHAN-204","IR87707-446-B-B",0.291502330584439
"CR143-2-2","IR87707-446-B-B",0.178173318950018
"CR262-4","IR87707-446-B-B",0.17921146953405
"CROSSA","IR87707-446-B-B",0.349803079126387
"DULAR","IR87707-446-B-B",0.337793851717902
"EYPO","IR87707-446-B-B",0.251003283473185
"EYPO-2","IR87707-446-B-B",0.336497134670487
"FULKATI","IR87707-446-B-B",0.328628302569671
"Ghanteswari","IR87707-446-B-B",0.230286738351254
"GHATIKAMMANANGARHAR","IR87707-446-B-B",0.291636883488206
"GotrabiDhan","IR87707-446-B-B",0.204301075268817
"GP-145-37","IR87707-446-B-B",0.35750089509488
"GP-145-51","IR87707-446-B-B",0.251077586206897
"HARBHOONDI","IR87707-446-B-B",0.285457809694794
"HongZuiEr","IR87707-446-B-B",0.252528901734104
"IndrabaruniDhan","IR87707-446-B-B",0.217554522702896
"IR74371-54-1-1","IR87707-446-B-B",0.200178890876565
"IR77298-14-1-2-10","IR87707-446-B-B",0.194124008651766
"IR77298-5-6-18","IR87707-446-B-B",0.151705565529623
"IR83383-B-B-129-4","IR87707-446-B-B",0.155790605951954
"IR83388-B-B108-3","IR87707-446-B-B",0.190527448869752
"IR87707-445-B-B","IR87707-446-B-B",0.131785714285714
"IR87707-446-B-B","IR87707-446-B-B",0
"IRROEPYO","IR87707-446-B-B",0.389258028792912
"KALINGA-1","IR87707-446-B-B",0.203012912482066
"KANGRO","IR87707-446-B-B",0.350767583006069
"KHAODAWTAI","IR87707-446-B-B",0.332732516222062
"MANDRIRAVINA","IR87707-446-B-B",0.349481587415088
"MAUDAMANI","IR87707-446-B-B",0.328952106589845
"MOROBEREKAN","IR87707-446-B-B",0.365172667156503
"MTU1010","IR87707-446-B-B",0.170381020848311
"MTU9","IR87707-446-B-B",0.354144241119483
"NERICA-L-26","IR87707-446-B-B",0.199819494584837
"NERICA-L-42","IR87707-446-B-B",0.197457930540637
"NERICA-L-44","IR87707-446-B-B",0.198174006444683
"PARIJAT","IR87707-446-B-B",0.223877917414722
"Patchaiperumal","IR87707-446-B-B",0.242928750447547
"PEH-KUH-TSAO-TU","IR87707-446-B-B",0.350679542203147
"PMK-2","IR87707-446-B-B",0.235693848354793
"PRASAD-1","IR87707-446-B-B",0.312589928057554
"PUSASUGANDH5","IR87707-446-B-B",0.215359828141783
"PUSA1121","IR87707-446-B-B",0.31172388604821
"Pusa1121-SN12","IR87707-446-B-B",0.304954128440367
"PUSA44","IR87707-446-B-B",0.194933920704846
"PUSABASMATI6","IR87707-446-B-B",0.359081041968162
"PUSASUGANDH2","IR87707-446-B-B",0.315695387915624
"RASI","IR87707-446-B-B",0.22537037037037
"RKVY-104","IR87707-446-B-B",0.326291079812207
"RKVY-143","IR87707-446-B-B",0.2584229390681
"RKVY-28","IR87707-446-B-B",0.318000724375226
"R-RF-44","IR87707-446-B-B",0.178750897343862
"RRF-78","IR87707-446-B-B",0.215005397625045
"Sadabahar","IR87707-446-B-B",0.366942743968311
"SAFRI-17","IR87707-446-B-B",0.30951519536903
"SAHBHAGIDHAN","IR87707-446-B-B",0.224757455982752
"SATABHAMA","IR87707-446-B-B",0.279712746858169
"SERATOES","IR87707-446-B-B",0.329192546583851
"SERETY","IR87707-446-B-B",0.353015075376884
"SHAKU","IR87707-446-B-B",0.335716974030862
"SR1-3-1","IR87707-446-B-B",0.294733044733045
"SUWEON","IR87707-446-B-B",0.32957957957958
"SWARNA","IR87707-446-B-B",0.22854038391887
"VANAPRAVA","IR87707-446-B-B",0.322984749455338
"VANDANA","IR87707-446-B-B",0.260759493670886
"Wayrarem","IR87707-446-B-B",0.222562072688017
"281785","IRROEPYO",0.25
"282803","IRROEPYO",0.365720524017467
"299554","IRROEPYO",0.392897196261682
"356457","IRROEPYO",0.379304095686843
"376579","IRROEPYO",0.276402039329934
"376851","IRROEPYO",0.279956027849029
"377448","IRROEPYO",0.388013196480938
"377705","IRROEPYO",0.404814004376368
"384190","IRROEPYO",0.206783369803063
"426049","IRROEPYO",0.379134860050891
"438644","IRROEPYO",0.364522058823529
"ADAYSEL","IRROEPYO",0.33585392843969
"AbhayaXDagadesi","IRROEPYO",0.388340643274854
"ABHISEK","IRROEPYO",0.278775659824047
"ABOR-A-1","IRROEPYO",0.381318681318681
"ANJALI","IRROEPYO",0.270742358078603
"Annada","IRROEPYO",0.317565089842318
"Apo","IRROEPYO",0.391773308957952
"ARC10319","IRROEPYO",0.391951488423374
"ARC12071","IRROEPYO",0.261343012704174
"ARNAPURNA","IRROEPYO",0.289597680318956
"ASD16","IRROEPYO",0.279905178701678
"AUS257","IRROEPYO",0.281604983510443
"BAKAL","IRROEPYO",0.316987416728349
"BAM1057","IRROEPYO",0.273330874216156
"BAM1098","IRROEPYO",0.340044329516069
"BAM1659","IRROEPYO",0.273480662983425
"BAM1689","IRROEPYO",0.33228550295858
"BAM1708","IRROEPYO",0.317694865164389
"BAM1812","IRROEPYO",0.385630498533724
"BAM2096","IRROEPYO",0.271355870592512
"BAM2166","IRROEPYO",0.232566765578635
"BAM247","IRROEPYO",0.38485401459854
"BAM2574","IRROEPYO",0.275528811086798
"BAM2680","IRROEPYO",0.296613255644574
"BAM3154","IRROEPYO",0.384231905465288
"BAM3181","IRROEPYO",0.286989795918367
"BAM326","IRROEPYO",0.278386272362176
"BAM328","IRROEPYO",0.385724717050018
"BAM350","IRROEPYO",0.30019305019305
"BAM3690","IRROEPYO",0.403023598820059
"BAM4009","IRROEPYO",0.308612440191388
"BAM4054","IRROEPYO",0.281498913830558
"BAM4138","IRROEPYO",0.152926021347074
"BAM4168","IRROEPYO",0.244280442804428
"BAM4234","IRROEPYO",0.27992700729927
"BAM4254","IRROEPYO",0.28068889703188
"BAM4477","IRROEPYO",0.39853747714808
"BAM4496","IRROEPYO",0.39188205314889
"BAM4510","IRROEPYO",0.160864785635764
"BAM4521","IRROEPYO",0.201663585951941
"BAM4534","IRROEPYO",0.29625550660793
"BAM4797","IRROEPYO",0.271211022480058
"BAM491","IRROEPYO",0.344644167278063
"BAM4928","IRROEPYO",0.227306137449467
"BAM5110","IRROEPYO",0.294773391812866
"BAM56","IRROEPYO",0.202559414990859
"BAM5779","IRROEPYO",0.288079470198676
"BAM5850","IRROEPYO",0.293759231905465
"BAM6921","IRROEPYO",0.393184316599487
"BAM712","IRROEPYO",0.316163087004004
"BAM742","IRROEPYO",0.321428571428571
"BAM7429","IRROEPYO",0.389396709323583
"BAM7449","IRROEPYO",0.285107169253511
"BAM747","IRROEPYO",0.315038419319429
"BAM759","IRROEPYO",0.316153846153846
"BAM766","IRROEPYO",0.318835237744195
"BAM807","IRROEPYO",0.289271329183449
"BAM811","IRROEPYO",0.397187728268809
"BAM812","IRROEPYO",0.288222384784199
"BAM819","IRROEPYO",0.287257414866349
"BAM8296","IRROEPYO",0.394823186292381
"BAM8305","IRROEPYO",0.375275532696547
"BAM8315","IRROEPYO",0.283510833639368
"BAM8364","IRROEPYO",0.265459202341749
"BAMAWPYAN","IRROEPYO",0.18828297715549
"BENAMURI","IRROEPYO",0.29108838568298
"BLACKGORA","IRROEPYO",0.278363636363636
"CGR1656","IRROEPYO",0.400658616904501
"CGR1679","IRROEPYO",0.276483436476156
"CGR2012","IRROEPYO",0.282998171846435
"CO18","IRROEPYO",0.259535052669815
"CRDHAN-204","IRROEPYO",0.28855267954794
"CR143-2-2","IRROEPYO",0.394399707174231
"CR262-4","IRROEPYO",0.390123906705539
"CROSSA","IRROEPYO",0.278566229985444
"DULAR","IRROEPYO",0.310294117647059
"EYPO","IRROEPYO",0.363873370577281
"EYPO-2","IRROEPYO",0.275673707210488
"FULKATI","IRROEPYO",0.284053156146179
"Ghanteswari","IRROEPYO",0.395476103611821
"GHATIKAMMANANGARHAR","IRROEPYO",0.281023222060958
"GotrabiDhan","IRROEPYO",0.389435336976321
"GP-145-37","IRROEPYO",0.277838427947598
"GP-145-51","IRROEPYO",0.385756133284511
"HARBHOONDI","IRROEPYO",0.293720335889011
"HongZuiEr","IRROEPYO",0.402461425422483
"IndrabaruniDhan","IRROEPYO",0.389333818711321
"IR74371-54-1-1","IRROEPYO",0.386603567528213
"IR77298-14-1-2-10","IRROEPYO",0.389338235294118
"IR77298-5-6-18","IRROEPYO",0.381065304633346
"IR83383-B-B-129-4","IRROEPYO",0.376737381126555
"IR83388-B-B108-3","IRROEPYO",0.378244972577697
"IR87707-445-B-B","IRROEPYO",0.382417182380779
"IR87707-446-B-B","IRROEPYO",0.389258028792912
"IRROEPYO","IRROEPYO",0
"KALINGA-1","IRROEPYO",0.397407813070464
"KANGRO","IRROEPYO",0.261223750905141
"KHAODAWTAI","IRROEPYO",0.294149908592322
"MANDRIRAVINA","IRROEPYO",0.259521218715996
"MAUDAMANI","IRROEPYO",0.278265642151482
"MOROBEREKAN","IRROEPYO",0.419090231170768
"MTU1010","IRROEPYO",0.380183486238532
"MTU9","IRROEPYO",0.263109978150036
"NERICA-L-26","IRROEPYO",0.401654411764706
"NERICA-L-42","IRROEPYO",0.401932191031717
"NERICA-L-44","IRROEPYO",0.390932265112891
"PARIJAT","IRROEPYO",0.384699853587116
"Patchaiperumal","IRROEPYO",0.377138696760102
"PEH-KUH-TSAO-TU","IRROEPYO",0.262880986937591
"PMK-2","IRROEPYO",0.379090909090909
"PRASAD-1","IRROEPYO",0.283005105762217
"PUSASUGANDH5","IRROEPYO",0.388990156762669
"PUSA1121","IRROEPYO",0.375418371141688
"Pusa1121-SN12","IRROEPYO",0.380097268986158
"PUSA44","IRROEPYO",0.38662682106836
"PUSABASMATI6","IRROEPYO",0.282216494845361
"PUSASUGANDH2","IRROEPYO",0.287377228082939
"RASI","IRROEPYO",0.379706325301205
"RKVY-104","IRROEPYO",0.311924917188075
"RKVY-143","IRROEPYO",0.391684901531729
"RKVY-28","IRROEPYO",0.305309734513274
"R-RF-44","IRROEPYO",0.386937431394072
"RRF-78","IRROEPYO",0.344139194139194
"Sadabahar","IRROEPYO",0.271595900439239
"SAFRI-17","IRROEPYO",0.271512266569022
"SAHBHAGIDHAN","IRROEPYO",0.380665204678363
"SATABHAMA","IRROEPYO",0.280372126960963
"SERATOES","IRROEPYO",0.239041604754829
"SERETY","IRROEPYO",0.260624772974936
"SHAKU","IRROEPYO",0.267645936665395
"SR1-3-1","IRROEPYO",0.293438416422287
"SUWEON","IRROEPYO",0.235238095238095
"SWARNA","IRROEPYO",0.395250368188513
"VANAPRAVA","IRROEPYO",0.271148873291467
"VANDANA","IRROEPYO",0.355670103092783
"Wayrarem","IRROEPYO",0.393628707433175
"281785","KALINGA-1",0.29925187032419
"282803","KALINGA-1",0.199964639321075
"299554","KALINGA-1",0.239209285455205
"356457","KALINGA-1",0.174157303370786
"376579","KALINGA-1",0.339759462327556
"376851","KALINGA-1",0.330003567606136
"377448","KALINGA-1",0.223033107867569
"377705","KALINGA-1",0.182685512367491
"384190","KALINGA-1",0.423855165069223
"426049","KALINGA-1",0.174426807760141
"438644","KALINGA-1",0.197607997143877
"ADAYSEL","KALINGA-1",0.299498746867168
"AbhayaXDagadesi","KALINGA-1",0.207018787663949
"ABHISEK","KALINGA-1",0.318214285714286
"ABOR-A-1","KALINGA-1",0.180120910384068
"ANJALI","KALINGA-1",0.302267895109851
"Annada","KALINGA-1",0.44361170592434
"Apo","KALINGA-1",0.243526073075559
"ARC10319","KALINGA-1",0.226818830242511
"ARC12071","KALINGA-1",0.306918460995411
"ARNAPURNA","KALINGA-1",0.304516584333098
"ASD16","KALINGA-1",0.279850746268657
"AUS257","KALINGA-1",0.321262932572244
"BAKAL","KALINGA-1",0.330755395683453
"BAM1057","KALINGA-1",0.335361488904796
"BAM1098","KALINGA-1",0.330821672048798
"BAM1659","KALINGA-1",0.314249820531228
"BAM1689","KALINGA-1",0.312275664034458
"BAM1708","KALINGA-1",0.320186446755109
"BAM1812","KALINGA-1",0.227676983279972
"BAM2096","KALINGA-1",0.334924001413927
"BAM2166","KALINGA-1",0.402888086642599
"BAM247","KALINGA-1",0.204182913860333
"BAM2574","KALINGA-1",0.326588569400071
"BAM2680","KALINGA-1",0.290442477876106
"BAM3154","KALINGA-1",0.229487638839126
"BAM3181","KALINGA-1",0.339964476021314
"BAM326","KALINGA-1",0.32753108348135
"BAM328","KALINGA-1",0.239992915338293
"BAM350","KALINGA-1",0.263246899661781
"BAM3690","KALINGA-1",0.216917024320458
"BAM4009","KALINGA-1",0.33506446991404
"BAM4054","KALINGA-1",0.26559746210786
"BAM4138","KALINGA-1",0.434587813620072
"BAM4168","KALINGA-1",0.390529348217501
"BAM4234","KALINGA-1",0.329783457578985
"BAM4254","KALINGA-1",0.33048433048433
"BAM4477","KALINGA-1",0.219238975817923
"BAM4496","KALINGA-1",0.232627865961199
"BAM4510","KALINGA-1",0.422829581993569
"BAM4521","KALINGA-1",0.421317969031329
"BAM4534","KALINGA-1",0.337727110794443
"BAM4797","KALINGA-1",0.337094499294781
"BAM491","KALINGA-1",0.271301247771836
"BAM4928","KALINGA-1",0.398247496423462
"BAM5110","KALINGA-1",0.292600498043401
"BAM56","KALINGA-1",0.410593672236047
"BAM5779","KALINGA-1",0.415023305844389
"BAM5850","KALINGA-1",0.351056211958468
"BAM6921","KALINGA-1",0.225337118523776
"BAM712","KALINGA-1",0.440269408011344
"BAM742","KALINGA-1",0.4418064976794
"BAM7429","KALINGA-1",0.22265625
"BAM7449","KALINGA-1",0.335190510424155
"BAM747","KALINGA-1",0.441637010676157
"BAM759","KALINGA-1",0.254494382022472
"BAM766","KALINGA-1",0.439784946236559
"BAM807","KALINGA-1",0.413516405135521
"BAM811","KALINGA-1",0.247429989365473
"BAM812","KALINGA-1",0.340042750267189
"BAM819","KALINGA-1",0.311653599429793
"BAM8296","KALINGA-1",0.202540578687368
"BAM8305","KALINGA-1",0.188168210976479
"BAM8315","KALINGA-1",0.425608011444921
"BAM8364","KALINGA-1",0.296401852511578
"BAMAWPYAN","KALINGA-1",0.422565576715774
"BENAMURI","KALINGA-1",0.313631522896699
"BLACKGORA","KALINGA-1",0.302864214992928
"CGR1656","KALINGA-1",0.217962371317004
"CGR1679","KALINGA-1",0.329726853494147
"CGR2012","KALINGA-1",0.325284090909091
"CO18","KALINGA-1",0.303963198867657
"CRDHAN-204","KALINGA-1",0.329549485633203
"CR143-2-2","KALINGA-1",0.240411931818182
"CR262-4","KALINGA-1",0.240176991150442
"CROSSA","KALINGA-1",0.317185289957567
"DULAR","KALINGA-1",0.345659163987138
"EYPO","KALINGA-1",0.250361794500724
"EYPO-2","KALINGA-1",0.280851063829787
"FULKATI","KALINGA-1",0.333273703041145
"Ghanteswari","KALINGA-1",0.161650141643059
"GHATIKAMMANANGARHAR","KALINGA-1",0.272149664666431
"GotrabiDhan","KALINGA-1",0.202793493635078
"GP-145-37","KALINGA-1",0.32956152758133
"GP-145-51","KALINGA-1",0.235440340909091
"HARBHOONDI","KALINGA-1",0.336767317939609
"HongZuiEr","KALINGA-1",0.212758374910905
"IndrabaruniDhan","KALINGA-1",0.217966819625838
"IR74371-54-1-1","KALINGA-1",0.235252560932533
"IR77298-14-1-2-10","KALINGA-1",0.235714285714286
"IR77298-5-6-18","KALINGA-1",0.218971631205674
"IR83383-B-B-129-4","KALINGA-1",0.2209797657082
"IR83388-B-B108-3","KALINGA-1",0.217653314427508
"IR87707-445-B-B","KALINGA-1",0.221102863202545
"IR87707-446-B-B","KALINGA-1",0.203012912482066
"IRROEPYO","KALINGA-1",0.397407813070464
"KALINGA-1","KALINGA-1",0
"KANGRO","KALINGA-1",0.305467372134039
"KHAODAWTAI","KALINGA-1",0.280926916221034
"MANDRIRAVINA","KALINGA-1",0.304809052333805
"MAUDAMANI","KALINGA-1",0.306020662629141
"MOROBEREKAN","KALINGA-1",0.370471014492754
"MTU1010","KALINGA-1",0.202952685876912
"MTU9","KALINGA-1",0.308797445902802
"NERICA-L-26","KALINGA-1",0.227807486631016
"NERICA-L-42","KALINGA-1",0.230442477876106
"NERICA-L-44","KALINGA-1",0.196498054474708
"PARIJAT","KALINGA-1",0.21101243339254
"Patchaiperumal","KALINGA-1",0.213224893917963
"PEH-KUH-TSAO-TU","KALINGA-1",0.305054789678332
"PMK-2","KALINGA-1",0.178609248146841
"PRASAD-1","KALINGA-1",0.290305397727273
"PUSASUGANDH5","KALINGA-1",0.217137809187279
"PUSA1121","KALINGA-1",0.306998556998557
"Pusa1121-SN12","KALINGA-1",0.291047480971366
"PUSA44","KALINGA-1",0.182197244379986
"PUSABASMATI6","KALINGA-1",0.370748299319728
"PUSASUGANDH2","KALINGA-1",0.319194061505832
"RASI","KALINGA-1",0.208775137111517
"RKVY-104","KALINGA-1",0.340592645483756
"RKVY-143","KALINGA-1",0.230374823196605
"RKVY-28","KALINGA-1",0.323592685550376
"R-RF-44","KALINGA-1",0.206321022727273
"RRF-78","KALINGA-1",0.234069063723745
"Sadabahar","KALINGA-1",0.326156583629893
"SAFRI-17","KALINGA-1",0.289614561027837
"SAHBHAGIDHAN","KALINGA-1",0.209294075913445
"SATABHAMA","KALINGA-1",0.326002128414331
"SERATOES","KALINGA-1",0.343073593073593
"SERETY","KALINGA-1",0.304286220332979
"SHAKU","KALINGA-1",0.347712904425437
"SR1-3-1","KALINGA-1",0.310271041369472
"SUWEON","KALINGA-1",0.327938988095238
"SWARNA","KALINGA-1",0.230357142857143
"VANAPRAVA","KALINGA-1",0.333871546465734
"VANDANA","KALINGA-1",0.295746962115797
"Wayrarem","KALINGA-1",0.243690010664771
"281785","KANGRO",0.213982300884956
"282803","KANGRO",0.327768014059754
"299554","KANGRO",0.357710364752618
"356457","KANGRO",0.303009097270819
"376579","KANGRO",0.219387755102041
"376851","KANGRO",0.215248226950355
"377448","KANGRO",0.319390287132223
"377705","KANGRO",0.352661261896369
"384190","KANGRO",0.286570320761368
"426049","KANGRO",0.301088483146067
"438644","KANGRO",0.321441249556266
"ADAYSEL","KANGRO",0.367426942266572
"AbhayaXDagadesi","KANGRO",0.351146384479718
"ABHISEK","KANGRO",0.239091876551969
"ABOR-A-1","KANGRO",0.293316831683168
"ANJALI","KANGRO",0.244452271926735
"Annada","KANGRO",0.352284803400638
"Apo","KANGRO",0.368875572788157
"ARC10319","KANGRO",0.255851063829787
"ARC12071","KANGRO",0.00963559915907497
"ARNAPURNA","KANGRO",0.182072829131653
"ASD16","KANGRO",0.2113074204947
"AUS257","KANGRO",0.248317392844492
"BAKAL","KANGRO",0.391771019677996
"BAM1057","KANGRO",0.379322638146168
"BAM1098","KANGRO",0.401104775481112
"BAM1659","KANGRO",0.158297720797721
"BAM1689","KANGRO",0.374642857142857
"BAM1708","KANGRO",0.379992867332382
"BAM1812","KANGRO",0.316124469589816
"BAM2096","KANGRO",0.211349262122277
"BAM2166","KANGRO",0.289426523297491
"BAM247","KANGRO",0.319591261451727
"BAM2574","KANGRO",0.212548466690166
"BAM2680","KANGRO",0.245070422535211
"BAM3154","KANGRO",0.333630846126383
"BAM3181","KANGRO",0.198695345557123
"BAM326","KANGRO",0.192049469964664
"BAM328","KANGRO",0.321113852661262
"BAM350","KANGRO",0.343434343434343
"BAM3690","KANGRO",0.351726593093628
"BAM4009","KANGRO",0.381096475614098
"BAM4054","KANGRO",0.220315236427321
"BAM4138","KANGRO",0.284467402921268
"BAM4168","KANGRO",0.280937052932761
"BAM4234","KANGRO",0.24249911754324
"BAM4254","KANGRO",0.245573654390935
"BAM4477","KANGRO",0.345705196182397
"BAM4496","KANGRO",0.305760449596066
"BAM4510","KANGRO",0.286397449521785
"BAM4521","KANGRO",0.284180386542591
"BAM4534","KANGRO",0.39822695035461
"BAM4797","KANGRO",0.204099509460406
"BAM491","KANGRO",0.334573149132129
"BAM4928","KANGRO",0.274920184462575
"BAM5110","KANGRO",0.250441852244609
"BAM56","KANGRO",0.284403669724771
"BAM5779","KANGRO",0.309982174688057
"BAM5850","KANGRO",0.400642169104531
"BAM6921","KANGRO",0.350548284400425
"BAM712","KANGRO",0.354526241634378
"BAM742","KANGRO",0.353420772775611
"BAM7429","KANGRO",0.307773851590106
"BAM7449","KANGRO",0.387160228898426
"BAM747","KANGRO",0.351255748142908
"BAM759","KANGRO",0.365449124114797
"BAM766","KANGRO",0.351640513552068
"BAM807","KANGRO",0.307365439093484
"BAM811","KANGRO",0.365432098765432
"BAM812","KANGRO",0.254339355295785
"BAM819","KANGRO",0.228642325416519
"BAM8296","KANGRO",0.350281491907108
"BAM8305","KANGRO",0.322861199858005
"BAM8315","KANGRO",0.315452930728242
"BAM8364","KANGRO",0.233250620347395
"BAMAWPYAN","KANGRO",0.288543897216274
"BENAMURI","KANGRO",0.198659139026112
"BLACKGORA","KANGRO",0.244120744120744
"CGR1656","KANGRO",0.306320621468927
"CGR1679","KANGRO",0.2038407329105
"CGR2012","KANGRO",0.212094499294781
"CO18","KANGRO",0.0376928471248247
"CRDHAN-204","KANGRO",0.257671957671958
"CR143-2-2","KANGRO",0.353783592644979
"CR262-4","KANGRO",0.348484848484849
"CROSSA","KANGRO",0.205096660808436
"DULAR","KANGRO",0.3984375
"EYPO","KANGRO",0.324290334171757
"EYPO-2","KANGRO",0.18564880112835
"FULKATI","KANGRO",0.394230769230769
"Ghanteswari","KANGRO",0.311091549295775
"GHATIKAMMANANGARHAR","KANGRO",0.223508771929825
"GotrabiDhan","KANGRO",0.317158931082982
"GP-145-37","KANGRO",0.220112517580872
"GP-145-51","KANGRO",0.314134275618375
"HARBHOONDI","KANGRO",0.256880733944954
"HongZuiEr","KANGRO",0.348952786652467
"IndrabaruniDhan","KANGRO",0.315752461322082
"IR74371-54-1-1","KANGRO",0.348399577910658
"IR77298-14-1-2-10","KANGRO",0.352596017069701
"IR77298-5-6-18","KANGRO",0.344146685472496
"IR83383-B-B-129-4","KANGRO",0.339632638643589
"IR83388-B-B108-3","KANGRO",0.333921637839746
"IR87707-445-B-B","KANGRO",0.339254308828702
"IR87707-446-B-B","KANGRO",0.350767583006069
"IRROEPYO","KANGRO",0.261223750905141
"KALINGA-1","KANGRO",0.305467372134039
"KANGRO","KANGRO",0
"KHAODAWTAI","KANGRO",0.242129465864874
"MANDRIRAVINA","KANGRO",0.03788144510698
"MAUDAMANI","KANGRO",0.244342291371994
"MOROBEREKAN","KANGRO",0.451676884240894
"MTU1010","KANGRO",0.321289408430747
"MTU9","KANGRO",0.00895994378074494
"NERICA-L-26","KANGRO",0.368028419182948
"NERICA-L-42","KANGRO",0.371609721733005
"NERICA-L-44","KANGRO",0.341540626099191
"PARIJAT","KANGRO",0.351432614078528
"Patchaiperumal","KANGRO",0.27584388185654
"PEH-KUH-TSAO-TU","KANGRO",0.00630914826498419
"PMK-2","KANGRO",0.290379213483146
"PRASAD-1","KANGRO",0.211436639604659
"PUSASUGANDH5","KANGRO",0.346816742877242
"PUSA1121","KANGRO",0.384642985288841
"Pusa1121-SN12","KANGRO",0.383020908435472
"PUSA44","KANGRO",0.344584837545126
"PUSABASMATI6","KANGRO",0.263345195729537
"PUSASUGANDH2","KANGRO",0.214335910049192
"RASI","KANGRO",0.340975254730713
"RKVY-104","KANGRO",0.398615056818182
"RKVY-143","KANGRO",0.287649542575651
"RKVY-28","KANGRO",0.379850480598078
"R-RF-44","KANGRO",0.332921229247616
"RRF-78","KANGRO",0.34736469755925
"Sadabahar","KANGRO",0.20565371024735
"SAFRI-17","KANGRO",0.226532058094226
"SAHBHAGIDHAN","KANGRO",0.347173144876325
"SATABHAMA","KANGRO",0.238808600634473
"SERATOES","KANGRO",0.386396267049533
"SERETY","KANGRO",0.0300527240773286
"SHAKU","KANGRO",0.266913123844732
"SR1-3-1","KANGRO",0.249291282778171
"SUWEON","KANGRO",0.237883832778394
"SWARNA","KANGRO",0.344171997157072
"VANAPRAVA","KANGRO",0.378879771673207
"VANDANA","KANGRO",0.382332029861358
"Wayrarem","KANGRO",0.372216330858961
"281785","KHAODAWTAI",0.219119226638024
"282803","KHAODAWTAI",0.317745376955903
"299554","KHAODAWTAI",0.340627279358133
"356457","KHAODAWTAI",0.299787760877255
"376579","KHAODAWTAI",0.21875
"376851","KHAODAWTAI",0.230190032269631
"377448","KHAODAWTAI",0.333393049086349
"377705","KHAODAWTAI",0.284774101743152
"384190","KHAODAWTAI",0.314504632929437
"426049","KHAODAWTAI",0.298083747338538
"438644","KHAODAWTAI",0.317007534983854
"ADAYSEL","KHAODAWTAI",0.381801801801802
"AbhayaXDagadesi","KHAODAWTAI",0.320142602495544
"ABHISEK","KHAODAWTAI",0.234872896527032
"ABOR-A-1","KHAODAWTAI",0.292783136834584
"ANJALI","KHAODAWTAI",0.21647100675916
"Annada","KHAODAWTAI",0.348121645796064
"Apo","KHAODAWTAI",0.339158345221113
"ARC10319","KHAODAWTAI",0.348887293610912
"ARC12071","KHAODAWTAI",0.244247787610619
"ARNAPURNA","KHAODAWTAI",0.227063407722281
"ASD16","KHAODAWTAI",0.21301247771836
"AUS257","KHAODAWTAI",0.225188104621999
"BAKAL","KHAODAWTAI",0.404374548083876
"BAM1057","KHAODAWTAI",0.41861721281959
"BAM1098","KHAODAWTAI",0.408288288288288
"BAM1659","KHAODAWTAI",0.233369291621719
"BAM1689","KHAODAWTAI",0.399385838150289
"BAM1708","KHAODAWTAI",0.403644893540238
"BAM1812","KHAODAWTAI",0.331842576028623
"BAM2096","KHAODAWTAI",0.239964476021314
"BAM2166","KHAODAWTAI",0.298515568428675
"BAM247","KHAODAWTAI",0.315686274509804
"BAM2574","KHAODAWTAI",0.220619658119658
"BAM2680","KHAODAWTAI",0.181527531083481
"BAM3154","KHAODAWTAI",0.309455070371707
"BAM3181","KHAODAWTAI",0.244028520499109
"BAM326","KHAODAWTAI",0.220955096222381
"BAM328","KHAODAWTAI",0.342058404558405
"BAM350","KHAODAWTAI",0.36884935654807
"BAM3690","KHAODAWTAI",0.32841726618705
"BAM4009","KHAODAWTAI",0.424073407700612
"BAM4054","KHAODAWTAI",0.187124159886806
"BAM4138","KHAODAWTAI",0.330694494422454
"BAM4168","KHAODAWTAI",0.283676417479234
"BAM4234","KHAODAWTAI",0.248750892219843
"BAM4254","KHAODAWTAI",0.248927805575411
"BAM4477","KHAODAWTAI",0.323024669288523
"BAM4496","KHAODAWTAI",0.3411430599929
"BAM4510","KHAODAWTAI",0.322927879440258
"BAM4521","KHAODAWTAI",0.319580166485704
"BAM4534","KHAODAWTAI",0.418100358422939
"BAM4797","KHAODAWTAI",0.234253361641897
"BAM491","KHAODAWTAI",0.369005010737294
"BAM4928","KHAODAWTAI",0.293790380473798
"BAM5110","KHAODAWTAI",0.203921568627451
"BAM56","KHAODAWTAI",0.30586342509832
"BAM5779","KHAODAWTAI",0.306126126126126
"BAM5850","KHAODAWTAI",0.423701298701299
"BAM6921","KHAODAWTAI",0.321071428571429
"BAM712","KHAODAWTAI",0.343694493783304
"BAM742","KHAODAWTAI",0.350125493008247
"BAM7429","KHAODAWTAI",0.328035714285714
"BAM7449","KHAODAWTAI",0.415281791907514
"BAM747","KHAODAWTAI",0.351679771265189
"BAM759","KHAODAWTAI",0.360399397136398
"BAM766","KHAODAWTAI",0.345268082043901
"BAM807","KHAODAWTAI",0.306838524883638
"BAM811","KHAODAWTAI",0.33048433048433
"BAM812","KHAODAWTAI",0.220093123209169
"BAM819","KHAODAWTAI",0.202895959957097
"BAM8296","KHAODAWTAI",0.320590327169274
"BAM8305","KHAODAWTAI",0.320365722481176
"BAM8315","KHAODAWTAI",0.327295552367288
"BAM8364","KHAODAWTAI",0.19449410082231
"BAMAWPYAN","KHAODAWTAI",0.319083694083694
"BENAMURI","KHAODAWTAI",0.226122594440485
"BLACKGORA","KHAODAWTAI",0.207831325301205
"CGR1656","KHAODAWTAI",0.335357142857143
"CGR1679","KHAODAWTAI",0.222597864768683
"CGR2012","KHAODAWTAI",0.222797003210846
"CO18","KHAODAWTAI",0.24140375753279
"CRDHAN-204","KHAODAWTAI",0.220064148253742
"CR143-2-2","KHAODAWTAI",0.338513754912469
"CR262-4","KHAODAWTAI",0.333155270655271
"CROSSA","KHAODAWTAI",0.22165131112686
"DULAR","KHAODAWTAI",0.421875
"EYPO","KHAODAWTAI",0.348892117689793
"EYPO-2","KHAODAWTAI",0.185988620199147
"FULKATI","KHAODAWTAI",0.412738395106153
"Ghanteswari","KHAODAWTAI",0.276629853936587
"GHATIKAMMANANGARHAR","KHAODAWTAI",0.201946902654867
"GotrabiDhan","KHAODAWTAI",0.315190323728211
"GP-145-37","KHAODAWTAI",0.228515625
"GP-145-51","KHAODAWTAI",0.333095323098893
"HARBHOONDI","KHAODAWTAI",0.218995010691376
"HongZuiEr","KHAODAWTAI",0.325385442811043
"IndrabaruniDhan","KHAODAWTAI",0.327353463587922
"IR74371-54-1-1","KHAODAWTAI",0.336651261997867
"IR77298-14-1-2-10","KHAODAWTAI",0.327945402298851
"IR77298-5-6-18","KHAODAWTAI",0.341889483065954
"IR83383-B-B-129-4","KHAODAWTAI",0.343928571428571
"IR83388-B-B108-3","KHAODAWTAI",0.317047075606277
"IR87707-445-B-B","KHAODAWTAI",0.350035536602701
"IR87707-446-B-B","KHAODAWTAI",0.332732516222062
"IRROEPYO","KHAODAWTAI",0.294149908592322
"KALINGA-1","KHAODAWTAI",0.280926916221034
"KANGRO","KHAODAWTAI",0.242129465864874
"KHAODAWTAI","KHAODAWTAI",0
"MANDRIRAVINA","KHAODAWTAI",0.242730496453901
"MAUDAMANI","KHAODAWTAI",0.199643493761141
"MOROBEREKAN","KHAODAWTAI",0.446649672250546
"MTU1010","KHAODAWTAI",0.336672629695886
"MTU9","KHAODAWTAI",0.243411680911681
"NERICA-L-26","KHAODAWTAI",0.336441893830703
"NERICA-L-42","KHAODAWTAI",0.339679715302491
"NERICA-L-44","KHAODAWTAI",0.319879089615932
"PARIJAT","KHAODAWTAI",0.319285714285714
"Patchaiperumal","KHAODAWTAI",0.329719161038038
"PEH-KUH-TSAO-TU","KHAODAWTAI",0.241489361702128
"PMK-2","KHAODAWTAI",0.290528556225612
"PRASAD-1","KHAODAWTAI",0.211819152723389
"PUSASUGANDH5","KHAODAWTAI",0.330427046263345
"PUSA1121","KHAODAWTAI",0.380174291938998
"Pusa1121-SN12","KHAODAWTAI",0.378782355085673
"PUSA44","KHAODAWTAI",0.307944606413994
"PUSABASMATI6","KHAODAWTAI",0.274883219547251
"PUSASUGANDH2","KHAODAWTAI",0.223623445825933
"RASI","KHAODAWTAI",0.32223040117777
"RKVY-104","KHAODAWTAI",0.425440172475746
"RKVY-143","KHAODAWTAI",0.325978647686833
"RKVY-28","KHAODAWTAI",0.408600215905002
"R-RF-44","KHAODAWTAI",0.333035714285714
"RRF-78","KHAODAWTAI",0.356223175965665
"Sadabahar","KHAODAWTAI",0.225276686897537
"SAFRI-17","KHAODAWTAI",0.215795128939828
"SAHBHAGIDHAN","KHAODAWTAI",0.314306100606493
"SATABHAMA","KHAODAWTAI",0.227773826458037
"SERATOES","KHAODAWTAI",0.421023965141612
"SERETY","KHAODAWTAI",0.237113402061856
"SHAKU","KHAODAWTAI",0.256247668780306
"SR1-3-1","KHAODAWTAI",0.212522361359571
"SUWEON","KHAODAWTAI",0.23562359970127
"SWARNA","KHAODAWTAI",0.345614665708124
"VANAPRAVA","KHAODAWTAI",0.416486291486291
"VANDANA","KHAODAWTAI",0.381919482386772
"Wayrarem","KHAODAWTAI",0.341973543081873
"281785","MANDRIRAVINA",0.213120567375886
"282803","MANDRIRAVINA",0.326224885442369
"299554","MANDRIRAVINA",0.3589001447178
"356457","MANDRIRAVINA",0.290701754385965
"376579","MANDRIRAVINA",0.223846424797464
"376851","MANDRIRAVINA",0.211190053285968
"377448","MANDRIRAVINA",0.318181818181818
"377705","MANDRIRAVINA",0.351590106007067
"384190","MANDRIRAVINA",0.286042402826855
"426049","MANDRIRAVINA",0.289307069996483
"438644","MANDRIRAVINA",0.318327402135231
"ADAYSEL","MANDRIRAVINA",0.364464285714286
"AbhayaXDagadesi","MANDRIRAVINA",0.349610757254069
"ABHISEK","MANDRIRAVINA",0.233297796730633
"ABOR-A-1","MANDRIRAVINA",0.289184397163121
"ANJALI","MANDRIRAVINA",0.239153439153439
"Annada","MANDRIRAVINA",0.355492356914326
"Apo","MANDRIRAVINA",0.366112486735055
"ARC10319","MANDRIRAVINA",0.252755065766086
"ARC12071","MANDRIRAVINA",0.0400421496311907
"ARNAPURNA","MANDRIRAVINA",0.180780042164441
"ASD16","MANDRIRAVINA",0.206444759206799
"AUS257","MANDRIRAVINA",0.246889441877
"BAKAL","MANDRIRAVINA",0.382395123700251
"BAM1057","MANDRIRAVINA",0.378127233738385
"BAM1098","MANDRIRAVINA",0.398320228734811
"BAM1659","MANDRIRAVINA",0.161365260900643
"BAM1689","MANDRIRAVINA",0.374821173104435
"BAM1708","MANDRIRAVINA",0.374955277280859
"BAM1812","MANDRIRAVINA",0.310571124512238
"BAM2096","MANDRIRAVINA",0.216097217330046
"BAM2166","MANDRIRAVINA",0.288613505747126
"BAM247","MANDRIRAVINA",0.322552138564864
"BAM2574","MANDRIRAVINA",0.212597035991531
"BAM2680","MANDRIRAVINA",0.242066290550071
"BAM3154","MANDRIRAVINA",0.331782390837509
"BAM3181","MANDRIRAVINA",0.203998584571833
"BAM326","MANDRIRAVINA",0.187964601769911
"BAM328","MANDRIRAVINA",0.321680790960452
"BAM350","MANDRIRAVINA",0.338643178410795
"BAM3690","MANDRIRAVINA",0.348430813124108
"BAM4009","MANDRIRAVINA",0.38141940085592
"BAM4054","MANDRIRAVINA",0.216643258426966
"BAM4138","MANDRIRAVINA",0.286122012129861
"BAM4168","MANDRIRAVINA",0.279290576854174
"BAM4234","MANDRIRAVINA",0.241513437057992
"BAM4254","MANDRIRAVINA",0.242284498048954
"BAM4477","MANDRIRAVINA",0.341843971631206
"BAM4496","MANDRIRAVINA",0.301162381120113
"BAM4510","MANDRIRAVINA",0.28259325044405
"BAM4521","MANDRIRAVINA",0.285714285714286
"BAM4534","MANDRIRAVINA",0.392007104795737
"BAM4797","MANDRIRAVINA",0.205056179775281
"BAM491","MANDRIRAVINA",0.33013844515442
"BAM4928","MANDRIRAVINA",0.269039145907473
"BAM5110","MANDRIRAVINA",0.249557208643287
"BAM56","MANDRIRAVINA",0.281792419411973
"BAM5779","MANDRIRAVINA",0.303143979992855
"BAM5850","MANDRIRAVINA",0.391669646049339
"BAM6921","MANDRIRAVINA",0.344858156028369
"BAM712","MANDRIRAVINA",0.356108757062147
"BAM742","MANDRIRAVINA",0.356507823613087
"BAM7429","MANDRIRAVINA",0.309844192634561
"BAM7449","MANDRIRAVINA",0.37831066571224
"BAM747","MANDRIRAVINA",0.351418439716312
"BAM759","MANDRIRAVINA",0.365808137364688
"BAM766","MANDRIRAVINA",0.354181558255897
"BAM807","MANDRIRAVINA",0.303514376996805
"BAM811","MANDRIRAVINA",0.360728172499116
"BAM812","MANDRIRAVINA",0.251243781094527
"BAM819","MANDRIRAVINA",0.223030518097942
"BAM8296","MANDRIRAVINA",0.34973544973545
"BAM8305","MANDRIRAVINA",0.322712709149163
"BAM8315","MANDRIRAVINA",0.316999287241625
"BAM8364","MANDRIRAVINA",0.235701598579041
"BAMAWPYAN","MANDRIRAVINA",0.285484447622453
"BENAMURI","MANDRIRAVINA",0.200035373187124
"BLACKGORA","MANDRIRAVINA",0.237684729064039
"CGR1656","MANDRIRAVINA",0.304778761061947
"CGR1679","MANDRIRAVINA",0.205010585744531
"CGR2012","MANDRIRAVINA",0.203323903818953
"CO18","MANDRIRAVINA",0.00509666080843585
"CRDHAN-204","MANDRIRAVINA",0.256455606650159
"CR143-2-2","MANDRIRAVINA",0.352993269571378
"CR262-4","MANDRIRAVINA",0.348586572438162
"CROSSA","MANDRIRAVINA",0.195843606903839
"DULAR","MANDRIRAVINA",0.39554367201426
"EYPO","MANDRIRAVINA",0.328170028818444
"EYPO-2","MANDRIRAVINA",0.182492057889163
"FULKATI","MANDRIRAVINA",0.384189864382584
"Ghanteswari","MANDRIRAVINA",0.312787001059696
"GHATIKAMMANANGARHAR","MANDRIRAVINA",0.222847100175747
"GotrabiDhan","MANDRIRAVINA",0.320521861777151
"GP-145-37","MANDRIRAVINA",0.220324057766819
"GP-145-51","MANDRIRAVINA",0.315286624203822
"HARBHOONDI","MANDRIRAVINA",0.26025459688826
"HongZuiEr","MANDRIRAVINA",0.343894624421502
"IndrabaruniDhan","MANDRIRAVINA",0.312191684284708
"IR74371-54-1-1","MANDRIRAVINA",0.350617283950617
"IR77298-14-1-2-10","MANDRIRAVINA",0.349946600213599
"IR77298-5-6-18","MANDRIRAVINA",0.337517680339463
"IR83383-B-B-129-4","MANDRIRAVINA",0.334218916046759
"IR83388-B-B108-3","MANDRIRAVINA",0.328556263269639
"IR87707-445-B-B","MANDRIRAVINA",0.337914023960536
"IR87707-446-B-B","MANDRIRAVINA",0.349481587415088
"IRROEPYO","MANDRIRAVINA",0.259521218715996
"KALINGA-1","MANDRIRAVINA",0.304809052333805
"KANGRO","MANDRIRAVINA",0.03788144510698
"KHAODAWTAI","MANDRIRAVINA",0.242730496453901
"MANDRIRAVINA","MANDRIRAVINA",0
"MAUDAMANI","MANDRIRAVINA",0.24228996809642
"MOROBEREKAN","MANDRIRAVINA",0.449945789663896
"MTU1010","MANDRIRAVINA",0.315294535131299
"MTU9","MANDRIRAVINA",0.0391258371519211
"NERICA-L-26","MANDRIRAVINA",0.362455516014235
"NERICA-L-42","MANDRIRAVINA",0.366443189837685
"NERICA-L-44","MANDRIRAVINA",0.335626102292769
"PARIJAT","MANDRIRAVINA",0.345444877702942
"Patchaiperumal","MANDRIRAVINA",0.270965468639887
"PEH-KUH-TSAO-TU","MANDRIRAVINA",0.0363285363285363
"PMK-2","MANDRIRAVINA",0.286870820133756
"PRASAD-1","MANDRIRAVINA",0.204312477907388
"PUSASUGANDH5","MANDRIRAVINA",0.345977417078335
"PUSA1121","MANDRIRAVINA",0.38566798703637
"Pusa1121-SN12","MANDRIRAVINA",0.382182869533791
"PUSA44","MANDRIRAVINA",0.344733984799131
"PUSABASMATI6","MANDRIRAVINA",0.264245014245014
"PUSASUGANDH2","MANDRIRAVINA",0.211091549295775
"RASI","MANDRIRAVINA",0.337285662167092
"RKVY-104","MANDRIRAVINA",0.396011396011396
"RKVY-143","MANDRIRAVINA",0.291990119971771
"RKVY-28","MANDRIRAVINA",0.374687611567297
"R-RF-44","MANDRIRAVINA",0.329613885936947
"RRF-78","MANDRIRAVINA",0.34509039347749
"Sadabahar","MANDRIRAVINA",0.21600566572238
"SAFRI-17","MANDRIRAVINA",0.221471738357625
"SAHBHAGIDHAN","MANDRIRAVINA",0.341182719546742
"SATABHAMA","MANDRIRAVINA",0.241336633663366
"SERATOES","MANDRIRAVINA",0.382649388048956
"SERETY","MANDRIRAVINA",0.0533826638477801
"SHAKU","MANDRIRAVINA",0.268134715025907
"SR1-3-1","MANDRIRAVINA",0.248136315228967
"SUWEON","MANDRIRAVINA",0.236229205175601
"SWARNA","MANDRIRAVINA",0.343905915894512
"VANAPRAVA","MANDRIRAVINA",0.377730039384175
"VANDANA","MANDRIRAVINA",0.380833630210189
"Wayrarem","MANDRIRAVINA",0.368262411347518
"281785","MAUDAMANI",0.209227467811159
"282803","MAUDAMANI",0.324396306818182
"299554","MAUDAMANI",0.31904414447282
"356457","MAUDAMANI",0.328207847295864
"376579","MAUDAMANI",0.224627395315827
"376851","MAUDAMANI",0.236474381941956
"377448","MAUDAMANI",0.336552217453505
"377705","MAUDAMANI",0.3312566749733
"384190","MAUDAMANI",0.315461346633416
"426049","MAUDAMANI",0.326780021253985
"438644","MAUDAMANI",0.322592194772646
"ADAYSEL","MAUDAMANI",0.352485590778098
"AbhayaXDagadesi","MAUDAMANI",0.305980776076896
"ABHISEK","MAUDAMANI",0.184238741958542
"ABOR-A-1","MAUDAMANI",0.332380271622588
"ANJALI","MAUDAMANI",0.190518465909091
"Annada","MAUDAMANI",0.351288475304223
"Apo","MAUDAMANI",0.318554131054131
"ARC10319","MAUDAMANI",0.351288475304223
"ARC12071","MAUDAMANI",0.242751060820368
"ARNAPURNA","MAUDAMANI",0.230333097094259
"ASD16","MAUDAMANI",0.195938724617029
"AUS257","MAUDAMANI",0.211166785969936
"BAKAL","MAUDAMANI",0.400759219088937
"BAM1057","MAUDAMANI",0.418286537077034
"BAM1098","MAUDAMANI",0.406880403458213
"BAM1659","MAUDAMANI",0.224982001439885
"BAM1689","MAUDAMANI",0.397620764239366
"BAM1708","MAUDAMANI",0.399963950973324
"BAM1812","MAUDAMANI",0.335954253037884
"BAM2096","MAUDAMANI",0.22854609929078
"BAM2166","MAUDAMANI",0.305615942028985
"BAM247","MAUDAMANI",0.31945926716471
"BAM2574","MAUDAMANI",0.223389106443574
"BAM2680","MAUDAMANI",0.218272307145396
"BAM3154","MAUDAMANI",0.327567567567568
"BAM3181","MAUDAMANI",0.247775008899964
"BAM326","MAUDAMANI",0.231990014265335
"BAM328","MAUDAMANI",0.351654215581644
"BAM350","MAUDAMANI",0.372211720226843
"BAM3690","MAUDAMANI",0.353597122302158
"BAM4009","MAUDAMANI",0.414836154123154
"BAM4054","MAUDAMANI",0.200070696359138
"BAM4138","MAUDAMANI",0.32451403887689
"BAM4168","MAUDAMANI",0.279602888086643
"BAM4234","MAUDAMANI",0.213599145603418
"BAM4254","MAUDAMANI",0.212910128388017
"BAM4477","MAUDAMANI",0.341607142857143
"BAM4496","MAUDAMANI",0.339127350124158
"BAM4510","MAUDAMANI",0.321326164874552
"BAM4521","MAUDAMANI",0.31882225433526
"BAM4534","MAUDAMANI",0.415533285612026
"BAM4797","MAUDAMANI",0.237177219667492
"BAM491","MAUDAMANI",0.369853204439671
"BAM4928","MAUDAMANI",0.297452457839971
"BAM5110","MAUDAMANI",0.187054208273894
"BAM56","MAUDAMANI",0.304246966452534
"BAM5779","MAUDAMANI",0.295397339086659
"BAM5850","MAUDAMANI",0.424504504504504
"BAM6921","MAUDAMANI",0.322857142857143
"BAM712","MAUDAMANI",0.347795163584637
"BAM742","MAUDAMANI",0.347475832438238
"BAM7429","MAUDAMANI",0.332382310984308
"BAM7449","MAUDAMANI",0.421062138728324
"BAM747","MAUDAMANI",0.348338692390139
"BAM759","MAUDAMANI",0.369065561416729
"BAM766","MAUDAMANI",0.344504504504505
"BAM807","MAUDAMANI",0.295779685264664
"BAM811","MAUDAMANI",0.328820805130032
"BAM812","MAUDAMANI",0.215332380271623
"BAM819","MAUDAMANI",0.206754824874911
"BAM8296","MAUDAMANI",0.310056858564321
"BAM8305","MAUDAMANI",0.317090648513078
"BAM8315","MAUDAMANI",0.328612405880244
"BAM8364","MAUDAMANI",0.22244094488189
"BAMAWPYAN","MAUDAMANI",0.314187972632337
"BENAMURI","MAUDAMANI",0.23655147844674
"BLACKGORA","MAUDAMANI",0.208997520368402
"CGR1656","MAUDAMANI",0.346126383434488
"CGR1679","MAUDAMANI",0.233285917496444
"CGR2012","MAUDAMANI",0.233155080213904
"CO18","MAUDAMANI",0.24103656372027
"CRDHAN-204","MAUDAMANI",0.194809811589051
"CR143-2-2","MAUDAMANI",0.322154834106315
"CR262-4","MAUDAMANI",0.315770736917052
"CROSSA","MAUDAMANI",0.236431358637815
"DULAR","MAUDAMANI",0.418462643678161
"EYPO","MAUDAMANI",0.365349764407394
"EYPO-2","MAUDAMANI",0.225169099323603
"FULKATI","MAUDAMANI",0.412167026637869
"Ghanteswari","MAUDAMANI",0.326156583629893
"GHATIKAMMANANGARHAR","MAUDAMANI",0.194828196953595
"GotrabiDhan","MAUDAMANI",0.323205401563611
"GP-145-37","MAUDAMANI",0.236786094359702
"GP-145-51","MAUDAMANI",0.346002855103497
"HARBHOONDI","MAUDAMANI",0.209090909090909
"HongZuiEr","MAUDAMANI",0.340021497671086
"IndrabaruniDhan","MAUDAMANI",0.30315938942137
"IR74371-54-1-1","MAUDAMANI",0.319602272727273
"IR77298-14-1-2-10","MAUDAMANI",0.300932568149211
"IR77298-5-6-18","MAUDAMANI",0.335943060498221
"IR83383-B-B-129-4","MAUDAMANI",0.333095323098893
"IR83388-B-B108-3","MAUDAMANI",0.312076950480941
"IR87707-445-B-B","MAUDAMANI",0.331500532103583
"IR87707-446-B-B","MAUDAMANI",0.328952106589845
"IRROEPYO","MAUDAMANI",0.278265642151482
"KALINGA-1","MAUDAMANI",0.306020662629141
"KANGRO","MAUDAMANI",0.244342291371994
"KHAODAWTAI","MAUDAMANI",0.199643493761141
"MANDRIRAVINA","MAUDAMANI",0.24228996809642
"MAUDAMANI","MAUDAMANI",0
"MOROBEREKAN","MAUDAMANI",0.448037790697674
"MTU1010","MAUDAMANI",0.320879513764748
"MTU9","MAUDAMANI",0.243151903237282
"NERICA-L-26","MAUDAMANI",0.324363114459993
"NERICA-L-42","MAUDAMANI",0.326280227596017
"NERICA-L-44","MAUDAMANI",0.296019900497512
"PARIJAT","MAUDAMANI",0.307884409561184
"Patchaiperumal","MAUDAMANI",0.335995740149095
"PEH-KUH-TSAO-TU","MAUDAMANI",0.242639233770841
"PMK-2","MAUDAMANI",0.33031914893617
"PRASAD-1","MAUDAMANI",0.210320284697509
"PUSASUGANDH5","MAUDAMANI",0.319409882687522
"PUSA1121","MAUDAMANI",0.400833937635968
"Pusa1121-SN12","MAUDAMANI",0.39672131147541
"PUSA44","MAUDAMANI",0.303864382063434
"PUSABASMATI6","MAUDAMANI",0.261563284331301
"PUSASUGANDH2","MAUDAMANI",0.197237960339943
"RASI","MAUDAMANI",0.308455882352941
"RKVY-104","MAUDAMANI",0.420495333811917
"RKVY-143","MAUDAMANI",0.343283582089552
"RKVY-28","MAUDAMANI",0.416636658264314
"R-RF-44","MAUDAMANI",0.309243397573162
"RRF-78","MAUDAMANI",0.350178571428571
"Sadabahar","MAUDAMANI",0.226542989653942
"SAFRI-17","MAUDAMANI",0.214924838940587
"SAHBHAGIDHAN","MAUDAMANI",0.302927525883613
"SATABHAMA","MAUDAMANI",0.208926031294452
"SERATOES","MAUDAMANI",0.419051068453459
"SERETY","MAUDAMANI",0.236140724946695
"SHAKU","MAUDAMANI",0.230540037243948
"SR1-3-1","MAUDAMANI",0.20811003929975
"SUWEON","MAUDAMANI",0.229780096906448
"SWARNA","MAUDAMANI",0.283614198637504
"VANAPRAVA","MAUDAMANI",0.416906993511175
"VANDANA","MAUDAMANI",0.374102011494253
"Wayrarem","MAUDAMANI",0.320178571428571
"281785","MOROBEREKAN",0.431147540983607
"282803","MOROBEREKAN",0.353451391398627
"299554","MOROBEREKAN",0.352449888641425
"356457","MOROBEREKAN",0.348615605897159
"376579","MOROBEREKAN",0.438856729377713
"376851","MOROBEREKAN",0.447772096420745
"377448","MOROBEREKAN",0.371449380917699
"377705","MOROBEREKAN",0.358357452966715
"384190","MOROBEREKAN",0.387155297532656
"426049","MOROBEREKAN",0.348233597692862
"438644","MOROBEREKAN",0.353080568720379
"ADAYSEL","MOROBEREKAN",0.344493230881815
"AbhayaXDagadesi","MOROBEREKAN",0.359267319550236
"ABHISEK","MOROBEREKAN",0.440167821962787
"ABOR-A-1","MOROBEREKAN",0.360596146855689
"ANJALI","MOROBEREKAN",0.443437273386512
"Annada","MOROBEREKAN",0.195193008011653
"Apo","MOROBEREKAN",0.330130529369108
"ARC10319","MOROBEREKAN",0.359306569343066
"ARC12071","MOROBEREKAN",0.449873782906599
"ARNAPURNA","MOROBEREKAN",0.456545257843491
"ASD16","MOROBEREKAN",0.442789683981112
"AUS257","MOROBEREKAN",0.434965290464012
"BAKAL","MOROBEREKAN",0.307169117647059
"BAM1057","MOROBEREKAN",0.326803368729403
"BAM1098","MOROBEREKAN",0.288073394495413
"BAM1659","MOROBEREKAN",0.450642201834862
"BAM1689","MOROBEREKAN",0.305779078273592
"BAM1708","MOROBEREKAN",0.309776638593922
"BAM1812","MOROBEREKAN",0.355507088331516
"BAM2096","MOROBEREKAN",0.454644018792916
"BAM2166","MOROBEREKAN",0.369420877904832
"BAM247","MOROBEREKAN",0.366401158580739
"BAM2574","MOROBEREKAN",0.444142183532826
"BAM2680","MOROBEREKAN",0.440846599131693
"BAM3154","MOROBEREKAN",0.358189813118358
"BAM3181","MOROBEREKAN",0.453357531760436
"BAM326","MOROBEREKAN",0.450780966218671
"BAM328","MOROBEREKAN",0.372602243937749
"BAM350","MOROBEREKAN",0.348502304147465
"BAM3690","MOROBEREKAN",0.359575247162212
"BAM4009","MOROBEREKAN",0.298024149286498
"BAM4054","MOROBEREKAN",0.442702702702703
"BAM4138","MOROBEREKAN",0.39010989010989
"BAM4168","MOROBEREKAN",0.417341678939617
"BAM4234","MOROBEREKAN",0.433876811594203
"BAM4254","MOROBEREKAN",0.435953420669578
"BAM4477","MOROBEREKAN",0.363735465116279
"BAM4496","MOROBEREKAN",0.367822318526544
"BAM4510","MOROBEREKAN",0.410766423357664
"BAM4521","MOROBEREKAN",0.394882179675994
"BAM4534","MOROBEREKAN",0.32780612244898
"BAM4797","MOROBEREKAN",0.436442203817069
"BAM491","MOROBEREKAN",0.344068413391557
"BAM4928","MOROBEREKAN",0.38074398249453
"BAM5110","MOROBEREKAN",0.440094683175528
"BAM56","MOROBEREKAN",0.391754449691246
"BAM5779","MOROBEREKAN",0.307030391797876
"BAM5850","MOROBEREKAN",0.332966629996333
"BAM6921","MOROBEREKAN",0.344796215429403
"BAM712","MOROBEREKAN",0.193892302132273
"BAM742","MOROBEREKAN",0.193301783764106
"BAM7429","MOROBEREKAN",0.367476432197244
"BAM7449","MOROBEREKAN",0.331006612784717
"BAM747","MOROBEREKAN",0.193090909090909
"BAM759","MOROBEREKAN",0.31752104055088
"BAM766","MOROBEREKAN",0.194759985342616
"BAM807","MOROBEREKAN",0.304949053857351
"BAM811","MOROBEREKAN",0.35188542422045
"BAM812","MOROBEREKAN",0.438388625592417
"BAM819","MOROBEREKAN",0.443210775391336
"BAM8296","MOROBEREKAN",0.346654611211573
"BAM8305","MOROBEREKAN",0.353862973760933
"BAM8315","MOROBEREKAN",0.292914536157779
"BAM8364","MOROBEREKAN",0.42831083546151
"BAMAWPYAN","MOROBEREKAN",0.400110172603746
"BENAMURI","MOROBEREKAN",0.449401523394995
"BLACKGORA","MOROBEREKAN",0.444745395449621
"CGR1656","MOROBEREKAN",0.363883847549909
"CGR1679","MOROBEREKAN",0.455765047135606
"CGR2012","MOROBEREKAN",0.450254175744372
"CO18","MOROBEREKAN",0.450795947901592
"CRDHAN-204","MOROBEREKAN",0.42854552049329
"CR143-2-2","MOROBEREKAN",0.344952795933188
"CR262-4","MOROBEREKAN",0.346557971014493
"CROSSA","MOROBEREKAN",0.454940282301846
"DULAR","MOROBEREKAN",0.327913774205334
"EYPO","MOROBEREKAN",0.34349593495935
"EYPO-2","MOROBEREKAN",0.442126269956459
"FULKATI","MOROBEREKAN",0.328696925329429
"Ghanteswari","MOROBEREKAN",0.364820846905538
"GHATIKAMMANANGARHAR","MOROBEREKAN",0.447833935018051
"GotrabiDhan","MOROBEREKAN",0.364112757499096
"GP-145-37","MOROBEREKAN",0.455877034358047
"GP-145-51","MOROBEREKAN",0.370733478576616
"HARBHOONDI","MOROBEREKAN",0.428649237472767
"HongZuiEr","MOROBEREKAN",0.357716161984677
"IndrabaruniDhan","MOROBEREKAN",0.363570654138056
"IR74371-54-1-1","MOROBEREKAN",0.340917298663778
"IR77298-14-1-2-10","MOROBEREKAN",0.357873584216295
"IR77298-5-6-18","MOROBEREKAN",0.349891225525743
"IR83383-B-B-129-4","MOROBEREKAN",0.343625136215038
"IR83388-B-B108-3","MOROBEREKAN",0.345540246555475
"IR87707-445-B-B","MOROBEREKAN",0.346264886322627
"IR87707-446-B-B","MOROBEREKAN",0.365172667156503
"IRROEPYO","MOROBEREKAN",0.419090231170768
"KALINGA-1","MOROBEREKAN",0.370471014492754
"KANGRO","MOROBEREKAN",0.451676884240894
"KHAODAWTAI","MOROBEREKAN",0.446649672250546
"MANDRIRAVINA","MOROBEREKAN",0.449945789663896
"MAUDAMANI","MOROBEREKAN",0.448037790697674
"MOROBEREKAN","MOROBEREKAN",0
"MTU1010","MOROBEREKAN",0.358909090909091
"MTU9","MOROBEREKAN",0.455237404856832
"NERICA-L-26","MOROBEREKAN",0.352554744525547
"NERICA-L-42","MOROBEREKAN",0.353548153511948
"NERICA-L-44","MOROBEREKAN",0.345070422535211
"PARIJAT","MOROBEREKAN",0.358466569767442
"Patchaiperumal","MOROBEREKAN",0.375
"PEH-KUH-TSAO-TU","MOROBEREKAN",0.452475605348753
"PMK-2","MOROBEREKAN",0.361913357400722
"PRASAD-1","MOROBEREKAN",0.436502177068215
"PUSASUGANDH5","MOROBEREKAN",0.327361563517915
"PUSA1121","MOROBEREKAN",0.270902394106814
"Pusa1121-SN12","MOROBEREKAN",0.270340236686391
"PUSA44","MOROBEREKAN",0.35650723025584
"PUSABASMATI6","MOROBEREKAN",0.368690563277249
"PUSASUGANDH2","MOROBEREKAN",0.451356238698011
"RASI","MOROBEREKAN",0.366281238343902
"RKVY-104","MOROBEREKAN",0.2909057706355
"RKVY-143","MOROBEREKAN",0.369125090383225
"RKVY-28","MOROBEREKAN",0.333455344070278
"R-RF-44","MOROBEREKAN",0.356261343012704
"RRF-78","MOROBEREKAN",0.344101633393829
"Sadabahar","MOROBEREKAN",0.454181818181818
"SAFRI-17","MOROBEREKAN",0.433917488134356
"SAHBHAGIDHAN","MOROBEREKAN",0.357997823721436
"SATABHAMA","MOROBEREKAN",0.428882438316401
"SERATOES","MOROBEREKAN",0.32780847145488
"SERETY","MOROBEREKAN",0.448406951484432
"SHAKU","MOROBEREKAN",0.401751713632902
"SR1-3-1","MOROBEREKAN",0.430181818181818
"SUWEON","MOROBEREKAN",0.421042617960426
"SWARNA","MOROBEREKAN",0.37472607742878
"VANAPRAVA","MOROBEREKAN",0.32845111680703
"VANDANA","MOROBEREKAN",0.334124087591241
"Wayrarem","MOROBEREKAN",0.330850290697674
"281785","MTU1010",0.293202146690519
"282803","MTU1010",0.187855113636364
"299554","MTU1010",0.197810218978102
"356457","MTU1010",0.201695513952667
"376579","MTU1010",0.363006396588486
"376851","MTU1010",0.355300859598854
"377448","MTU1010",0.255460078768349
"377705","MTU1010",0.235325506937033
"384190","MTU1010",0.412655971479501
"426049","MTU1010",0.202157764414574
"438644","MTU1010",0.186379928315412
"ADAYSEL","MTU1010",0.301652892561983
"AbhayaXDagadesi","MTU1010",0.186365254538982
"ABHISEK","MTU1010",0.322285919025439
"ABOR-A-1","MTU1010",0.21476988940421
"ANJALI","MTU1010",0.280761024182077
"Annada","MTU1010",0.434121016827784
"Apo","MTU1010",0.245105019579922
"ARC10319","MTU1010",0.2518823951237
"ARC12071","MTU1010",0.321529745042493
"ARNAPURNA","MTU1010",0.344546742209632
"ASD16","MTU1010",0.300142755174875
"AUS257","MTU1010",0.32741935483871
"BAKAL","MTU1010",0.32057761732852
"BAM1057","MTU1010",0.332674335010784
"BAM1098","MTU1010",0.326251350378106
"BAM1659","MTU1010",0.346126126126126
"BAM1689","MTU1010",0.322946685878963
"BAM1708","MTU1010",0.326486486486486
"BAM1812","MTU1010",0.260185847033595
"BAM2096","MTU1010",0.366607460035524
"BAM2166","MTU1010",0.405831220572256
"BAM247","MTU1010",0.201564166370423
"BAM2574","MTU1010",0.353202846975089
"BAM2680","MTU1010",0.320284697508897
"BAM3154","MTU1010",0.23306916426513
"BAM3181","MTU1010",0.364252586514449
"BAM326","MTU1010",0.342612419700214
"BAM328","MTU1010",0.272419928825623
"BAM350","MTU1010",0.289006422364941
"BAM3690","MTU1010",0.25834829443447
"BAM4009","MTU1010",0.339144500359454
"BAM4054","MTU1010",0.300353982300885
"BAM4138","MTU1010",0.426693083573487
"BAM4168","MTU1010",0.389270231213873
"BAM4234","MTU1010",0.244563279857397
"BAM4254","MTU1010",0.247231153983566
"BAM4477","MTU1010",0.253214285714286
"BAM4496","MTU1010",0.256382978723404
"BAM4510","MTU1010",0.417115177610334
"BAM4521","MTU1010",0.420700867052023
"BAM4534","MTU1010",0.334823024669288
"BAM4797","MTU1010",0.370711001061196
"BAM491","MTU1010",0.290443808160344
"BAM4928","MTU1010",0.409759598134194
"BAM5110","MTU1010",0.293854948195784
"BAM56","MTU1010",0.41616125579736
"BAM5779","MTU1010",0.396688264938805
"BAM5850","MTU1010",0.349477853799064
"BAM6921","MTU1010",0.217437722419929
"BAM712","MTU1010",0.430985414443259
"BAM742","MTU1010",0.432282336080258
"BAM7429","MTU1010",0.256241084165478
"BAM7449","MTU1010",0.328170028818444
"BAM747","MTU1010",0.433345246604718
"BAM759","MTU1010",0.265325310267018
"BAM766","MTU1010",0.433621933621934
"BAM807","MTU1010",0.394915861081275
"BAM811","MTU1010",0.256318974724101
"BAM812","MTU1010",0.349803079126387
"BAM819","MTU1010",0.304363376251788
"BAM8296","MTU1010",0.194000709975151
"BAM8305","MTU1010",0.167024320457797
"BAM8315","MTU1010",0.424731182795699
"BAM8364","MTU1010",0.308876163206872
"BAMAWPYAN","MTU1010",0.417687319884726
"BENAMURI","MTU1010",0.358672376873662
"BLACKGORA","MTU1010",0.302804401845935
"CGR1656","MTU1010",0.262904948380207
"CGR1679","MTU1010",0.358517462580185
"CGR2012","MTU1010",0.357372367011782
"CO18","MTU1010",0.315340909090909
"CRDHAN-204","MTU1010",0.309158945117605
"CR143-2-2","MTU1010",0.226721369960756
"CR262-4","MTU1010",0.226820603907638
"CROSSA","MTU1010",0.346946022727273
"DULAR","MTU1010",0.343604442852024
"EYPO","MTU1010",0.258526850507983
"EYPO-2","MTU1010",0.311320754716981
"FULKATI","MTU1010",0.338066139468009
"Ghanteswari","MTU1010",0.227418207681366
"GHATIKAMMANANGARHAR","MTU1010",0.285967399007796
"GotrabiDhan","MTU1010",0.190205819730305
"GP-145-37","MTU1010",0.357015985790408
"GP-145-51","MTU1010",0.264255167498218
"HARBHOONDI","MTU1010",0.317955112219451
"HongZuiEr","MTU1010",0.244897959183674
"IndrabaruniDhan","MTU1010",0.209145693016661
"IR74371-54-1-1","MTU1010",0.231451899183529
"IR77298-14-1-2-10","MTU1010",0.23765211166786
"IR77298-5-6-18","MTU1010",0.105861456483126
"IR83383-B-B-129-4","MTU1010",0.0750889679715302
"IR83388-B-B108-3","MTU1010",0.204197794379224
"IR87707-445-B-B","MTU1010",0.11317747077577
"IR87707-446-B-B","MTU1010",0.170381020848311
"IRROEPYO","MTU1010",0.380183486238532
"KALINGA-1","MTU1010",0.202952685876912
"KANGRO","MTU1010",0.321289408430747
"KHAODAWTAI","MTU1010",0.336672629695886
"MANDRIRAVINA","MTU1010",0.315294535131299
"MAUDAMANI","MTU1010",0.320879513764748
"MOROBEREKAN","MTU1010",0.358909090909091
"MTU1010","MTU1010",0
"MTU9","MTU1010",0.325204699181203
"NERICA-L-26","MTU1010",0.20816911501254
"NERICA-L-42","MTU1010",0.211750088746894
"NERICA-L-44","MTU1010",0.181107954545455
"PARIJAT","MTU1010",0.226559714795009
"Patchaiperumal","MTU1010",0.247424511545293
"PEH-KUH-TSAO-TU","MTU1010",0.321022727272727
"PMK-2","MTU1010",0.215602836879433
"PRASAD-1","MTU1010",0.291295041027471
"PUSASUGANDH5","MTU1010",0.213423295454545
"PUSA1121","MTU1010",0.312160694896851
"Pusa1121-SN12","MTU1010",0.296687295231161
"PUSA44","MTU1010",0.169096209912536
"PUSABASMATI6","MTU1010",0.344176851186197
"PUSASUGANDH2","MTU1010",0.306136927988648
"RASI","MTU1010",0.237228959941198
"RKVY-104","MTU1010",0.337513436044429
"RKVY-143","MTU1010",0.258976182012087
"RKVY-28","MTU1010",0.329259525521208
"R-RF-44","MTU1010",0.149625935162095
"RRF-78","MTU1010",0.191580449518373
"Sadabahar","MTU1010",0.361557699178278
"SAFRI-17","MTU1010",0.283715925394548
"SAHBHAGIDHAN","MTU1010",0.224500713266762
"SATABHAMA","MTU1010",0.316061253561254
"SERATOES","MTU1010",0.337617668356264
"SERETY","MTU1010",0.323613086770982
"SHAKU","MTU1010",0.351270553064275
"SR1-3-1","MTU1010",0.305187835420394
"SUWEON","MTU1010",0.33289817232376
"SWARNA","MTU1010",0.242728904847397
"VANAPRAVA","MTU1010",0.330813534917207
"VANDANA","MTU1010",0.30225887414844
"Wayrarem","MTU1010",0.246964285714286
"281785","MTU9",0.216346153846154
"282803","MTU9",0.332743988684583
"299554","MTU9",0.361968761351253
"356457","MTU9",0.307638155579022
"376579","MTU9",0.221456344998233
"376851","MTU9",0.21859386152748
"377448","MTU9",0.324492702029192
"377705","MTU9",0.357320099255583
"384190","MTU9",0.28756201275691
"426049","MTU9",0.305506530180021
"438644","MTU9",0.325249643366619
"ADAYSEL","MTU9",0.371997131588383
"AbhayaXDagadesi","MTU9",0.354684173172463
"ABHISEK","MTU9",0.23921568627451
"ABOR-A-1","MTU9",0.297119487908962
"ANJALI","MTU9",0.244692144373673
"Annada","MTU9",0.352406417112299
"Apo","MTU9",0.37229514012061
"ARC10319","MTU9",0.261327149482697
"ARC12071","MTU9",0.0112715744980627
"ARNAPURNA","MTU9",0.185054635178005
"ASD16","MTU9",0.213068181818182
"AUS257","MTU9",0.250445950767035
"BAKAL","MTU9",0.393165467625899
"BAM1057","MTU9",0.381225367251881
"BAM1098","MTU9",0.40179211469534
"BAM1659","MTU9",0.158610812746151
"BAM1689","MTU9",0.376210979547901
"BAM1708","MTU9",0.381550610193826
"BAM1812","MTU9",0.319701280227596
"BAM2096","MTU9",0.211939244083363
"BAM2166","MTU9",0.29127613554434
"BAM247","MTU9",0.324769666902906
"BAM2574","MTU9",0.213323883770376
"BAM2680","MTU9",0.246194690265487
"BAM3154","MTU9",0.338593974175036
"BAM3181","MTU9",0.200141693234148
"BAM326","MTU9",0.194069602272727
"BAM328","MTU9",0.322340425531915
"BAM350","MTU9",0.345806694245957
"BAM3690","MTU9",0.355559528065785
"BAM4009","MTU9",0.383595988538682
"BAM4054","MTU9",0.220774647887324
"BAM4138","MTU9",0.282133906194057
"BAM4168","MTU9",0.280294857964761
"BAM4234","MTU9",0.246102055279943
"BAM4254","MTU9",0.246621621621622
"BAM4477","MTU9",0.350284495021337
"BAM4496","MTU9",0.308833922261484
"BAM4510","MTU9",0.285586871209419
"BAM4521","MTU9",0.284532374100719
"BAM4534","MTU9",0.399857448325018
"BAM4797","MTU9",0.205498766302432
"BAM491","MTU9",0.337962962962963
"BAM4928","MTU9",0.274285714285714
"BAM5110","MTU9",0.252577319587629
"BAM56","MTU9",0.282871357498223
"BAM5779","MTU9",0.311178788964529
"BAM5850","MTU9",0.403984206748026
"BAM6921","MTU9",0.353788687299893
"BAM712","MTU9",0.355295784626284
"BAM742","MTU9",0.355080213903743
"BAM7429","MTU9",0.310412224591329
"BAM7449","MTU9",0.390366642703091
"BAM747","MTU9",0.352627840909091
"BAM759","MTU9",0.369150131037065
"BAM766","MTU9",0.351898280802292
"BAM807","MTU9",0.309540761836953
"BAM811","MTU9",0.369241672572644
"BAM812","MTU9",0.254357879758093
"BAM819","MTU9",0.228032728566346
"BAM8296","MTU9",0.355449398443029
"BAM8305","MTU9",0.329224723115398
"BAM8315","MTU9",0.314973262032086
"BAM8364","MTU9",0.235566642908054
"BAMAWPYAN","MTU9",0.285868005738881
"BENAMURI","MTU9",0.201312522170983
"BLACKGORA","MTU9",0.245146487822097
"CGR1656","MTU9",0.309726659566915
"CGR1679","MTU9",0.20474672334396
"CGR2012","MTU9",0.212234042553191
"CO18","MTU9",0.0393714689265536
"CRDHAN-204","MTU9",0.26063829787234
"CR143-2-2","MTU9",0.358031272210377
"CR262-4","MTU9",0.352993269571378
"CROSSA","MTU9",0.207877075238432
"DULAR","MTU9",0.401287553648069
"EYPO","MTU9",0.329418142392483
"EYPO-2","MTU9",0.187610619469027
"FULKATI","MTU9",0.395773638968481
"Ghanteswari","MTU9",0.316041076487252
"GHATIKAMMANANGARHAR","MTU9",0.22310405643739
"GotrabiDhan","MTU9",0.322780332507959
"GP-145-37","MTU9",0.221829742140586
"GP-145-51","MTU9",0.317584369449378
"HARBHOONDI","MTU9",0.259397163120567
"HongZuiEr","MTU9",0.35176596503746
"IndrabaruniDhan","MTU9",0.31966053748232
"IR74371-54-1-1","MTU9",0.351963211885391
"IR77298-14-1-2-10","MTU9",0.357398141529664
"IR77298-5-6-18","MTU9",0.347695035460993
"IR83383-B-B-129-4","MTU9",0.343694493783304
"IR83388-B-B108-3","MTU9",0.338125665601704
"IR87707-445-B-B","MTU9",0.343164959378312
"IR87707-446-B-B","MTU9",0.354144241119483
"IRROEPYO","MTU9",0.263109978150036
"KALINGA-1","MTU9",0.308797445902802
"KANGRO","MTU9",0.00895994378074494
"KHAODAWTAI","MTU9",0.243411680911681
"MANDRIRAVINA","MTU9",0.0391258371519211
"MAUDAMANI","MTU9",0.243151903237282
"MOROBEREKAN","MTU9",0.455237404856832
"MTU1010","MTU9",0.325204699181203
"MTU9","MTU9",0
"NERICA-L-26","MTU9",0.371698786581014
"NERICA-L-42","MTU9",0.375221238938053
"NERICA-L-44","MTU9",0.344656758669498
"PARIJAT","MTU9",0.353892641308212
"Patchaiperumal","MTU9",0.27689313517339
"PEH-KUH-TSAO-TU","MTU9",0.00845368087354703
"PMK-2","MTU9",0.294844632768362
"PRASAD-1","MTU9",0.212739531582683
"PUSASUGANDH5","MTU9",0.351255748142908
"PUSA1121","MTU9",0.387445887445887
"Pusa1121-SN12","MTU9",0.385828198622689
"PUSA44","MTU9",0.348314606741573
"PUSABASMATI6","MTU9",0.263581129378127
"PUSASUGANDH2","MTU9",0.215572033898305
"RASI","MTU9",0.343944383461398
"RKVY-104","MTU9",0.399571122230164
"RKVY-143","MTU9",0.291504424778761
"RKVY-28","MTU9",0.38202649480845
"R-RF-44","MTU9",0.337122557726465
"RRF-78","MTU9",0.352313167259786
"Sadabahar","MTU9",0.206541059367224
"SAFRI-17","MTU9",0.228505173028898
"SAHBHAGIDHAN","MTU9",0.349733570159858
"SATABHAMA","MTU9",0.23929203539823
"SERATOES","MTU9",0.388046226074395
"SERETY","MTU9",0.0309515387336399
"SHAKU","MTU9",0.266282098995162
"SR1-3-1","MTU9",0.250889679715303
"SUWEON","MTU9",0.23821017452655
"SWARNA","MTU9",0.347212294496069
"VANAPRAVA","MTU9",0.381234302116972
"VANDANA","MTU9",0.384368308351178
"Wayrarem","MTU9",0.375666074600355
"281785","NERICA-L-26",0.344277000358809
"282803","NERICA-L-26",0.233535065859737
"299554","NERICA-L-26",0.195398100803506
"356457","NERICA-L-26",0.246369110874956
"376579","NERICA-L-26",0.352762923351159
"376851","NERICA-L-26",0.350826743350108
"377448","NERICA-L-26",0.249820531227566
"377705","NERICA-L-26",0.257932263814617
"384190","NERICA-L-26",0.41434191702432
"426049","NERICA-L-26",0.246711695698542
"438644","NERICA-L-26",0.237437185929648
"ADAYSEL","NERICA-L-26",0.279740447007931
"AbhayaXDagadesi","NERICA-L-26",0.212959657265262
"ABHISEK","NERICA-L-26",0.323212360761768
"ABOR-A-1","NERICA-L-26",0.255014326647565
"ANJALI","NERICA-L-26",0.278332145402708
"Annada","NERICA-L-26",0.428340517241379
"Apo","NERICA-L-26",0.175285306704708
"ARC10319","NERICA-L-26",0.271372126436782
"ARC12071","NERICA-L-26",0.369271758436945
"ARNAPURNA","NERICA-L-26",0.353589196872779
"ASD16","NERICA-L-26",0.321109123434705
"AUS257","NERICA-L-26",0.285380747126437
"BAKAL","NERICA-L-26",0.328633405639913
"BAM1057","NERICA-L-26",0.335258029592205
"BAM1098","NERICA-L-26",0.333453626849513
"BAM1659","NERICA-L-26",0.345207956600362
"BAM1689","NERICA-L-26",0.334718208092486
"BAM1708","NERICA-L-26",0.323582520765619
"BAM1812","NERICA-L-26",0.25697924123121
"BAM2096","NERICA-L-26",0.350961538461538
"BAM2166","NERICA-L-26",0.413517441860465
"BAM247","NERICA-L-26",0.236428571428571
"BAM2574","NERICA-L-26",0.347569692637598
"BAM2680","NERICA-L-26",0.356709493219129
"BAM3154","NERICA-L-26",0.167690639681966
"BAM3181","NERICA-L-26",0.378088077336198
"BAM326","NERICA-L-26",0.338224767358626
"BAM328","NERICA-L-26",0.262236513040372
"BAM350","NERICA-L-26",0.288068181818182
"BAM3690","NERICA-L-26",0.265512265512265
"BAM4009","NERICA-L-26",0.342779783393502
"BAM4054","NERICA-L-26",0.320654105936722
"BAM4138","NERICA-L-26",0.434429190751445
"BAM4168","NERICA-L-26",0.382928597317869
"BAM4234","NERICA-L-26",0.326421165534501
"BAM4254","NERICA-L-26",0.327833572453372
"BAM4477","NERICA-L-26",0.261554998208527
"BAM4496","NERICA-L-26",0.261379800853485
"BAM4510","NERICA-L-26",0.424253328535444
"BAM4521","NERICA-L-26",0.423230490018149
"BAM4534","NERICA-L-26",0.332914121451671
"BAM4797","NERICA-L-26",0.360795454545455
"BAM491","NERICA-L-26",0.292639138240575
"BAM4928","NERICA-L-26",0.411627069834413
"BAM5110","NERICA-L-26",0.27258064516129
"BAM56","NERICA-L-26",0.40935148692225
"BAM5779","NERICA-L-26",0.373511367737279
"BAM5850","NERICA-L-26",0.347111913357401
"BAM6921","NERICA-L-26",0.143747773423584
"BAM712","NERICA-L-26",0.423777222420564
"BAM742","NERICA-L-26",0.426005747126437
"BAM7429","NERICA-L-26",0.255189692197566
"BAM7449","NERICA-L-26",0.339007605939877
"BAM747","NERICA-L-26",0.426012182013615
"BAM759","NERICA-L-26",0.282666163141994
"BAM766","NERICA-L-26",0.426842485549133
"BAM807","NERICA-L-26",0.371274685816876
"BAM811","NERICA-L-26",0.251694612914734
"BAM812","NERICA-L-26",0.347576301615799
"BAM819","NERICA-L-26",0.340035906642729
"BAM8296","NERICA-L-26",0.186166429587482
"BAM8305","NERICA-L-26",0.243083003952569
"BAM8315","NERICA-L-26",0.413966882649388
"BAM8364","NERICA-L-26",0.332256907068533
"BAMAWPYAN","NERICA-L-26",0.418743228602384
"BENAMURI","NERICA-L-26",0.3659627773801
"BLACKGORA","NERICA-L-26",0.311498754004984
"CGR1656","NERICA-L-26",0.270275098249375
"CGR1679","NERICA-L-26",0.348766535573829
"CGR2012","NERICA-L-26",0.339828387558098
"CO18","NERICA-L-26",0.361239757748486
"CRDHAN-204","NERICA-L-26",0.29188996070025
"CR143-2-2","NERICA-L-26",0.145
"CR262-4","NERICA-L-26",0.144333570919458
"CROSSA","NERICA-L-26",0.34644128113879
"DULAR","NERICA-L-26",0.350485786254048
"EYPO","NERICA-L-26",0.260909090909091
"EYPO-2","NERICA-L-26",0.34941050375134
"FULKATI","NERICA-L-26",0.335372436128104
"Ghanteswari","NERICA-L-26",0.25972172672137
"GHATIKAMMANANGARHAR","NERICA-L-26",0.314946619217082
"GotrabiDhan","NERICA-L-26",0.229508196721312
"GP-145-37","NERICA-L-26",0.344907407407407
"GP-145-51","NERICA-L-26",0.253040057224607
"HARBHOONDI","NERICA-L-26",0.270825884876654
"HongZuiEr","NERICA-L-26",0.253230437903805
"IndrabaruniDhan","NERICA-L-26",0.188766441521507
"IR74371-54-1-1","NERICA-L-26",0.144176136363636
"IR77298-14-1-2-10","NERICA-L-26",0.202227011494253
"IR77298-5-6-18","NERICA-L-26",0.222162740899358
"IR83383-B-B-129-4","NERICA-L-26",0.216893342877595
"IR83388-B-B108-3","NERICA-L-26",0.20264474624732
"IR87707-445-B-B","NERICA-L-26",0.218827708703375
"IR87707-446-B-B","NERICA-L-26",0.199819494584837
"IRROEPYO","NERICA-L-26",0.401654411764706
"KALINGA-1","NERICA-L-26",0.227807486631016
"KANGRO","NERICA-L-26",0.368028419182948
"KHAODAWTAI","NERICA-L-26",0.336441893830703
"MANDRIRAVINA","NERICA-L-26",0.362455516014235
"MAUDAMANI","NERICA-L-26",0.324363114459993
"MOROBEREKAN","NERICA-L-26",0.352554744525547
"MTU1010","NERICA-L-26",0.20816911501254
"MTU9","NERICA-L-26",0.371698786581014
"NERICA-L-26","NERICA-L-26",0
"NERICA-L-42","NERICA-L-26",0.00904897090134849
"NERICA-L-44","NERICA-L-26",0.187833511205976
"PARIJAT","NERICA-L-26",0.229889166964605
"Patchaiperumal","NERICA-L-26",0.257127583749109
"PEH-KUH-TSAO-TU","NERICA-L-26",0.368149466192171
"PMK-2","NERICA-L-26",0.254357879758093
"PRASAD-1","NERICA-L-26",0.328085867620751
"PUSASUGANDH5","NERICA-L-26",0.220619658119658
"PUSA1121","NERICA-L-26",0.288804071246819
"Pusa1121-SN12","NERICA-L-26",0.291377420533431
"PUSA44","NERICA-L-26",0.191493245710113
"PUSABASMATI6","NERICA-L-26",0.357374684457267
"PUSASUGANDH2","NERICA-L-26",0.292274830900676
"RASI","NERICA-L-26",0.246688741721854
"RKVY-104","NERICA-L-26",0.33902263744161
"RKVY-143","NERICA-L-26",0.250355871886121
"RKVY-28","NERICA-L-26",0.336764174792344
"R-RF-44","NERICA-L-26",0.195605573419078
"RRF-78","NERICA-L-26",0.248388252148997
"Sadabahar","NERICA-L-26",0.353435934144596
"SAFRI-17","NERICA-L-26",0.301330456670262
"SAHBHAGIDHAN","NERICA-L-26",0.228035714285714
"SATABHAMA","NERICA-L-26",0.26490539093181
"SERATOES","NERICA-L-26",0.341808935706502
"SERETY","NERICA-L-26",0.36537089871612
"SHAKU","NERICA-L-26",0.319954988747187
"SR1-3-1","NERICA-L-26",0.309694793536804
"SUWEON","NERICA-L-26",0.330898876404494
"SWARNA","NERICA-L-26",0.204962243797195
"VANAPRAVA","NERICA-L-26",0.333935670401156
"VANDANA","NERICA-L-26",0.226344086021505
"Wayrarem","NERICA-L-26",0.175259577515217
"281785","NERICA-L-42",0.346851654215582
"282803","NERICA-L-42",0.235875706214689
"299554","NERICA-L-42",0.192572463768116
"356457","NERICA-L-42",0.250351370344343
"376579","NERICA-L-42",0.35833038556774
"376851","NERICA-L-42",0.355385164051355
"377448","NERICA-L-42",0.252401280683031
"377705","NERICA-L-42",0.26238499646143
"384190","NERICA-L-42",0.413713678242381
"426049","NERICA-L-42",0.250264177527298
"438644","NERICA-L-42",0.240826505165657
"ADAYSEL","NERICA-L-42",0.279427549194991
"AbhayaXDagadesi","NERICA-L-42",0.216335931963147
"ABHISEK","NERICA-L-42",0.326566951566952
"ABOR-A-1","NERICA-L-42",0.255599004621401
"ANJALI","NERICA-L-42",0.276362349610757
"Annada","NERICA-L-42",0.431801994301994
"Apo","NERICA-L-42",0.173151750972763
"ARC10319","NERICA-L-42",0.275702596940591
"ARC12071","NERICA-L-42",0.372973925299507
"ARNAPURNA","NERICA-L-42",0.356941508104299
"ASD16","NERICA-L-42",0.326056088036919
"AUS257","NERICA-L-42",0.289782840868636
"BAKAL","NERICA-L-42",0.327474892395983
"BAM1057","NERICA-L-42",0.335599284436494
"BAM1098","NERICA-L-42",0.333034754568255
"BAM1659","NERICA-L-42",0.345451289398281
"BAM1689","NERICA-L-42",0.336141986375045
"BAM1708","NERICA-L-42",0.322118826055834
"BAM1812","NERICA-L-42",0.260830965909091
"BAM2096","NERICA-L-42",0.354115153655952
"BAM2166","NERICA-L-42",0.414563806777217
"BAM247","NERICA-L-42",0.238837703756201
"BAM2574","NERICA-L-42",0.351648351648352
"BAM2680","NERICA-L-42",0.361995753715499
"BAM3154","NERICA-L-42",0.170247046186896
"BAM3181","NERICA-L-42",0.381695636750621
"BAM326","NERICA-L-42",0.341610500177368
"BAM328","NERICA-L-42",0.260446175637394
"BAM350","NERICA-L-42",0.288208787082238
"BAM3690","NERICA-L-42",0.267416934619507
"BAM4009","NERICA-L-42",0.341136526090064
"BAM4054","NERICA-L-42",0.324233885170835
"BAM4138","NERICA-L-42",0.435374149659864
"BAM4168","NERICA-L-42",0.385611510791367
"BAM4234","NERICA-L-42",0.32677304964539
"BAM4254","NERICA-L-42",0.328708644610459
"BAM4477","NERICA-L-42",0.264110756123536
"BAM4496","NERICA-L-42",0.259859154929577
"BAM4510","NERICA-L-42",0.425205283827205
"BAM4521","NERICA-L-42",0.423643550125764
"BAM4534","NERICA-L-42",0.33250266998932
"BAM4797","NERICA-L-42",0.364084507042253
"BAM491","NERICA-L-42",0.297225186766275
"BAM4928","NERICA-L-42",0.4125
"BAM5110","NERICA-L-42",0.275843694493783
"BAM56","NERICA-L-42",0.410270078180526
"BAM5779","NERICA-L-42",0.373791621911923
"BAM5850","NERICA-L-42",0.346360702760846
"BAM6921","NERICA-L-42",0.145766914629826
"BAM712","NERICA-L-42",0.426043878273178
"BAM742","NERICA-L-42",0.42839330245814
"BAM7429","NERICA-L-42",0.258333333333333
"BAM7449","NERICA-L-42",0.340509508432006
"BAM747","NERICA-L-42",0.42854603626022
"BAM759","NERICA-L-42",0.281566129636568
"BAM766","NERICA-L-42",0.429698708751793
"BAM807","NERICA-L-42",0.372287442191391
"BAM811","NERICA-L-42",0.252033958259639
"BAM812","NERICA-L-42",0.350302598789605
"BAM819","NERICA-L-42",0.342948717948718
"BAM8296","NERICA-L-42",0.192307692307692
"BAM8305","NERICA-L-42",0.244923405771286
"BAM8315","NERICA-L-42",0.415535714285714
"BAM8364","NERICA-L-42",0.336654804270463
"BAMAWPYAN","NERICA-L-42",0.419534050179211
"BENAMURI","NERICA-L-42",0.369233498935415
"BLACKGORA","NERICA-L-42",0.313625132368514
"CGR1656","NERICA-L-42",0.274033345157857
"CGR1679","NERICA-L-42",0.352691218130312
"CGR2012","NERICA-L-42",0.345047923322684
"CO18","NERICA-L-42",0.365690081186022
"CRDHAN-204","NERICA-L-42",0.292449485997873
"CR143-2-2","NERICA-L-42",0.148194050991501
"CR262-4","NERICA-L-42",0.149135192375574
"CROSSA","NERICA-L-42",0.351146384479718
"DULAR","NERICA-L-42",0.35253209700428
"EYPO","NERICA-L-42",0.262806637806638
"EYPO-2","NERICA-L-42",0.351753453772582
"FULKATI","NERICA-L-42",0.33547466095646
"Ghanteswari","NERICA-L-42",0.263633144475921
"GHATIKAMMANANGARHAR","NERICA-L-42",0.319703912583715
"GotrabiDhan","NERICA-L-42",0.233121244255921
"GP-145-37","NERICA-L-42",0.347457627118644
"GP-145-51","NERICA-L-42",0.255760368663594
"HARBHOONDI","NERICA-L-42",0.277383906416165
"HongZuiEr","NERICA-L-42",0.25543284645529
"IndrabaruniDhan","NERICA-L-42",0.192484121383204
"IR74371-54-1-1","NERICA-L-42",0.14827221438646
"IR77298-14-1-2-10","NERICA-L-42",0.201710620099786
"IR77298-5-6-18","NERICA-L-42",0.225743626062323
"IR83383-B-B-129-4","NERICA-L-42",0.218871940404399
"IR83388-B-B108-3","NERICA-L-42",0.204674220963173
"IR87707-445-B-B","NERICA-L-42",0.220028208744711
"IR87707-446-B-B","NERICA-L-42",0.197457930540637
"IRROEPYO","NERICA-L-42",0.401932191031717
"KALINGA-1","NERICA-L-42",0.230442477876106
"KANGRO","NERICA-L-42",0.371609721733005
"KHAODAWTAI","NERICA-L-42",0.339679715302491
"MANDRIRAVINA","NERICA-L-42",0.366443189837685
"MAUDAMANI","NERICA-L-42",0.326280227596017
"MOROBEREKAN","NERICA-L-42",0.353548153511948
"MTU1010","NERICA-L-42",0.211750088746894
"MTU9","NERICA-L-42",0.375221238938053
"NERICA-L-26","NERICA-L-42",0.00904897090134849
"NERICA-L-42","NERICA-L-42",0
"NERICA-L-44","NERICA-L-42",0.191451783821971
"PARIJAT","NERICA-L-42",0.23083747338538
"Patchaiperumal","NERICA-L-42",0.258206847864455
"PEH-KUH-TSAO-TU","NERICA-L-42",0.37169078715143
"PMK-2","NERICA-L-42",0.255904124074727
"PRASAD-1","NERICA-L-42",0.333215297450425
"PUSASUGANDH5","NERICA-L-42",0.225282485875706
"PUSA1121","NERICA-L-42",0.292568542568543
"Pusa1121-SN12","NERICA-L-42",0.295331161780673
"PUSA44","NERICA-L-42",0.195068890500363
"PUSABASMATI6","NERICA-L-42",0.362223016440315
"PUSASUGANDH2","NERICA-L-42",0.295975997176138
"RASI","NERICA-L-42",0.245703839122486
"RKVY-104","NERICA-L-42",0.338617741360884
"RKVY-143","NERICA-L-42",0.253973860826563
"RKVY-28","NERICA-L-42",0.337987826709631
"R-RF-44","NERICA-L-42",0.192307692307692
"RRF-78","NERICA-L-42",0.2493778883754
"Sadabahar","NERICA-L-42",0.357726465364121
"SAFRI-17","NERICA-L-42",0.304851944345344
"SAHBHAGIDHAN","NERICA-L-42",0.229336644200071
"SATABHAMA","NERICA-L-42",0.271666077113548
"SERATOES","NERICA-L-42",0.340835433921498
"SERETY","NERICA-L-42",0.368411743898125
"SHAKU","NERICA-L-42",0.321136701337296
"SR1-3-1","NERICA-L-42",0.312989323843416
"SUWEON","NERICA-L-42",0.334261321455085
"SWARNA","NERICA-L-42",0.208273894436519
"VANAPRAVA","NERICA-L-42",0.33428775948461
"VANDANA","NERICA-L-42",0.226254002134472
"Wayrarem","NERICA-L-42",0.172046825115289
"281785","NERICA-L-44",0.307323142552435
"282803","NERICA-L-44",0.198941798941799
"299554","NERICA-L-44",0.20854453294714
"356457","NERICA-L-44",0.206842105263158
"376579","NERICA-L-44",0.349699752737549
"376851","NERICA-L-44",0.340099715099715
"377448","NERICA-L-44",0.230386936457224
"377705","NERICA-L-44",0.230511463844797
"384190","NERICA-L-44",0.412681544456252
"426049","NERICA-L-44",0.206338028169014
"438644","NERICA-L-44",0.203413940256046
"ADAYSEL","NERICA-L-44",0.279742765273312
"AbhayaXDagadesi","NERICA-L-44",0.195652173913043
"ABHISEK","NERICA-L-44",0.308718861209964
"ABOR-A-1","NERICA-L-44",0.235982966643009
"ANJALI","NERICA-L-44",0.246376811594203
"Annada","NERICA-L-44",0.432076813655761
"Apo","NERICA-L-44",0.220650636492221
"ARC10319","NERICA-L-44",0.241459074733096
"ARC12071","NERICA-L-44",0.343771991555243
"ARNAPURNA","NERICA-L-44",0.329109468497008
"ASD16","NERICA-L-44",0.311059907834101
"AUS257","NERICA-L-44",0.311032028469751
"BAKAL","NERICA-L-44",0.328433130154177
"BAM1057","NERICA-L-44",0.332380271622588
"BAM1098","NERICA-L-44",0.329817661780479
"BAM1659","NERICA-L-44",0.336197636949517
"BAM1689","NERICA-L-44",0.321991404011461
"BAM1708","NERICA-L-44",0.325223613595707
"BAM1812","NERICA-L-44",0.241141034727144
"BAM2096","NERICA-L-44",0.354975299929428
"BAM2166","NERICA-L-44",0.408207343412527
"BAM247","NERICA-L-44",0.210805084745763
"BAM2574","NERICA-L-44",0.339943342776204
"BAM2680","NERICA-L-44",0.322791519434629
"BAM3154","NERICA-L-44",0.201823382195209
"BAM3181","NERICA-L-44",0.356611130804679
"BAM326","NERICA-L-44",0.334160170092133
"BAM328","NERICA-L-44",0.252999294283698
"BAM350","NERICA-L-44",0.272011989509179
"BAM3690","NERICA-L-44",0.254016422706176
"BAM4009","NERICA-L-44",0.336789417232749
"BAM4054","NERICA-L-44",0.284934882083773
"BAM4138","NERICA-L-44",0.428980322003578
"BAM4168","NERICA-L-44",0.398274622573688
"BAM4234","NERICA-L-44",0.303716814159292
"BAM4254","NERICA-L-44",0.30538816022687
"BAM4477","NERICA-L-44",0.246808510638298
"BAM4496","NERICA-L-44",0.249735822472702
"BAM4510","NERICA-L-44",0.420320855614973
"BAM4521","NERICA-L-44",0.42597915918074
"BAM4534","NERICA-L-44",0.330192034139403
"BAM4797","NERICA-L-44",0.345707248416608
"BAM491","NERICA-L-44",0.278073916133618
"BAM4928","NERICA-L-44",0.405882352941176
"BAM5110","NERICA-L-44",0.279156327543424
"BAM56","NERICA-L-44",0.412025540971976
"BAM5779","NERICA-L-44",0.396064400715563
"BAM5850","NERICA-L-44",0.34585121602289
"BAM6921","NERICA-L-44",0.17653314427508
"BAM712","NERICA-L-44",0.42521216407355
"BAM742","NERICA-L-44",0.428800284798861
"BAM7429","NERICA-L-44",0.247610619469027
"BAM7449","NERICA-L-44",0.333990677662245
"BAM747","NERICA-L-44",0.428444602272727
"BAM759","NERICA-L-44",0.28024645257655
"BAM766","NERICA-L-44",0.426423200859291
"BAM807","NERICA-L-44",0.395803698435277
"BAM811","NERICA-L-44",0.267326732673267
"BAM812","NERICA-L-44",0.362940548237807
"BAM819","NERICA-L-44",0.325266903914591
"BAM8296","NERICA-L-44",0.182492057889163
"BAM8305","NERICA-L-44",0.195234708392603
"BAM8315","NERICA-L-44",0.415716322166785
"BAM8364","NERICA-L-44",0.317649147727273
"BAMAWPYAN","NERICA-L-44",0.411712034383954
"BENAMURI","NERICA-L-44",0.335342077277561
"BLACKGORA","NERICA-L-44",0.291255289139633
"CGR1656","NERICA-L-44",0.23830616583983
"CGR1679","NERICA-L-44",0.340176991150443
"CGR2012","NERICA-L-44",0.332978723404255
"CO18","NERICA-L-44",0.335863042710907
"CRDHAN-204","NERICA-L-44",0.290796460176991
"CR143-2-2","NERICA-L-44",0.221119773210489
"CR262-4","NERICA-L-44",0.221123277993642
"CROSSA","NERICA-L-44",0.336511299435028
"DULAR","NERICA-L-44",0.34093338083363
"EYPO","NERICA-L-44",0.243238369996394
"EYPO-2","NERICA-L-44",0.330913597733711
"FULKATI","NERICA-L-44",0.332857652515162
"Ghanteswari","NERICA-L-44",0.223753976670201
"GHATIKAMMANANGARHAR","NERICA-L-44",0.274295774647887
"GotrabiDhan","NERICA-L-44",0.204232804232804
"GP-145-37","NERICA-L-44",0.357319223985891
"GP-145-51","NERICA-L-44",0.24442082890542
"HARBHOONDI","NERICA-L-44",0.299220963172805
"HongZuiEr","NERICA-L-44",0.24465811965812
"IndrabaruniDhan","NERICA-L-44",0.211212976022567
"IR74371-54-1-1","NERICA-L-44",0.213605921748326
"IR77298-14-1-2-10","NERICA-L-44",0.192910580691129
"IR77298-5-6-18","NERICA-L-44",0.185001768659356
"IR83383-B-B-129-4","NERICA-L-44",0.186659589525832
"IR83388-B-B108-3","NERICA-L-44",0.193913658881812
"IR87707-445-B-B","NERICA-L-44",0.183051444679352
"IR87707-446-B-B","NERICA-L-44",0.198174006444683
"IRROEPYO","NERICA-L-44",0.390932265112891
"KALINGA-1","NERICA-L-44",0.196498054474708
"KANGRO","NERICA-L-44",0.341540626099191
"KHAODAWTAI","NERICA-L-44",0.319879089615932
"MANDRIRAVINA","NERICA-L-44",0.335626102292769
"MAUDAMANI","NERICA-L-44",0.296019900497512
"MOROBEREKAN","NERICA-L-44",0.345070422535211
"MTU1010","NERICA-L-44",0.181107954545455
"MTU9","NERICA-L-44",0.344656758669498
"NERICA-L-26","NERICA-L-44",0.187833511205976
"NERICA-L-42","NERICA-L-44",0.191451783821971
"NERICA-L-44","NERICA-L-44",0
"PARIJAT","NERICA-L-44",0.201841359773371
"Patchaiperumal","NERICA-L-44",0.227433004231312
"PEH-KUH-TSAO-TU","NERICA-L-44",0.341381741275996
"PMK-2","NERICA-L-44",0.235107507930913
"PRASAD-1","NERICA-L-44",0.301488833746898
"PUSASUGANDH5","NERICA-L-44",0.204337094499295
"PUSA1121","NERICA-L-44",0.301693083573487
"Pusa1121-SN12","NERICA-L-44",0.297791455467053
"PUSA44","NERICA-L-44",0.171614771904417
"PUSABASMATI6","NERICA-L-44",0.346730975348339
"PUSASUGANDH2","NERICA-L-44",0.306946403385049
"RASI","NERICA-L-44",0.235229759299781
"RKVY-104","NERICA-L-44",0.325498575498576
"RKVY-143","NERICA-L-44",0.238708539167255
"RKVY-28","NERICA-L-44",0.332321428571429
"R-RF-44","NERICA-L-44",0.195398230088496
"RRF-78","NERICA-L-44",0.222005669737775
"Sadabahar","NERICA-L-44",0.338480653177139
"SAFRI-17","NERICA-L-44",0.289989312433203
"SAHBHAGIDHAN","NERICA-L-44",0.198586572438163
"SATABHAMA","NERICA-L-44",0.29865534324133
"SERATOES","NERICA-L-44",0.335133189344852
"SERETY","NERICA-L-44",0.344114528101803
"SHAKU","NERICA-L-44",0.342936802973978
"SR1-3-1","NERICA-L-44",0.293207681365576
"SUWEON","NERICA-L-44",0.334384272997033
"SWARNA","NERICA-L-44",0.214107588172426
"VANAPRAVA","NERICA-L-44",0.32952108649035
"VANDANA","NERICA-L-44",0.266108935564258
"Wayrarem","NERICA-L-44",0.220901348474095
"281785","PARIJAT",0.311293781272337
"282803","PARIJAT",0.205496453900709
"299554","PARIJAT",0.232350800582242
"356457","PARIJAT",0.214813511611541
"376579","PARIJAT",0.347941802696948
"376851","PARIJAT",0.353435934144596
"377448","PARIJAT",0.237611408199644
"377705","PARIJAT",0.192484934420418
"384190","PARIJAT",0.40128068303095
"426049","PARIJAT",0.214791224345364
"438644","PARIJAT",0.20722977809592
"ADAYSEL","PARIJAT",0.302296376031575
"AbhayaXDagadesi","PARIJAT",0.224946695095949
"ABHISEK","PARIJAT",0.32796276405299
"ABOR-A-1","PARIJAT",0.227353780313837
"ANJALI","PARIJAT",0.290408525754885
"Annada","PARIJAT",0.440271816881259
"Apo","PARIJAT",0.231616341030195
"ARC10319","PARIJAT",0.257066189624329
"ARC12071","PARIJAT",0.352774832096147
"ARNAPURNA","PARIJAT",0.349433828733192
"ASD16","PARIJAT",0.309294871794872
"AUS257","PARIJAT",0.327672506256704
"BAKAL","PARIJAT",0.319740166005052
"BAM1057","PARIJAT",0.324659009332376
"BAM1098","PARIJAT",0.330517613227894
"BAM1659","PARIJAT",0.335490830636462
"BAM1689","PARIJAT",0.331592219020173
"BAM1708","PARIJAT",0.321543985637343
"BAM1812","PARIJAT",0.252941176470588
"BAM2096","PARIJAT",0.347980155917789
"BAM2166","PARIJAT",0.407889974665219
"BAM247","PARIJAT",0.219005328596803
"BAM2574","PARIJAT",0.344005691924582
"BAM2680","PARIJAT",0.292717584369449
"BAM3154","PARIJAT",0.238240574506284
"BAM3181","PARIJAT",0.369526521893912
"BAM326","PARIJAT",0.346633416458853
"BAM328","PARIJAT",0.267660631877884
"BAM350","PARIJAT",0.281426953567384
"BAM3690","PARIJAT",0.22803872355683
"BAM4009","PARIJAT",0.341888011486001
"BAM4054","PARIJAT",0.305869872701556
"BAM4138","PARIJAT",0.419755307664628
"BAM4168","PARIJAT",0.380419075144509
"BAM4234","PARIJAT",0.333333333333333
"BAM4254","PARIJAT",0.334107142857143
"BAM4477","PARIJAT",0.216880341880342
"BAM4496","PARIJAT",0.253184713375796
"BAM4510","PARIJAT",0.406552094522019
"BAM4521","PARIJAT",0.41459010473095
"BAM4534","PARIJAT",0.322142857142857
"BAM4797","PARIJAT",0.348709791445741
"BAM491","PARIJAT",0.284488920657613
"BAM4928","PARIJAT",0.407593123209169
"BAM5110","PARIJAT",0.324902030637692
"BAM56","PARIJAT",0.40189083125223
"BAM5779","PARIJAT",0.393601725377426
"BAM5850","PARIJAT",0.344604316546763
"BAM6921","PARIJAT",0.212379935965848
"BAM712","PARIJAT",0.434991119005329
"BAM742","PARIJAT",0.436337625178827
"BAM7429","PARIJAT",0.253651585322408
"BAM7449","PARIJAT",0.322290241267555
"BAM747","PARIJAT",0.437343805783649
"BAM759","PARIJAT",0.274793388429752
"BAM766","PARIJAT",0.435205183585313
"BAM807","PARIJAT",0.392167381974249
"BAM811","PARIJAT",0.230578219226676
"BAM812","PARIJAT",0.325
"BAM819","PARIJAT",0.29135405501965
"BAM8296","PARIJAT",0.196029776674938
"BAM8305","PARIJAT",0.226607142857143
"BAM8315","PARIJAT",0.413861031518625
"BAM8364","PARIJAT",0.321479628305933
"BAMAWPYAN","PARIJAT",0.411023054755043
"BENAMURI","PARIJAT",0.344551282051282
"BLACKGORA","PARIJAT",0.319277108433735
"CGR1656","PARIJAT",0.248932384341637
"CGR1679","PARIJAT",0.340803984347207
"CGR2012","PARIJAT",0.350802139037433
"CO18","PARIJAT",0.346699787083038
"CRDHAN-204","PARIJAT",0.31661330487371
"CR143-2-2","PARIJAT",0.235126469540435
"CR262-4","PARIJAT",0.234291799787007
"CROSSA","PARIJAT",0.346631205673759
"DULAR","PARIJAT",0.328550932568149
"EYPO","PARIJAT",0.257696486780152
"EYPO-2","PARIJAT",0.322838847385272
"FULKATI","PARIJAT",0.32262118491921
"Ghanteswari","PARIJAT",0.2272565742715
"GHATIKAMMANANGARHAR","PARIJAT",0.313052706048815
"GotrabiDhan","PARIJAT",0.216589861751152
"GP-145-37","PARIJAT",0.346385542168675
"GP-145-51","PARIJAT",0.247597009611962
"HARBHOONDI","PARIJAT",0.333036667853329
"HongZuiEr","PARIJAT",0.220892857142857
"IndrabaruniDhan","PARIJAT",0.230237504431053
"IR74371-54-1-1","PARIJAT",0.232446808510638
"IR77298-14-1-2-10","PARIJAT",0.217204301075269
"IR77298-5-6-18","PARIJAT",0.233285917496444
"IR83383-B-B-129-4","PARIJAT",0.239587041651833
"IR83388-B-B108-3","PARIJAT",0.219139096406973
"IR87707-445-B-B","PARIJAT",0.23830616583983
"IR87707-446-B-B","PARIJAT",0.223877917414722
"IRROEPYO","PARIJAT",0.384699853587116
"KALINGA-1","PARIJAT",0.21101243339254
"KANGRO","PARIJAT",0.351432614078528
"KHAODAWTAI","PARIJAT",0.319285714285714
"MANDRIRAVINA","PARIJAT",0.345444877702942
"MAUDAMANI","PARIJAT",0.307884409561184
"MOROBEREKAN","PARIJAT",0.358466569767442
"MTU1010","PARIJAT",0.226559714795009
"MTU9","PARIJAT",0.353892641308212
"NERICA-L-26","PARIJAT",0.229889166964605
"NERICA-L-42","PARIJAT",0.23083747338538
"NERICA-L-44","PARIJAT",0.201841359773371
"PARIJAT","PARIJAT",0
"Patchaiperumal","PARIJAT",0.249290780141844
"PEH-KUH-TSAO-TU","PARIJAT",0.351222104144527
"PMK-2","PARIJAT",0.227160056657224
"PRASAD-1","PARIJAT",0.320932716269135
"PUSASUGANDH5","PARIJAT",0.223030518097942
"PUSA1121","PARIJAT",0.308179515019906
"Pusa1121-SN12","PARIJAT",0.300801165331391
"PUSA44","PARIJAT",0.192797380865769
"PUSABASMATI6","PARIJAT",0.354091888011486
"PUSASUGANDH2","PARIJAT",0.327250177179305
"RASI","PARIJAT",0.234776228906823
"RKVY-104","PARIJAT",0.331303724928367
"RKVY-143","PARIJAT",0.260553387726144
"RKVY-28","PARIJAT",0.325727632051743
"R-RF-44","PARIJAT",0.229166666666667
"RRF-78","PARIJAT",0.259985734664765
"Sadabahar","PARIJAT",0.349393290506781
"SAFRI-17","PARIJAT",0.310394265232975
"SAHBHAGIDHAN","PARIJAT",0.00496102055279946
"SATABHAMA","PARIJAT",0.314656705798648
"SERATOES","PARIJAT",0.32760492040521
"SERETY","PARIJAT",0.347602131438721
"SHAKU","PARIJAT",0.348919523099851
"SR1-3-1","PARIJAT",0.318913121201287
"SUWEON","PARIJAT",0.346311475409836
"SWARNA","PARIJAT",0.244982078853047
"VANAPRAVA","PARIJAT",0.323804386911183
"VANDANA","PARIJAT",0.270609318996416
"Wayrarem","PARIJAT",0.232442067736185
"281785","Patchaiperumal",0.334281650071124
"282803","Patchaiperumal",0.23466149506347
"299554","Patchaiperumal",0.250905141202028
"356457","Patchaiperumal",0.235356015433181
"376579","Patchaiperumal",0.307665135994348
"376851","Patchaiperumal",0.296045600285002
"377448","Patchaiperumal",0.211237553342816
"377705","Patchaiperumal",0.247177134791814
"384190","Patchaiperumal",0.384656272147413
"426049","Patchaiperumal",0.235583684950774
"438644","Patchaiperumal",0.229989327641409
"ADAYSEL","Patchaiperumal",0.283619456366238
"AbhayaXDagadesi","Patchaiperumal",0.248938428874735
"ABHISEK","Patchaiperumal",0.343304843304843
"ABOR-A-1","Patchaiperumal",0.213373536715147
"ANJALI","Patchaiperumal",0.340756451042771
"Annada","Patchaiperumal",0.443574225703097
"Apo","Patchaiperumal",0.261946902654867
"ARC10319","Patchaiperumal",0.178393745557925
"ARC12071","Patchaiperumal",0.276917663617171
"ARNAPURNA","Patchaiperumal",0.271448663853727
"ASD16","Patchaiperumal",0.308333333333333
"AUS257","Patchaiperumal",0.346044191019244
"BAKAL","Patchaiperumal",0.298456568557071
"BAM1057","Patchaiperumal",0.300285816362987
"BAM1098","Patchaiperumal",0.309302325581395
"BAM1659","Patchaiperumal",0.314781675017895
"BAM1689","Patchaiperumal",0.28934191702432
"BAM1708","Patchaiperumal",0.290622763063708
"BAM1812","Patchaiperumal",0.193016660758596
"BAM2096","Patchaiperumal",0.301270737733851
"BAM2166","Patchaiperumal",0.385487936622254
"BAM247","Patchaiperumal",0.23824673029339
"BAM2574","Patchaiperumal",0.299009200283086
"BAM2680","Patchaiperumal",0.346113074204947
"BAM3154","Patchaiperumal",0.214771101573677
"BAM3181","Patchaiperumal",0.294044665012407
"BAM326","Patchaiperumal",0.283209351753454
"BAM328","Patchaiperumal",0.206007067137809
"BAM350","Patchaiperumal",0.233133433283358
"BAM3690","Patchaiperumal",0.240099892971816
"BAM4009","Patchaiperumal",0.312455389007852
"BAM4054","Patchaiperumal",0.324533614924322
"BAM4138","Patchaiperumal",0.394275491949911
"BAM4168","Patchaiperumal",0.372844827586207
"BAM4234","Patchaiperumal",0.345432011331445
"BAM4254","Patchaiperumal",0.346126510305615
"BAM4477","Patchaiperumal",0.2296388101983
"BAM4496","Patchaiperumal",0.189964788732394
"BAM4510","Patchaiperumal",0.384450784593438
"BAM4521","Patchaiperumal",0.390226374416098
"BAM4534","Patchaiperumal",0.310589907604833
"BAM4797","Patchaiperumal",0.307178043631246
"BAM491","Patchaiperumal",0.234458259325044
"BAM4928","Patchaiperumal",0.38333927934356
"BAM5110","Patchaiperumal",0.330198722498226
"BAM56","Patchaiperumal",0.387508871540099
"BAM5779","Patchaiperumal",0.393483709273183
"BAM5850","Patchaiperumal",0.317173524150268
"BAM6921","Patchaiperumal",0.244058176658389
"BAM712","Patchaiperumal",0.441301272984441
"BAM742","Patchaiperumal",0.444108223567106
"BAM7429","Patchaiperumal",0.186680835990081
"BAM7449","Patchaiperumal",0.303155252778774
"BAM747","Patchaiperumal",0.442628774422735
"BAM759","Patchaiperumal",0.273355754857997
"BAM766","Patchaiperumal",0.440365329512894
"BAM807","Patchaiperumal",0.390708437166251
"BAM811","Patchaiperumal",0.256015569709837
"BAM812","Patchaiperumal",0.349928876244666
"BAM819","Patchaiperumal",0.333155460690146
"BAM8296","Patchaiperumal",0.241889985895628
"BAM8305","Patchaiperumal",0.250356125356125
"BAM8315","Patchaiperumal",0.425080271138066
"BAM8364","Patchaiperumal",0.345305832147937
"BAMAWPYAN","Patchaiperumal",0.392230576441103
"BENAMURI","Patchaiperumal",0.288877081119377
"BLACKGORA","Patchaiperumal",0.337213403880071
"CGR1656","Patchaiperumal",0.188695960311836
"CGR1679","Patchaiperumal",0.284577290413866
"CGR2012","Patchaiperumal",0.282446808510638
"CO18","Patchaiperumal",0.271700776287932
"CRDHAN-204","Patchaiperumal",0.342533616418967
"CR143-2-2","Patchaiperumal",0.262048192771084
"CR262-4","Patchaiperumal",0.262089657606777
"CROSSA","Patchaiperumal",0.278306878306878
"DULAR","Patchaiperumal",0.311586452762923
"EYPO","Patchaiperumal",0.240440115440115
"EYPO-2","Patchaiperumal",0.311217268223638
"FULKATI","Patchaiperumal",0.302749018207783
"Ghanteswari","Patchaiperumal",0.207773851590106
"GHATIKAMMANANGARHAR","Patchaiperumal",0.337205209433298
"GotrabiDhan","Patchaiperumal",0.239252995066949
"GP-145-37","Patchaiperumal",0.294957686882934
"GP-145-51","Patchaiperumal",0.185198300283286
"HARBHOONDI","Patchaiperumal",0.350513637973787
"HongZuiEr","Patchaiperumal",0.223960184856026
"IndrabaruniDhan","Patchaiperumal",0.23440253789214
"IR74371-54-1-1","Patchaiperumal",0.25194209039548
"IR77298-14-1-2-10","Patchaiperumal",0.251872993221548
"IR77298-5-6-18","Patchaiperumal",0.259357344632768
"IR83383-B-B-129-4","Patchaiperumal",0.257527453064116
"IR83388-B-B108-3","Patchaiperumal",0.245399858457183
"IR87707-445-B-B","Patchaiperumal",0.251675485008818
"IR87707-446-B-B","Patchaiperumal",0.242928750447547
"IRROEPYO","Patchaiperumal",0.377138696760102
"KALINGA-1","Patchaiperumal",0.213224893917963
"KANGRO","Patchaiperumal",0.27584388185654
"KHAODAWTAI","Patchaiperumal",0.329719161038038
"MANDRIRAVINA","Patchaiperumal",0.270965468639887
"MAUDAMANI","Patchaiperumal",0.335995740149095
"MOROBEREKAN","Patchaiperumal",0.375
"MTU1010","Patchaiperumal",0.247424511545293
"MTU9","Patchaiperumal",0.27689313517339
"NERICA-L-26","Patchaiperumal",0.257127583749109
"NERICA-L-42","Patchaiperumal",0.258206847864455
"NERICA-L-44","Patchaiperumal",0.227433004231312
"PARIJAT","Patchaiperumal",0.249290780141844
"Patchaiperumal","Patchaiperumal",0
"PEH-KUH-TSAO-TU","Patchaiperumal",0.273095909732017
"PMK-2","Patchaiperumal",0.213103205353998
"PRASAD-1","Patchaiperumal",0.342599150141643
"PUSASUGANDH5","Patchaiperumal",0.261122881355932
"PUSA1121","Patchaiperumal",0.315988476773497
"Pusa1121-SN12","Patchaiperumal",0.314801444043321
"PUSA44","Patchaiperumal",0.243937748823742
"PUSABASMATI6","Patchaiperumal",0.378793288111389
"PUSASUGANDH2","Patchaiperumal",0.328218694885362
"RASI","Patchaiperumal",0.245345016429354
"RKVY-104","Patchaiperumal",0.322166785459729
"RKVY-143","Patchaiperumal",0.178596614950635
"RKVY-28","Patchaiperumal",0.291220556745182
"R-RF-44","Patchaiperumal",0.244511331444759
"RRF-78","Patchaiperumal",0.266855926188786
"Sadabahar","Patchaiperumal",0.299219581411848
"SAFRI-17","Patchaiperumal",0.33048128342246
"SAHBHAGIDHAN","Patchaiperumal",0.248053786270347
"SATABHAMA","Patchaiperumal",0.343064401981599
"SERATOES","Patchaiperumal",0.29960460100647
"SERETY","Patchaiperumal",0.284098939929329
"SHAKU","Patchaiperumal",0.359792284866469
"SR1-3-1","Patchaiperumal",0.353077196727143
"SUWEON","Patchaiperumal",0.346923647146034
"SWARNA","Patchaiperumal",0.23762023512647
"VANAPRAVA","Patchaiperumal",0.301825993555317
"VANDANA","Patchaiperumal",0.275757575757576
"Wayrarem","Patchaiperumal",0.263204537398086
"281785","PEH-KUH-TSAO-TU",0.213854351687389
"282803","PEH-KUH-TSAO-TU",0.328339795558689
"299554","PEH-KUH-TSAO-TU",0.358695652173913
"356457","PEH-KUH-TSAO-TU",0.301297790249035
"376579","PEH-KUH-TSAO-TU",0.219873150105708
"376851","PEH-KUH-TSAO-TU",0.21563055062167
"377448","PEH-KUH-TSAO-TU",0.321022727272727
"377705","PEH-KUH-TSAO-TU",0.352826855123675
"384190","PEH-KUH-TSAO-TU",0.28863796753705
"426049","PEH-KUH-TSAO-TU",0.299612948627727
"438644","PEH-KUH-TSAO-TU",0.321047008547009
"ADAYSEL","PEH-KUH-TSAO-TU",0.367988567345481
"AbhayaXDagadesi","PEH-KUH-TSAO-TU",0.350548284400425
"ABHISEK","PEH-KUH-TSAO-TU",0.238272921108742
"ABOR-A-1","PEH-KUH-TSAO-TU",0.292583392476934
"ANJALI","PEH-KUH-TSAO-TU",0.242675608895164
"Annada","PEH-KUH-TSAO-TU",0.353641207815275
"Apo","PEH-KUH-TSAO-TU",0.367267585719335
"ARC10319","PEH-KUH-TSAO-TU",0.256041222459133
"ARC12071","PEH-KUH-TSAO-TU",0.0108771929824562
"ARNAPURNA","PEH-KUH-TSAO-TU",0.181419037583421
"ASD16","PEH-KUH-TSAO-TU",0.209985835694051
"AUS257","PEH-KUH-TSAO-TU",0.247690120824449
"BAKAL","PEH-KUH-TSAO-TU",0.390641807099319
"BAM1057","PEH-KUH-TSAO-TU",0.379556826304503
"BAM1098","PEH-KUH-TSAO-TU",0.400035765379113
"BAM1659","PEH-KUH-TSAO-TU",0.158214285714286
"BAM1689","PEH-KUH-TSAO-TU",0.375223773720014
"BAM1708","PEH-KUH-TSAO-TU",0.380143112701252
"BAM1812","PEH-KUH-TSAO-TU",0.316442239546421
"BAM2096","PEH-KUH-TSAO-TU",0.21010919337795
"BAM2166","PEH-KUH-TSAO-TU",0.289644012944984
"BAM247","PEH-KUH-TSAO-TU",0.319194061505832
"BAM2574","PEH-KUH-TSAO-TU",0.21239406779661
"BAM2680","PEH-KUH-TSAO-TU",0.243820621468927
"BAM3154","PEH-KUH-TSAO-TU",0.333989266547406
"BAM3181","PEH-KUH-TSAO-TU",0.198089847895295
"BAM326","PEH-KUH-TSAO-TU",0.190577399929153
"BAM328","PEH-KUH-TSAO-TU",0.319434628975265
"BAM350","PEH-KUH-TSAO-TU",0.343398349587397
"BAM3690","PEH-KUH-TSAO-TU",0.351944345344274
"BAM4009","PEH-KUH-TSAO-TU",0.381733856582233
"BAM4054","PEH-KUH-TSAO-TU",0.218651211801897
"BAM4138","PEH-KUH-TSAO-TU",0.283267927220835
"BAM4168","PEH-KUH-TSAO-TU",0.280409041980624
"BAM4234","PEH-KUH-TSAO-TU",0.24434628975265
"BAM4254","PEH-KUH-TSAO-TU",0.245919091554294
"BAM4477","PEH-KUH-TSAO-TU",0.345609065155807
"BAM4496","PEH-KUH-TSAO-TU",0.304118268215417
"BAM4510","PEH-KUH-TSAO-TU",0.284801136363636
"BAM4521","PEH-KUH-TSAO-TU",0.285355348169419
"BAM4534","PEH-KUH-TSAO-TU",0.397053603123891
"BAM4797","PEH-KUH-TSAO-TU",0.202389318341532
"BAM491","PEH-KUH-TSAO-TU",0.334932480454869
"BAM4928","PEH-KUH-TSAO-TU",0.274038461538462
"BAM5110","PEH-KUH-TSAO-TU",0.249556894718185
"BAM56","PEH-KUH-TSAO-TU",0.284272051009564
"BAM5779","PEH-KUH-TSAO-TU",0.308886509635974
"BAM5850","PEH-KUH-TSAO-TU",0.40060779406507
"BAM6921","PEH-KUH-TSAO-TU",0.349982288345732
"BAM712","PEH-KUH-TSAO-TU",0.354622441778405
"BAM742","PEH-KUH-TSAO-TU",0.353892641308212
"BAM7429","PEH-KUH-TSAO-TU",0.307610619469027
"BAM7449","PEH-KUH-TSAO-TU",0.387477638640429
"BAM747","PEH-KUH-TSAO-TU",0.352127659574468
"BAM759","PEH-KUH-TSAO-TU",0.366591928251121
"BAM766","PEH-KUH-TSAO-TU",0.351216022889843
"BAM807","PEH-KUH-TSAO-TU",0.307282415630551
"BAM811","PEH-KUH-TSAO-TU",0.364922206506365
"BAM812","PEH-KUH-TSAO-TU",0.253283635072772
"BAM819","PEH-KUH-TSAO-TU",0.227740333451579
"BAM8296","PEH-KUH-TSAO-TU",0.351075079309129
"BAM8305","PEH-KUH-TSAO-TU",0.322953736654804
"BAM8315","PEH-KUH-TSAO-TU",0.316079686944148
"BAM8364","PEH-KUH-TSAO-TU",0.233759318423855
"BAMAWPYAN","PEH-KUH-TSAO-TU",0.286940966010733
"BENAMURI","PEH-KUH-TSAO-TU",0.199398443029016
"BLACKGORA","PEH-KUH-TSAO-TU",0.242173760112557
"CGR1656","PEH-KUH-TSAO-TU",0.306480169971671
"CGR1679","PEH-KUH-TSAO-TU",0.203069865913903
"CGR2012","PEH-KUH-TSAO-TU",0.211837455830389
"CO18","PEH-KUH-TSAO-TU",0.0356640899508082
"CRDHAN-204","PEH-KUH-TSAO-TU",0.257693668199505
"CR143-2-2","PEH-KUH-TSAO-TU",0.353649893692417
"CR262-4","PEH-KUH-TSAO-TU",0.348516949152542
"CROSSA","PEH-KUH-TSAO-TU",0.203383856186112
"DULAR","PEH-KUH-TSAO-TU",0.398111863199145
"EYPO","PEH-KUH-TSAO-TU",0.325405405405405
"EYPO-2","PEH-KUH-TSAO-TU",0.185204802259887
"FULKATI","PEH-KUH-TSAO-TU",0.39154477345701
"Ghanteswari","PEH-KUH-TSAO-TU",0.31095406360424
"GHATIKAMMANANGARHAR","PEH-KUH-TSAO-TU",0.222652128033767
"GotrabiDhan","PEH-KUH-TSAO-TU",0.317283950617284
"GP-145-37","PEH-KUH-TSAO-TU",0.219640971488912
"GP-145-51","PEH-KUH-TSAO-TU",0.313628318584071
"HARBHOONDI","PEH-KUH-TSAO-TU",0.257345132743363
"HongZuiEr","PEH-KUH-TSAO-TU",0.348630380647456
"IndrabaruniDhan","PEH-KUH-TSAO-TU",0.315362931642001
"IR74371-54-1-1","PEH-KUH-TSAO-TU",0.348677248677249
"IR77298-14-1-2-10","PEH-KUH-TSAO-TU",0.351851851851852
"IR77298-5-6-18","PEH-KUH-TSAO-TU",0.344644750795334
"IR83383-B-B-129-4","PEH-KUH-TSAO-TU",0.339943342776204
"IR83388-B-B108-3","PEH-KUH-TSAO-TU",0.333156404812456
"IR87707-445-B-B","PEH-KUH-TSAO-TU",0.339971801198449
"IR87707-446-B-B","PEH-KUH-TSAO-TU",0.350679542203147
"IRROEPYO","PEH-KUH-TSAO-TU",0.262880986937591
"KALINGA-1","PEH-KUH-TSAO-TU",0.305054789678332
"KANGRO","PEH-KUH-TSAO-TU",0.00630914826498419
"KHAODAWTAI","PEH-KUH-TSAO-TU",0.241489361702128
"MANDRIRAVINA","PEH-KUH-TSAO-TU",0.0363285363285363
"MAUDAMANI","PEH-KUH-TSAO-TU",0.242639233770841
"MOROBEREKAN","PEH-KUH-TSAO-TU",0.452475605348753
"MTU1010","PEH-KUH-TSAO-TU",0.321022727272727
"MTU9","PEH-KUH-TSAO-TU",0.00845368087354703
"NERICA-L-26","PEH-KUH-TSAO-TU",0.368149466192171
"NERICA-L-42","PEH-KUH-TSAO-TU",0.37169078715143
"NERICA-L-44","PEH-KUH-TSAO-TU",0.341381741275996
"PARIJAT","PEH-KUH-TSAO-TU",0.351222104144527
"Patchaiperumal","PEH-KUH-TSAO-TU",0.273095909732017
"PEH-KUH-TSAO-TU","PEH-KUH-TSAO-TU",0
"PMK-2","PEH-KUH-TSAO-TU",0.290492957746479
"PRASAD-1","PEH-KUH-TSAO-TU",0.210339943342776
"PUSASUGANDH5","PEH-KUH-TSAO-TU",0.347212420606916
"PUSA1121","PEH-KUH-TSAO-TU",0.385832434376124
"Pusa1121-SN12","PEH-KUH-TSAO-TU",0.383267076255873
"PUSA44","PEH-KUH-TSAO-TU",0.344733984799131
"PUSABASMATI6","PEH-KUH-TSAO-TU",0.263814616755793
"PUSASUGANDH2","PEH-KUH-TSAO-TU",0.212398731947869
"RASI","PEH-KUH-TSAO-TU",0.340817816721431
"RKVY-104","PEH-KUH-TSAO-TU",0.398504273504274
"RKVY-143","PEH-KUH-TSAO-TU",0.28863796753705
"RKVY-28","PEH-KUH-TSAO-TU",0.379199428162974
"R-RF-44","PEH-KUH-TSAO-TU",0.332742735648476
"RRF-78","PEH-KUH-TSAO-TU",0.347217298830202
"Sadabahar","PEH-KUH-TSAO-TU",0.203893805309735
"SAFRI-17","PEH-KUH-TSAO-TU",0.225399644760213
"SAHBHAGIDHAN","PEH-KUH-TSAO-TU",0.346848441926346
"SATABHAMA","PEH-KUH-TSAO-TU",0.238515901060071
"SERATOES","PEH-KUH-TSAO-TU",0.386249100071994
"SERETY","PEH-KUH-TSAO-TU",0.0292562566090941
"SHAKU","PEH-KUH-TSAO-TU",0.266864343958488
"SR1-3-1","PEH-KUH-TSAO-TU",0.250088746893859
"SUWEON","PEH-KUH-TSAO-TU",0.237046632124352
"SWARNA","PEH-KUH-TSAO-TU",0.343249020306377
"VANAPRAVA","PEH-KUH-TSAO-TU",0.379205440229062
"VANDANA","PEH-KUH-TSAO-TU",0.380256593014968
"Wayrarem","PEH-KUH-TSAO-TU",0.371099290780142
"281785","PMK-2",0.315024805102764
"282803","PMK-2",0.207716701902748
"299554","PMK-2",0.255877034358047
"356457","PMK-2",0.17741935483871
"376579","PMK-2",0.342736248236953
"376851","PMK-2",0.333511205976521
"377448","PMK-2",0.259489180560482
"377705","PMK-2",0.193053596614951
"384190","PMK-2",0.403784931022285
"426049","PMK-2",0.17598452883263
"438644","PMK-2",0.207933119886161
"ADAYSEL","PMK-2",0.292142857142857
"AbhayaXDagadesi","PMK-2",0.221986567691764
"ABHISEK","PMK-2",0.340319715808171
"ABOR-A-1","PMK-2",0.00458877515001765
"ANJALI","PMK-2",0.332333215672432
"Annada","PMK-2",0.427149964463397
"Apo","PMK-2",0.258833922261484
"ARC10319","PMK-2",0.223131672597865
"ARC12071","PMK-2",0.292442882249561
"ARNAPURNA","PMK-2",0.322030920590302
"ASD16","PMK-2",0.312787814381863
"AUS257","PMK-2",0.335231316725979
"BAKAL","PMK-2",0.318882121103547
"BAM1057","PMK-2",0.321988595866001
"BAM1098","PMK-2",0.317321428571429
"BAM1659","PMK-2",0.307073954983923
"BAM1689","PMK-2",0.307005003573981
"BAM1708","PMK-2",0.311539835655591
"BAM1812","PMK-2",0.237140830081589
"BAM2096","PMK-2",0.34994716449454
"BAM2166","PMK-2",0.387090974469615
"BAM247","PMK-2",0.209893992932862
"BAM2574","PMK-2",0.34022622834924
"BAM2680","PMK-2",0.295734931265421
"BAM3154","PMK-2",0.241877900749732
"BAM3181","PMK-2",0.33864118895966
"BAM326","PMK-2",0.3251414427157
"BAM328","PMK-2",0.248059280169372
"BAM350","PMK-2",0.266204571000375
"BAM3690","PMK-2",0.235042735042735
"BAM4009","PMK-2",0.328102710413695
"BAM4054","PMK-2",0.274675096592905
"BAM4138","PMK-2",0.413602284898251
"BAM4168","PMK-2",0.366630862871464
"BAM4234","PMK-2",0.341472045293701
"BAM4254","PMK-2",0.344980489535296
"BAM4477","PMK-2",0.220963172804533
"BAM4496","PMK-2",0.239275668073136
"BAM4510","PMK-2",0.403490028490028
"BAM4521","PMK-2",0.409107206884188
"BAM4534","PMK-2",0.326349431818182
"BAM4797","PMK-2",0.340829234012649
"BAM491","PMK-2",0.271210507632233
"BAM4928","PMK-2",0.388849305308158
"BAM5110","PMK-2",0.318391211906449
"BAM56","PMK-2",0.394932671863926
"BAM5779","PMK-2",0.400643316654753
"BAM5850","PMK-2",0.340057122456266
"BAM6921","PMK-2",0.240884955752212
"BAM712","PMK-2",0.424964689265537
"BAM742","PMK-2",0.423063255152807
"BAM7429","PMK-2",0.237800565770863
"BAM7449","PMK-2",0.323476702508961
"BAM747","PMK-2",0.427002126151665
"BAM759","PMK-2",0.254945875326614
"BAM766","PMK-2",0.421193709792709
"BAM807","PMK-2",0.398401420959147
"BAM811","PMK-2",0.241610738255034
"BAM812","PMK-2",0.333747779751332
"BAM819","PMK-2",0.316696269982238
"BAM8296","PMK-2",0.218287526427061
"BAM8305","PMK-2",0.223249200142197
"BAM8315","PMK-2",0.410110359558562
"BAM8364","PMK-2",0.296736431358638
"BAMAWPYAN","PMK-2",0.401932712956335
"BENAMURI","PMK-2",0.317409766454352
"BLACKGORA","PMK-2",0.332042253521127
"CGR1656","PMK-2",0.22169143665959
"CGR1679","PMK-2",0.329328621908127
"CGR2012","PMK-2",0.329263977353149
"CO18","PMK-2",0.286896794646002
"CRDHAN-204","PMK-2",0.350300459526334
"CR143-2-2","PMK-2",0.246725663716814
"CR262-4","PMK-2",0.246647847565279
"CROSSA","PMK-2",0.327871740662438
"DULAR","PMK-2",0.336123975774849
"EYPO","PMK-2",0.253871083903493
"EYPO-2","PMK-2",0.117055084745763
"FULKATI","PMK-2",0.328163992869875
"Ghanteswari","PMK-2",0.150494001411433
"GHATIKAMMANANGARHAR","PMK-2",0.309247538677918
"GotrabiDhan","PMK-2",0.204193093727977
"GP-145-37","PMK-2",0.341557983785689
"GP-145-51","PMK-2",0.232566371681416
"HARBHOONDI","PMK-2",0.349009900990099
"HongZuiEr","PMK-2",0.223150782361309
"IndrabaruniDhan","PMK-2",0.232582688247713
"IR74371-54-1-1","PMK-2",0.241288278775079
"IR77298-14-1-2-10","PMK-2",0.239494301994302
"IR77298-5-6-18","PMK-2",0.247613997879109
"IR83383-B-B-129-4","PMK-2",0.224381625441696
"IR83388-B-B108-3","PMK-2",0.22208480565371
"IR87707-445-B-B","PMK-2",0.232652342374075
"IR87707-446-B-B","PMK-2",0.235693848354793
"IRROEPYO","PMK-2",0.379090909090909
"KALINGA-1","PMK-2",0.178609248146841
"KANGRO","PMK-2",0.290379213483146
"KHAODAWTAI","PMK-2",0.290528556225612
"MANDRIRAVINA","PMK-2",0.286870820133756
"MAUDAMANI","PMK-2",0.33031914893617
"MOROBEREKAN","PMK-2",0.361913357400722
"MTU1010","PMK-2",0.215602836879433
"MTU9","PMK-2",0.294844632768362
"NERICA-L-26","PMK-2",0.254357879758093
"NERICA-L-42","PMK-2",0.255904124074727
"NERICA-L-44","PMK-2",0.235107507930913
"PARIJAT","PMK-2",0.227160056657224
"Patchaiperumal","PMK-2",0.213103205353998
"PEH-KUH-TSAO-TU","PMK-2",0.290492957746479
"PMK-2","PMK-2",0
"PRASAD-1","PMK-2",0.306371681415929
"PUSASUGANDH5","PMK-2",0.232098765432099
"PUSA1121","PMK-2",0.308093525179856
"Pusa1121-SN12","PMK-2",0.297145953757225
"PUSA44","PMK-2",0.218987341772152
"PUSABASMATI6","PMK-2",0.372814841241527
"PUSASUGANDH2","PMK-2",0.328933474128828
"RASI","PMK-2",0.154939846882975
"RKVY-104","PMK-2",0.32846975088968
"RKVY-143","PMK-2",0.224083215796897
"RKVY-28","PMK-2",0.310603355944306
"R-RF-44","PMK-2",0.237707817474354
"RRF-78","PMK-2",0.249556894718185
"Sadabahar","PMK-2",0.345267635590216
"SAFRI-17","PMK-2",0.307254623044097
"SAHBHAGIDHAN","PMK-2",0.223833097595474
"SATABHAMA","PMK-2",0.330271988696574
"SERATOES","PMK-2",0.325368307581746
"SERETY","PMK-2",0.287402964008469
"SHAKU","PMK-2",0.360296846011132
"SR1-3-1","PMK-2",0.331203407880724
"SUWEON","PMK-2",0.336047372316802
"SWARNA","PMK-2",0.244310099573257
"VANAPRAVA","PMK-2",0.320357142857143
"VANDANA","PMK-2",0.300213675213675
"Wayrarem","PMK-2",0.261323425336164
"281785","PRASAD-1",0.198503207412687
"282803","PRASAD-1",0.301946902654867
"299554","PRASAD-1",0.336786623046165
"356457","PRASAD-1",0.2961592670895
"376579","PRASAD-1",0.252035398230088
"376851","PRASAD-1",0.240621650589496
"377448","PRASAD-1",0.348625490896109
"377705","PRASAD-1",0.322746628814762
"384190","PRASAD-1",0.304154829545455
"426049","PRASAD-1",0.29434628975265
"438644","PRASAD-1",0.29774678111588
"ADAYSEL","PRASAD-1",0.381371141421393
"AbhayaXDagadesi","PRASAD-1",0.308677098150782
"ABHISEK","PRASAD-1",0.215126650017838
"ABOR-A-1","PRASAD-1",0.307774607703281
"ANJALI","PRASAD-1",0.208540042523033
"Annada","PRASAD-1",0.339457723867285
"Apo","PRASAD-1",0.340383931745467
"ARC10319","PRASAD-1",0.350303679885673
"ARC12071","PRASAD-1",0.211538461538462
"ARNAPURNA","PRASAD-1",0.22791519434629
"ASD16","PRASAD-1",0.185744756487735
"AUS257","PRASAD-1",0.20918185066095
"BAKAL","PRASAD-1",0.387067723342939
"BAM1057","PRASAD-1",0.409400789379261
"BAM1098","PRASAD-1",0.396836808051761
"BAM1659","PRASAD-1",0.232328668819519
"BAM1689","PRASAD-1",0.396155228171038
"BAM1708","PRASAD-1",0.390445402298851
"BAM1812","PRASAD-1",0.346935138987883
"BAM2096","PRASAD-1",0.247346072186836
"BAM2166","PRASAD-1",0.290899241603467
"BAM247","PRASAD-1",0.308374733853797
"BAM2574","PRASAD-1",0.233309659090909
"BAM2680","PRASAD-1",0.213297872340426
"BAM3154","PRASAD-1",0.331056793673616
"BAM3181","PRASAD-1",0.252133712660028
"BAM326","PRASAD-1",0.243958777540867
"BAM328","PRASAD-1",0.346290379836706
"BAM350","PRASAD-1",0.378485305199699
"BAM3690","PRASAD-1",0.350663320186447
"BAM4009","PRASAD-1",0.406384505021521
"BAM4054","PRASAD-1",0.199823633156966
"BAM4138","PRASAD-1",0.315666546891843
"BAM4168","PRASAD-1",0.291681670867843
"BAM4234","PRASAD-1",0.216796875
"BAM4254","PRASAD-1",0.219807623797649
"BAM4477","PRASAD-1",0.347167794798718
"BAM4496","PRASAD-1",0.345827439886846
"BAM4510","PRASAD-1",0.303897032534859
"BAM4521","PRASAD-1",0.293091039942425
"BAM4534","PRASAD-1",0.408279800142755
"BAM4797","PRASAD-1",0.246468926553672
"BAM491","PRASAD-1",0.369200571020699
"BAM4928","PRASAD-1",0.288936627282492
"BAM5110","PRASAD-1",0.206908831908832
"BAM56","PRASAD-1",0.287162162162162
"BAM5779","PRASAD-1",0.300143523501973
"BAM5850","PRASAD-1",0.415948275862069
"BAM6921","PRASAD-1",0.319137562366358
"BAM712","PRASAD-1",0.335519319390287
"BAM742","PRASAD-1",0.33875
"BAM7429","PRASAD-1",0.346085409252669
"BAM7449","PRASAD-1",0.406700288184438
"BAM747","PRASAD-1",0.336360398860399
"BAM759","PRASAD-1",0.355292792792793
"BAM766","PRASAD-1",0.339920948616601
"BAM807","PRASAD-1",0.299643493761141
"BAM811","PRASAD-1",0.343217329545455
"BAM812","PRASAD-1",0.234330484330484
"BAM819","PRASAD-1",0.204318344039971
"BAM8296","PRASAD-1",0.294472005669738
"BAM8305","PRASAD-1",0.286199499463711
"BAM8315","PRASAD-1",0.290114613180516
"BAM8364","PRASAD-1",0.19747150997151
"BAMAWPYAN","PRASAD-1",0.303052064631957
"BENAMURI","PRASAD-1",0.230987917555082
"BLACKGORA","PRASAD-1",0.181737901801484
"CGR1656","PRASAD-1",0.342526690391459
"CGR1679","PRASAD-1",0.242912827781715
"CGR2012","PRASAD-1",0.233913970849627
"CO18","PRASAD-1",0.202865228157057
"CRDHAN-204","PRASAD-1",0.221570717839375
"CR143-2-2","PRASAD-1",0.337602276769833
"CR262-4","PRASAD-1",0.334397163120567
"CROSSA","PRASAD-1",0.234867256637168
"DULAR","PRASAD-1",0.403116045845272
"EYPO","PRASAD-1",0.346613545816733
"EYPO-2","PRASAD-1",0.200496806245564
"FULKATI","PRASAD-1",0.402404018658055
"Ghanteswari","PRASAD-1",0.307487579843861
"GHATIKAMMANANGARHAR","PRASAD-1",0.165783898305085
"GotrabiDhan","PRASAD-1",0.297910024796316
"GP-145-37","PRASAD-1",0.248317392844492
"GP-145-51","PRASAD-1",0.350961538461538
"HARBHOONDI","PRASAD-1",0.23097439544808
"HongZuiEr","PRASAD-1",0.349016100178891
"IndrabaruniDhan","PRASAD-1",0.307610619469027
"IR74371-54-1-1","PRASAD-1",0.331325301204819
"IR77298-14-1-2-10","PRASAD-1",0.324919441460795
"IR77298-5-6-18","PRASAD-1",0.301561945331913
"IR83383-B-B-129-4","PRASAD-1",0.29925320056899
"IR83388-B-B108-3","PRASAD-1",0.311166429587482
"IR87707-445-B-B","PRASAD-1",0.300673281360737
"IR87707-446-B-B","PRASAD-1",0.312589928057554
"IRROEPYO","PRASAD-1",0.283005105762217
"KALINGA-1","PRASAD-1",0.290305397727273
"KANGRO","PRASAD-1",0.211436639604659
"KHAODAWTAI","PRASAD-1",0.211819152723389
"MANDRIRAVINA","PRASAD-1",0.204312477907388
"MAUDAMANI","PRASAD-1",0.210320284697509
"MOROBEREKAN","PRASAD-1",0.436502177068215
"MTU1010","PRASAD-1",0.291295041027471
"MTU9","PRASAD-1",0.212739531582683
"NERICA-L-26","PRASAD-1",0.328085867620751
"NERICA-L-42","PRASAD-1",0.333215297450425
"NERICA-L-44","PRASAD-1",0.301488833746898
"PARIJAT","PRASAD-1",0.320932716269135
"Patchaiperumal","PRASAD-1",0.342599150141643
"PEH-KUH-TSAO-TU","PRASAD-1",0.210339943342776
"PMK-2","PRASAD-1",0.306371681415929
"PRASAD-1","PRASAD-1",0
"PUSASUGANDH5","PRASAD-1",0.306451612903226
"PUSA1121","PRASAD-1",0.364425162689805
"Pusa1121-SN12","PRASAD-1",0.360566448801743
"PUSA44","PRASAD-1",0.286206896551724
"PUSABASMATI6","PRASAD-1",0.235588972431078
"PUSASUGANDH2","PRASAD-1",0.20583038869258
"RASI","PRASAD-1",0.335043988269795
"RKVY-104","PRASAD-1",0.405656999641962
"RKVY-143","PRASAD-1",0.352002835873804
"RKVY-28","PRASAD-1",0.404411764705882
"R-RF-44","PRASAD-1",0.310921380291711
"RRF-78","PRASAD-1",0.326977904490378
"Sadabahar","PRASAD-1",0.240384615384615
"SAFRI-17","PRASAD-1",0.196996782266714
"SAHBHAGIDHAN","PRASAD-1",0.317081850533808
"SATABHAMA","PRASAD-1",0.216465578424414
"SERATOES","PRASAD-1",0.416847433116414
"SERETY","PRASAD-1",0.211048158640227
"SHAKU","PRASAD-1",0.242565055762082
"SR1-3-1","PRASAD-1",0.206312410841655
"SUWEON","PRASAD-1",0.194124209743399
"SWARNA","PRASAD-1",0.340852130325815
"VANAPRAVA","PRASAD-1",0.409712230215827
"VANDANA","PRASAD-1",0.395848246241947
"Wayrarem","PRASAD-1",0.34200213751336
"281785","PUSASUGANDH5",0.319039145907473
"282803","PUSASUGANDH5",0.21095406360424
"299554","PUSASUGANDH5",0.236947063089195
"356457","PUSASUGANDH5",0.200491573033708
"376579","PUSASUGANDH5",0.35547703180212
"376851","PUSASUGANDH5",0.353171774768353
"377448","PUSASUGANDH5",0.265375044436545
"377705","PUSASUGANDH5",0.224345364472753
"384190","PUSASUGANDH5",0.389262934089298
"426049","PUSASUGANDH5",0.202255109231853
"438644","PUSASUGANDH5",0.219629497684361
"ADAYSEL","PUSASUGANDH5",0.266273247496423
"AbhayaXDagadesi","PUSASUGANDH5",0.225247524752475
"ABHISEK","PUSASUGANDH5",0.336360398860399
"ABOR-A-1","PUSASUGANDH5",0.230919417820376
"ANJALI","PUSASUGANDH5",0.307923593915812
"Annada","PUSASUGANDH5",0.405270655270655
"Apo","PUSASUGANDH5",0.231504424778761
"ARC10319","PUSASUGANDH5",0.268270944741533
"ARC12071","PUSASUGANDH5",0.348116860260472
"ARNAPURNA","PUSASUGANDH5",0.35193661971831
"ASD16","PUSASUGANDH5",0.313541297412265
"AUS257","PUSASUGANDH5",0.325676638176638
"BAKAL","PUSASUGANDH5",0.307968413496052
"BAM1057","PUSASUGANDH5",0.318783542039356
"BAM1098","PUSASUGANDH5",0.302471346704871
"BAM1659","PUSASUGANDH5",0.346291651737728
"BAM1689","PUSASUGANDH5",0.303046594982079
"BAM1708","PUSASUGANDH5",0.30089605734767
"BAM1812","PUSASUGANDH5",0.257624113475177
"BAM2096","PUSASUGANDH5",0.362866219555242
"BAM2166","PUSASUGANDH5",0.384504504504504
"BAM247","PUSASUGANDH5",0.238499646142958
"BAM2574","PUSASUGANDH5",0.361849096705632
"BAM2680","PUSASUGANDH5",0.324725857799788
"BAM3154","PUSASUGANDH5",0.246867167919799
"BAM3181","PUSASUGANDH5",0.363604114934374
"BAM326","PUSASUGANDH5",0.358815182688897
"BAM328","PUSASUGANDH5",0.272904138662894
"BAM350","PUSASUGANDH5",0.289582549830763
"BAM3690","PUSASUGANDH5",0.234190782422294
"BAM4009","PUSASUGANDH5",0.321543408360129
"BAM4054","PUSASUGANDH5",0.316965857092573
"BAM4138","PUSASUGANDH5",0.413175796634443
"BAM4168","PUSASUGANDH5",0.395256916996047
"BAM4234","PUSASUGANDH5",0.320744680851064
"BAM4254","PUSASUGANDH5",0.32159373888296
"BAM4477","PUSASUGANDH5",0.232694355697551
"BAM4496","PUSASUGANDH5",0.262786596119929
"BAM4510","PUSASUGANDH5",0.410548823948681
"BAM4521","PUSASUGANDH5",0.403272204243078
"BAM4534","PUSASUGANDH5",0.324786324786325
"BAM4797","PUSASUGANDH5",0.354100668778599
"BAM491","PUSASUGANDH5",0.290288153681964
"BAM4928","PUSASUGANDH5",0.378928571428571
"BAM5110","PUSASUGANDH5",0.306068133427963
"BAM56","PUSASUGANDH5",0.385283687943262
"BAM5779","PUSASUGANDH5",0.390658554044381
"BAM5850","PUSASUGANDH5",0.333572196345396
"BAM6921","PUSASUGANDH5",0.221709826179496
"BAM712","PUSASUGANDH5",0.403254333215423
"BAM742","PUSASUGANDH5",0.403099394371215
"BAM7429","PUSASUGANDH5",0.26036866359447
"BAM7449","PUSASUGANDH5",0.310548977395048
"BAM747","PUSASUGANDH5",0.404119318181818
"BAM759","PUSASUGANDH5",0.256913303437967
"BAM766","PUSASUGANDH5",0.40297171500179
"BAM807","PUSASUGANDH5",0.3875044499822
"BAM811","PUSASUGANDH5",0.253274336283186
"BAM812","PUSASUGANDH5",0.348878604485582
"BAM819","PUSASUGANDH5",0.323487544483986
"BAM8296","PUSASUGANDH5",0.201692524682652
"BAM8305","PUSASUGANDH5",0.22265764161026
"BAM8315","PUSASUGANDH5",0.368270944741533
"BAM8364","PUSASUGANDH5",0.307719672714337
"BAMAWPYAN","PUSASUGANDH5",0.396632031529918
"BENAMURI","PUSASUGANDH5",0.349822695035461
"BLACKGORA","PUSASUGANDH5",0.301340860973888
"CGR1656","PUSASUGANDH5",0.253903477643719
"CGR1679","PUSASUGANDH5",0.358533994334278
"CGR2012","PUSASUGANDH5",0.355445193330968
"CO18","PUSASUGANDH5",0.345624558927311
"CRDHAN-204","PUSASUGANDH5",0.321643641516118
"CR143-2-2","PUSASUGANDH5",0.232825779036827
"CR262-4","PUSASUGANDH5",0.23172024019781
"CROSSA","PUSASUGANDH5",0.363700564971751
"DULAR","PUSASUGANDH5",0.32309889325241
"EYPO","PUSASUGANDH5",0.248736462093863
"EYPO-2","PUSASUGANDH5",0.326786978060863
"FULKATI","PUSASUGANDH5",0.326001430615165
"Ghanteswari","PUSASUGANDH5",0.223753976670201
"GHATIKAMMANANGARHAR","PUSASUGANDH5",0.307299012693935
"GotrabiDhan","PUSASUGANDH5",0.226614895870102
"GP-145-37","PUSASUGANDH5",0.362464689265537
"GP-145-51","PUSASUGANDH5",0.26391350584899
"HARBHOONDI","PUSASUGANDH5",0.315509915014164
"HongZuiEr","PUSASUGANDH5",0.236907730673317
"IndrabaruniDhan","PUSASUGANDH5",0.219851904090268
"IR74371-54-1-1","PUSASUGANDH5",0.232874293785311
"IR77298-14-1-2-10","PUSASUGANDH5",0.201247771836007
"IR77298-5-6-18","PUSASUGANDH5",0.2296388101983
"IR83383-B-B-129-4","PUSASUGANDH5",0.226950354609929
"IR83388-B-B108-3","PUSASUGANDH5",0.201592920353982
"IR87707-445-B-B","PUSASUGANDH5",0.218595624558927
"IR87707-446-B-B","PUSASUGANDH5",0.215359828141783
"IRROEPYO","PUSASUGANDH5",0.388990156762669
"KALINGA-1","PUSASUGANDH5",0.217137809187279
"KANGRO","PUSASUGANDH5",0.346816742877242
"KHAODAWTAI","PUSASUGANDH5",0.330427046263345
"MANDRIRAVINA","PUSASUGANDH5",0.345977417078335
"MAUDAMANI","PUSASUGANDH5",0.319409882687522
"MOROBEREKAN","PUSASUGANDH5",0.327361563517915
"MTU1010","PUSASUGANDH5",0.213423295454545
"MTU9","PUSASUGANDH5",0.351255748142908
"NERICA-L-26","PUSASUGANDH5",0.220619658119658
"NERICA-L-42","PUSASUGANDH5",0.225282485875706
"NERICA-L-44","PUSASUGANDH5",0.204337094499295
"PARIJAT","PUSASUGANDH5",0.223030518097942
"Patchaiperumal","PUSASUGANDH5",0.261122881355932
"PEH-KUH-TSAO-TU","PUSASUGANDH5",0.347212420606916
"PMK-2","PUSASUGANDH5",0.232098765432099
"PRASAD-1","PUSASUGANDH5",0.306451612903226
"PUSASUGANDH5","PUSASUGANDH5",0
"PUSA1121","PUSASUGANDH5",0.219323497661029
"Pusa1121-SN12","PUSASUGANDH5",0.200289750090547
"PUSA44","PUSASUGANDH5",0.196447988401595
"PUSABASMATI6","PUSASUGANDH5",0.288777698355969
"PUSASUGANDH2","PUSASUGANDH5",0.318406205923836
"RASI","PUSASUGANDH5",0.252102376599634
"RKVY-104","PUSASUGANDH5",0.307417974322397
"RKVY-143","PUSASUGANDH5",0.265277287177676
"RKVY-28","PUSASUGANDH5",0.31283518055059
"R-RF-44","PUSASUGANDH5",0.218716767103864
"RRF-78","PUSASUGANDH5",0.241924032658857
"Sadabahar","PUSASUGANDH5",0.36056838365897
"SAFRI-17","PUSASUGANDH5",0.311831789023521
"SAHBHAGIDHAN","PUSASUGANDH5",0.22070796460177
"SATABHAMA","PUSASUGANDH5",0.327201980898479
"SERATOES","PUSASUGANDH5",0.335194524495677
"SERETY","PUSASUGANDH5",0.346819787985866
"SHAKU","PUSASUGANDH5",0.347082868821999
"SR1-3-1","PUSASUGANDH5",0.292022792022792
"SUWEON","PUSASUGANDH5",0.328878990348924
"SWARNA","PUSASUGANDH5",0.228148412415269
"VANAPRAVA","PUSASUGANDH5",0.318474758324382
"VANDANA","PUSASUGANDH5",0.276470588235294
"Wayrarem","PUSASUGANDH5",0.233770840723661
"281785","PUSA1121",0.385802469135803
"282803","PUSA1121",0.302446923353724
"299554","PUSA1121",0.300665680473373
"356457","PUSA1121",0.284587813620072
"376579","PUSA1121",0.379099099099099
"376851","PUSA1121",0.391170058139535
"377448","PUSA1121",0.292722664735699
"377705","PUSA1121",0.303861421869361
"384190","PUSA1121",0.355439103722443
"426049","PUSA1121",0.285662953647143
"438644","PUSA1121",0.300545454545455
"ADAYSEL","PUSA1121",0.27745348412988
"AbhayaXDagadesi","PUSA1121",0.31283808150018
"ABHISEK","PUSA1121",0.390846349436978
"ABOR-A-1","PUSA1121",0.30756698044895
"ANJALI","PUSA1121",0.398702235039654
"Annada","PUSA1121",0.344896476571013
"Apo","PUSA1121",0.298087333092746
"ARC10319","PUSA1121",0.308166969147005
"ARC12071","PUSA1121",0.385375494071146
"ARNAPURNA","PUSA1121",0.401400862068966
"ASD16","PUSA1121",0.386215629522431
"AUS257","PUSA1121",0.379767526334907
"BAKAL","PUSA1121",0.273391812865497
"BAM1057","PUSA1121",0.283970856102004
"BAM1098","PUSA1121",0.271350364963504
"BAM1659","PUSA1121",0.398683247988296
"BAM1689","PUSA1121",0.278324225865209
"BAM1708","PUSA1121",0.281705539358601
"BAM1812","PUSA1121",0.290538100397255
"BAM2096","PUSA1121",0.397911415196255
"BAM2166","PUSA1121",0.357064220183486
"BAM247","PUSA1121",0.310151734104046
"BAM2574","PUSA1121",0.376128566269411
"BAM2680","PUSA1121",0.387968299711816
"BAM3154","PUSA1121",0.291880029261156
"BAM3181","PUSA1121",0.400506512301013
"BAM326","PUSA1121",0.397973950795948
"BAM328","PUSA1121",0.311307166006482
"BAM350","PUSA1121",0.28527724665392
"BAM3690","PUSA1121",0.306516199490353
"BAM4009","PUSA1121",0.295040116703136
"BAM4054","PUSA1121",0.38433908045977
"BAM4138","PUSA1121",0.365973741794311
"BAM4168","PUSA1121",0.384347507331378
"BAM4234","PUSA1121",0.402893309222423
"BAM4254","PUSA1121",0.402430177729416
"BAM4477","PUSA1121",0.309833694866233
"BAM4496","PUSA1121",0.306364617044229
"BAM4510","PUSA1121",0.360727272727273
"BAM4521","PUSA1121",0.357981651376147
"BAM4534","PUSA1121",0.279869659666908
"BAM4797","PUSA1121",0.37342908438061
"BAM491","PUSA1121",0.297174936617168
"BAM4928","PUSA1121",0.353969410050983
"BAM5110","PUSA1121",0.379572618616443
"BAM56","PUSA1121",0.353993494759667
"BAM5779","PUSA1121",0.376642335766423
"BAM5850","PUSA1121",0.288580809923386
"BAM6921","PUSA1121",0.288712011577424
"BAM712","PUSA1121",0.342882882882883
"BAM742","PUSA1121",0.346949891067538
"BAM7429","PUSA1121",0.297434044091073
"BAM7449","PUSA1121",0.269469835466179
"BAM747","PUSA1121",0.345652173913043
"BAM759","PUSA1121",0.275389882084443
"BAM766","PUSA1121",0.347207009857612
"BAM807","PUSA1121",0.371915820029028
"BAM811","PUSA1121",0.308219178082192
"BAM812","PUSA1121",0.391470054446461
"BAM819","PUSA1121",0.387758808572466
"BAM8296","PUSA1121",0.285302593659942
"BAM8305","PUSA1121",0.308796801163213
"BAM8315","PUSA1121",0.256372906045157
"BAM8364","PUSA1121",0.364065335753176
"BAMAWPYAN","PUSA1121",0.355916727538349
"BENAMURI","PUSA1121",0.396638959161547
"BLACKGORA","PUSA1121",0.371130309575234
"CGR1656","PUSA1121",0.309541019154319
"CGR1679","PUSA1121",0.391233766233766
"CGR2012","PUSA1121",0.387803112558813
"CO18","PUSA1121",0.385225225225225
"CRDHAN-204","PUSA1121",0.385574837310195
"CR143-2-2","PUSA1121",0.288245931283906
"CR262-4","PUSA1121",0.288315903353768
"CROSSA","PUSA1121",0.38746849117753
"DULAR","PUSA1121",0.284780239738467
"EYPO","PUSA1121",0.295621780721118
"EYPO-2","PUSA1121",0.389830508474576
"FULKATI","PUSA1121",0.280794460641399
"Ghanteswari","PUSA1121",0.296356421356421
"GHATIKAMMANANGARHAR","PUSA1121",0.382543103448276
"GotrabiDhan","PUSA1121",0.304105149441844
"GP-145-37","PUSA1121",0.389369369369369
"GP-145-51","PUSA1121",0.306469100108421
"HARBHOONDI","PUSA1121",0.371562952243126
"HongZuiEr","PUSA1121",0.308850199492202
"IndrabaruniDhan","PUSA1121",0.300215594681998
"IR74371-54-1-1","PUSA1121",0.288031723143475
"IR77298-14-1-2-10","PUSA1121",0.291031227305737
"IR77298-5-6-18","PUSA1121",0.303610108303249
"IR83383-B-B-129-4","PUSA1121",0.321221981200289
"IR83388-B-B108-3","PUSA1121",0.277075812274368
"IR87707-445-B-B","PUSA1121",0.320064841498559
"IR87707-446-B-B","PUSA1121",0.31172388604821
"IRROEPYO","PUSA1121",0.375418371141688
"KALINGA-1","PUSA1121",0.306998556998557
"KANGRO","PUSA1121",0.384642985288841
"KHAODAWTAI","PUSA1121",0.380174291938998
"MANDRIRAVINA","PUSA1121",0.38566798703637
"MAUDAMANI","PUSA1121",0.400833937635968
"MOROBEREKAN","PUSA1121",0.270902394106814
"MTU1010","PUSA1121",0.312160694896851
"MTU9","PUSA1121",0.387445887445887
"NERICA-L-26","PUSA1121",0.288804071246819
"NERICA-L-42","PUSA1121",0.292568542568543
"NERICA-L-44","PUSA1121",0.301693083573487
"PARIJAT","PUSA1121",0.308179515019906
"Patchaiperumal","PUSA1121",0.315988476773497
"PEH-KUH-TSAO-TU","PUSA1121",0.385832434376124
"PMK-2","PUSA1121",0.308093525179856
"PRASAD-1","PUSA1121",0.364425162689805
"PUSASUGANDH5","PUSA1121",0.219323497661029
"PUSA1121","PUSA1121",0
"Pusa1121-SN12","PUSA1121",0.0412390029325513
"PUSA44","PUSA1121",0.281180811808118
"PUSABASMATI6","PUSA1121",0.246812386156648
"PUSASUGANDH2","PUSA1121",0.390388768898488
"RASI","PUSA1121",0.309568131049888
"RKVY-104","PUSA1121",0.263253449527959
"RKVY-143","PUSA1121",0.311442965095358
"RKVY-28","PUSA1121",0.282854022570076
"R-RF-44","PUSA1121",0.303539183820874
"RRF-78","PUSA1121",0.293596237337192
"Sadabahar","PUSA1121",0.390358825661472
"SAFRI-17","PUSA1121",0.365041833393961
"SAHBHAGIDHAN","PUSA1121",0.305485384337784
"SATABHAMA","PUSA1121",0.380685920577617
"SERATOES","PUSA1121",0.294236417033774
"SERETY","PUSA1121",0.382936507936508
"SHAKU","PUSA1121",0.377182991647684
"SR1-3-1","PUSA1121",0.370967741935484
"SUWEON","PUSA1121",0.356683074592957
"SWARNA","PUSA1121",0.302942244823829
"VANAPRAVA","PUSA1121",0.28219627873039
"VANDANA","PUSA1121",0.306896551724138
"Wayrarem","PUSA1121",0.297795446331767
"281785","Pusa1121-SN12",0.381056466302368
"282803","Pusa1121-SN12",0.290188269370022
"299554","Pusa1121-SN12",0.291450777202073
"356457","Pusa1121-SN12",0.272498200143989
"376579","Pusa1121-SN12",0.389713871785585
"376851","Pusa1121-SN12",0.395063985374771
"377448","Pusa1121-SN12",0.296357012750455
"377705","Pusa1121-SN12",0.294277435711699
"384190","Pusa1121-SN12",0.362595419847328
"426049","Pusa1121-SN12",0.27408877661494
"438644","Pusa1121-SN12",0.291605839416058
"ADAYSEL","Pusa1121-SN12",0.274807762724277
"AbhayaXDagadesi","Pusa1121-SN12",0.301811594202899
"ABHISEK","Pusa1121-SN12",0.391590493601462
"ABOR-A-1","Pusa1121-SN12",0.297562750090942
"ANJALI","Pusa1121-SN12",0.394965592176748
"Annada","Pusa1121-SN12",0.350273224043716
"Apo","Pusa1121-SN12",0.292377495462795
"ARC10319","Pusa1121-SN12",0.302847754654984
"ARC12071","Pusa1121-SN12",0.383212996389892
"ARNAPURNA","Pusa1121-SN12",0.404005774088777
"ASD16","Pusa1121-SN12",0.385272727272727
"AUS257","Pusa1121-SN12",0.386272362175977
"BAKAL","Pusa1121-SN12",0.275817714075707
"BAM1057","Pusa1121-SN12",0.283125915080527
"BAM1098","Pusa1121-SN12",0.276310964429776
"BAM1659","Pusa1121-SN12",0.399706098457017
"BAM1689","Pusa1121-SN12",0.280080704328687
"BAM1708","Pusa1121-SN12",0.281055331623305
"BAM1812","Pusa1121-SN12",0.29015261627907
"BAM2096","Pusa1121-SN12",0.402461093014839
"BAM2166","Pusa1121-SN12",0.358118081180812
"BAM247","Pusa1121-SN12",0.299492385786802
"BAM2574","Pusa1121-SN12",0.384531590413943
"BAM2680","Pusa1121-SN12",0.384922073214933
"BAM3154","Pusa1121-SN12",0.294961382861346
"BAM3181","Pusa1121-SN12",0.400436046511628
"BAM326","Pusa1121-SN12",0.404034896401309
"BAM328","Pusa1121-SN12",0.312001450326323
"BAM350","Pusa1121-SN12",0.284671532846715
"BAM3690","Pusa1121-SN12",0.297623400365631
"BAM4009","Pusa1121-SN12",0.295421245421245
"BAM4054","Pusa1121-SN12",0.380462260743951
"BAM4138","Pusa1121-SN12",0.374174614820249
"BAM4168","Pusa1121-SN12",0.393107261334316
"BAM4234","Pusa1121-SN12",0.401053013798112
"BAM4254","Pusa1121-SN12",0.401056851311953
"BAM4477","Pusa1121-SN12",0.302942244823829
"BAM4496","Pusa1121-SN12",0.302417899675207
"BAM4510","Pusa1121-SN12",0.372258771929825
"BAM4521","Pusa1121-SN12",0.364755604557148
"BAM4534","Pusa1121-SN12",0.28615664845173
"BAM4797","Pusa1121-SN12",0.382299927901947
"BAM491","Pusa1121-SN12",0.299817850637523
"BAM4928","Pusa1121-SN12",0.359129162092938
"BAM5110","Pusa1121-SN12",0.382513661202186
"BAM56","Pusa1121-SN12",0.358572988714962
"BAM5779","Pusa1121-SN12",0.377887788778878
"BAM5850","Pusa1121-SN12",0.288652221814175
"BAM6921","Pusa1121-SN12",0.286337209302326
"BAM712","Pusa1121-SN12",0.349565532223027
"BAM742","Pusa1121-SN12",0.35362741523879
"BAM7429","Pusa1121-SN12",0.300036324010171
"BAM7449","Pusa1121-SN12",0.276634827332844
"BAM747","Pusa1121-SN12",0.351056081573197
"BAM759","Pusa1121-SN12",0.272848948374761
"BAM766","Pusa1121-SN12",0.353394495412844
"BAM807","Pusa1121-SN12",0.373860736419978
"BAM811","Pusa1121-SN12",0.306591814559942
"BAM812","Pusa1121-SN12",0.39737513671163
"BAM819","Pusa1121-SN12",0.387408759124088
"BAM8296","Pusa1121-SN12",0.284292435758234
"BAM8305","Pusa1121-SN12",0.297223237120935
"BAM8315","Pusa1121-SN12",0.26819012797075
"BAM8364","Pusa1121-SN12",0.364697301239971
"BAMAWPYAN","Pusa1121-SN12",0.363986784140969
"BENAMURI","Pusa1121-SN12",0.399309342057434
"BLACKGORA","Pusa1121-SN12",0.373371924746744
"CGR1656","Pusa1121-SN12",0.305555555555556
"CGR1679","Pusa1121-SN12",0.398729582577133
"CGR2012","Pusa1121-SN12",0.39440203562341
"CO18","Pusa1121-SN12",0.383013400941688
"CRDHAN-204","Pusa1121-SN12",0.388666908826734
"CR143-2-2","Pusa1121-SN12",0.289760348583878
"CR262-4","Pusa1121-SN12",0.290217391304348
"CROSSA","Pusa1121-SN12",0.395079594790159
"DULAR","Pusa1121-SN12",0.290782735918069
"EYPO","Pusa1121-SN12",0.293791574279379
"EYPO-2","Pusa1121-SN12",0.386371873867343
"FULKATI","Pusa1121-SN12",0.287097953216374
"Ghanteswari","Pusa1121-SN12",0.288844621513944
"GHATIKAMMANANGARHAR","Pusa1121-SN12",0.378158844765343
"GotrabiDhan","Pusa1121-SN12",0.296269467584209
"GP-145-37","Pusa1121-SN12",0.395289855072464
"GP-145-51","Pusa1121-SN12",0.308460421205519
"HARBHOONDI","Pusa1121-SN12",0.379636363636364
"HongZuiEr","Pusa1121-SN12",0.305585980284775
"IndrabaruniDhan","Pusa1121-SN12",0.294830079537238
"IR74371-54-1-1","Pusa1121-SN12",0.289254703328509
"IR77298-14-1-2-10","Pusa1121-SN12",0.282426013883814
"IR77298-5-6-18","Pusa1121-SN12",0.296370235934664
"IR83383-B-B-129-4","Pusa1121-SN12",0.309411337209302
"IR83388-B-B108-3","Pusa1121-SN12",0.271392313270486
"IR87707-445-B-B","Pusa1121-SN12",0.311099060014461
"IR87707-446-B-B","Pusa1121-SN12",0.304954128440367
"IRROEPYO","Pusa1121-SN12",0.380097268986158
"KALINGA-1","Pusa1121-SN12",0.291047480971366
"KANGRO","Pusa1121-SN12",0.383020908435472
"KHAODAWTAI","Pusa1121-SN12",0.378782355085673
"MANDRIRAVINA","Pusa1121-SN12",0.382182869533791
"MAUDAMANI","Pusa1121-SN12",0.39672131147541
"MOROBEREKAN","Pusa1121-SN12",0.270340236686391
"MTU1010","Pusa1121-SN12",0.296687295231161
"MTU9","Pusa1121-SN12",0.385828198622689
"NERICA-L-26","Pusa1121-SN12",0.291377420533431
"NERICA-L-42","Pusa1121-SN12",0.295331161780673
"NERICA-L-44","Pusa1121-SN12",0.297791455467053
"PARIJAT","Pusa1121-SN12",0.300801165331391
"Patchaiperumal","Pusa1121-SN12",0.314801444043321
"PEH-KUH-TSAO-TU","Pusa1121-SN12",0.383267076255873
"PMK-2","Pusa1121-SN12",0.297145953757225
"PRASAD-1","Pusa1121-SN12",0.360566448801743
"PUSASUGANDH5","Pusa1121-SN12",0.200289750090547
"PUSA1121","Pusa1121-SN12",0.0412390029325513
"Pusa1121-SN12","Pusa1121-SN12",0
"PUSA44","Pusa1121-SN12",0.269959153360564
"PUSABASMATI6","Pusa1121-SN12",0.246069469835466
"PUSASUGANDH2","Pusa1121-SN12",0.389190166305134
"RASI","Pusa1121-SN12",0.305389221556886
"RKVY-104","Pusa1121-SN12",0.265681983953319
"RKVY-143","Pusa1121-SN12",0.310282404055033
"RKVY-28","Pusa1121-SN12",0.284958013873676
"R-RF-44","Pusa1121-SN12",0.297856883399927
"RRF-78","Pusa1121-SN12",0.286492374727669
"Sadabahar","Pusa1121-SN12",0.398980706224973
"SAFRI-17","Pusa1121-SN12",0.366228070175439
"SAHBHAGIDHAN","Pusa1121-SN12",0.29989114658926
"SATABHAMA","Pusa1121-SN12",0.384015947807177
"SERATOES","Pusa1121-SN12",0.298598303209148
"SERETY","Pusa1121-SN12",0.382022471910112
"SHAKU","Pusa1121-SN12",0.375762195121951
"SR1-3-1","Pusa1121-SN12",0.373724489795918
"SUWEON","Pusa1121-SN12",0.358174904942966
"SWARNA","Pusa1121-SN12",0.301055697124135
"VANAPRAVA","Pusa1121-SN12",0.279244591125779
"VANDANA","Pusa1121-SN12",0.308506754289887
"Wayrarem","Pusa1121-SN12",0.29437386569873
"281785","PUSA44",0.298175182481752
"282803","PUSA44",0.195510499637944
"299554","PUSA44",0.199331848552339
"356457","PUSA44",0.188624910007199
"376579","PUSA44",0.351556842867487
"376851","PUSA44",0.352468007312614
"377448","PUSA44",0.242706053975201
"377705","PUSA44",0.201703515766582
"384190","PUSA44",0.41557734204793
"426049","PUSA44",0.188808664259928
"438644","PUSA44",0.199780861943024
"ADAYSEL","PUSA44",0.287756598240469
"AbhayaXDagadesi","PUSA44",0.19466618287373
"ABHISEK","PUSA44",0.313983205549471
"ABOR-A-1","PUSA44",0.220320466132556
"ANJALI","PUSA44",0.282088469905729
"Annada","PUSA44",0.440619307832423
"Apo","PUSA44",0.214674900108972
"ARC10319","PUSA44",0.260671287851149
"ARC12071","PUSA44",0.346278901734104
"ARNAPURNA","PUSA44",0.341040462427746
"ASD16","PUSA44",0.253452034883721
"AUS257","PUSA44",0.317318231640482
"BAKAL","PUSA44",0.325615582506431
"BAM1057","PUSA44",0.336077570435419
"BAM1098","PUSA44",0.329290701947813
"BAM1659","PUSA44",0.337004405286344
"BAM1689","PUSA44",0.331801470588235
"BAM1708","PUSA44",0.323540213000367
"BAM1812","PUSA44",0.256199854121079
"BAM2096","PUSA44",0.356884057971015
"BAM2166","PUSA44",0.40950976778474
"BAM247","PUSA44",0.182842602689931
"BAM2574","PUSA44",0.339318099383388
"BAM2680","PUSA44",0.29720913374411
"BAM3154","PUSA44",0.214102093279471
"BAM3181","PUSA44",0.363735465116279
"BAM326","PUSA44",0.346111918604651
"BAM328","PUSA44",0.270613875771885
"BAM350","PUSA44",0.287989255564083
"BAM3690","PUSA44",0.234884573103701
"BAM4009","PUSA44",0.339082568807339
"BAM4054","PUSA44",0.272119898880462
"BAM4138","PUSA44",0.429148311306902
"BAM4168","PUSA44",0.39554163596168
"BAM4234","PUSA44",0.298694232861806
"BAM4254","PUSA44",0.300327630141973
"BAM4477","PUSA44",0.230531295487627
"BAM4496","PUSA44",0.246112115732369
"BAM4510","PUSA44",0.41922514619883
"BAM4521","PUSA44",0.422099447513812
"BAM4534","PUSA44",0.334002188982123
"BAM4797","PUSA44",0.349512811259473
"BAM491","PUSA44",0.294021144732045
"BAM4928","PUSA44",0.405553525758129
"BAM5110","PUSA44",0.278951201747997
"BAM56","PUSA44",0.404588492352513
"BAM5779","PUSA44",0.392870268283719
"BAM5850","PUSA44",0.346336996336996
"BAM6921","PUSA44",0.192335633853977
"BAM712","PUSA44",0.436685962373372
"BAM742","PUSA44",0.441703216374269
"BAM7429","PUSA44",0.247184889211769
"BAM7449","PUSA44",0.332720588235294
"BAM747","PUSA44",0.439504373177843
"BAM759","PUSA44",0.25928052047455
"BAM766","PUSA44",0.440484937545922
"BAM807","PUSA44",0.389233576642336
"BAM811","PUSA44",0.241029358463211
"BAM812","PUSA44",0.337158469945355
"BAM819","PUSA44",0.281409788166545
"BAM8296","PUSA44",0.140969960188201
"BAM8305","PUSA44",0.189189189189189
"BAM8315","PUSA44",0.422950219619327
"BAM8364","PUSA44",0.288426433004746
"BAMAWPYAN","PUSA44",0.420521292217327
"BENAMURI","PUSA44",0.351307189542484
"BLACKGORA","PUSA44",0.265461121157324
"CGR1656","PUSA44",0.25127365356623
"CGR1679","PUSA44",0.353282553500181
"CGR2012","PUSA44",0.348727272727273
"CO18","PUSA44",0.343591600289645
"CRDHAN-204","PUSA44",0.301962209302326
"CR143-2-2","PUSA44",0.219330178376411
"CR262-4","PUSA44",0.219746376811594
"CROSSA","PUSA44",0.347353154459753
"DULAR","PUSA44",0.335285505124451
"EYPO","PUSA44",0.260644205849685
"EYPO-2","PUSA44",0.317422867513612
"FULKATI","PUSA44",0.330589096231248
"Ghanteswari","PUSA44",0.20221254987305
"GHATIKAMMANANGARHAR","PUSA44",0.260390314419949
"GotrabiDhan","PUSA44",0.169021739130435
"GP-145-37","PUSA44",0.346905537459283
"GP-145-51","PUSA44",0.259097525473071
"HARBHOONDI","PUSA44",0.310889292196007
"HongZuiEr","PUSA44",0.227603787327021
"IndrabaruniDhan","PUSA44",0.195007235890014
"IR74371-54-1-1","PUSA44",0.212115732368897
"IR77298-14-1-2-10","PUSA44",0.196382900986482
"IR77298-5-6-18","PUSA44",0.18731884057971
"IR83383-B-B-129-4","PUSA44",0.181256810751907
"IR83388-B-B108-3","PUSA44",0.191497093023256
"IR87707-445-B-B","PUSA44",0.191458559536735
"IR87707-446-B-B","PUSA44",0.194933920704846
"IRROEPYO","PUSA44",0.38662682106836
"KALINGA-1","PUSA44",0.182197244379986
"KANGRO","PUSA44",0.344584837545126
"KHAODAWTAI","PUSA44",0.307944606413994
"MANDRIRAVINA","PUSA44",0.344733984799131
"MAUDAMANI","PUSA44",0.303864382063434
"MOROBEREKAN","PUSA44",0.35650723025584
"MTU1010","PUSA44",0.169096209912536
"MTU9","PUSA44",0.348314606741573
"NERICA-L-26","PUSA44",0.191493245710113
"NERICA-L-42","PUSA44",0.195068890500363
"NERICA-L-44","PUSA44",0.171614771904417
"PARIJAT","PUSA44",0.192797380865769
"Patchaiperumal","PUSA44",0.243937748823742
"PEH-KUH-TSAO-TU","PUSA44",0.344733984799131
"PMK-2","PUSA44",0.218987341772152
"PRASAD-1","PUSA44",0.286206896551724
"PUSASUGANDH5","PUSA44",0.196447988401595
"PUSA1121","PUSA44",0.281180811808118
"Pusa1121-SN12","PUSA44",0.269959153360564
"PUSA44","PUSA44",0
"PUSABASMATI6","PUSA44",0.32960381511372
"PUSASUGANDH2","PUSA44",0.291530944625407
"RASI","PUSA44",0.223013493253373
"RKVY-104","PUSA44",0.330718715797154
"RKVY-143","PUSA44",0.255792903692976
"RKVY-28","PUSA44",0.335350201686835
"R-RF-44","PUSA44",0.169213973799127
"RRF-78","PUSA44",0.23152530032763
"Sadabahar","PUSA44",0.354956268221574
"SAFRI-17","PUSA44",0.272943327239488
"SAHBHAGIDHAN","PUSA44",0.193090909090909
"SATABHAMA","PUSA44",0.301742919389978
"SERATOES","PUSA44",0.341404805914972
"SERETY","PUSA44",0.344927536231884
"SHAKU","PUSA44",0.340114068441065
"SR1-3-1","PUSA44",0.288686131386861
"SUWEON","PUSA44",0.340865932396506
"SWARNA","PUSA44",0.218590211833455
"VANAPRAVA","PUSA44",0.335229357798165
"VANDANA","PUSA44",0.280051150895141
"Wayrarem","PUSA44",0.215714805383776
"281785","PUSABASMATI6",0.245330459770115
"282803","PUSABASMATI6",0.349464285714286
"299554","PUSABASMATI6",0.360499265785609
"356457","PUSABASMATI6",0.347424511545293
"376579","PUSABASMATI6",0.281428571428571
"376851","PUSABASMATI6",0.281801801801802
"377448","PUSABASMATI6",0.374460431654676
"377705","PUSABASMATI6",0.372450805008945
"384190","PUSABASMATI6",0.298138869005011
"426049","PUSABASMATI6",0.345729537366548
"438644","PUSABASMATI6",0.347998557518933
"ADAYSEL","PUSABASMATI6",0.369533791109505
"AbhayaXDagadesi","PUSABASMATI6",0.347997138769671
"ABHISEK","PUSABASMATI6",0.261159107271418
"ABOR-A-1","PUSABASMATI6",0.374685364976627
"ANJALI","PUSABASMATI6",0.256795422031474
"Annada","PUSABASMATI6",0.279036317871269
"Apo","PUSABASMATI6",0.359570661896243
"ARC10319","PUSABASMATI6",0.373513513513513
"ARC12071","PUSABASMATI6",0.262633451957295
"ARNAPURNA","PUSABASMATI6",0.28428927680798
"ASD16","PUSABASMATI6",0.253132832080201
"AUS257","PUSABASMATI6",0.256294964028777
"BAKAL","PUSABASMATI6",0.382758620689655
"BAM1057","PUSABASMATI6",0.388467100506146
"BAM1098","PUSABASMATI6",0.371014492753623
"BAM1659","PUSABASMATI6",0.282167451975353
"BAM1689","PUSABASMATI6",0.375452570601014
"BAM1708","PUSABASMATI6",0.379391524809851
"BAM1812","PUSABASMATI6",0.380610412926391
"BAM2096","PUSABASMATI6",0.275302922309337
"BAM2166","PUSABASMATI6",0.27987649836542
"BAM247","PUSABASMATI6",0.359369401648155
"BAM2574","PUSABASMATI6",0.271979985704074
"BAM2680","PUSABASMATI6",0.267799642218247
"BAM3154","PUSABASMATI6",0.371469949312093
"BAM3181","PUSABASMATI6",0.286967418546366
"BAM326","PUSABASMATI6",0.286174785100286
"BAM328","PUSABASMATI6",0.388471177944862
"BAM350","PUSABASMATI6",0.392626377803117
"BAM3690","PUSABASMATI6",0.38038364096996
"BAM4009","PUSABASMATI6",0.385394070860448
"BAM4054","PUSABASMATI6",0.251600284495021
"BAM4138","PUSABASMATI6",0.296276211135213
"BAM4168","PUSABASMATI6",0.280660377358491
"BAM4234","PUSABASMATI6",0.251788268955651
"BAM4254","PUSABASMATI6",0.252508960573477
"BAM4477","PUSABASMATI6",0.386355475763016
"BAM4496","PUSABASMATI6",0.380264097073519
"BAM4510","PUSABASMATI6",0.296970789758384
"BAM4521","PUSABASMATI6",0.290047221213222
"BAM4534","PUSABASMATI6",0.392844300611291
"BAM4797","PUSABASMATI6",0.268916518650089
"BAM491","PUSABASMATI6",0.393306944944225
"BAM4928","PUSABASMATI6",0.27027027027027
"BAM5110","PUSABASMATI6",0.252150537634409
"BAM56","PUSABASMATI6",0.274291860882037
"BAM5779","PUSABASMATI6",0.279624277456647
"BAM5850","PUSABASMATI6",0.397789054005074
"BAM6921","PUSABASMATI6",0.349066762383345
"BAM712","PUSABASMATI6",0.275276884601643
"BAM742","PUSABASMATI6",0.281958948505582
"BAM7429","PUSABASMATI6",0.382932950878451
"BAM7449","PUSABASMATI6",0.386289445048966
"BAM747","PUSABASMATI6",0.277638190954774
"BAM759","PUSABASMATI6",0.36336109008327
"BAM766","PUSABASMATI6",0.283441793203182
"BAM807","PUSABASMATI6",0.275719424460432
"BAM811","PUSABASMATI6",0.380730659025788
"BAM812","PUSABASMATI6",0.278915229885057
"BAM819","PUSABASMATI6",0.258620689655172
"BAM8296","PUSABASMATI6",0.34332619557459
"BAM8305","PUSABASMATI6",0.361521817526145
"BAM8315","PUSABASMATI6",0.21271613832853
"BAM8364","PUSABASMATI6",0.236520488856937
"BAMAWPYAN","PUSABASMATI6",0.282923299565847
"BENAMURI","PUSABASMATI6",0.278732545649839
"BLACKGORA","PUSABASMATI6",0.227450980392157
"CGR1656","PUSABASMATI6",0.381498745069918
"CGR1679","PUSABASMATI6",0.283851375491247
"CGR2012","PUSABASMATI6",0.287199713158838
"CO18","PUSABASMATI6",0.262303851640514
"CRDHAN-204","PUSABASMATI6",0.256703611011798
"CR143-2-2","PUSABASMATI6",0.361809045226131
"CR262-4","PUSABASMATI6",0.356657122405154
"CROSSA","PUSABASMATI6",0.2825
"DULAR","PUSABASMATI6",0.400216528329123
"EYPO","PUSABASMATI6",0.359751643535427
"EYPO-2","PUSABASMATI6",0.271750805585392
"FULKATI","PUSABASMATI6",0.394793926247288
"Ghanteswari","PUSABASMATI6",0.373032904148784
"GHATIKAMMANANGARHAR","PUSABASMATI6",0.253648985404058
"GotrabiDhan","PUSABASMATI6",0.354233654876742
"GP-145-37","PUSABASMATI6",0.296289689618266
"GP-145-51","PUSABASMATI6",0.387872264083244
"HARBHOONDI","PUSABASMATI6",0.253040057224607
"HongZuiEr","PUSABASMATI6",0.383423423423423
"IndrabaruniDhan","PUSABASMATI6",0.351818830242511
"IR74371-54-1-1","PUSABASMATI6",0.361478043555873
"IR77298-14-1-2-10","PUSABASMATI6",0.352432432432432
"IR77298-5-6-18","PUSABASMATI6",0.342406876790831
"IR83383-B-B-129-4","PUSABASMATI6",0.342718794835007
"IR83388-B-B108-3","PUSABASMATI6",0.335186513629842
"IR87707-445-B-B","PUSABASMATI6",0.346291012838802
"IR87707-446-B-B","PUSABASMATI6",0.359081041968162
"IRROEPYO","PUSABASMATI6",0.282216494845361
"KALINGA-1","PUSABASMATI6",0.370748299319728
"KANGRO","PUSABASMATI6",0.263345195729537
"KHAODAWTAI","PUSABASMATI6",0.274883219547251
"MANDRIRAVINA","PUSABASMATI6",0.264245014245014
"MAUDAMANI","PUSABASMATI6",0.261563284331301
"MOROBEREKAN","PUSABASMATI6",0.368690563277249
"MTU1010","PUSABASMATI6",0.344176851186197
"MTU9","PUSABASMATI6",0.263581129378127
"NERICA-L-26","PUSABASMATI6",0.357374684457267
"NERICA-L-42","PUSABASMATI6",0.362223016440315
"NERICA-L-44","PUSABASMATI6",0.346730975348339
"PARIJAT","PUSABASMATI6",0.354091888011486
"Patchaiperumal","PUSABASMATI6",0.378793288111389
"PEH-KUH-TSAO-TU","PUSABASMATI6",0.263814616755793
"PMK-2","PUSABASMATI6",0.372814841241527
"PRASAD-1","PUSABASMATI6",0.235588972431078
"PUSASUGANDH5","PUSABASMATI6",0.288777698355969
"PUSA1121","PUSABASMATI6",0.246812386156648
"Pusa1121-SN12","PUSABASMATI6",0.246069469835466
"PUSA44","PUSABASMATI6",0.32960381511372
"PUSABASMATI6","PUSABASMATI6",0
"PUSASUGANDH2","PUSABASMATI6",0.256939501779359
"RASI","PUSABASMATI6",0.379615952732644
"RKVY-104","PUSABASMATI6",0.383032490974729
"RKVY-143","PUSABASMATI6",0.389067524115756
"RKVY-28","PUSABASMATI6",0.397431259044863
"R-RF-44","PUSABASMATI6",0.348098995695839
"RRF-78","PUSABASMATI6",0.355910887531441
"Sadabahar","PUSABASMATI6",0.278276481149013
"SAFRI-17","PUSABASMATI6",0.250719424460432
"SAHBHAGIDHAN","PUSABASMATI6",0.349766941556113
"SATABHAMA","PUSABASMATI6",0.263412017167382
"SERATOES","PUSABASMATI6",0.403025884068538
"SERETY","PUSABASMATI6",0.263581129378127
"SHAKU","PUSABASMATI6",0.266504126031508
"SR1-3-1","PUSABASMATI6",0.235537190082645
"SUWEON","PUSABASMATI6",0.251309880239521
"SWARNA","PUSABASMATI6",0.370717634331049
"VANAPRAVA","PUSABASMATI6",0.387781000725163
"VANDANA","PUSABASMATI6",0.381673881673882
"Wayrarem","PUSABASMATI6",0.362787356321839
"281785","PUSASUGANDH2",0.207520397304009
"282803","PUSASUGANDH2",0.317524682651622
"299554","PUSASUGANDH2",0.299420709630702
"356457","PUSASUGANDH2",0.309406809406809
"376579","PUSASUGANDH2",0.228329809725159
"376851","PUSASUGANDH2",0.220996441281139
"377448","PUSASUGANDH2",0.328307910606598
"377705","PUSASUGANDH2",0.334334157541505
"384190","PUSASUGANDH2",0.321896002829855
"426049","PUSASUGANDH2",0.307949349278931
"438644","PUSASUGANDH2",0.313746438746439
"ADAYSEL","PUSASUGANDH2",0.3383874420264
"AbhayaXDagadesi","PUSASUGANDH2",0.308100459851433
"ABHISEK","PUSASUGANDH2",0.209992887624467
"ABOR-A-1","PUSASUGANDH2",0.330613692798865
"ANJALI","PUSASUGANDH2",0.200634696755994
"Annada","PUSASUGANDH2",0.358641536273115
"Apo","PUSASUGANDH2",0.324548991864167
"ARC10319","PUSASUGANDH2",0.334873800213295
"ARC12071","PUSASUGANDH2",0.215741391426564
"ARNAPURNA","PUSASUGANDH2",0.22009148486981
"ASD16","PUSASUGANDH2",0.183940573045631
"AUS257","PUSASUGANDH2",0.192539964476021
"BAKAL","PUSASUGANDH2",0.412661406025825
"BAM1057","PUSASUGANDH2",0.417678571428571
"BAM1098","PUSASUGANDH2",0.42432915921288
"BAM1659","PUSASUGANDH2",0.223453700393278
"BAM1689","PUSASUGANDH2",0.412732474964235
"BAM1708","PUSASUGANDH2",0.413447782546495
"BAM1812","PUSASUGANDH2",0.331973030518098
"BAM2096","PUSASUGANDH2",0.225749559082892
"BAM2166","PUSASUGANDH2",0.319064748201439
"BAM247","PUSASUGANDH2",0.306753889674682
"BAM2574","PUSASUGANDH2",0.224991162955108
"BAM2680","PUSASUGANDH2",0.225891910985518
"BAM3154","PUSASUGANDH2",0.320343224883804
"BAM3181","PUSASUGANDH2",0.243544393349841
"BAM326","PUSASUGANDH2",0.218882602545969
"BAM328","PUSASUGANDH2",0.340876944837341
"BAM350","PUSASUGANDH2",0.373826511453248
"BAM3690","PUSASUGANDH2",0.348446983220278
"BAM4009","PUSASUGANDH2",0.429464285714286
"BAM4054","PUSASUGANDH2",0.20098383696416
"BAM4138","PUSASUGANDH2",0.325527350732928
"BAM4168","PUSASUGANDH2",0.291651737728413
"BAM4234","PUSASUGANDH2",0.205903145987982
"BAM4254","PUSASUGANDH2",0.20354609929078
"BAM4477","PUSASUGANDH2",0.348581560283688
"BAM4496","PUSASUGANDH2",0.321189721928898
"BAM4510","PUSASUGANDH2",0.319672131147541
"BAM4521","PUSASUGANDH2",0.324067431850789
"BAM4534","PUSASUGANDH2",0.414742451154529
"BAM4797","PUSASUGANDH2",0.227623727623728
"BAM491","PUSASUGANDH2",0.3722004976893
"BAM4928","PUSASUGANDH2",0.307130124777184
"BAM5110","PUSASUGANDH2",0.180820948336872
"BAM56","PUSASUGANDH2",0.313319164009919
"BAM5779","PUSASUGANDH2",0.293454935622318
"BAM5850","PUSASUGANDH2",0.422154617036507
"BAM6921","PUSASUGANDH2",0.298901488306166
"BAM712","PUSASUGANDH2",0.354998233839633
"BAM742","PUSASUGANDH2",0.354122245913291
"BAM7429","PUSASUGANDH2",0.337579617834395
"BAM7449","PUSASUGANDH2",0.418070993187522
"BAM747","PUSASUGANDH2",0.353368794326241
"BAM759","PUSASUGANDH2",0.373273609555804
"BAM766","PUSASUGANDH2",0.351162790697674
"BAM807","PUSASUGANDH2",0.290689410092395
"BAM811","PUSASUGANDH2",0.337871287128713
"BAM812","PUSASUGANDH2",0.229758522727273
"BAM819","PUSASUGANDH2",0.206112295664534
"BAM8296","PUSASUGANDH2",0.303350970017637
"BAM8305","PUSASUGANDH2",0.325560697757209
"BAM8315","PUSASUGANDH2",0.337606837606838
"BAM8364","PUSASUGANDH2",0.223702914001422
"BAMAWPYAN","PUSASUGANDH2",0.320943531093638
"BENAMURI","PUSASUGANDH2",0.235127478753541
"BLACKGORA","PUSASUGANDH2",0.205105633802817
"CGR1656","PUSASUGANDH2",0.341592920353982
"CGR1679","PUSASUGANDH2",0.215118332744613
"CGR2012","PUSASUGANDH2",0.225583864118896
"CO18","PUSASUGANDH2",0.208245243128964
"CRDHAN-204","PUSASUGANDH2",0.187102473498233
"CR143-2-2","PUSASUGANDH2",0.308537017357421
"CR262-4","PUSASUGANDH2",0.304378531073446
"CROSSA","PUSASUGANDH2",0.231488011283498
"DULAR","PUSASUGANDH2",0.426229508196721
"EYPO","PUSASUGANDH2",0.350684438040346
"EYPO-2","PUSASUGANDH2",0.229056203605514
"FULKATI","PUSASUGANDH2",0.411186561829878
"Ghanteswari","PUSASUGANDH2",0.321680790960452
"GHATIKAMMANANGARHAR","PUSASUGANDH2",0.206223628691983
"GotrabiDhan","PUSASUGANDH2",0.298412698412698
"GP-145-37","PUSASUGANDH2",0.220246478873239
"GP-145-51","PUSASUGANDH2",0.321466524973433
"HARBHOONDI","PUSASUGANDH2",0.203218960028299
"HongZuiEr","PUSASUGANDH2",0.330722677109292
"IndrabaruniDhan","PUSASUGANDH2",0.124691792884819
"IR74371-54-1-1","PUSASUGANDH2",0.308709449929478
"IR77298-14-1-2-10","PUSASUGANDH2",0.281639928698752
"IR77298-5-6-18","PUSASUGANDH2",0.310930314821365
"IR83383-B-B-129-4","PUSASUGANDH2",0.319773611602405
"IR83388-B-B108-3","PUSASUGANDH2",0.304386275203396
"IR87707-445-B-B","PUSASUGANDH2",0.314834390415786
"IR87707-446-B-B","PUSASUGANDH2",0.315695387915624
"IRROEPYO","PUSASUGANDH2",0.287377228082939
"KALINGA-1","PUSASUGANDH2",0.319194061505832
"KANGRO","PUSASUGANDH2",0.214335910049192
"KHAODAWTAI","PUSASUGANDH2",0.223623445825933
"MANDRIRAVINA","PUSASUGANDH2",0.211091549295775
"MAUDAMANI","PUSASUGANDH2",0.197237960339943
"MOROBEREKAN","PUSASUGANDH2",0.451356238698011
"MTU1010","PUSASUGANDH2",0.306136927988648
"MTU9","PUSASUGANDH2",0.215572033898305
"NERICA-L-26","PUSASUGANDH2",0.292274830900676
"NERICA-L-42","PUSASUGANDH2",0.295975997176138
"NERICA-L-44","PUSASUGANDH2",0.306946403385049
"PARIJAT","PUSASUGANDH2",0.327250177179305
"Patchaiperumal","PUSASUGANDH2",0.328218694885362
"PEH-KUH-TSAO-TU","PUSASUGANDH2",0.212398731947869
"PMK-2","PUSASUGANDH2",0.328933474128828
"PRASAD-1","PUSASUGANDH2",0.20583038869258
"PUSASUGANDH5","PUSASUGANDH2",0.318406205923836
"PUSA1121","PUSASUGANDH2",0.390388768898488
"Pusa1121-SN12","PUSASUGANDH2",0.389190166305134
"PUSA44","PUSASUGANDH2",0.291530944625407
"PUSABASMATI6","PUSASUGANDH2",0.256939501779359
"PUSASUGANDH2","PUSASUGANDH2",0
"RASI","PUSASUGANDH2",0.336250911743253
"RKVY-104","PUSASUGANDH2",0.426460113960114
"RKVY-143","PUSASUGANDH2",0.321932299012694
"RKVY-28","PUSASUGANDH2",0.417024320457797
"R-RF-44","PUSASUGANDH2",0.288216560509554
"RRF-78","PUSASUGANDH2",0.346631205673759
"Sadabahar","PUSASUGANDH2",0.231832683445587
"SAFRI-17","PUSASUGANDH2",0.175133214920071
"SAHBHAGIDHAN","PUSASUGANDH2",0.324185552407932
"SATABHAMA","PUSASUGANDH2",0.199010250972075
"SERATOES","PUSASUGANDH2",0.415556355779618
"SERETY","PUSASUGANDH2",0.218849276385457
"SHAKU","PUSASUGANDH2",0.243243243243243
"SR1-3-1","PUSASUGANDH2",0.202271114265436
"SUWEON","PUSASUGANDH2",0.228935698447894
"SWARNA","PUSASUGANDH2",0.241717135732098
"VANAPRAVA","PUSASUGANDH2",0.415324024346581
"VANDANA","PUSASUGANDH2",0.368758915834522
"Wayrarem","PUSASUGANDH2",0.326888967719049
"281785","RASI",0.329532916513424
"282803","RASI",0.227455275648047
"299554","RASI",0.23876404494382
"356457","RASI",0.216152450090744
"376579","RASI",0.347222222222222
"376851","RASI",0.352431834929993
"377448","RASI",0.252386196769457
"377705","RASI",0.232299270072993
"384190","RASI",0.410805860805861
"426049","RASI",0.215768390386016
"438644","RASI",0.230187983781791
"ADAYSEL","RASI",0.293084319526627
"AbhayaXDagadesi","RASI",0.241208791208791
"ABHISEK","RASI",0.244383057090239
"ABOR-A-1","RASI",0.155412844036697
"ANJALI","RASI",0.320840950639854
"Annada","RASI",0.436467131839883
"Apo","RASI",0.243223443223443
"ARC10319","RASI",0.259109311740891
"ARC12071","RASI",0.342018950437318
"ARNAPURNA","RASI",0.348451730418944
"ASD16","RASI",0.319464809384164
"AUS257","RASI",0.337569060773481
"BAKAL","RASI",0.321375464684015
"BAM1057","RASI",0.318282753515914
"BAM1098","RASI",0.330314232902033
"BAM1659","RASI",0.346810089020771
"BAM1689","RASI",0.312476860422066
"BAM1708","RASI",0.318652849740933
"BAM1812","RASI",0.252380952380952
"BAM2096","RASI",0.358552631578947
"BAM2166","RASI",0.401340282948622
"BAM247","RASI",0.222567666422824
"BAM2574","RASI",0.34481495053133
"BAM2680","RASI",0.331688596491228
"BAM3154","RASI",0.238068812430633
"BAM3181","RASI",0.363953061972864
"BAM326","RASI",0.34697247706422
"BAM328","RASI",0.260607168983175
"BAM350","RASI",0.24922600619195
"BAM3690","RASI",0.25480413895048
"BAM4009","RASI",0.34060650887574
"BAM4054","RASI",0.303350327749454
"BAM4138","RASI",0.426083734716562
"BAM4168","RASI",0.383729569093611
"BAM4234","RASI",0.349139509337239
"BAM4254","RASI",0.351048179477749
"BAM4477","RASI",0.254848152213685
"BAM4496","RASI",0.251184834123223
"BAM4510","RASI",0.414544112218531
"BAM4521","RASI",0.416325771662328
"BAM4534","RASI",0.334008097165992
"BAM4797","RASI",0.354409620991254
"BAM491","RASI",0.285556780595369
"BAM4928","RASI",0.396462785556374
"BAM5110","RASI",0.319551635428151
"BAM56","RASI",0.408590308370044
"BAM5779","RASI",0.400925925925926
"BAM5850","RASI",0.346523668639053
"BAM6921","RASI",0.240388136213841
"BAM712","RASI",0.435195326761592
"BAM742","RASI",0.433837080722447
"BAM7429","RASI",0.251098901098901
"BAM7449","RASI",0.332715133531157
"BAM747","RASI",0.433553597650514
"BAM759","RASI",0.254738878143133
"BAM766","RASI",0.431321732691596
"BAM807","RASI",0.399557685219314
"BAM811","RASI",0.247441520467836
"BAM812","RASI",0.343151693667158
"BAM819","RASI",0.341930729550479
"BAM8296","RASI",0.242982136347065
"BAM8305","RASI",0.226032448377581
"BAM8315","RASI",0.427279438907346
"BAM8364","RASI",0.324503311258278
"BAMAWPYAN","RASI",0.415647015202076
"BENAMURI","RASI",0.341526045487894
"BLACKGORA","RASI",0.334730320699708
"CGR1656","RASI",0.246429879165141
"CGR1679","RASI",0.349523460410557
"CGR2012","RASI",0.344587155963303
"CO18","RASI",0.338143953233467
"CRDHAN-204","RASI",0.327586206896552
"CR143-2-2","RASI",0.23489564262175
"CR262-4","RASI",0.237755847953216
"CROSSA","RASI",0.344367227505486
"DULAR","RASI",0.345330380214101
"EYPO","RASI",0.258562918838421
"EYPO-2","RASI",0.253477306002928
"FULKATI","RASI",0.334689349112426
"Ghanteswari","RASI",0.211517367458867
"GHATIKAMMANANGARHAR","RASI",0.321493624772313
"GotrabiDhan","RASI",0.228419897585955
"GP-145-37","RASI",0.339292229113462
"GP-145-51","RASI",0.254765395894428
"HARBHOONDI","RASI",0.331073653352877
"HongZuiEr","RASI",0.255604557148107
"IndrabaruniDhan","RASI",0.240416210295728
"IR74371-54-1-1","RASI",0.2436177972283
"IR77298-14-1-2-10","RASI",0.243830570902394
"IR77298-5-6-18","RASI",0.256959706959707
"IR83383-B-B-129-4","RASI",0.243580337490829
"IR83388-B-B108-3","RASI",0.236533528765115
"IR87707-445-B-B","RASI",0.242971887550201
"IR87707-446-B-B","RASI",0.22537037037037
"IRROEPYO","RASI",0.379706325301205
"KALINGA-1","RASI",0.208775137111517
"KANGRO","RASI",0.340975254730713
"KHAODAWTAI","RASI",0.32223040117777
"MANDRIRAVINA","RASI",0.337285662167092
"MAUDAMANI","RASI",0.308455882352941
"MOROBEREKAN","RASI",0.366281238343902
"MTU1010","RASI",0.237228959941198
"MTU9","RASI",0.343944383461398
"NERICA-L-26","RASI",0.246688741721854
"NERICA-L-42","RASI",0.245703839122486
"NERICA-L-44","RASI",0.235229759299781
"PARIJAT","RASI",0.234776228906823
"Patchaiperumal","RASI",0.245345016429354
"PEH-KUH-TSAO-TU","RASI",0.340817816721431
"PMK-2","RASI",0.154939846882975
"PRASAD-1","RASI",0.335043988269795
"PUSASUGANDH5","RASI",0.252102376599634
"PUSA1121","RASI",0.309568131049888
"Pusa1121-SN12","RASI",0.305389221556886
"PUSA44","RASI",0.223013493253373
"PUSABASMATI6","RASI",0.379615952732644
"PUSASUGANDH2","RASI",0.336250911743253
"RASI","RASI",0
"RKVY-104","RASI",0.336159233321047
"RKVY-143","RASI",0.2493615468807
"RKVY-28","RASI",0.322062084257206
"R-RF-44","RASI",0.238548919017955
"RRF-78","RASI",0.266140865737344
"Sadabahar","RASI",0.346238532110092
"SAFRI-17","RASI",0.325405604719764
"SAHBHAGIDHAN","RASI",0.232967032967033
"SATABHAMA","RASI",0.33180987202925
"SERATOES","RASI",0.337239583333333
"SERETY","RASI",0.337111517367459
"SHAKU","RASI",0.344170834936514
"SR1-3-1","RASI",0.340699815837937
"SUWEON","RASI",0.325478927203065
"SWARNA","RASI",0.229135893648449
"VANAPRAVA","RASI",0.315906562847608
"VANDANA","RASI",0.28210332103321
"Wayrarem","RASI",0.243213499633162
"281785","RKVY-104",0.408405172413793
"282803","RKVY-104",0.329237891737892
"299554","RKVY-104",0.331690397955458
"356457","RKVY-104",0.324707550514002
"376579","RKVY-104",0.401034236804565
"376851","RKVY-104",0.402697841726619
"377448","RKVY-104",0.319878005023323
"377705","RKVY-104",0.338209061719586
"384190","RKVY-104",0.266368515205724
"426049","RKVY-104",0.324866785079929
"438644","RKVY-104",0.331115107913669
"ADAYSEL","RKVY-104",0.241167988464311
"AbhayaXDagadesi","RKVY-104",0.329699785561115
"ABHISEK","RKVY-104",0.415617128463476
"ABOR-A-1","RKVY-104",0.328438395415473
"ANJALI","RKVY-104",0.415387361656551
"Annada","RKVY-104",0.364729099390025
"Apo","RKVY-104",0.328510182207931
"ARC10319","RKVY-104",0.315486884656845
"ARC12071","RKVY-104",0.398046181172291
"ARNAPURNA","RKVY-104",0.408380681818182
"ASD16","RKVY-104",0.419233524355301
"AUS257","RKVY-104",0.415528396836808
"BAKAL","RKVY-104",0.177279305354559
"BAM1057","RKVY-104",0.180755395683453
"BAM1098","RKVY-104",0.179848320693391
"BAM1659","RKVY-104",0.40997830802603
"BAM1689","RKVY-104",0.193752257132539
"BAM1708","RKVY-104",0.189369369369369
"BAM1812","RKVY-104",0.311604584527221
"BAM2096","RKVY-104",0.408880171184023
"BAM2166","RKVY-104",0.281477438136827
"BAM247","RKVY-104",0.332738307747233
"BAM2574","RKVY-104",0.404966059306895
"BAM2680","RKVY-104",0.420592433975732
"BAM3154","RKVY-104",0.326401446654611
"BAM3181","RKVY-104",0.415682062298604
"BAM326","RKVY-104",0.402543891078467
"BAM328","RKVY-104",0.316916488222698
"BAM350","RKVY-104",0.251794484321874
"BAM3690","RKVY-104",0.334414414414414
"BAM4009","RKVY-104",0.174720519293184
"BAM4054","RKVY-104",0.412726626377533
"BAM4138","RKVY-104",0.276753434562545
"BAM4168","RKVY-104",0.347731397459165
"BAM4234","RKVY-104",0.411333571683947
"BAM4254","RKVY-104",0.413168281306064
"BAM4477","RKVY-104",0.333273574757978
"BAM4496","RKVY-104",0.321949484169335
"BAM4510","RKVY-104",0.277078085642317
"BAM4521","RKVY-104",0.264150943396226
"BAM4534","RKVY-104",0.193259232699892
"BAM4797","RKVY-104",0.383972992181947
"BAM491","RKVY-104",0.239590811198851
"BAM4928","RKVY-104",0.289416846652268
"BAM5110","RKVY-104",0.424399856682193
"BAM56","RKVY-104",0.277777777777778
"BAM5779","RKVY-104",0.364835561980484
"BAM5850","RKVY-104",0.189009009009009
"BAM6921","RKVY-104",0.323002508061627
"BAM712","RKVY-104",0.362370581935023
"BAM742","RKVY-104",0.369064748201439
"BAM7429","RKVY-104",0.329041487839771
"BAM7449","RKVY-104",0.193752257132539
"BAM747","RKVY-104",0.365853658536585
"BAM759","RKVY-104",0.238418079096045
"BAM766","RKVY-104",0.366016612495486
"BAM807","RKVY-104",0.365170556552962
"BAM811","RKVY-104",0.330060692609782
"BAM812","RKVY-104",0.413582464965864
"BAM819","RKVY-104",0.42358863718087
"BAM8296","RKVY-104",0.334579772079772
"BAM8305","RKVY-104",0.335850413520316
"BAM8315","RKVY-104",0.335073820669788
"BAM8364","RKVY-104",0.391023339317774
"BAMAWPYAN","RKVY-104",0.260665220535069
"BENAMURI","RKVY-104",0.400752418487997
"BLACKGORA","RKVY-104",0.41449946562166
"CGR1656","RKVY-104",0.315139584824624
"CGR1679","RKVY-104",0.408327376697641
"CGR2012","RKVY-104",0.408634897886062
"CO18","RKVY-104",0.398752228163993
"CRDHAN-204","RKVY-104",0.416487839771102
"CR143-2-2","RKVY-104",0.332558970693352
"CR262-4","RKVY-104",0.334224598930481
"CROSSA","RKVY-104",0.402069211559044
"DULAR","RKVY-104",0.175826149425287
"EYPO","RKVY-104",0.278142076502732
"EYPO-2","RKVY-104",0.40939957112223
"FULKATI","RKVY-104",0.206654676258993
"Ghanteswari","RKVY-104",0.329525169582292
"GHATIKAMMANANGARHAR","RKVY-104",0.404770380918476
"GotrabiDhan","RKVY-104",0.329889561809761
"GP-145-37","RKVY-104",0.414855717848237
"GP-145-51","RKVY-104",0.326421165534501
"HARBHOONDI","RKVY-104",0.414669051878354
"HongZuiEr","RKVY-104",0.339748201438849
"IndrabaruniDhan","RKVY-104",0.342826628693485
"IR74371-54-1-1","RKVY-104",0.329003558718861
"IR77298-14-1-2-10","RKVY-104",0.324397265203311
"IR77298-5-6-18","RKVY-104",0.332738307747233
"IR83383-B-B-129-4","RKVY-104",0.330708661417323
"IR83388-B-B108-3","RKVY-104",0.321543408360129
"IR87707-445-B-B","RKVY-104",0.329415954415954
"IR87707-446-B-B","RKVY-104",0.326291079812207
"IRROEPYO","RKVY-104",0.311924917188075
"KALINGA-1","RKVY-104",0.340592645483756
"KANGRO","RKVY-104",0.398615056818182
"KHAODAWTAI","RKVY-104",0.425440172475746
"MANDRIRAVINA","RKVY-104",0.396011396011396
"MAUDAMANI","RKVY-104",0.420495333811917
"MOROBEREKAN","RKVY-104",0.2909057706355
"MTU1010","RKVY-104",0.337513436044429
"MTU9","RKVY-104",0.399571122230164
"NERICA-L-26","RKVY-104",0.33902263744161
"NERICA-L-42","RKVY-104",0.338617741360884
"NERICA-L-44","RKVY-104",0.325498575498576
"PARIJAT","RKVY-104",0.331303724928367
"Patchaiperumal","RKVY-104",0.322166785459729
"PEH-KUH-TSAO-TU","RKVY-104",0.398504273504274
"PMK-2","RKVY-104",0.32846975088968
"PRASAD-1","RKVY-104",0.405656999641962
"PUSASUGANDH5","RKVY-104",0.307417974322397
"PUSA1121","RKVY-104",0.263253449527959
"Pusa1121-SN12","RKVY-104",0.265681983953319
"PUSA44","RKVY-104",0.330718715797154
"PUSABASMATI6","RKVY-104",0.383032490974729
"PUSASUGANDH2","RKVY-104",0.426460113960114
"RASI","RKVY-104",0.336159233321047
"RKVY-104","RKVY-104",0
"RKVY-143","RKVY-104",0.327567760342368
"RKVY-28","RKVY-104",0.185631976953547
"R-RF-44","RKVY-104",0.335836909871245
"RRF-78","RKVY-104",0.278254649499285
"Sadabahar","RKVY-104",0.408031552527788
"SAFRI-17","RKVY-104",0.410547156227502
"SAHBHAGIDHAN","RKVY-104",0.332140300644238
"SATABHAMA","RKVY-104",0.41493924231594
"SERATOES","RKVY-104",0.197063089195069
"SERETY","RKVY-104",0.403248839700107
"SHAKU","RKVY-104",0.396661665416354
"SR1-3-1","RKVY-104",0.40453074433657
"SUWEON","RKVY-104",0.373828271466067
"SWARNA","RKVY-104",0.339034929780338
"VANAPRAVA","RKVY-104",0.181425485961123
"VANDANA","RKVY-104",0.277498202731848
"Wayrarem","RKVY-104",0.327839484055894
"281785","RKVY-143",0.337597725657427
"282803","RKVY-143",0.243824982357092
"299554","RKVY-143",0.265760869565217
"356457","RKVY-143",0.237802737802738
"376579","RKVY-143",0.236238532110092
"376851","RKVY-143",0.247505345687812
"377448","RKVY-143",0.165601703940362
"377705","RKVY-143",0.247177134791814
"384190","RKVY-143",0.395147006730429
"426049","RKVY-143",0.238388458831809
"438644","RKVY-143",0.236729604560028
"ADAYSEL","RKVY-143",0.285867237687366
"AbhayaXDagadesi","RKVY-143",0.266100495399858
"ABHISEK","RKVY-143",0.354597291518175
"ABOR-A-1","RKVY-143",0.224468085106383
"ANJALI","RKVY-143",0.346480367881146
"Annada","RKVY-143",0.43914590747331
"Apo","RKVY-143",0.281161473087819
"ARC10319","RKVY-143",0.208392603129445
"ARC12071","RKVY-143",0.28989080662205
"ARNAPURNA","RKVY-143",0.295318549806406
"ASD16","RKVY-143",0.324822695035461
"AUS257","RKVY-143",0.35222816399287
"BAKAL","RKVY-143",0.309318996415771
"BAM1057","RKVY-143",0.309864188706219
"BAM1098","RKVY-143",0.321237039685377
"BAM1659","RKVY-143",0.314336917562724
"BAM1689","RKVY-143",0.291771019677996
"BAM1708","RKVY-143",0.316410439756882
"BAM1812","RKVY-143",0.152482269503546
"BAM2096","RKVY-143",0.276622002820874
"BAM2166","RKVY-143",0.391609650702197
"BAM247","RKVY-143",0.233097345132743
"BAM2574","RKVY-143",0.261061946902655
"BAM2680","RKVY-143",0.346834099752388
"BAM3154","RKVY-143",0.187365783822477
"BAM3181","RKVY-143",0.294148936170213
"BAM326","RKVY-143",0.176408076514346
"BAM328","RKVY-143",0.195828914810887
"BAM350","RKVY-143",0.216797605686495
"BAM3690","RKVY-143",0.240720913633119
"BAM4009","RKVY-143",0.327266238401142
"BAM4054","RKVY-143",0.321302816901408
"BAM4138","RKVY-143",0.405265042979943
"BAM4168","RKVY-143",0.385816876122083
"BAM4234","RKVY-143",0.360884955752212
"BAM4254","RKVY-143",0.362522202486679
"BAM4477","RKVY-143",0.234740951029099
"BAM4496","RKVY-143",0.201232394366197
"BAM4510","RKVY-143",0.393901569186876
"BAM4521","RKVY-143",0.401258992805755
"BAM4534","RKVY-143",0.308061079545455
"BAM4797","RKVY-143",0.28219563687544
"BAM491","RKVY-143",0.222419928825623
"BAM4928","RKVY-143",0.386866523911492
"BAM5110","RKVY-143",0.338778409090909
"BAM56","RKVY-143",0.39155129570465
"BAM5779","RKVY-143",0.40297171500179
"BAM5850","RKVY-143",0.319692637598284
"BAM6921","RKVY-143",0.262411347517731
"BAM712","RKVY-143",0.436350777934936
"BAM742","RKVY-143",0.437655860349127
"BAM7429","RKVY-143",0.149063935005298
"BAM7449","RKVY-143",0.315392895586652
"BAM747","RKVY-143",0.436079545454545
"BAM759","RKVY-143",0.277092675635277
"BAM766","RKVY-143",0.436559139784946
"BAM807","RKVY-143",0.399430402278391
"BAM811","RKVY-143",0.259992925362575
"BAM812","RKVY-143",0.353840682788051
"BAM819","RKVY-143",0.330544677821289
"BAM8296","RKVY-143",0.252642706131078
"BAM8305","RKVY-143",0.265764161026006
"BAM8315","RKVY-143",0.422047805922226
"BAM8364","RKVY-143",0.342404838135895
"BAMAWPYAN","RKVY-143",0.398997134670487
"BENAMURI","RKVY-143",0.293231750531538
"BLACKGORA","RKVY-143",0.338504936530324
"CGR1656","RKVY-143",0.192171448813319
"CGR1679","RKVY-143",0.244342291371994
"CGR2012","RKVY-143",0.239992915338293
"CO18","RKVY-143",0.292196327683616
"CRDHAN-204","RKVY-143",0.356712716967765
"CR143-2-2","RKVY-143",0.259311812699539
"CR262-4","RKVY-143",0.25954738330976
"CROSSA","RKVY-143",0.244436594842812
"DULAR","RKVY-143",0.317712045616536
"EYPO","RKVY-143",0.167925206760158
"EYPO-2","RKVY-143",0.321946902654867
"FULKATI","RKVY-143",0.313280971081757
"Ghanteswari","RKVY-143",0.226598375132462
"GHATIKAMMANANGARHAR","RKVY-143",0.346845259076489
"GotrabiDhan","RKVY-143",0.232767762460233
"GP-145-37","RKVY-143",0.245765702187721
"GP-145-51","RKVY-143",0.141846480367881
"HARBHOONDI","RKVY-143",0.355827134254339
"HongZuiEr","RKVY-143",0.23995734091717
"IndrabaruniDhan","RKVY-143",0.226375176304654
"IR74371-54-1-1","RKVY-143",0.259774568510039
"IR77298-14-1-2-10","RKVY-143",0.252051373528362
"IR77298-5-6-18","RKVY-143",0.272646850672328
"IR83383-B-B-129-4","RKVY-143",0.266477675407512
"IR83388-B-B108-3","RKVY-143",0.256201275690999
"IR87707-445-B-B","RKVY-143",0.265878616796048
"IR87707-446-B-B","RKVY-143",0.2584229390681
"IRROEPYO","RKVY-143",0.391684901531729
"KALINGA-1","RKVY-143",0.230374823196605
"KANGRO","RKVY-143",0.287649542575651
"KHAODAWTAI","RKVY-143",0.325978647686833
"MANDRIRAVINA","RKVY-143",0.291990119971771
"MAUDAMANI","RKVY-143",0.343283582089552
"MOROBEREKAN","RKVY-143",0.369125090383225
"MTU1010","RKVY-143",0.258976182012087
"MTU9","RKVY-143",0.291504424778761
"NERICA-L-26","RKVY-143",0.250355871886121
"NERICA-L-42","RKVY-143",0.253973860826563
"NERICA-L-44","RKVY-143",0.238708539167255
"PARIJAT","RKVY-143",0.260553387726144
"Patchaiperumal","RKVY-143",0.178596614950635
"PEH-KUH-TSAO-TU","RKVY-143",0.28863796753705
"PMK-2","RKVY-143",0.224083215796897
"PRASAD-1","RKVY-143",0.352002835873804
"PUSASUGANDH5","RKVY-143",0.265277287177676
"PUSA1121","RKVY-143",0.311442965095358
"Pusa1121-SN12","RKVY-143",0.310282404055033
"PUSA44","RKVY-143",0.255792903692976
"PUSABASMATI6","RKVY-143",0.389067524115756
"PUSASUGANDH2","RKVY-143",0.321932299012694
"RASI","RKVY-143",0.2493615468807
"RKVY-104","RKVY-143",0.327567760342368
"RKVY-143","RKVY-143",0
"RKVY-28","RKVY-143",0.29957127545552
"R-RF-44","RKVY-143",0.254961020552799
"RRF-78","RKVY-143",0.276143211627083
"Sadabahar","RKVY-143",0.267223011363636
"SAFRI-17","RKVY-143",0.330958318489491
"SAHBHAGIDHAN","RKVY-143",0.258498583569405
"SATABHAMA","RKVY-143",0.345718329794763
"SERATOES","RKVY-143",0.313869924541861
"SERETY","RKVY-143",0.291298195967457
"SHAKU","RKVY-143",0.366171003717472
"SR1-3-1","RKVY-143",0.354907539118065
"SUWEON","RKVY-143",0.351576994434137
"SWARNA","RKVY-143",0.24331073849447
"VANAPRAVA","RKVY-143",0.310912343470483
"VANDANA","RKVY-143",0.29126559714795
"Wayrarem","RKVY-143",0.2837646224743
"281785","RKVY-28",0.414054054054054
"282803","RKVY-28",0.331663685152057
"299554","RKVY-28",0.326549321598827
"356457","RKVY-28",0.31272210376688
"376579","RKVY-28",0.390557939914163
"376851","RKVY-28",0.392573900504686
"377448","RKVY-28",0.291082344480403
"377705","RKVY-28",0.327129563350036
"384190","RKVY-28",0.28740581270183
"426049","RKVY-28",0.314306100606493
"438644","RKVY-28",0.328395953757225
"ADAYSEL","RKVY-28",0.241772151898734
"AbhayaXDagadesi","RKVY-28",0.335783434922911
"ABHISEK","RKVY-28",0.408516780945507
"ABOR-A-1","RKVY-28",0.311330935251799
"ANJALI","RKVY-28",0.425170068027211
"Annada","RKVY-28",0.404719020172911
"Apo","RKVY-28",0.325439540724794
"ARC10319","RKVY-28",0.305725603168887
"ARC12071","RKVY-28",0.379636233951498
"ARNAPURNA","RKVY-28",0.413608835055219
"ASD16","RKVY-28",0.411817528735632
"AUS257","RKVY-28",0.415254237288136
"BAKAL","RKVY-28",0.140806686046512
"BAM1057","RKVY-28",0.164014466546112
"BAM1098","RKVY-28",0.204011564871702
"BAM1659","RKVY-28",0.406238665215814
"BAM1689","RKVY-28",0.201957940536621
"BAM1708","RKVY-28",0.188382193268187
"BAM1812","RKVY-28",0.297807332854062
"BAM2096","RKVY-28",0.397106109324759
"BAM2166","RKVY-28",0.309454545454545
"BAM247","RKVY-28",0.318409742120344
"BAM2574","RKVY-28",0.388709677419355
"BAM2680","RKVY-28",0.415263346470799
"BAM3154","RKVY-28",0.315264684554025
"BAM3181","RKVY-28",0.401362984218077
"BAM326","RKVY-28",0.385775862068966
"BAM328","RKVY-28",0.312119039082108
"BAM350","RKVY-28",0.222327520849128
"BAM3690","RKVY-28",0.315351194786387
"BAM4009","RKVY-28",0.210155402963498
"BAM4054","RKVY-28",0.413873038516405
"BAM4138","RKVY-28",0.284679463962332
"BAM4168","RKVY-28",0.349382267441861
"BAM4234","RKVY-28",0.416157989228007
"BAM4254","RKVY-28",0.417596257646635
"BAM4477","RKVY-28",0.315506101938263
"BAM4496","RKVY-28",0.314887540164227
"BAM4510","RKVY-28",0.267496392496392
"BAM4521","RKVY-28",0.272974936432982
"BAM4534","RKVY-28",0.186645068394528
"BAM4797","RKVY-28",0.371392946205914
"BAM491","RKVY-28",0.260712999639899
"BAM4928","RKVY-28",0.297145953757225
"BAM5110","RKVY-28",0.415647482014389
"BAM56","RKVY-28",0.26954806312769
"BAM5779","RKVY-28",0.386034732272069
"BAM5850","RKVY-28",0.180209461899603
"BAM6921","RKVY-28",0.327116212338594
"BAM712","RKVY-28",0.40343347639485
"BAM742","RKVY-28",0.410894660894661
"BAM7429","RKVY-28",0.302617425600574
"BAM7449","RKVY-28",0.18021778584392
"BAM747","RKVY-28",0.407047824523553
"BAM759","RKVY-28",0.239409984871407
"BAM766","RKVY-28",0.407098877218399
"BAM807","RKVY-28",0.384185878962536
"BAM811","RKVY-28",0.318279569892473
"BAM812","RKVY-28",0.41015484335614
"BAM819","RKVY-28",0.412549585286693
"BAM8296","RKVY-28",0.333035395066142
"BAM8305","RKVY-28",0.325765765765766
"BAM8315","RKVY-28",0.35943702634428
"BAM8364","RKVY-28",0.392368610511159
"BAMAWPYAN","RKVY-28",0.267185238784371
"BENAMURI","RKVY-28",0.402513464991023
"BLACKGORA","RKVY-28",0.411396927474098
"CGR1656","RKVY-28",0.312926391382406
"CGR1679","RKVY-28",0.387634408602151
"CGR2012","RKVY-28",0.391522988505747
"CO18","RKVY-28",0.375982844889207
"CRDHAN-204","RKVY-28",0.414213926776741
"CR143-2-2","RKVY-28",0.327821710999281
"CR262-4","RKVY-28",0.328673835125448
"CROSSA","RKVY-28",0.389860764012853
"DULAR","RKVY-28",0.183783783783784
"EYPO","RKVY-28",0.282219788243885
"EYPO-2","RKVY-28",0.401612903225806
"FULKATI","RKVY-28",0.195369030390738
"Ghanteswari","RKVY-28",0.322898032200358
"GHATIKAMMANANGARHAR","RKVY-28",0.402569593147752
"GotrabiDhan","RKVY-28",0.319921316165951
"GP-145-37","RKVY-28",0.389703253485878
"GP-145-51","RKVY-28",0.297166427546628
"HARBHOONDI","RKVY-28",0.415859346968066
"HongZuiEr","RKVY-28",0.329426613775694
"IndrabaruniDhan","RKVY-28",0.328867452661665
"IR74371-54-1-1","RKVY-28",0.332975679542203
"IR77298-14-1-2-10","RKVY-28",0.328819068255688
"IR77298-5-6-18","RKVY-28",0.328371592539455
"IR83383-B-B-129-4","RKVY-28",0.32902762827413
"IR83388-B-B108-3","RKVY-28",0.329150233058444
"IR87707-445-B-B","RKVY-28",0.327376697641172
"IR87707-446-B-B","RKVY-28",0.318000724375226
"IRROEPYO","RKVY-28",0.305309734513274
"KALINGA-1","RKVY-28",0.323592685550376
"KANGRO","RKVY-28",0.379850480598078
"KHAODAWTAI","RKVY-28",0.408600215905002
"MANDRIRAVINA","RKVY-28",0.374687611567297
"MAUDAMANI","RKVY-28",0.416636658264314
"MOROBEREKAN","RKVY-28",0.333455344070278
"MTU1010","RKVY-28",0.329259525521208
"MTU9","RKVY-28",0.38202649480845
"NERICA-L-26","RKVY-28",0.336764174792344
"NERICA-L-42","RKVY-28",0.337987826709631
"NERICA-L-44","RKVY-28",0.332321428571429
"PARIJAT","RKVY-28",0.325727632051743
"Patchaiperumal","RKVY-28",0.291220556745182
"PEH-KUH-TSAO-TU","RKVY-28",0.379199428162974
"PMK-2","RKVY-28",0.310603355944306
"PRASAD-1","RKVY-28",0.404411764705882
"PUSASUGANDH5","RKVY-28",0.31283518055059
"PUSA1121","RKVY-28",0.282854022570076
"Pusa1121-SN12","RKVY-28",0.284958013873676
"PUSA44","RKVY-28",0.335350201686835
"PUSABASMATI6","RKVY-28",0.397431259044863
"PUSASUGANDH2","RKVY-28",0.417024320457797
"RASI","RKVY-28",0.322062084257206
"RKVY-104","RKVY-28",0.185631976953547
"RKVY-143","RKVY-28",0.29957127545552
"RKVY-28","RKVY-28",0
"R-RF-44","RKVY-28",0.32956584140653
"RRF-78","RKVY-28",0.265877287405813
"Sadabahar","RKVY-28",0.390726096333573
"SAFRI-17","RKVY-28",0.402236652236652
"SAHBHAGIDHAN","RKVY-28",0.324533045977011
"SATABHAMA","RKVY-28",0.422525107604017
"SERATOES","RKVY-28",0.168183472879505
"SERETY","RKVY-28",0.376074498567335
"SHAKU","RKVY-28",0.412274096385542
"SR1-3-1","RKVY-28",0.409844933285251
"SUWEON","RKVY-28",0.377067669172932
"SWARNA","RKVY-28",0.328108108108108
"VANAPRAVA","RKVY-28",0.163468501086169
"VANDANA","RKVY-28",0.268772563176895
"Wayrarem","RKVY-28",0.325673249551167
"281785","R-RF-44",0.311764705882353
"282803","R-RF-44",0.207403471484237
"299554","R-RF-44",0.177037845705968
"356457","R-RF-44",0.233509700176367
"376579","R-RF-44",0.362442314518992
"376851","R-RF-44",0.355941302791696
"377448","R-RF-44",0.248751783166904
"377705","R-RF-44",0.252218672346468
"384190","R-RF-44",0.413909640697261
"426049","R-RF-44",0.233557284299859
"438644","R-RF-44",0.206933523945675
"ADAYSEL","R-RF-44",0.292669780812073
"AbhayaXDagadesi","R-RF-44",0.169741042923022
"ABHISEK","R-RF-44",0.318311874105865
"ABOR-A-1","R-RF-44",0.237908961593172
"ANJALI","R-RF-44",0.278467541681447
"Annada","R-RF-44",0.427779764032892
"Apo","R-RF-44",0.236935655883398
"ARC10319","R-RF-44",0.255277280858676
"ARC12071","R-RF-44",0.333863556026865
"ARNAPURNA","R-RF-44",0.331919406150583
"ASD16","R-RF-44",0.290242165242165
"AUS257","R-RF-44",0.329281372899535
"BAKAL","R-RF-44",0.331711711711712
"BAM1057","R-RF-44",0.333213644524237
"BAM1098","R-RF-44",0.332255747126437
"BAM1659","R-RF-44",0.326438848920863
"BAM1689","R-RF-44",0.320927723840345
"BAM1708","R-RF-44",0.326923076923077
"BAM1812","R-RF-44",0.248398576512456
"BAM2096","R-RF-44",0.358383551931939
"BAM2166","R-RF-44",0.411030741410488
"BAM247","R-RF-44",0.218672346467874
"BAM2574","R-RF-44",0.348027017419125
"BAM2680","R-RF-44",0.343683463449255
"BAM3154","R-RF-44",0.231488138030194
"BAM3181","R-RF-44",0.368729989327641
"BAM326","R-RF-44",0.344962620149519
"BAM328","R-RF-44",0.27831025914093
"BAM350","R-RF-44",0.290316503391108
"BAM3690","R-RF-44",0.272417503586801
"BAM4009","R-RF-44",0.340623879526712
"BAM4054","R-RF-44",0.298338635560269
"BAM4138","R-RF-44",0.425593098490295
"BAM4168","R-RF-44",0.390230713770728
"BAM4234","R-RF-44",0.261836952652189
"BAM4254","R-RF-44",0.265073135925794
"BAM4477","R-RF-44",0.26797153024911
"BAM4496","R-RF-44",0.247081712062257
"BAM4510","R-RF-44",0.417054819061268
"BAM4521","R-RF-44",0.416275712739083
"BAM4534","R-RF-44",0.334405144694534
"BAM4797","R-RF-44",0.346996466431095
"BAM491","R-RF-44",0.284898250624777
"BAM4928","R-RF-44",0.408521303258145
"BAM5110","R-RF-44",0.279422253922967
"BAM56","R-RF-44",0.418716577540107
"BAM5779","R-RF-44",0.39647735442128
"BAM5850","R-RF-44",0.342256557671577
"BAM6921","R-RF-44",0.20573566084788
"BAM712","R-RF-44",0.424210152644657
"BAM742","R-RF-44",0.426071428571429
"BAM7429","R-RF-44",0.254532527550658
"BAM7449","R-RF-44",0.333933717579251
"BAM747","R-RF-44",0.427450980392157
"BAM759","R-RF-44",0.281238273921201
"BAM766","R-RF-44",0.426645091693635
"BAM807","R-RF-44",0.394821428571429
"BAM811","R-RF-44",0.250533428165007
"BAM812","R-RF-44",0.34614010007148
"BAM819","R-RF-44",0.313080771979986
"BAM8296","R-RF-44",0.19727047146402
"BAM8305","R-RF-44",0.213595706618962
"BAM8315","R-RF-44",0.422966678609817
"BAM8364","R-RF-44",0.330532713621738
"BAMAWPYAN","R-RF-44",0.421014753508456
"BENAMURI","R-RF-44",0.34726173541963
"BLACKGORA","R-RF-44",0.310839532412327
"CGR1656","R-RF-44",0.250266808964781
"CGR1679","R-RF-44",0.360775248933144
"CGR2012","R-RF-44",0.348770929818311
"CO18","R-RF-44",0.329078014184397
"CRDHAN-204","R-RF-44",0.265647226173542
"CR143-2-2","R-RF-44",0.220106761565836
"CR262-4","R-RF-44",0.218217329545455
"CROSSA","R-RF-44",0.353014184397163
"DULAR","R-RF-44",0.344141884629165
"EYPO","R-RF-44",0.260507246376812
"EYPO-2","R-RF-44",0.336118023462496
"FULKATI","R-RF-44",0.334829443447038
"Ghanteswari","R-RF-44",0.243785511363636
"GHATIKAMMANANGARHAR","R-RF-44",0.296145685997171
"GotrabiDhan","R-RF-44",0.207049238398866
"GP-145-37","R-RF-44",0.353827072997874
"GP-145-51","R-RF-44",0.264957264957265
"HARBHOONDI","R-RF-44",0.302701741912549
"HongZuiEr","R-RF-44",0.263223731236598
"IndrabaruniDhan","R-RF-44",0.185951875442321
"IR74371-54-1-1","R-RF-44",0.222929936305732
"IR77298-14-1-2-10","R-RF-44",0.219040801717967
"IR77298-5-6-18","R-RF-44",0.157203690560681
"IR83383-B-B-129-4","R-RF-44",0.1694464158978
"IR83388-B-B108-3","R-RF-44",0.197443181818182
"IR87707-445-B-B","R-RF-44",0.171742209631728
"IR87707-446-B-B","R-RF-44",0.178750897343862
"IRROEPYO","R-RF-44",0.386937431394072
"KALINGA-1","R-RF-44",0.206321022727273
"KANGRO","R-RF-44",0.332921229247616
"KHAODAWTAI","R-RF-44",0.333035714285714
"MANDRIRAVINA","R-RF-44",0.329613885936947
"MAUDAMANI","R-RF-44",0.309243397573162
"MOROBEREKAN","R-RF-44",0.356261343012704
"MTU1010","R-RF-44",0.149625935162095
"MTU9","R-RF-44",0.337122557726465
"NERICA-L-26","R-RF-44",0.195605573419078
"NERICA-L-42","R-RF-44",0.192307692307692
"NERICA-L-44","R-RF-44",0.195398230088496
"PARIJAT","R-RF-44",0.229166666666667
"Patchaiperumal","R-RF-44",0.244511331444759
"PEH-KUH-TSAO-TU","R-RF-44",0.332742735648476
"PMK-2","R-RF-44",0.237707817474354
"PRASAD-1","R-RF-44",0.310921380291711
"PUSASUGANDH5","R-RF-44",0.218716767103864
"PUSA1121","R-RF-44",0.303539183820874
"Pusa1121-SN12","R-RF-44",0.297856883399927
"PUSA44","R-RF-44",0.169213973799127
"PUSABASMATI6","R-RF-44",0.348098995695839
"PUSASUGANDH2","R-RF-44",0.288216560509554
"RASI","R-RF-44",0.238548919017955
"RKVY-104","R-RF-44",0.335836909871245
"RKVY-143","R-RF-44",0.254961020552799
"RKVY-28","R-RF-44",0.32956584140653
"R-RF-44","R-RF-44",0
"RRF-78","R-RF-44",0.226042037762736
"Sadabahar","R-RF-44",0.356149732620321
"SAFRI-17","R-RF-44",0.295169946332737
"SAHBHAGIDHAN","R-RF-44",0.226059095763617
"SATABHAMA","R-RF-44",0.311036195883605
"SERATOES","R-RF-44",0.341591320072333
"SERETY","R-RF-44",0.337176303653778
"SHAKU","R-RF-44",0.341290563222678
"SR1-3-1","R-RF-44",0.307925740806855
"SUWEON","R-RF-44",0.341272794938593
"SWARNA","R-RF-44",0.229874776386404
"VANAPRAVA","R-RF-44",0.333812949640288
"VANDANA","R-RF-44",0.274320457796853
"Wayrarem","R-RF-44",0.237001424501424
"281785","RRF-78",0.302109402931713
"282803","RRF-78",0.202515946137491
"299554","RRF-78",0.249363867684478
"356457","RRF-78",0.223085068831627
"376579","RRF-78",0.380817051509769
"376851","RRF-78",0.369090257879656
"377448","RRF-78",0.262330235882773
"377705","RRF-78",0.250976909413854
"384190","RRF-78",0.353506585973656
"426049","RRF-78",0.224052426496635
"438644","RRF-78",0.201682176091625
"ADAYSEL","RRF-78",0.274245689655172
"AbhayaXDagadesi","RRF-78",0.220818505338078
"ABHISEK","RRF-78",0.344790547798067
"ABOR-A-1","RRF-78",0.250356887937188
"ANJALI","RRF-78",0.321022727272727
"Annada","RRF-78",0.425196850393701
"Apo","RRF-78",0.269408831908832
"ARC10319","RRF-78",0.265569076592699
"ARC12071","RRF-78",0.346834099752388
"ARNAPURNA","RRF-78",0.365309734513274
"ASD16","RRF-78",0.336898395721925
"AUS257","RRF-78",0.351235230934479
"BAKAL","RRF-78",0.245940093828943
"BAM1057","RRF-78",0.261306532663317
"BAM1098","RRF-78",0.274181948939231
"BAM1659","RRF-78",0.36298163485776
"BAM1689","RRF-78",0.267638588912887
"BAM1708","RRF-78",0.258986340762042
"BAM1812","RRF-78",0.275320970042796
"BAM2096","RRF-78",0.375133025895708
"BAM2166","RRF-78",0.362106406080347
"BAM247","RRF-78",0.222321110715557
"BAM2574","RRF-78",0.370502315639473
"BAM2680","RRF-78",0.341506751954513
"BAM3154","RRF-78",0.257204610951009
"BAM3181","RRF-78",0.368411680911681
"BAM326","RRF-78",0.354649091556822
"BAM328","RRF-78",0.273923870508716
"BAM350","RRF-78",0.25621703089676
"BAM3690","RRF-78",0.270197486535009
"BAM4009","RRF-78",0.273510409188801
"BAM4054","RRF-78",0.324070796460177
"BAM4138","RRF-78",0.376842862279755
"BAM4168","RRF-78",0.391618497109827
"BAM4234","RRF-78",0.298398576512455
"BAM4254","RRF-78",0.299642857142857
"BAM4477","RRF-78",0.269354263289333
"BAM4496","RRF-78",0.261440227030862
"BAM4510","RRF-78",0.367431028305267
"BAM4521","RRF-78",0.350975433526012
"BAM4534","RRF-78",0.278392857142857
"BAM4797","RRF-78",0.372656526353024
"BAM491","RRF-78",0.278234453180843
"BAM4928","RRF-78",0.351181948424069
"BAM5110","RRF-78",0.335772938236344
"BAM56","RRF-78",0.346771316446664
"BAM5779","RRF-78",0.394604316546763
"BAM5850","RRF-78",0.283735156531126
"BAM6921","RRF-78",0.250801567509797
"BAM712","RRF-78",0.421586059743954
"BAM742","RRF-78",0.423324973127911
"BAM7429","RRF-78",0.278271692745377
"BAM7449","RRF-78",0.275315315315315
"BAM747","RRF-78",0.425383791503035
"BAM759","RRF-78",0.243796992481203
"BAM766","RRF-78",0.424918977313648
"BAM807","RRF-78",0.394492131616595
"BAM811","RRF-78",0.278429282160625
"BAM812","RRF-78",0.370350500715308
"BAM819","RRF-78",0.362482117310443
"BAM8296","RRF-78",0.230127750177431
"BAM8305","RRF-78",0.216505894962487
"BAM8315","RRF-78",0.393010752688172
"BAM8364","RRF-78",0.314914163090129
"BAMAWPYAN","RRF-78",0.349603746397695
"BENAMURI","RRF-78",0.362923351158645
"BLACKGORA","RRF-78",0.338709677419355
"CGR1656","RRF-78",0.267557932263815
"CGR1679","RRF-78",0.372688477951636
"CGR2012","RRF-78",0.370317516946129
"CO18","RRF-78",0.345402910898119
"CRDHAN-204","RRF-78",0.354292839330246
"CR143-2-2","RRF-78",0.252492877492878
"CR262-4","RRF-78",0.253641207815275
"CROSSA","RRF-78",0.366347177848775
"DULAR","RRF-78",0.268266475644699
"EYPO","RRF-78",0.24646611090975
"EYPO-2","RRF-78",0.344017094017094
"FULKATI","RRF-78",0.276980996773037
"Ghanteswari","RRF-78",0.252487562189055
"GHATIKAMMANANGARHAR","RRF-78",0.323706591070163
"GotrabiDhan","RRF-78",0.223109691160809
"GP-145-37","RRF-78",0.367328840014189
"GP-145-51","RRF-78",0.279579472558803
"HARBHOONDI","RRF-78",0.354470965443534
"HongZuiEr","RRF-78",0.263873970640888
"IndrabaruniDhan","RRF-78",0.247608926673751
"IR74371-54-1-1","RRF-78",0.259489180560482
"IR77298-14-1-2-10","RRF-78",0.238180515759312
"IR77298-5-6-18","RRF-78",0.178050515830665
"IR83383-B-B-129-4","RRF-78",0.191595441595442
"IR83388-B-B108-3","RRF-78",0.231494661921708
"IR87707-445-B-B","RRF-78",0.187699397376817
"IR87707-446-B-B","RRF-78",0.215005397625045
"IRROEPYO","RRF-78",0.344139194139194
"KALINGA-1","RRF-78",0.234069063723745
"KANGRO","RRF-78",0.34736469755925
"KHAODAWTAI","RRF-78",0.356223175965665
"MANDRIRAVINA","RRF-78",0.34509039347749
"MAUDAMANI","RRF-78",0.350178571428571
"MOROBEREKAN","RRF-78",0.344101633393829
"MTU1010","RRF-78",0.191580449518373
"MTU9","RRF-78",0.352313167259786
"NERICA-L-26","RRF-78",0.248388252148997
"NERICA-L-42","RRF-78",0.2493778883754
"NERICA-L-44","RRF-78",0.222005669737775
"PARIJAT","RRF-78",0.259985734664765
"Patchaiperumal","RRF-78",0.266855926188786
"PEH-KUH-TSAO-TU","RRF-78",0.347217298830202
"PMK-2","RRF-78",0.249556894718185
"PRASAD-1","RRF-78",0.326977904490378
"PUSASUGANDH5","RRF-78",0.241924032658857
"PUSA1121","RRF-78",0.293596237337192
"Pusa1121-SN12","RRF-78",0.286492374727669
"PUSA44","RRF-78",0.23152530032763
"PUSABASMATI6","RRF-78",0.355910887531441
"PUSASUGANDH2","RRF-78",0.346631205673759
"RASI","RRF-78",0.266140865737344
"RKVY-104","RRF-78",0.278254649499285
"RKVY-143","RRF-78",0.276143211627083
"RKVY-28","RRF-78",0.265877287405813
"R-RF-44","RRF-78",0.226042037762736
"RRF-78","RRF-78",0
"Sadabahar","RRF-78",0.362874465049929
"SAFRI-17","RRF-78",0.331124641833811
"SAHBHAGIDHAN","RRF-78",0.257478632478632
"SATABHAMA","RRF-78",0.339381003201708
"SERATOES","RRF-78",0.279927667269439
"SERETY","RRF-78",0.348560255954497
"SHAKU","RRF-78",0.369207772795217
"SR1-3-1","RRF-78",0.334704830053667
"SUWEON","RRF-78",0.334328358208955
"SWARNA","RRF-78",0.254750806740767
"VANAPRAVA","RRF-78",0.259884974838246
"VANDANA","RRF-78",0.277060931899642
"Wayrarem","RRF-78",0.269628836545325
"281785","Sadabahar",0.232844889206576
"282803","Sadabahar",0.342730496453901
"299554","Sadabahar",0.362741523878965
"356457","Sadabahar",0.339569361101306
"376579","Sadabahar",0.178622159090909
"376851","Sadabahar",0.15365329512894
"377448","Sadabahar",0.290714285714286
"377705","Sadabahar",0.346728307254623
"384190","Sadabahar",0.289782840868636
"426049","Sadabahar",0.338053097345133
"438644","Sadabahar",0.338882921589688
"ADAYSEL","Sadabahar",0.367900790797987
"AbhayaXDagadesi","Sadabahar",0.356532573869704
"ABHISEK","Sadabahar",0.252057245080501
"ABOR-A-1","Sadabahar",0.347927090779128
"ANJALI","Sadabahar",0.239716312056738
"Annada","Sadabahar",0.356122813280971
"Apo","Sadabahar",0.358924118275739
"ARC10319","Sadabahar",0.332199140401146
"ARC12071","Sadabahar",0.207787610619469
"ARNAPURNA","Sadabahar",0.199469964664311
"ASD16","Sadabahar",0.230427046263345
"AUS257","Sadabahar",0.24258663808503
"BAKAL","Sadabahar",0.395306859205776
"BAM1057","Sadabahar",0.383896477354421
"BAM1098","Sadabahar",0.398561151079137
"BAM1659","Sadabahar",0.214105793450882
"BAM1689","Sadabahar",0.38
"BAM1708","Sadabahar",0.390068369917236
"BAM1812","Sadabahar",0.301426024955437
"BAM2096","Sadabahar",0.152073732718894
"BAM2166","Sadabahar",0.294862518089725
"BAM247","Sadabahar",0.326868327402135
"BAM2574","Sadabahar",0.186988979736936
"BAM2680","Sadabahar",0.239176721078779
"BAM3154","Sadabahar",0.288156947444205
"BAM3181","Sadabahar",0.20729537366548
"BAM326","Sadabahar",0.1622150997151
"BAM328","Sadabahar",0.281672597864769
"BAM350","Sadabahar",0.323707059267648
"BAM3690","Sadabahar",0.346443965517241
"BAM4009","Sadabahar",0.402837643678161
"BAM4054","Sadabahar",0.221004243281471
"BAM4138","Sadabahar",0.2954055994257
"BAM4168","Sadabahar",0.269314079422383
"BAM4234","Sadabahar",0.25534188034188
"BAM4254","Sadabahar",0.257494646680942
"BAM4477","Sadabahar",0.340292648108494
"BAM4496","Sadabahar",0.300743889479277
"BAM4510","Sadabahar",0.281954887218045
"BAM4521","Sadabahar",0.290823699421965
"BAM4534","Sadabahar",0.386347390993567
"BAM4797","Sadabahar",0.2
"BAM491","Sadabahar",0.344710507505361
"BAM4928","Sadabahar",0.283488538681948
"BAM5110","Sadabahar",0.233773181169758
"BAM56","Sadabahar",0.288892844428622
"BAM5779","Sadabahar",0.311442965095358
"BAM5850","Sadabahar",0.388309352517986
"BAM6921","Sadabahar",0.353371387798787
"BAM712","Sadabahar",0.351759687166726
"BAM742","Sadabahar",0.35499462943072
"BAM7429","Sadabahar",0.270558917764329
"BAM7449","Sadabahar",0.388288288288288
"BAM747","Sadabahar",0.352353780313837
"BAM759","Sadabahar",0.361330326944758
"BAM766","Sadabahar",0.351945244956772
"BAM807","Sadabahar",0.30829756795422
"BAM811","Sadabahar",0.355618776671408
"BAM812","Sadabahar",0.244726492670719
"BAM819","Sadabahar",0.239821428571429
"BAM8296","Sadabahar",0.350301525363604
"BAM8305","Sadabahar",0.357347670250896
"BAM8315","Sadabahar",0.318539727988547
"BAM8364","Sadabahar",0.240806854694752
"BAMAWPYAN","Sadabahar",0.288330341113106
"BENAMURI","Sadabahar",0.191307445671535
"BLACKGORA","Sadabahar",0.224070796460177
"CGR1656","Sadabahar",0.301355206847361
"CGR1679","Sadabahar",0.175728500355366
"CGR2012","Sadabahar",0.170106761565836
"CO18","Sadabahar",0.213449254790632
"CRDHAN-204","Sadabahar",0.247864768683274
"CR143-2-2","Sadabahar",0.353193007491973
"CR262-4","Sadabahar",0.347493778883754
"CROSSA","Sadabahar",0.177179305457123
"DULAR","Sadabahar",0.39167862266858
"EYPO","Sadabahar",0.321895424836601
"EYPO-2","Sadabahar",0.236683238636364
"FULKATI","Sadabahar",0.371675053918045
"Ghanteswari","Sadabahar",0.338428723782439
"GHATIKAMMANANGARHAR","Sadabahar",0.224619738238415
"GotrabiDhan","Sadabahar",0.333214920071048
"GP-145-37","Sadabahar",0.177396533427662
"GP-145-51","Sadabahar",0.285663338088445
"HARBHOONDI","Sadabahar",0.247241011035956
"HongZuiEr","Sadabahar",0.343951324266285
"IndrabaruniDhan","Sadabahar",0.336586231369766
"IR74371-54-1-1","Sadabahar",0.347872340425532
"IR77298-14-1-2-10","Sadabahar",0.349713055954089
"IR77298-5-6-18","Sadabahar",0.36934852260591
"IR83383-B-B-129-4","Sadabahar",0.369340463458111
"IR83388-B-B108-3","Sadabahar",0.348096762717894
"IR87707-445-B-B","Sadabahar",0.367328840014189
"IR87707-446-B-B","Sadabahar",0.366942743968311
"IRROEPYO","Sadabahar",0.271595900439239
"KALINGA-1","Sadabahar",0.326156583629893
"KANGRO","Sadabahar",0.20565371024735
"KHAODAWTAI","Sadabahar",0.225276686897537
"MANDRIRAVINA","Sadabahar",0.21600566572238
"MAUDAMANI","Sadabahar",0.226542989653942
"MOROBEREKAN","Sadabahar",0.454181818181818
"MTU1010","Sadabahar",0.361557699178278
"MTU9","Sadabahar",0.206541059367224
"NERICA-L-26","Sadabahar",0.353435934144596
"NERICA-L-42","Sadabahar",0.357726465364121
"NERICA-L-44","Sadabahar",0.338480653177139
"PARIJAT","Sadabahar",0.349393290506781
"Patchaiperumal","Sadabahar",0.299219581411848
"PEH-KUH-TSAO-TU","Sadabahar",0.203893805309735
"PMK-2","Sadabahar",0.345267635590216
"PRASAD-1","Sadabahar",0.240384615384615
"PUSASUGANDH5","Sadabahar",0.36056838365897
"PUSA1121","Sadabahar",0.390358825661472
"Pusa1121-SN12","Sadabahar",0.398980706224973
"PUSA44","Sadabahar",0.354956268221574
"PUSABASMATI6","Sadabahar",0.278276481149013
"PUSASUGANDH2","Sadabahar",0.231832683445587
"RASI","Sadabahar",0.346238532110092
"RKVY-104","Sadabahar",0.408031552527788
"RKVY-143","Sadabahar",0.267223011363636
"RKVY-28","Sadabahar",0.390726096333573
"R-RF-44","Sadabahar",0.356149732620321
"RRF-78","Sadabahar",0.362874465049929
"Sadabahar","Sadabahar",0
"SAFRI-17","Sadabahar",0.232437275985663
"SAHBHAGIDHAN","Sadabahar",0.342892768079801
"SATABHAMA","Sadabahar",0.239161336176262
"SERATOES","Sadabahar",0.38786231884058
"SERETY","Sadabahar",0.205683836589698
"SHAKU","Sadabahar",0.253826054497947
"SR1-3-1","Sadabahar",0.243122543765631
"SUWEON","Sadabahar",0.243752331219694
"SWARNA","Sadabahar",0.331480817497311
"VANAPRAVA","Sadabahar",0.385405405405405
"VANDANA","Sadabahar",0.379928315412186
"Wayrarem","Sadabahar",0.362062812276945
"281785","SAFRI-17",0.207496413199426
"282803","SAFRI-17",0.313879003558719
"299554","SAFRI-17",0.307888970051132
"356457","SAFRI-17",0.308359900814736
"376579","SAFRI-17",0.236027055891776
"376851","SAFRI-17",0.235294117647059
"377448","SAFRI-17",0.337992831541219
"377705","SAFRI-17",0.309914407988588
"384190","SAFRI-17",0.310289389067524
"426049","SAFRI-17",0.307186054784774
"438644","SAFRI-17",0.30820439006837
"ADAYSEL","SAFRI-17",0.371619184998197
"AbhayaXDagadesi","SAFRI-17",0.312365975696926
"ABHISEK","SAFRI-17",0.213850017940438
"ABOR-A-1","SAFRI-17",0.309165771571787
"ANJALI","SAFRI-17",0.18814524741901
"Annada","SAFRI-17",0.344456404736276
"Apo","SAFRI-17",0.33410797282803
"ARC10319","SAFRI-17",0.343098490294752
"ARC12071","SAFRI-17",0.227208229868748
"ARNAPURNA","SAFRI-17",0.226418439716312
"ASD16","SAFRI-17",0.188682613352374
"AUS257","SAFRI-17",0.213208901651113
"BAKAL","SAFRI-17",0.404278462654097
"BAM1057","SAFRI-17",0.402130733116649
"BAM1098","SAFRI-17",0.405742145178765
"BAM1659","SAFRI-17",0.223707986989519
"BAM1689","SAFRI-17",0.400361663652803
"BAM1708","SAFRI-17",0.400795084929527
"BAM1812","SAFRI-17",0.339068100358423
"BAM2096","SAFRI-17",0.242176386913229
"BAM2166","SAFRI-17",0.305737109658678
"BAM247","SAFRI-17",0.306497679400214
"BAM2574","SAFRI-17",0.233499821619693
"BAM2680","SAFRI-17",0.196613190730838
"BAM3154","SAFRI-17",0.310762007945107
"BAM3181","SAFRI-17",0.254376563058235
"BAM326","SAFRI-17",0.2319255547602
"BAM328","SAFRI-17",0.334642857142857
"BAM350","SAFRI-17",0.355218216318786
"BAM3690","SAFRI-17",0.342589253516048
"BAM4009","SAFRI-17",0.413873873873874
"BAM4054","SAFRI-17",0.181028368794326
"BAM4138","SAFRI-17",0.314280562567616
"BAM4168","SAFRI-17",0.274945770065076
"BAM4234","SAFRI-17",0.203208556149733
"BAM4254","SAFRI-17",0.204407022572555
"BAM4477","SAFRI-17",0.339004297994269
"BAM4496","SAFRI-17",0.344594594594595
"BAM4510","SAFRI-17",0.301258992805755
"BAM4521","SAFRI-17",0.305001812250815
"BAM4534","SAFRI-17",0.405633297452458
"BAM4797","SAFRI-17",0.240773598296664
"BAM491","SAFRI-17",0.367910983488873
"BAM4928","SAFRI-17",0.290752069089601
"BAM5110","SAFRI-17",0.166010733452594
"BAM56","SAFRI-17",0.304939155332856
"BAM5779","SAFRI-17",0.291922106022358
"BAM5850","SAFRI-17",0.41101083032491
"BAM6921","SAFRI-17",0.302471346704871
"BAM712","SAFRI-17",0.338617741360884
"BAM742","SAFRI-17",0.342595912513446
"BAM7429","SAFRI-17",0.328326180257511
"BAM7449","SAFRI-17",0.409717186366933
"BAM747","SAFRI-17",0.3390619405657
"BAM759","SAFRI-17",0.348490566037736
"BAM766","SAFRI-17",0.340137283236994
"BAM807","SAFRI-17",0.291711517761033
"BAM811","SAFRI-17",0.343984291324527
"BAM812","SAFRI-17",0.23683267646005
"BAM819","SAFRI-17",0.207199140401146
"BAM8296","SAFRI-17",0.282384341637011
"BAM8305","SAFRI-17",0.320503597122302
"BAM8315","SAFRI-17",0.309712230215827
"BAM8364","SAFRI-17",0.195519713261649
"BAMAWPYAN","SAFRI-17",0.304402742692169
"BENAMURI","SAFRI-17",0.231593995711222
"BLACKGORA","SAFRI-17",0.176271789398791
"CGR1656","SAFRI-17",0.341624910522548
"CGR1679","SAFRI-17",0.235912981455064
"CGR2012","SAFRI-17",0.227872947894361
"CO18","SAFRI-17",0.220049768929968
"CRDHAN-204","SAFRI-17",0.206218727662616
"CR143-2-2","SAFRI-17",0.316994633273703
"CR262-4","SAFRI-17",0.312321428571429
"CROSSA","SAFRI-17",0.225783475783476
"DULAR","SAFRI-17",0.414625360230548
"EYPO","SAFRI-17",0.346615720524017
"EYPO-2","SAFRI-17",0.206669044222539
"FULKATI","SAFRI-17",0.403068592057762
"Ghanteswari","SAFRI-17",0.317273376159886
"GHATIKAMMANANGARHAR","SAFRI-17",0.178026269080582
"GotrabiDhan","SAFRI-17",0.296613190730838
"GP-145-37","SAFRI-17",0.228840682788051
"GP-145-51","SAFRI-17",0.342340730136006
"HARBHOONDI","SAFRI-17",0.21344297461566
"HongZuiEr","SAFRI-17",0.322250179726815
"IndrabaruniDhan","SAFRI-17",0.278767367296046
"IR74371-54-1-1","SAFRI-17",0.309158945117605
"IR77298-14-1-2-10","SAFRI-17",0.308606409794743
"IR77298-5-6-18","SAFRI-17",0.300570816981805
"IR83383-B-B-129-4","SAFRI-17",0.299463327370304
"IR83388-B-B108-3","SAFRI-17",0.298464833987861
"IR87707-445-B-B","SAFRI-17",0.301067615658363
"IR87707-446-B-B","SAFRI-17",0.30951519536903
"IRROEPYO","SAFRI-17",0.271512266569022
"KALINGA-1","SAFRI-17",0.289614561027837
"KANGRO","SAFRI-17",0.226532058094226
"KHAODAWTAI","SAFRI-17",0.215795128939828
"MANDRIRAVINA","SAFRI-17",0.221471738357625
"MAUDAMANI","SAFRI-17",0.214924838940587
"MOROBEREKAN","SAFRI-17",0.433917488134356
"MTU1010","SAFRI-17",0.283715925394548
"MTU9","SAFRI-17",0.228505173028898
"NERICA-L-26","SAFRI-17",0.301330456670262
"NERICA-L-42","SAFRI-17",0.304851944345344
"NERICA-L-44","SAFRI-17",0.289989312433203
"PARIJAT","SAFRI-17",0.310394265232975
"Patchaiperumal","SAFRI-17",0.33048128342246
"PEH-KUH-TSAO-TU","SAFRI-17",0.225399644760213
"PMK-2","SAFRI-17",0.307254623044097
"PRASAD-1","SAFRI-17",0.196996782266714
"PUSASUGANDH5","SAFRI-17",0.311831789023521
"PUSA1121","SAFRI-17",0.365041833393961
"Pusa1121-SN12","SAFRI-17",0.366228070175439
"PUSA44","SAFRI-17",0.272943327239488
"PUSABASMATI6","SAFRI-17",0.250719424460432
"PUSASUGANDH2","SAFRI-17",0.175133214920071
"RASI","SAFRI-17",0.325405604719764
"RKVY-104","SAFRI-17",0.410547156227502
"RKVY-143","SAFRI-17",0.330958318489491
"RKVY-28","SAFRI-17",0.402236652236652
"R-RF-44","SAFRI-17",0.295169946332737
"RRF-78","SAFRI-17",0.331124641833811
"Sadabahar","SAFRI-17",0.232437275985663
"SAFRI-17","SAFRI-17",0
"SAHBHAGIDHAN","SAFRI-17",0.305008944543828
"SATABHAMA","SAFRI-17",0.198180520870496
"SERATOES","SAFRI-17",0.409239723535831
"SERETY","SAFRI-17",0.224101103595586
"SHAKU","SAFRI-17",0.232089552238806
"SR1-3-1","SAFRI-17",0.195550771438823
"SUWEON","SAFRI-17",0.223590892123927
"SWARNA","SAFRI-17",0.308966510622974
"VANAPRAVA","SAFRI-17",0.399602026049204
"VANDANA","SAFRI-17",0.368515850144092
"Wayrarem","SAFRI-17",0.336855300859599
"281785","SAHBHAGIDHAN",0.307568725455195
"282803","SAHBHAGIDHAN",0.204996456413891
"299554","SAHBHAGIDHAN",0.23065746458409
"356457","SAHBHAGIDHAN",0.213054187192118
"376579","SAHBHAGIDHAN",0.34320681092586
"376851","SAHBHAGIDHAN",0.348246241947029
"377448","SAHBHAGIDHAN",0.236175526221905
"377705","SAHBHAGIDHAN",0.192307692307692
"384190","SAHBHAGIDHAN",0.396478121664888
"426049","SAHBHAGIDHAN",0.212014134275618
"438644","SAHBHAGIDHAN",0.205398641401502
"ADAYSEL","SAHBHAGIDHAN",0.301003944065973
"AbhayaXDagadesi","SAHBHAGIDHAN",0.223030518097942
"ABHISEK","SAHBHAGIDHAN",0.322246065808298
"ABOR-A-1","SAHBHAGIDHAN",0.224537037037037
"ANJALI","SAHBHAGIDHAN",0.285587504437345
"Annada","SAHBHAGIDHAN",0.438348820586133
"Apo","SAHBHAGIDHAN",0.228353442157559
"ARC10319","SAHBHAGIDHAN",0.255273507329281
"ARC12071","SAHBHAGIDHAN",0.348302687411598
"ARNAPURNA","SAHBHAGIDHAN",0.344413012729844
"ASD16","SAHBHAGIDHAN",0.304873710423337
"AUS257","SAHBHAGIDHAN",0.323855507868383
"BAKAL","SAHBHAGIDHAN",0.316756756756757
"BAM1057","SAHBHAGIDHAN",0.323275862068966
"BAM1098","SAHBHAGIDHAN",0.328843390804598
"BAM1659","SAHBHAGIDHAN",0.332793959007551
"BAM1689","SAHBHAGIDHAN",0.328478964401295
"BAM1708","SAHBHAGIDHAN",0.32064631956912
"BAM1812","SAHBHAGIDHAN",0.252226576416103
"BAM2096","SAHBHAGIDHAN",0.342897626638328
"BAM2166","SAHBHAGIDHAN",0.403616636528029
"BAM247","SAHBHAGIDHAN",0.217962371317004
"BAM2574","SAHBHAGIDHAN",0.339139708496267
"BAM2680","SAHBHAGIDHAN",0.288959886403976
"BAM3154","SAHBHAGIDHAN",0.235093390804598
"BAM3181","SAHBHAGIDHAN",0.365562678062678
"BAM326","SAHBHAGIDHAN",0.342638691322902
"BAM328","SAHBHAGIDHAN",0.264643237486688
"BAM350","SAHBHAGIDHAN",0.279433962264151
"BAM3690","SAHBHAGIDHAN",0.230010756543564
"BAM4009","SAHBHAGIDHAN",0.341170136396267
"BAM4054","SAHBHAGIDHAN",0.301590106007067
"BAM4138","SAHBHAGIDHAN",0.415229885057471
"BAM4168","SAHBHAGIDHAN",0.373737373737374
"BAM4234","SAHBHAGIDHAN",0.330131625755959
"BAM4254","SAHBHAGIDHAN",0.331550802139037
"BAM4477","SAHBHAGIDHAN",0.216981132075472
"BAM4496","SAHBHAGIDHAN",0.252298444130127
"BAM4510","SAHBHAGIDHAN",0.401967799642218
"BAM4521","SAHBHAGIDHAN",0.411075036075036
"BAM4534","SAHBHAGIDHAN",0.321033868092692
"BAM4797","SAHBHAGIDHAN",0.344103107344633
"BAM491","SAHBHAGIDHAN",0.282934666190646
"BAM4928","SAHBHAGIDHAN",0.403618774632748
"BAM5110","SAHBHAGIDHAN",0.32009262557891
"BAM56","SAHBHAGIDHAN",0.398468115425721
"BAM5779","SAHBHAGIDHAN",0.390546369518332
"BAM5850","SAHBHAGIDHAN",0.344468390804598
"BAM6921","SAHBHAGIDHAN",0.210217159131364
"BAM712","SAHBHAGIDHAN",0.433108587650816
"BAM742","SAHBHAGIDHAN",0.435085836909871
"BAM7429","SAHBHAGIDHAN",0.249911126910771
"BAM7449","SAHBHAGIDHAN",0.320014398848092
"BAM747","SAHBHAGIDHAN",0.434736091298145
"BAM759","SAHBHAGIDHAN",0.273733583489681
"BAM766","SAHBHAGIDHAN",0.433548850574713
"BAM807","SAHBHAGIDHAN",0.389027877055039
"BAM811","SAHBHAGIDHAN",0.229270021261517
"BAM812","SAHBHAGIDHAN",0.321798073492686
"BAM819","SAHBHAGIDHAN",0.288289896465548
"BAM8296","SAHBHAGIDHAN",0.193668199504775
"BAM8305","SAHBHAGIDHAN",0.228035714285714
"BAM8315","SAHBHAGIDHAN",0.410701503221188
"BAM8364","SAHBHAGIDHAN",0.316851124598358
"BAMAWPYAN","SAHBHAGIDHAN",0.407667386609071
"BENAMURI","SAHBHAGIDHAN",0.340981856990395
"BLACKGORA","SAHBHAGIDHAN",0.315398230088496
"CGR1656","SAHBHAGIDHAN",0.248046875
"CGR1679","SAHBHAGIDHAN",0.336767317939609
"CGR2012","SAHBHAGIDHAN",0.346318036286019
"CO18","SAHBHAGIDHAN",0.342431761786601
"CRDHAN-204","SAHBHAGIDHAN",0.312255772646536
"CR143-2-2","SAHBHAGIDHAN",0.233380732314255
"CR262-4","SAHBHAGIDHAN",0.231314204746723
"CROSSA","SAHBHAGIDHAN",0.34141592920354
"DULAR","SAHBHAGIDHAN",0.326950608446671
"EYPO","SAHBHAGIDHAN",0.254252623959464
"EYPO-2","SAHBHAGIDHAN",0.318133427963094
"FULKATI","SAHBHAGIDHAN",0.321903052064632
"Ghanteswari","SAHBHAGIDHAN",0.226304579339723
"GHATIKAMMANANGARHAR","SAHBHAGIDHAN",0.307746727980191
"GotrabiDhan","SAHBHAGIDHAN",0.214943342776204
"GP-145-37","SAHBHAGIDHAN",0.342133238837704
"GP-145-51","SAHBHAGIDHAN",0.24644128113879
"HARBHOONDI","SAHBHAGIDHAN",0.32864768683274
"HongZuiEr","SAHBHAGIDHAN",0.219229397074563
"IndrabaruniDhan","SAHBHAGIDHAN",0.229380530973451
"IR74371-54-1-1","SAHBHAGIDHAN",0.228141592920354
"IR77298-14-1-2-10","SAHBHAGIDHAN",0.216660707901323
"IR77298-5-6-18","SAHBHAGIDHAN",0.229078014184397
"IR83383-B-B-129-4","SAHBHAGIDHAN",0.234886201991465
"IR83388-B-B108-3","SAHBHAGIDHAN",0.220326936744847
"IR87707-445-B-B","SAHBHAGIDHAN",0.23549186128804
"IR87707-446-B-B","SAHBHAGIDHAN",0.224757455982752
"IRROEPYO","SAHBHAGIDHAN",0.380665204678363
"KALINGA-1","SAHBHAGIDHAN",0.209294075913445
"KANGRO","SAHBHAGIDHAN",0.347173144876325
"KHAODAWTAI","SAHBHAGIDHAN",0.314306100606493
"MANDRIRAVINA","SAHBHAGIDHAN",0.341182719546742
"MAUDAMANI","SAHBHAGIDHAN",0.302927525883613
"MOROBEREKAN","SAHBHAGIDHAN",0.357997823721436
"MTU1010","SAHBHAGIDHAN",0.224500713266762
"MTU9","SAHBHAGIDHAN",0.349733570159858
"NERICA-L-26","SAHBHAGIDHAN",0.228035714285714
"NERICA-L-42","SAHBHAGIDHAN",0.229336644200071
"NERICA-L-44","SAHBHAGIDHAN",0.198586572438163
"PARIJAT","SAHBHAGIDHAN",0.00496102055279946
"Patchaiperumal","SAHBHAGIDHAN",0.248053786270347
"PEH-KUH-TSAO-TU","SAHBHAGIDHAN",0.346848441926346
"PMK-2","SAHBHAGIDHAN",0.223833097595474
"PRASAD-1","SAHBHAGIDHAN",0.317081850533808
"PUSASUGANDH5","SAHBHAGIDHAN",0.22070796460177
"PUSA1121","SAHBHAGIDHAN",0.305485384337784
"Pusa1121-SN12","SAHBHAGIDHAN",0.29989114658926
"PUSA44","SAHBHAGIDHAN",0.193090909090909
"PUSABASMATI6","SAHBHAGIDHAN",0.349766941556113
"PUSASUGANDH2","SAHBHAGIDHAN",0.324185552407932
"RASI","SAHBHAGIDHAN",0.232967032967033
"RKVY-104","SAHBHAGIDHAN",0.332140300644238
"RKVY-143","SAHBHAGIDHAN",0.258498583569405
"RKVY-28","SAHBHAGIDHAN",0.324533045977011
"R-RF-44","SAHBHAGIDHAN",0.226059095763617
"RRF-78","SAHBHAGIDHAN",0.257478632478632
"Sadabahar","SAHBHAGIDHAN",0.342892768079801
"SAFRI-17","SAHBHAGIDHAN",0.305008944543828
"SAHBHAGIDHAN","SAHBHAGIDHAN",0
"SATABHAMA","SAHBHAGIDHAN",0.310522573764664
"SERATOES","SAHBHAGIDHAN",0.327424023154848
"SERETY","SAHBHAGIDHAN",0.343572443181818
"SHAKU","SAHBHAGIDHAN",0.345953002610966
"SR1-3-1","SAHBHAGIDHAN",0.314821428571429
"SUWEON","SAHBHAGIDHAN",0.342026825633383
"SWARNA","SAHBHAGIDHAN",0.241779842744818
"VANAPRAVA","SAHBHAGIDHAN",0.322777977689817
"VANDANA","SAHBHAGIDHAN",0.270758768790265
"Wayrarem","SAHBHAGIDHAN",0.230042765502495
"281785","SATABHAMA",0.205620775524724
"282803","SATABHAMA",0.3052706048815
"299554","SATABHAMA",0.299709196655762
"356457","SATABHAMA",0.32277367124252
"376579","SATABHAMA",0.245843650512911
"376851","SATABHAMA",0.246699964323939
"377448","SATABHAMA",0.352406417112299
"377705","SATABHAMA",0.346331088266572
"384190","SATABHAMA",0.302804401845935
"426049","SATABHAMA",0.321390751853159
"438644","SATABHAMA",0.305575411007863
"ADAYSEL","SATABHAMA",0.378451057726784
"AbhayaXDagadesi","SATABHAMA",0.310149041873669
"ABHISEK","SATABHAMA",0.217011412268188
"ABOR-A-1","SATABHAMA",0.331908831908832
"ANJALI","SATABHAMA",0.198336871903751
"Annada","SATABHAMA",0.345879414912594
"Apo","SATABHAMA",0.267305644302449
"ARC10319","SATABHAMA",0.35693899393507
"ARC12071","SATABHAMA",0.23916108565386
"ARNAPURNA","SATABHAMA",0.238095238095238
"ASD16","SATABHAMA",0.207135250266241
"AUS257","SATABHAMA",0.180313278746885
"BAKAL","SATABHAMA",0.414388489208633
"BAM1057","SATABHAMA",0.411859548548907
"BAM1098","SATABHAMA",0.411817528735632
"BAM1659","SATABHAMA",0.236200716845878
"BAM1689","SATABHAMA",0.406395975565936
"BAM1708","SATABHAMA",0.411997126436782
"BAM1812","SATABHAMA",0.340860597439545
"BAM2096","SATABHAMA",0.240112994350282
"BAM2166","SATABHAMA",0.309661139149243
"BAM247","SATABHAMA",0.330258957076978
"BAM2574","SATABHAMA",0.237411347517731
"BAM2680","SATABHAMA",0.23240183940573
"BAM3154","SATABHAMA",0.307968413496052
"BAM3181","SATABHAMA",0.257188498402556
"BAM326","SATABHAMA",0.240248226950355
"BAM328","SATABHAMA",0.351010996807378
"BAM350","SATABHAMA",0.37909604519774
"BAM3690","SATABHAMA",0.356529516994633
"BAM4009","SATABHAMA",0.416816063105056
"BAM4054","SATABHAMA",0.209876543209877
"BAM4138","SATABHAMA",0.322349570200573
"BAM4168","SATABHAMA",0.283992805755396
"BAM4234","SATABHAMA",0.227740333451579
"BAM4254","SATABHAMA",0.227676983279972
"BAM4477","SATABHAMA",0.351173541963016
"BAM4496","SATABHAMA",0.350530035335689
"BAM4510","SATABHAMA",0.314397999285459
"BAM4521","SATABHAMA",0.304504504504505
"BAM4534","SATABHAMA",0.416934046345811
"BAM4797","SATABHAMA",0.246476391825229
"BAM491","SATABHAMA",0.370277975766215
"BAM4928","SATABHAMA",0.299892895394502
"BAM5110","SATABHAMA",0.185947480482612
"BAM56","SATABHAMA",0.316743690010665
"BAM5779","SATABHAMA",0.265032211882606
"BAM5850","SATABHAMA",0.419117647058823
"BAM6921","SATABHAMA",0.295204262877442
"BAM712","SATABHAMA",0.338292596528516
"BAM742","SATABHAMA",0.342902995720399
"BAM7429","SATABHAMA",0.354122245913291
"BAM7449","SATABHAMA",0.41723641597697
"BAM747","SATABHAMA",0.341038406827881
"BAM759","SATABHAMA",0.374624624624625
"BAM766","SATABHAMA",0.341104734576757
"BAM807","SATABHAMA",0.265858873841768
"BAM811","SATABHAMA",0.348989719957462
"BAM812","SATABHAMA",0.239572192513369
"BAM819","SATABHAMA",0.227288920555753
"BAM8296","SATABHAMA",0.290841584158416
"BAM8305","SATABHAMA",0.317012151536812
"BAM8315","SATABHAMA",0.319935691318328
"BAM8364","SATABHAMA",0.214795008912656
"BAMAWPYAN","SATABHAMA",0.302513464991023
"BENAMURI","SATABHAMA",0.237943262411348
"BLACKGORA","SATABHAMA",0.205259442287328
"CGR1656","SATABHAMA",0.347972972972973
"CGR1679","SATABHAMA",0.245480326125487
"CGR2012","SATABHAMA",0.236347517730496
"CO18","SATABHAMA",0.238515901060071
"CRDHAN-204","SATABHAMA",0.184929078014184
"CR143-2-2","SATABHAMA",0.187388987566607
"CR262-4","SATABHAMA",0.181560283687943
"CROSSA","SATABHAMA",0.231707317073171
"DULAR","SATABHAMA",0.418812589413448
"EYPO","SATABHAMA",0.360477741585233
"EYPO-2","SATABHAMA",0.227224388514711
"FULKATI","SATABHAMA",0.407739161590828
"Ghanteswari","SATABHAMA",0.34420418291386
"GHATIKAMMANANGARHAR","SATABHAMA",0.191928093056045
"GotrabiDhan","SATABHAMA",0.322477876106195
"GP-145-37","SATABHAMA",0.243104667609618
"GP-145-51","SATABHAMA",0.353996447602131
"HARBHOONDI","SATABHAMA",0.124645892351275
"HongZuiEr","SATABHAMA",0.345178571428571
"IndrabaruniDhan","SATABHAMA",0.306605439773932
"IR74371-54-1-1","SATABHAMA",0.189246551114255
"IR77298-14-1-2-10","SATABHAMA",0.296997855611151
"IR77298-5-6-18","SATABHAMA",0.314295849592054
"IR83383-B-B-129-4","SATABHAMA",0.315985790408526
"IR83388-B-B108-3","SATABHAMA",0.286044034090909
"IR87707-445-B-B","SATABHAMA",0.309094125973107
"IR87707-446-B-B","SATABHAMA",0.279712746858169
"IRROEPYO","SATABHAMA",0.280372126960963
"KALINGA-1","SATABHAMA",0.326002128414331
"KANGRO","SATABHAMA",0.238808600634473
"KHAODAWTAI","SATABHAMA",0.227773826458037
"MANDRIRAVINA","SATABHAMA",0.241336633663366
"MAUDAMANI","SATABHAMA",0.208926031294452
"MOROBEREKAN","SATABHAMA",0.428882438316401
"MTU1010","SATABHAMA",0.316061253561254
"MTU9","SATABHAMA",0.23929203539823
"NERICA-L-26","SATABHAMA",0.26490539093181
"NERICA-L-42","SATABHAMA",0.271666077113548
"NERICA-L-44","SATABHAMA",0.29865534324133
"PARIJAT","SATABHAMA",0.314656705798648
"Patchaiperumal","SATABHAMA",0.343064401981599
"PEH-KUH-TSAO-TU","SATABHAMA",0.238515901060071
"PMK-2","SATABHAMA",0.330271988696574
"PRASAD-1","SATABHAMA",0.216465578424414
"PUSASUGANDH5","SATABHAMA",0.327201980898479
"PUSA1121","SATABHAMA",0.380685920577617
"Pusa1121-SN12","SATABHAMA",0.384015947807177
"PUSA44","SATABHAMA",0.301742919389978
"PUSABASMATI6","SATABHAMA",0.263412017167382
"PUSASUGANDH2","SATABHAMA",0.199010250972075
"RASI","SATABHAMA",0.33180987202925
"RKVY-104","SATABHAMA",0.41493924231594
"RKVY-143","SATABHAMA",0.345718329794763
"RKVY-28","SATABHAMA",0.422525107604017
"R-RF-44","SATABHAMA",0.311036195883605
"RRF-78","SATABHAMA",0.339381003201708
"Sadabahar","SATABHAMA",0.239161336176262
"SAFRI-17","SATABHAMA",0.198180520870496
"SAHBHAGIDHAN","SATABHAMA",0.310522573764664
"SATABHAMA","SATABHAMA",0
"SERATOES","SATABHAMA",0.414739884393064
"SERETY","SATABHAMA",0.237867516826072
"SHAKU","SATABHAMA",0.202270189802754
"SR1-3-1","SATABHAMA",0.202741189035244
"SUWEON","SATABHAMA",0.228656273199703
"SWARNA","SATABHAMA",0.319221150410861
"VANAPRAVA","SATABHAMA",0.410887531440891
"VANDANA","SATABHAMA",0.312656417590275
"Wayrarem","SATABHAMA",0.268765563856279
"281785","SERATOES",0.413161711385062
"282803","SERATOES",0.341441441441441
"299554","SERATOES",0.33487426035503
"356457","SERATOES",0.332795698924731
"376579","SERATOES",0.393333333333333
"376851","SERATOES",0.396507821025828
"377448","SERATOES",0.314969191736136
"377705","SERATOES",0.34018759018759
"384190","SERATOES",0.291050162396247
"426049","SERATOES",0.333393242271747
"438644","SERATOES",0.339149400218102
"ADAYSEL","SERATOES",0.252819206984358
"AbhayaXDagadesi","SERATOES",0.341705818576075
"ABHISEK","SERATOES",0.418545454545455
"ABOR-A-1","SERATOES",0.327480086893555
"ANJALI","SERATOES",0.419704077950198
"Annada","SERATOES",0.394010889292196
"Apo","SERATOES",0.331290555155011
"ARC10319","SERATOES",0.32316630355846
"ARC12071","SERATOES",0.386355475763016
"ARNAPURNA","SERATOES",0.403625269203159
"ASD16","SERATOES",0.419949403686303
"AUS257","SERATOES",0.412727272727273
"BAKAL","SERATOES",0.198464912280702
"BAM1057","SERATOES",0.1328125
"BAM1098","SERATOES",0.232409770324462
"BAM1659","SERATOES",0.403656307129799
"BAM1689","SERATOES",0.222566532993073
"BAM1708","SERATOES",0.207938820101967
"BAM1812","SERATOES",0.31500904159132
"BAM2096","SERATOES",0.386167146974063
"BAM2166","SERATOES",0.326422018348624
"BAM247","SERATOES",0.333633741888969
"BAM2574","SERATOES",0.397000361402241
"BAM2680","SERATOES",0.420331651045422
"BAM3154","SERATOES",0.31970802919708
"BAM3181","SERATOES",0.400868306801737
"BAM326","SERATOES",0.389431777053927
"BAM328","SERATOES",0.308564231738035
"BAM350","SERATOES",0.228609625668449
"BAM3690","SERATOES",0.327147016011645
"BAM4009","SERATOES",0.190138282387191
"BAM4054","SERATOES",0.419928186714542
"BAM4138","SERATOES",0.185354273192111
"BAM4168","SERATOES",0.336083608360836
"BAM4234","SERATOES",0.410817655571635
"BAM4254","SERATOES",0.411220043572985
"BAM4477","SERATOES",0.326574945691528
"BAM4496","SERATOES",0.316564858066834
"BAM4510","SERATOES",0.204727272727273
"BAM4521","SERATOES",0.287390029325513
"BAM4534","SERATOES",0.147854309412189
"BAM4797","SERATOES",0.376301615798923
"BAM491","SERATOES",0.263052936910805
"BAM4928","SERATOES",0.321259555879141
"BAM5110","SERATOES",0.42399565689468
"BAM56","SERATOES",0.292722664735699
"BAM5779","SERATOES",0.396495071193866
"BAM5850","SERATOES",0.144727272727273
"BAM6921","SERATOES",0.331828034682081
"BAM712","SERATOES",0.391092679408583
"BAM742","SERATOES",0.398764085786987
"BAM7429","SERATOES",0.316245487364621
"BAM7449","SERATOES",0.142
"BAM747","SERATOES",0.394460535843592
"BAM759","SERATOES",0.263217953594523
"BAM766","SERATOES",0.395985401459854
"BAM807","SERATOES",0.396551724137931
"BAM811","SERATOES",0.33044733044733
"BAM812","SERATOES",0.413217138707335
"BAM819","SERATOES",0.41578947368421
"BAM8296","SERATOES",0.342256557671577
"BAM8305","SERATOES",0.341875681570338
"BAM8315","SERATOES",0.362463662790698
"BAM8364","SERATOES",0.401704751541531
"BAMAWPYAN","SERATOES",0.264330047462578
"BENAMURI","SERATOES",0.397903867003975
"BLACKGORA","SERATOES",0.412738395106153
"CGR1656","SERATOES",0.316389290882779
"CGR1679","SERATOES",0.397579479768786
"CGR2012","SERATOES",0.395546705286025
"CO18","SERATOES",0.384850665707089
"CRDHAN-204","SERATOES",0.415823699421965
"CR143-2-2","SERATOES",0.335019877123238
"CR262-4","SERATOES",0.337062432334897
"CROSSA","SERATOES",0.396613832853026
"DULAR","SERATOES",0.174346879535559
"EYPO","SERATOES",0.291620727673649
"EYPO-2","SERATOES",0.41101083032491
"FULKATI","SERATOES",0.143142961076755
"Ghanteswari","SERATOES",0.33044733044733
"GHATIKAMMANANGARHAR","SERATOES",0.409777138749101
"GotrabiDhan","SERATOES",0.328648648648649
"GP-145-37","SERATOES",0.395930860640979
"GP-145-51","SERATOES",0.312138728323699
"HARBHOONDI","SERATOES",0.421005061460593
"HongZuiEr","SERATOES",0.338774029742474
"IndrabaruniDhan","SERATOES",0.336334173568599
"IR74371-54-1-1","SERATOES",0.331112711559237
"IR77298-14-1-2-10","SERATOES",0.334849036013096
"IR77298-5-6-18","SERATOES",0.329056740151789
"IR83383-B-B-129-4","SERATOES",0.330802603036876
"IR83388-B-B108-3","SERATOES",0.335618910140743
"IR87707-445-B-B","SERATOES",0.332132564841499
"IR87707-446-B-B","SERATOES",0.329192546583851
"IRROEPYO","SERATOES",0.239041604754829
"KALINGA-1","SERATOES",0.343073593073593
"KANGRO","SERATOES",0.386396267049533
"KHAODAWTAI","SERATOES",0.421023965141612
"MANDRIRAVINA","SERATOES",0.382649388048956
"MAUDAMANI","SERATOES",0.419051068453459
"MOROBEREKAN","SERATOES",0.32780847145488
"MTU1010","SERATOES",0.337617668356264
"MTU9","SERATOES",0.388046226074395
"NERICA-L-26","SERATOES",0.341808935706502
"NERICA-L-42","SERATOES",0.340835433921498
"NERICA-L-44","SERATOES",0.335133189344852
"PARIJAT","SERATOES",0.32760492040521
"Patchaiperumal","SERATOES",0.29960460100647
"PEH-KUH-TSAO-TU","SERATOES",0.386249100071994
"PMK-2","SERATOES",0.325368307581746
"PRASAD-1","SERATOES",0.416847433116414
"PUSASUGANDH5","SERATOES",0.335194524495677
"PUSA1121","SERATOES",0.294236417033774
"Pusa1121-SN12","SERATOES",0.298598303209148
"PUSA44","SERATOES",0.341404805914972
"PUSABASMATI6","SERATOES",0.403025884068538
"PUSASUGANDH2","SERATOES",0.415556355779618
"RASI","SERATOES",0.337239583333333
"RKVY-104","SERATOES",0.197063089195069
"RKVY-143","SERATOES",0.313869924541861
"RKVY-28","SERATOES",0.168183472879505
"R-RF-44","SERATOES",0.341591320072333
"RRF-78","SERATOES",0.279927667269439
"Sadabahar","SERATOES",0.38786231884058
"SAFRI-17","SERATOES",0.409239723535831
"SAHBHAGIDHAN","SERATOES",0.327424023154848
"SATABHAMA","SERATOES",0.414739884393064
"SERATOES","SERATOES",0
"SERETY","SERATOES",0.386544011544012
"SHAKU","SERATOES",0.407779886148008
"SR1-3-1","SERATOES",0.41799709724238
"SUWEON","SERATOES",0.3855193328279
"SWARNA","SERATOES",0.327454545454545
"VANAPRAVA","SERATOES",0.131550218340611
"VANDANA","SERATOES",0.260632497273719
"Wayrarem","SERATOES",0.331525668835864
"281785","SERETY",0.220839260312945
"282803","SERETY",0.332390381895332
"299554","SERETY",0.360486211901306
"356457","SERETY",0.306434599156118
"376579","SERETY",0.217414341222183
"376851","SERETY",0.209683161267355
"377448","SERETY",0.317146922803273
"377705","SERETY",0.348796033994334
"384190","SERETY",0.286827195467422
"426049","SERETY",0.304301833568406
"438644","SERETY",0.329233511586453
"ADAYSEL","SERETY",0.368468146027201
"AbhayaXDagadesi","SERETY",0.34822695035461
"ABHISEK","SERETY",0.23834934187122
"ABOR-A-1","SERETY",0.290110281038776
"ANJALI","SERETY",0.240799716914367
"Annada","SERETY",0.348522605909576
"Apo","SERETY",0.3649415101028
"ARC10319","SERETY",0.265218939124244
"ARC12071","SERETY",0.0311619718309859
"ARNAPURNA","SERETY",0.186333215921099
"ASD16","SERETY",0.210209145693017
"AUS257","SERETY",0.243585174625802
"BAKAL","SERETY",0.38745055735347
"BAM1057","SERETY",0.38019340974212
"BAM1098","SERETY",0.39709573323772
"BAM1659","SERETY",0.155555555555556
"BAM1689","SERETY",0.37432771602725
"BAM1708","SERETY",0.37921146953405
"BAM1812","SERETY",0.317649147727273
"BAM2096","SERETY",0.211009174311927
"BAM2166","SERETY",0.28794964028777
"BAM247","SERETY",0.321529745042493
"BAM2574","SERETY",0.209351753453773
"BAM2680","SERETY",0.239830208701804
"BAM3154","SERETY",0.328791681606311
"BAM3181","SERETY",0.201418439716312
"BAM326","SERETY",0.19062832800852
"BAM328","SERETY",0.319099929128278
"BAM350","SERETY",0.342787377911345
"BAM3690","SERETY",0.350375402216661
"BAM4009","SERETY",0.384216177523264
"BAM4054","SERETY",0.223396758280479
"BAM4138","SERETY",0.284001431639227
"BAM4168","SERETY",0.279813218390805
"BAM4234","SERETY",0.253095153873364
"BAM4254","SERETY",0.2543547813722
"BAM4477","SERETY",0.344992897727273
"BAM4496","SERETY",0.311440677966102
"BAM4510","SERETY",0.290938280413842
"BAM4521","SERETY",0.282272563825962
"BAM4534","SERETY",0.398540405838377
"BAM4797","SERETY",0.205065072106929
"BAM491","SERETY",0.33932384341637
"BAM4928","SERETY",0.270164168451106
"BAM5110","SERETY",0.247778172769285
"BAM56","SERETY",0.27874378992193
"BAM5779","SERETY",0.306797853309481
"BAM5850","SERETY",0.403191107923987
"BAM6921","SERETY",0.349680170575693
"BAM712","SERETY",0.349770236832803
"BAM742","SERETY",0.349110320284697
"BAM7429","SERETY",0.310571124512238
"BAM7449","SERETY",0.389507725476105
"BAM747","SERETY",0.34726173541963
"BAM759","SERETY",0.364435302916978
"BAM766","SERETY",0.34820788530466
"BAM807","SERETY",0.306858564321251
"BAM811","SERETY",0.36769394261424
"BAM812","SERETY",0.254807692307692
"BAM819","SERETY",0.225657427149965
"BAM8296","SERETY",0.346113074204947
"BAM8305","SERETY",0.330185317177477
"BAM8315","SERETY",0.313949339992865
"BAM8364","SERETY",0.226495726495726
"BAMAWPYAN","SERETY",0.285406955898171
"BENAMURI","SERETY",0.203152674459795
"BLACKGORA","SERETY",0.241348870056497
"CGR1656","SERETY",0.313676731793961
"CGR1679","SERETY",0.200460014154282
"CGR2012","SERETY",0.213449254790632
"CO18","SERETY",0.0535588442565187
"CRDHAN-204","SERETY",0.257264351523742
"CR143-2-2","SERETY",0.349786931818182
"CR262-4","SERETY",0.344723796033994
"CROSSA","SERETY",0.206920903954802
"DULAR","SERETY",0.401214719542694
"EYPO","SERETY",0.327910339840926
"EYPO-2","SERETY",0.181126062322946
"FULKATI","SERETY",0.390977443609023
"Ghanteswari","SERETY",0.31411390166254
"GHATIKAMMANANGARHAR","SERETY",0.223749119097956
"GotrabiDhan","SERETY",0.318663838812301
"GP-145-37","SERETY",0.217590957258919
"GP-145-51","SERETY",0.313475177304965
"HARBHOONDI","SERETY",0.252926569705569
"HongZuiEr","SERETY",0.350267379679144
"IndrabaruniDhan","SERETY",0.321743734557007
"IR74371-54-1-1","SERETY",0.344632768361582
"IR77298-14-1-2-10","SERETY",0.35028551034975
"IR77298-5-6-18","SERETY",0.34863523573201
"IR83383-B-B-129-4","SERETY",0.340014189428876
"IR83388-B-B108-3","SERETY",0.336582772066643
"IR87707-445-B-B","SERETY",0.343220338983051
"IR87707-446-B-B","SERETY",0.353015075376884
"IRROEPYO","SERETY",0.260624772974936
"KALINGA-1","SERETY",0.304286220332979
"KANGRO","SERETY",0.0300527240773286
"KHAODAWTAI","SERETY",0.237113402061856
"MANDRIRAVINA","SERETY",0.0533826638477801
"MAUDAMANI","SERETY",0.236140724946695
"MOROBEREKAN","SERETY",0.448406951484432
"MTU1010","SERETY",0.323613086770982
"MTU9","SERETY",0.0309515387336399
"NERICA-L-26","SERETY",0.36537089871612
"NERICA-L-42","SERETY",0.368411743898125
"NERICA-L-44","SERETY",0.344114528101803
"PARIJAT","SERETY",0.347602131438721
"Patchaiperumal","SERETY",0.284098939929329
"PEH-KUH-TSAO-TU","SERETY",0.0292562566090941
"PMK-2","SERETY",0.287402964008469
"PRASAD-1","SERETY",0.211048158640227
"PUSASUGANDH5","SERETY",0.346819787985866
"PUSA1121","SERETY",0.382936507936508
"Pusa1121-SN12","SERETY",0.382022471910112
"PUSA44","SERETY",0.344927536231884
"PUSABASMATI6","SERETY",0.263581129378127
"PUSASUGANDH2","SERETY",0.218849276385457
"RASI","SERETY",0.337111517367459
"RKVY-104","SERETY",0.403248839700107
"RKVY-143","SERETY",0.291298195967457
"RKVY-28","SERETY",0.376074498567335
"R-RF-44","SERETY",0.337176303653778
"RRF-78","SERETY",0.348560255954497
"Sadabahar","SERETY",0.205683836589698
"SAFRI-17","SERETY",0.224101103595586
"SAHBHAGIDHAN","SERETY",0.343572443181818
"SATABHAMA","SERETY",0.237867516826072
"SERATOES","SERETY",0.386544011544012
"SERETY","SERETY",0
"SHAKU","SERETY",0.264476614699332
"SR1-3-1","SERETY",0.252939080869255
"SUWEON","SERETY",0.235642830678029
"SWARNA","SERETY",0.346304891110318
"VANAPRAVA","SERETY",0.379662840746054
"VANDANA","SERETY",0.381343817012152
"Wayrarem","SERETY",0.367934589406328
"281785","SHAKU",0.246076233183857
"282803","SHAKU",0.348423005565863
"299554","SHAKU",0.315879664889566
"356457","SHAKU",0.358647450110865
"376579","SHAKU",0.25899814471243
"376851","SHAKU",0.263167725065372
"377448","SHAKU",0.365607476635514
"377705","SHAKU",0.366121234659725
"384190","SHAKU",0.297061011904762
"426049","SHAKU",0.35880829015544
"438644","SHAKU",0.350393700787402
"ADAYSEL","SHAKU",0.383414817600602
"AbhayaXDagadesi","SHAKU",0.346497764530551
"ABHISEK","SHAKU",0.247380239520958
"ABOR-A-1","SHAKU",0.362668161434978
"ANJALI","SHAKU",0.235326894502229
"Annada","SHAKU",0.296904140246177
"Apo","SHAKU",0.284040178571429
"ARC10319","SHAKU",0.37602842183994
"ARC12071","SHAKU",0.267295597484277
"ARNAPURNA","SHAKU",0.245098039215686
"ASD16","SHAKU",0.229780096906448
"AUS257","SHAKU",0.16461366181411
"BAKAL","SHAKU",0.395699735948699
"BAM1057","SHAKU",0.405816135084428
"BAM1098","SHAKU",0.400376647834275
"BAM1659","SHAKU",0.249812171299775
"BAM1689","SHAKU",0.387382297551789
"BAM1708","SHAKU",0.398308270676692
"BAM1812","SHAKU",0.354929051530993
"BAM2096","SHAKU",0.269387755102041
"BAM2166","SHAKU",0.292234848484848
"BAM247","SHAKU",0.363416449572013
"BAM2574","SHAKU",0.244237918215613
"BAM2680","SHAKU",0.25408618127786
"BAM3154","SHAKU",0.329887218045113
"BAM3181","SHAKU",0.257908448083364
"BAM326","SHAKU",0.254752143123369
"BAM328","SHAKU",0.374162323157111
"BAM350","SHAKU",0.339481946624804
"BAM3690","SHAKU",0.367117117117117
"BAM4009","SHAKU",0.407282282282282
"BAM4054","SHAKU",0.243442925748061
"BAM4138","SHAKU",0.304461942257218
"BAM4168","SHAKU",0.286792452830189
"BAM4234","SHAKU",0.238492947290275
"BAM4254","SHAKU",0.238352590383899
"BAM4477","SHAKU",0.366331096196868
"BAM4496","SHAKU",0.354282536151279
"BAM4510","SHAKU",0.306584362139918
"BAM4521","SHAKU",0.298265460030166
"BAM4534","SHAKU",0.404788627010849
"BAM4797","SHAKU",0.253232360546731
"BAM491","SHAKU",0.379678143712575
"BAM4928","SHAKU",0.289267015706806
"BAM5110","SHAKU",0.211173184357542
"BAM56","SHAKU",0.29526825633383
"BAM5779","SHAKU",0.25554302893649
"BAM5850","SHAKU",0.407107935314028
"BAM6921","SHAKU",0.324309185959671
"BAM712","SHAKU",0.296028210838901
"BAM742","SHAKU",0.29607476635514
"BAM7429","SHAKU",0.349422288483041
"BAM7449","SHAKU",0.402374670184697
"BAM747","SHAKU",0.289493293591654
"BAM759","SHAKU",0.335233975619347
"BAM766","SHAKU",0.292921686746988
"BAM807","SHAKU",0.257468259895444
"BAM811","SHAKU",0.354694485842027
"BAM812","SHAKU",0.246263079222721
"BAM819","SHAKU",0.247010463378176
"BAM8296","SHAKU",0.346582466567608
"BAM8305","SHAKU",0.357999250655676
"BAM8315","SHAKU",0.287158367652565
"BAM8364","SHAKU",0.252708255509899
"BAMAWPYAN","SHAKU",0.292073628850488
"BENAMURI","SHAKU",0.231870583860171
"BLACKGORA","SHAKU",0.246943312337903
"CGR1656","SHAKU",0.342223051100336
"CGR1679","SHAKU",0.259865971705138
"CGR2012","SHAKU",0.257270693512304
"CO18","SHAKU",0.265717455621302
"CRDHAN-204","SHAKU",0.201375976199331
"CR143-2-2","SHAKU",0.306487695749441
"CR262-4","SHAKU",0.302044609665427
"CROSSA","SHAKU",0.256576509818451
"DULAR","SHAKU",0.406367041198502
"EYPO","SHAKU",0.367184539598333
"EYPO-2","SHAKU",0.256324404761905
"FULKATI","SHAKU",0.396123447497177
"Ghanteswari","SHAKU",0.350316102640387
"GHATIKAMMANANGARHAR","SHAKU",0.244082840236686
"GotrabiDhan","SHAKU",0.355790645879733
"GP-145-37","SHAKU",0.257867456497593
"GP-145-51","SHAKU",0.370757180156658
"HARBHOONDI","SHAKU",0.197951582867784
"HongZuiEr","SHAKU",0.364232209737828
"IndrabaruniDhan","SHAKU",0.345640074211503
"IR74371-54-1-1","SHAKU",0.304234769687964
"IR77298-14-1-2-10","SHAKU",0.333895131086142
"IR77298-5-6-18","SHAKU",0.350687988099665
"IR83383-B-B-129-4","SHAKU",0.355572120760343
"IR83388-B-B108-3","SHAKU",0.33891369047619
"IR87707-445-B-B","SHAKU",0.348888888888889
"IR87707-446-B-B","SHAKU",0.335716974030862
"IRROEPYO","SHAKU",0.267645936665395
"KALINGA-1","SHAKU",0.347712904425437
"KANGRO","SHAKU",0.266913123844732
"KHAODAWTAI","SHAKU",0.256247668780306
"MANDRIRAVINA","SHAKU",0.268134715025907
"MAUDAMANI","SHAKU",0.230540037243948
"MOROBEREKAN","SHAKU",0.401751713632902
"MTU1010","SHAKU",0.351270553064275
"MTU9","SHAKU",0.266282098995162
"NERICA-L-26","SHAKU",0.319954988747187
"NERICA-L-42","SHAKU",0.321136701337296
"NERICA-L-44","SHAKU",0.342936802973978
"PARIJAT","SHAKU",0.348919523099851
"Patchaiperumal","SHAKU",0.359792284866469
"PEH-KUH-TSAO-TU","SHAKU",0.266864343958488
"PMK-2","SHAKU",0.360296846011132
"PRASAD-1","SHAKU",0.242565055762082
"PUSASUGANDH5","SHAKU",0.347082868821999
"PUSA1121","SHAKU",0.377182991647684
"Pusa1121-SN12","SHAKU",0.375762195121951
"PUSA44","SHAKU",0.340114068441065
"PUSABASMATI6","SHAKU",0.266504126031508
"PUSASUGANDH2","SHAKU",0.243243243243243
"RASI","SHAKU",0.344170834936514
"RKVY-104","SHAKU",0.396661665416354
"RKVY-143","SHAKU",0.366171003717472
"RKVY-28","SHAKU",0.412274096385542
"R-RF-44","SHAKU",0.341290563222678
"RRF-78","SHAKU",0.369207772795217
"Sadabahar","SHAKU",0.253826054497947
"SAFRI-17","SHAKU",0.232089552238806
"SAHBHAGIDHAN","SHAKU",0.345953002610966
"SATABHAMA","SHAKU",0.202270189802754
"SERATOES","SHAKU",0.407779886148008
"SERETY","SHAKU",0.264476614699332
"SHAKU","SHAKU",0
"SR1-3-1","SHAKU",0.225149476831091
"SUWEON","SHAKU",0.180216802168022
"SWARNA","SHAKU",0.349774943735934
"VANAPRAVA","SHAKU",0.406614054866592
"VANDANA","SHAKU",0.331332082551595
"Wayrarem","SHAKU",0.286567164179104
"281785","SR1-3-1",0.194682369735903
"282803","SR1-3-1",0.302346249555635
"299554","SR1-3-1",0.314097881665449
"356457","SR1-3-1",0.312101910828026
"376579","SR1-3-1",0.245997865528282
"376851","SR1-3-1",0.240946575833632
"377448","SR1-3-1",0.351128627731996
"377705","SR1-3-1",0.332145402708482
"384190","SR1-3-1",0.315423063191717
"426049","SR1-3-1",0.310436634717785
"438644","SR1-3-1",0.302154398563734
"ADAYSEL","SR1-3-1",0.367482895210659
"AbhayaXDagadesi","SR1-3-1",0.304851944345344
"ABHISEK","SR1-3-1",0.230824372759857
"ABOR-A-1","SR1-3-1",0.332379248658318
"ANJALI","SR1-3-1",0.198899929027679
"Annada","SR1-3-1",0.344734957020057
"Apo","SR1-3-1",0.327506243310739
"ARC10319","SR1-3-1",0.362007168458781
"ARC12071","SR1-3-1",0.248228206945429
"ARNAPURNA","SR1-3-1",0.240694789081886
"ASD16","SR1-3-1",0.206459671663098
"AUS257","SR1-3-1",0.21310888252149
"BAKAL","SR1-3-1",0.397649186256781
"BAM1057","SR1-3-1",0.40510424155284
"BAM1098","SR1-3-1",0.405088415734392
"BAM1659","SR1-3-1",0.243867243867244
"BAM1689","SR1-3-1",0.394404332129964
"BAM1708","SR1-3-1",0.406159942363112
"BAM1812","SR1-3-1",0.34620886981402
"BAM2096","SR1-3-1",0.249023090586146
"BAM2166","SR1-3-1",0.295586107091172
"BAM247","SR1-3-1",0.330242510699001
"BAM2574","SR1-3-1",0.237433155080214
"BAM2680","SR1-3-1",0.226156583629893
"BAM3154","SR1-3-1",0.319444444444444
"BAM3181","SR1-3-1",0.270424545130218
"BAM326","SR1-3-1",0.249732620320856
"BAM328","SR1-3-1",0.359129814550642
"BAM350","SR1-3-1",0.379636638909917
"BAM3690","SR1-3-1",0.356757728253055
"BAM4009","SR1-3-1",0.412675549153763
"BAM4054","SR1-3-1",0.191462982642579
"BAM4138","SR1-3-1",0.322226224783862
"BAM4168","SR1-3-1",0.296570397111913
"BAM4234","SR1-3-1",0.186141788386177
"BAM4254","SR1-3-1",0.186337625178827
"BAM4477","SR1-3-1",0.357755539671194
"BAM4496","SR1-3-1",0.350976909413854
"BAM4510","SR1-3-1",0.313957660566918
"BAM4521","SR1-3-1",0.317557803468208
"BAM4534","SR1-3-1",0.416249105225483
"BAM4797","SR1-3-1",0.266383280198371
"BAM491","SR1-3-1",0.380781642165651
"BAM4928","SR1-3-1",0.290722761596548
"BAM5110","SR1-3-1",0.198534667619728
"BAM56","SR1-3-1",0.305
"BAM5779","SR1-3-1",0.294954954954955
"BAM5850","SR1-3-1",0.424810674359899
"BAM6921","SR1-3-1",0.296071428571429
"BAM712","SR1-3-1",0.340213523131673
"BAM742","SR1-3-1",0.341454675743461
"BAM7429","SR1-3-1",0.343035714285714
"BAM7449","SR1-3-1",0.405854716299241
"BAM747","SR1-3-1",0.340771153159586
"BAM759","SR1-3-1",0.361069277108434
"BAM766","SR1-3-1",0.339092872570194
"BAM807","SR1-3-1",0.294444444444444
"BAM811","SR1-3-1",0.338916607270135
"BAM812","SR1-3-1",0.231816553206736
"BAM819","SR1-3-1",0.210836909871245
"BAM8296","SR1-3-1",0.289473684210526
"BAM8305","SR1-3-1",0.310462199928341
"BAM8315","SR1-3-1",0.323698384201077
"BAM8364","SR1-3-1",0.202755905511811
"BAMAWPYAN","SR1-3-1",0.305335255948089
"BENAMURI","SR1-3-1",0.249821556031406
"BLACKGORA","SR1-3-1",0.198049645390071
"CGR1656","SR1-3-1",0.357040743388134
"CGR1679","SR1-3-1",0.24848592803705
"CGR2012","SR1-3-1",0.245538900785154
"CO18","SR1-3-1",0.244843527738265
"CRDHAN-204","SR1-3-1",0.210976478973628
"CR143-2-2","SR1-3-1",0.319285714285714
"CR262-4","SR1-3-1",0.314768683274021
"CROSSA","SR1-3-1",0.246979388770434
"DULAR","SR1-3-1",0.412410071942446
"EYPO","SR1-3-1",0.354492542742816
"EYPO-2","SR1-3-1",0.229070181688636
"FULKATI","SR1-3-1",0.407847372210223
"Ghanteswari","SR1-3-1",0.327156094084106
"GHATIKAMMANANGARHAR","SR1-3-1",0.182494684620836
"GotrabiDhan","SR1-3-1",0.322890708437166
"GP-145-37","SR1-3-1",0.249466571834993
"GP-145-51","SR1-3-1",0.353697749196141
"HARBHOONDI","SR1-3-1",0.213801711840228
"HongZuiEr","SR1-3-1",0.351632579834948
"IndrabaruniDhan","SR1-3-1",0.305792466240227
"IR74371-54-1-1","SR1-3-1",0.311367673179396
"IR77298-14-1-2-10","SR1-3-1",0.277019748653501
"IR77298-5-6-18","SR1-3-1",0.2904031394934
"IR83383-B-B-129-4","SR1-3-1",0.296607142857143
"IR83388-B-B108-3","SR1-3-1",0.284362727597287
"IR87707-445-B-B","SR1-3-1",0.299040511727079
"IR87707-446-B-B","SR1-3-1",0.294733044733045
"IRROEPYO","SR1-3-1",0.293438416422287
"KALINGA-1","SR1-3-1",0.310271041369472
"KANGRO","SR1-3-1",0.249291282778171
"KHAODAWTAI","SR1-3-1",0.212522361359571
"MANDRIRAVINA","SR1-3-1",0.248136315228967
"MAUDAMANI","SR1-3-1",0.20811003929975
"MOROBEREKAN","SR1-3-1",0.430181818181818
"MTU1010","SR1-3-1",0.305187835420394
"MTU9","SR1-3-1",0.250889679715303
"NERICA-L-26","SR1-3-1",0.309694793536804
"NERICA-L-42","SR1-3-1",0.312989323843416
"NERICA-L-44","SR1-3-1",0.293207681365576
"PARIJAT","SR1-3-1",0.318913121201287
"Patchaiperumal","SR1-3-1",0.353077196727143
"PEH-KUH-TSAO-TU","SR1-3-1",0.250088746893859
"PMK-2","SR1-3-1",0.331203407880724
"PRASAD-1","SR1-3-1",0.206312410841655
"PUSASUGANDH5","SR1-3-1",0.292022792022792
"PUSA1121","SR1-3-1",0.370967741935484
"Pusa1121-SN12","SR1-3-1",0.373724489795918
"PUSA44","SR1-3-1",0.288686131386861
"PUSABASMATI6","SR1-3-1",0.235537190082645
"PUSASUGANDH2","SR1-3-1",0.202271114265436
"RASI","SR1-3-1",0.340699815837937
"RKVY-104","SR1-3-1",0.40453074433657
"RKVY-143","SR1-3-1",0.354907539118065
"RKVY-28","SR1-3-1",0.409844933285251
"R-RF-44","SR1-3-1",0.307925740806855
"RRF-78","SR1-3-1",0.334704830053667
"Sadabahar","SR1-3-1",0.243122543765631
"SAFRI-17","SR1-3-1",0.195550771438823
"SAHBHAGIDHAN","SR1-3-1",0.314821428571429
"SATABHAMA","SR1-3-1",0.202741189035244
"SERATOES","SR1-3-1",0.41799709724238
"SERETY","SR1-3-1",0.252939080869255
"SHAKU","SR1-3-1",0.225149476831091
"SR1-3-1","SR1-3-1",0
"SUWEON","SR1-3-1",0.232375979112272
"SWARNA","SR1-3-1",0.29467817331895
"VANAPRAVA","SR1-3-1",0.404804913294798
"VANDANA","SR1-3-1",0.379266978081207
"Wayrarem","SR1-3-1",0.330714285714286
"281785","SUWEON",0.227527042148452
"282803","SUWEON",0.333395176252319
"299554","SUWEON",0.346080669710807
"356457","SUWEON",0.329088224437062
"376579","SUWEON",0.253515914137676
"376851","SUWEON",0.249439461883408
"377448","SUWEON",0.353754202465446
"377705","SUWEON",0.347438752783964
"384190","SUWEON",0.262569832402235
"426049","SUWEON",0.327350111028867
"438644","SUWEON",0.332834144515163
"ADAYSEL","SUWEON",0.362490594431904
"AbhayaXDagadesi","SUWEON",0.334512285927029
"ABHISEK","SUWEON",0.235877291432847
"ABOR-A-1","SUWEON",0.336944340679866
"ANJALI","SUWEON",0.224035608308605
"Annada","SUWEON",0.324122479462285
"Apo","SUWEON",0.330915178571429
"ARC10319","SUWEON",0.363449307893752
"ARC12071","SUWEON",0.237172388335179
"ARNAPURNA","SUWEON",0.235587583148559
"ASD16","SUWEON",0.230940870211975
"AUS257","SUWEON",0.185261194029851
"BAKAL","SUWEON",0.357088989441931
"BAM1057","SUWEON",0.379083740142696
"BAM1098","SUWEON",0.348194130925508
"BAM1659","SUWEON",0.246156730408699
"BAM1689","SUWEON",0.361393596986817
"BAM1708","SUWEON",0.35456595264938
"BAM1812","SUWEON",0.354484555266096
"BAM2096","SUWEON",0.26231937754724
"BAM2166","SUWEON",0.226757369614512
"BAM247","SUWEON",0.339285714285714
"BAM2574","SUWEON",0.248421834385444
"BAM2680","SUWEON",0.239614243323442
"BAM3154","SUWEON",0.328447951897783
"BAM3181","SUWEON",0.251769087523277
"BAM326","SUWEON",0.247393894266567
"BAM328","SUWEON",0.355018587360595
"BAM350","SUWEON",0.325864779874214
"BAM3690","SUWEON",0.367079115110611
"BAM4009","SUWEON",0.365427927927928
"BAM4054","SUWEON",0.228581979320532
"BAM4138","SUWEON",0.278319579894974
"BAM4168","SUWEON",0.273962264150943
"BAM4234","SUWEON",0.230141054194506
"BAM4254","SUWEON",0.230940870211975
"BAM4477","SUWEON",0.362229679343773
"BAM4496","SUWEON",0.346965210954848
"BAM4510","SUWEON",0.276842499064721
"BAM4521","SUWEON",0.256970610399397
"BAM4534","SUWEON",0.378363228699552
"BAM4797","SUWEON",0.243263196751569
"BAM491","SUWEON",0.377242152466368
"BAM4928","SUWEON",0.248784137673027
"BAM5110","SUWEON",0.23155737704918
"BAM56","SUWEON",0.253445065176909
"BAM5779","SUWEON",0.27344336084021
"BAM5850","SUWEON",0.391124482888304
"BAM6921","SUWEON",0.330786433097279
"BAM712","SUWEON",0.32220986281053
"BAM742","SUWEON",0.323441582680104
"BAM7429","SUWEON",0.354321907600596
"BAM7449","SUWEON",0.377497173011685
"BAM747","SUWEON",0.319485842026826
"BAM759","SUWEON",0.296368606013276
"BAM766","SUWEON",0.319736842105263
"BAM807","SUWEON",0.274561075831154
"BAM811","SUWEON",0.353531598513011
"BAM812","SUWEON",0.24496644295302
"BAM819","SUWEON",0.233096750093388
"BAM8296","SUWEON",0.345383759733037
"BAM8305","SUWEON",0.331584863244661
"BAM8315","SUWEON",0.274326347305389
"BAM8364","SUWEON",0.217967874486365
"BAMAWPYAN","SUWEON",0.266616597822005
"BENAMURI","SUWEON",0.239494235775381
"BLACKGORA","SUWEON",0.231951129211403
"CGR1656","SUWEON",0.347558702944465
"CGR1679","SUWEON",0.250464511334077
"CGR2012","SUWEON",0.245627093412728
"CO18","SUWEON",0.234826054774241
"CRDHAN-204","SUWEON",0.233333333333333
"CR143-2-2","SUWEON",0.333581811405144
"CR262-4","SUWEON",0.330483271375465
"CROSSA","SUWEON",0.247959940652819
"DULAR","SUWEON",0.365118021730985
"EYPO","SUWEON",0.324252743094968
"EYPO-2","SUWEON",0.230326651818857
"FULKATI","SUWEON",0.377585558480632
"Ghanteswari","SUWEON",0.31728624535316
"GHATIKAMMANANGARHAR","SUWEON",0.231152993348115
"GotrabiDhan","SUWEON",0.335003711952487
"GP-145-37","SUWEON",0.251204149685069
"GP-145-51","SUWEON",0.357888847444983
"HARBHOONDI","SUWEON",0.237829803047194
"HongZuiEr","SUWEON",0.357463524130191
"IndrabaruniDhan","SUWEON",0.329503335804299
"IR74371-54-1-1","SUWEON",0.328258447827701
"IR77298-14-1-2-10","SUWEON",0.335583052118485
"IR77298-5-6-18","SUWEON",0.335562987736901
"IR83383-B-B-129-4","SUWEON",0.335132117603275
"IR83388-B-B108-3","SUWEON",0.333333333333333
"IR87707-445-B-B","SUWEON",0.334938866246758
"IR87707-446-B-B","SUWEON",0.32957957957958
"IRROEPYO","SUWEON",0.235238095238095
"KALINGA-1","SUWEON",0.327938988095238
"KANGRO","SUWEON",0.237883832778394
"KHAODAWTAI","SUWEON",0.23562359970127
"MANDRIRAVINA","SUWEON",0.236229205175601
"MAUDAMANI","SUWEON",0.229780096906448
"MOROBEREKAN","SUWEON",0.421042617960426
"MTU1010","SUWEON",0.33289817232376
"MTU9","SUWEON",0.23821017452655
"NERICA-L-26","SUWEON",0.330898876404494
"NERICA-L-42","SUWEON",0.334261321455085
"NERICA-L-44","SUWEON",0.334384272997033
"PARIJAT","SUWEON",0.346311475409836
"Patchaiperumal","SUWEON",0.346923647146034
"PEH-KUH-TSAO-TU","SUWEON",0.237046632124352
"PMK-2","SUWEON",0.336047372316802
"PRASAD-1","SUWEON",0.194124209743399
"PUSASUGANDH5","SUWEON",0.328878990348924
"PUSA1121","SUWEON",0.356683074592957
"Pusa1121-SN12","SUWEON",0.358174904942966
"PUSA44","SUWEON",0.340865932396506
"PUSABASMATI6","SUWEON",0.251309880239521
"PUSASUGANDH2","SUWEON",0.228935698447894
"RASI","SUWEON",0.325478927203065
"RKVY-104","SUWEON",0.373828271466067
"RKVY-143","SUWEON",0.351576994434137
"RKVY-28","SUWEON",0.377067669172932
"R-RF-44","SUWEON",0.341272794938593
"RRF-78","SUWEON",0.334328358208955
"Sadabahar","SUWEON",0.243752331219694
"SAFRI-17","SUWEON",0.223590892123927
"SAHBHAGIDHAN","SUWEON",0.342026825633383
"SATABHAMA","SUWEON",0.228656273199703
"SERATOES","SUWEON",0.3855193328279
"SERETY","SUWEON",0.235642830678029
"SHAKU","SUWEON",0.180216802168022
"SR1-3-1","SUWEON",0.232375979112272
"SUWEON","SUWEON",0
"SWARNA","SUWEON",0.34649943841258
"VANAPRAVA","SUWEON",0.377731725697061
"VANDANA","SUWEON",0.363227016885553
"Wayrarem","SUWEON",0.333705772811918
"281785","SWARNA",0.327412988876929
"282803","SWARNA",0.23030303030303
"299554","SWARNA",0.21865889212828
"356457","SWARNA",0.239454094292804
"376579","SWARNA",0.340949660835416
"376851","SWARNA",0.330392509902773
"377448","SWARNA",0.231790455687119
"377705","SWARNA",0.248750892219843
"384190","SWARNA",0.422154617036507
"426049","SWARNA",0.238264580369844
"438644","SWARNA",0.231641468682505
"ADAYSEL","SWARNA",0.198916967509025
"AbhayaXDagadesi","SWARNA",0.240886347390994
"ABHISEK","SWARNA",0.308992805755396
"ABOR-A-1","SWARNA",0.243461125044787
"ANJALI","SWARNA",0.318392857142857
"Annada","SWARNA",0.454529115744069
"Apo","SWARNA",0.231580829756795
"ARC10319","SWARNA",0.244248741912293
"ARC12071","SWARNA",0.346372688477952
"ARNAPURNA","SWARNA",0.336712913553895
"ASD16","SWARNA",0.3185888252149
"AUS257","SWARNA",0.301187477509896
"BAKAL","SWARNA",0.335810076114534
"BAM1057","SWARNA",0.329902491874323
"BAM1098","SWARNA",0.33971119133574
"BAM1659","SWARNA",0.330983369486623
"BAM1689","SWARNA",0.323571945046999
"BAM1708","SWARNA",0.326943942133816
"BAM1812","SWARNA",0.240501792114695
"BAM2096","SWARNA",0.329233511586453
"BAM2166","SWARNA",0.415272727272727
"BAM247","SWARNA",0.231855559528066
"BAM2574","SWARNA",0.333631484794276
"BAM2680","SWARNA",0.348019978594363
"BAM3154","SWARNA",0.227584960231381
"BAM3181","SWARNA",0.352508960573477
"BAM326","SWARNA",0.331364124597207
"BAM328","SWARNA",0.240443015362629
"BAM350","SWARNA",0.271763815291446
"BAM3690","SWARNA",0.255315315315315
"BAM4009","SWARNA",0.341810966810967
"BAM4054","SWARNA",0.306474564212024
"BAM4138","SWARNA",0.424395525081198
"BAM4168","SWARNA",0.388788098693759
"BAM4234","SWARNA",0.328147353361946
"BAM4254","SWARNA",0.329745245783997
"BAM4477","SWARNA",0.25286327845383
"BAM4496","SWARNA",0.238332739579622
"BAM4510","SWARNA",0.409564904710536
"BAM4521","SWARNA",0.430721799056946
"BAM4534","SWARNA",0.316139468008627
"BAM4797","SWARNA",0.343516873889876
"BAM491","SWARNA",0.277578153072224
"BAM4928","SWARNA",0.405259365994236
"BAM5110","SWARNA",0.29637603157517
"BAM56","SWARNA",0.416517377284128
"BAM5779","SWARNA",0.406543745480839
"BAM5850","SWARNA",0.334358047016275
"BAM6921","SWARNA",0.21625492302184
"BAM712","SWARNA",0.449982136477313
"BAM742","SWARNA",0.450737144911902
"BAM7429","SWARNA",0.242841803865426
"BAM7449","SWARNA",0.330618892508143
"BAM747","SWARNA",0.451560818083961
"BAM759","SWARNA",0.281969068276122
"BAM766","SWARNA",0.44824466159971
"BAM807","SWARNA",0.402443406395976
"BAM811","SWARNA",0.243837084673098
"BAM812","SWARNA",0.341235632183908
"BAM819","SWARNA",0.342143113987774
"BAM8296","SWARNA",0.215431218816821
"BAM8305","SWARNA",0.23490294751977
"BAM8315","SWARNA",0.430115273775216
"BAM8364","SWARNA",0.349012567324955
"BAMAWPYAN","SWARNA",0.420281995661605
"BENAMURI","SWARNA",0.331245526127416
"BLACKGORA","SWARNA",0.335531004989309
"CGR1656","SWARNA",0.235947010383101
"CGR1679","SWARNA",0.323382195209153
"CGR2012","SWARNA",0.335422636103152
"CO18","SWARNA",0.342368045649073
"CRDHAN-204","SWARNA",0.312678571428571
"CR143-2-2","SWARNA",0.222977809591983
"CR262-4","SWARNA",0.222142857142857
"CROSSA","SWARNA",0.335292022792023
"DULAR","SWARNA",0.335376848178868
"EYPO","SWARNA",0.262946754194019
"EYPO-2","SWARNA",0.339055793991416
"FULKATI","SWARNA",0.32990990990991
"Ghanteswari","SWARNA",0.237857142857143
"GHATIKAMMANANGARHAR","SWARNA",0.322724039829303
"GotrabiDhan","SWARNA",0.231481481481482
"GP-145-37","SWARNA",0.335294117647059
"GP-145-51","SWARNA",0.223575779290577
"HARBHOONDI","SWARNA",0.322540250447227
"HongZuiEr","SWARNA",0.255847427132062
"IndrabaruniDhan","SWARNA",0.133274021352313
"IR74371-54-1-1","SWARNA",0.218003565062389
"IR77298-14-1-2-10","SWARNA",0.157553956834532
"IR77298-5-6-18","SWARNA",0.246340592645484
"IR83383-B-B-129-4","SWARNA",0.248837209302326
"IR83388-B-B108-3","SWARNA",0.223571428571429
"IR87707-445-B-B","SWARNA",0.244480056980057
"IR87707-446-B-B","SWARNA",0.22854038391887
"IRROEPYO","SWARNA",0.395250368188513
"KALINGA-1","SWARNA",0.230357142857143
"KANGRO","SWARNA",0.344171997157072
"KHAODAWTAI","SWARNA",0.345614665708124
"MANDRIRAVINA","SWARNA",0.343905915894512
"MAUDAMANI","SWARNA",0.283614198637504
"MOROBEREKAN","SWARNA",0.37472607742878
"MTU1010","SWARNA",0.242728904847397
"MTU9","SWARNA",0.347212294496069
"NERICA-L-26","SWARNA",0.204962243797195
"NERICA-L-42","SWARNA",0.208273894436519
"NERICA-L-44","SWARNA",0.214107588172426
"PARIJAT","SWARNA",0.244982078853047
"Patchaiperumal","SWARNA",0.23762023512647
"PEH-KUH-TSAO-TU","SWARNA",0.343249020306377
"PMK-2","SWARNA",0.244310099573257
"PRASAD-1","SWARNA",0.340852130325815
"PUSASUGANDH5","SWARNA",0.228148412415269
"PUSA1121","SWARNA",0.302942244823829
"Pusa1121-SN12","SWARNA",0.301055697124135
"PUSA44","SWARNA",0.218590211833455
"PUSABASMATI6","SWARNA",0.370717634331049
"PUSASUGANDH2","SWARNA",0.241717135732098
"RASI","SWARNA",0.229135893648449
"RKVY-104","SWARNA",0.339034929780338
"RKVY-143","SWARNA",0.24331073849447
"RKVY-28","SWARNA",0.328108108108108
"R-RF-44","SWARNA",0.229874776386404
"RRF-78","SWARNA",0.254750806740767
"Sadabahar","SWARNA",0.331480817497311
"SAFRI-17","SWARNA",0.308966510622974
"SAHBHAGIDHAN","SWARNA",0.241779842744818
"SATABHAMA","SWARNA",0.319221150410861
"SERATOES","SWARNA",0.327454545454545
"SERETY","SWARNA",0.346304891110318
"SHAKU","SWARNA",0.349774943735934
"SR1-3-1","SWARNA",0.29467817331895
"SUWEON","SWARNA",0.34649943841258
"SWARNA","SWARNA",0
"VANAPRAVA","SWARNA",0.326763110307414
"VANDANA","SWARNA",0.283063063063063
"Wayrarem","SWARNA",0.231733524355301
"281785","VANAPRAVA",0.398485394879192
"282803","VANAPRAVA",0.327783745076978
"299554","VANAPRAVA",0.329537105069802
"356457","VANAPRAVA",0.320983256145351
"376579","VANAPRAVA",0.392434564359986
"376851","VANAPRAVA",0.390173410404624
"377448","VANAPRAVA",0.305035971223022
"377705","VANAPRAVA",0.341275528484414
"384190","VANAPRAVA",0.275502873563218
"426049","VANAPRAVA",0.320521987844119
"438644","VANAPRAVA",0.326770231213873
"ADAYSEL","VANAPRAVA",0.244122965641953
"AbhayaXDagadesi","VANAPRAVA",0.333572453371593
"ABHISEK","VANAPRAVA",0.405156869816084
"ABOR-A-1","VANAPRAVA",0.320452911574407
"ANJALI","VANAPRAVA",0.408895265423243
"Annada","VANAPRAVA",0.396352473817263
"Apo","VANAPRAVA",0.319210053859964
"ARC10319","VANAPRAVA",0.320887445887446
"ARC12071","VANAPRAVA",0.378079257408069
"ARNAPURNA","VANAPRAVA",0.400142908181493
"ASD16","VANAPRAVA",0.411299028427492
"AUS257","VANAPRAVA",0.408959537572254
"BAKAL","VANAPRAVA",0.176566461427019
"BAM1057","VANAPRAVA",0.00521582733812953
"BAM1098","VANAPRAVA",0.230811006517017
"BAM1659","VANAPRAVA",0.399164244186046
"BAM1689","VANAPRAVA",0.195077813970322
"BAM1708","VANAPRAVA",0.191931982633864
"BAM1812","VANAPRAVA",0.313961856783015
"BAM2096","VANAPRAVA",0.384849570200573
"BAM2166","VANAPRAVA",0.316125501641737
"BAM247","VANAPRAVA",0.316582914572864
"BAM2574","VANAPRAVA",0.389148401006108
"BAM2680","VANAPRAVA",0.421505376344086
"BAM3154","VANAPRAVA",0.312794490757521
"BAM3181","VANAPRAVA",0.393961179007908
"BAM326","VANAPRAVA",0.382511694854264
"BAM328","VANAPRAVA",0.303443328550933
"BAM350","VANAPRAVA",0.162742119255602
"BAM3690","VANAPRAVA",0.327966714905933
"BAM4009","VANAPRAVA",0.186618444846293
"BAM4054","VANAPRAVA",0.413959300249911
"BAM4138","VANAPRAVA",0.252361918604651
"BAM4168","VANAPRAVA",0.341894353369763
"BAM4234","VANAPRAVA",0.404454022988506
"BAM4254","VANAPRAVA",0.404615939415795
"BAM4477","VANAPRAVA",0.330035971223022
"BAM4496","VANAPRAVA",0.305545617173524
"BAM4510","VANAPRAVA",0.230296456977585
"BAM4521","VANAPRAVA",0.277514577259475
"BAM4534","VANAPRAVA",0.161690647482014
"BAM4797","VANAPRAVA",0.368665239114918
"BAM491","VANAPRAVA",0.242429704397981
"BAM4928","VANAPRAVA",0.291214750542299
"BAM5110","VANAPRAVA",0.414177761784815
"BAM56","VANAPRAVA",0.262684418855703
"BAM5779","VANAPRAVA",0.385174418604651
"BAM5850","VANAPRAVA",0.167511771097428
"BAM6921","VANAPRAVA",0.322841726618705
"BAM712","VANAPRAVA",0.395444763271162
"BAM742","VANAPRAVA",0.3985559566787
"BAM7429","VANAPRAVA",0.31505376344086
"BAM7449","VANAPRAVA",0.150018096272168
"BAM747","VANAPRAVA",0.398234870317003
"BAM759","VANAPRAVA",0.243560606060606
"BAM766","VANAPRAVA",0.396257267441861
"BAM807","VANAPRAVA",0.38479595521849
"BAM811","VANAPRAVA",0.321851453175457
"BAM812","VANAPRAVA",0.404366654637315
"BAM819","VANAPRAVA",0.411637152150343
"BAM8296","VANAPRAVA",0.330590339892666
"BAM8305","VANAPRAVA",0.33652111151209
"BAM8315","VANAPRAVA",0.356704011564872
"BAM8364","VANAPRAVA",0.386945546339704
"BAMAWPYAN","VANAPRAVA",0.260996001454017
"BENAMURI","VANAPRAVA",0.395323741007194
"BLACKGORA","VANAPRAVA",0.414311270125224
"CGR1656","VANAPRAVA",0.312140804597701
"CGR1679","VANAPRAVA",0.395795903701042
"CGR2012","VANAPRAVA",0.38746849117753
"CO18","VANAPRAVA",0.378581661891118
"CRDHAN-204","VANAPRAVA",0.408405172413793
"CR143-2-2","VANAPRAVA",0.324757106872976
"CR262-4","VANAPRAVA",0.326048011465425
"CROSSA","VANAPRAVA",0.38815318539728
"DULAR","VANAPRAVA",0.172979797979798
"EYPO","VANAPRAVA",0.285009140767824
"EYPO-2","VANAPRAVA",0.401509705248023
"FULKATI","VANAPRAVA",0.169011544011544
"Ghanteswari","VANAPRAVA",0.325985663082437
"GHATIKAMMANANGARHAR","VANAPRAVA",0.402072909220872
"GotrabiDhan","VANAPRAVA",0.316797994269341
"GP-145-37","VANAPRAVA",0.388968481375358
"GP-145-51","VANAPRAVA",0.313218390804598
"HARBHOONDI","VANAPRAVA",0.410919540229885
"HongZuiEr","VANAPRAVA",0.337964633706243
"IndrabaruniDhan","VANAPRAVA",0.330829756795422
"IR74371-54-1-1","VANAPRAVA",0.326172574292875
"IR77298-14-1-2-10","VANAPRAVA",0.326943942133816
"IR77298-5-6-18","VANAPRAVA",0.321005385996409
"IR83383-B-B-129-4","VANAPRAVA",0.322314049586777
"IR83388-B-B108-3","VANAPRAVA",0.327102803738318
"IR87707-445-B-B","VANAPRAVA",0.324034334763948
"IR87707-446-B-B","VANAPRAVA",0.322984749455338
"IRROEPYO","VANAPRAVA",0.271148873291467
"KALINGA-1","VANAPRAVA",0.333871546465734
"KANGRO","VANAPRAVA",0.378879771673207
"KHAODAWTAI","VANAPRAVA",0.416486291486291
"MANDRIRAVINA","VANAPRAVA",0.377730039384175
"MAUDAMANI","VANAPRAVA",0.416906993511175
"MOROBEREKAN","VANAPRAVA",0.32845111680703
"MTU1010","VANAPRAVA",0.330813534917207
"MTU9","VANAPRAVA",0.381234302116972
"NERICA-L-26","VANAPRAVA",0.333935670401156
"NERICA-L-42","VANAPRAVA",0.33428775948461
"NERICA-L-44","VANAPRAVA",0.32952108649035
"PARIJAT","VANAPRAVA",0.323804386911183
"Patchaiperumal","VANAPRAVA",0.301825993555317
"PEH-KUH-TSAO-TU","VANAPRAVA",0.379205440229062
"PMK-2","VANAPRAVA",0.320357142857143
"PRASAD-1","VANAPRAVA",0.409712230215827
"PUSASUGANDH5","VANAPRAVA",0.318474758324382
"PUSA1121","VANAPRAVA",0.28219627873039
"Pusa1121-SN12","VANAPRAVA",0.279244591125779
"PUSA44","VANAPRAVA",0.335229357798165
"PUSABASMATI6","VANAPRAVA",0.387781000725163
"PUSASUGANDH2","VANAPRAVA",0.415324024346581
"RASI","VANAPRAVA",0.315906562847608
"RKVY-104","VANAPRAVA",0.181425485961123
"RKVY-143","VANAPRAVA",0.310912343470483
"RKVY-28","VANAPRAVA",0.163468501086169
"R-RF-44","VANAPRAVA",0.333812949640288
"RRF-78","VANAPRAVA",0.259884974838246
"Sadabahar","VANAPRAVA",0.385405405405405
"SAFRI-17","VANAPRAVA",0.399602026049204
"SAHBHAGIDHAN","VANAPRAVA",0.322777977689817
"SATABHAMA","VANAPRAVA",0.410887531440891
"SERATOES","VANAPRAVA",0.131550218340611
"SERETY","VANAPRAVA",0.379662840746054
"SHAKU","VANAPRAVA",0.406614054866592
"SR1-3-1","VANAPRAVA",0.404804913294798
"SUWEON","VANAPRAVA",0.377731725697061
"SWARNA","VANAPRAVA",0.326763110307414
"VANAPRAVA","VANAPRAVA",0
"VANDANA","VANAPRAVA",0.249186844958439
"Wayrarem","VANAPRAVA",0.322110190853439
"281785","VANDANA",0.387890765361121
"282803","VANDANA",0.297967189728959
"299554","VANDANA",0.252833638025594
"356457","VANDANA",0.286576704545455
"376579","VANDANA",0.381922115041086
"376851","VANDANA",0.386388188692834
"377448","VANDANA",0.283333333333333
"377705","VANDANA",0.302640970735189
"384190","VANDANA",0.348495702005731
"426049","VANDANA",0.285866856532574
"438644","VANDANA",0.302049622437972
"ADAYSEL","VANDANA",0.271727371078255
"AbhayaXDagadesi","VANDANA",0.300679299249196
"ABHISEK","VANDANA",0.360871130309575
"ABOR-A-1","VANDANA",0.301219949766774
"ANJALI","VANDANA",0.35362370581935
"Annada","VANDANA",0.408372260150916
"Apo","VANDANA",0.212397284744552
"ARC10319","VANDANA",0.294466403162055
"ARC12071","VANDANA",0.381358946993952
"ARNAPURNA","VANDANA",0.373620505517978
"ASD16","VANDANA",0.37921146953405
"AUS257","VANDANA",0.333573227779777
"BAKAL","VANDANA",0.278501628664495
"BAM1057","VANDANA",0.247746123332131
"BAM1098","VANDANA",0.293851717902351
"BAM1659","VANDANA",0.37527114967462
"BAM1689","VANDANA",0.279566003616637
"BAM1708","VANDANA",0.272103933597979
"BAM1812","VANDANA",0.288578589330469
"BAM2096","VANDANA",0.368937232524964
"BAM2166","VANDANA",0.381636363636364
"BAM247","VANDANA",0.28180843459614
"BAM2574","VANDANA",0.378668575518969
"BAM2680","VANDANA",0.39264022865309
"BAM3154","VANDANA",0.235910404624277
"BAM3181","VANDANA",0.371418338108882
"BAM326","VANDANA",0.376476906552095
"BAM328","VANDANA",0.272142857142857
"BAM350","VANDANA",0.259931895573212
"BAM3690","VANDANA",0.302090843547224
"BAM4009","VANDANA",0.275793650793651
"BAM4054","VANDANA",0.366192170818505
"BAM4138","VANDANA",0.353579175704989
"BAM4168","VANDANA",0.350689404934688
"BAM4234","VANDANA",0.368553008595988
"BAM4254","VANDANA",0.370150862068966
"BAM4477","VANDANA",0.295625672283973
"BAM4496","VANDANA",0.281695156695157
"BAM4510","VANDANA",0.341981981981982
"BAM4521","VANDANA",0.353282553500181
"BAM4534","VANDANA",0.264367816091954
"BAM4797","VANDANA",0.363846427301813
"BAM491","VANDANA",0.285765636232926
"BAM4928","VANDANA",0.356988472622478
"BAM5110","VANDANA",0.354480286738351
"BAM56","VANDANA",0.357577929057685
"BAM5779","VANDANA",0.373644251626898
"BAM5850","VANDANA",0.272858691723889
"BAM6921","VANDANA",0.243828264758497
"BAM712","VANDANA",0.403035714285714
"BAM742","VANDANA",0.406182602444285
"BAM7429","VANDANA",0.288447782546495
"BAM7449","VANDANA",0.251084598698482
"BAM747","VANDANA",0.407560014331781
"BAM759","VANDANA",0.282961843596524
"BAM766","VANDANA",0.405459146782357
"BAM807","VANDANA",0.373381294964029
"BAM811","VANDANA",0.294853466761973
"BAM812","VANDANA",0.385237068965517
"BAM819","VANDANA",0.387311286843997
"BAM8296","VANDANA",0.288591800356506
"BAM8305","VANDANA",0.301475881929446
"BAM8315","VANDANA",0.386945546339704
"BAM8364","VANDANA",0.360093390804598
"BAMAWPYAN","VANDANA",0.34971098265896
"BENAMURI","VANDANA",0.37809250627465
"BLACKGORA","VANDANA",0.378922967189729
"CGR1656","VANDANA",0.286327845382964
"CGR1679","VANDANA",0.380007153075823
"CGR2012","VANDANA",0.380781642165651
"CO18","VANDANA",0.380706134094151
"CRDHAN-204","VANDANA",0.323908375089477
"CR143-2-2","VANDANA",0.213467048710602
"CR262-4","VANDANA",0.214668094218415
"CROSSA","VANDANA",0.37981455064194
"DULAR","VANDANA",0.26036036036036
"EYPO","VANDANA",0.28287795992714
"EYPO-2","VANDANA",0.389385275196569
"FULKATI","VANDANA",0.26647461289161
"Ghanteswari","VANDANA",0.297466095645967
"GHATIKAMMANANGARHAR","VANDANA",0.38202846975089
"GotrabiDhan","VANDANA",0.277460770328103
"GP-145-37","VANDANA",0.376248216833096
"GP-145-51","VANDANA",0.290830945558739
"HARBHOONDI","VANDANA",0.31824686940966
"HongZuiEr","VANDANA",0.286381602587136
"IndrabaruniDhan","VANDANA",0.274946543121882
"IR74371-54-1-1","VANDANA",0.209269162210339
"IR77298-14-1-2-10","VANDANA",0.258378378378378
"IR77298-5-6-18","VANDANA",0.293781272337384
"IR83383-B-B-129-4","VANDANA",0.297563597276962
"IR83388-B-B108-3","VANDANA",0.254733833511969
"IR87707-445-B-B","VANDANA",0.292722083481984
"IR87707-446-B-B","VANDANA",0.260759493670886
"IRROEPYO","VANDANA",0.355670103092783
"KALINGA-1","VANDANA",0.295746962115797
"KANGRO","VANDANA",0.382332029861358
"KHAODAWTAI","VANDANA",0.381919482386772
"MANDRIRAVINA","VANDANA",0.380833630210189
"MAUDAMANI","VANDANA",0.374102011494253
"MOROBEREKAN","VANDANA",0.334124087591241
"MTU1010","VANDANA",0.30225887414844
"MTU9","VANDANA",0.384368308351178
"NERICA-L-26","VANDANA",0.226344086021505
"NERICA-L-42","VANDANA",0.226254002134472
"NERICA-L-44","VANDANA",0.266108935564258
"PARIJAT","VANDANA",0.270609318996416
"Patchaiperumal","VANDANA",0.275757575757576
"PEH-KUH-TSAO-TU","VANDANA",0.380256593014968
"PMK-2","VANDANA",0.300213675213675
"PRASAD-1","VANDANA",0.395848246241947
"PUSASUGANDH5","VANDANA",0.276470588235294
"PUSA1121","VANDANA",0.306896551724138
"Pusa1121-SN12","VANDANA",0.308506754289887
"PUSA44","VANDANA",0.280051150895141
"PUSABASMATI6","VANDANA",0.381673881673882
"PUSASUGANDH2","VANDANA",0.368758915834522
"RASI","VANDANA",0.28210332103321
"RKVY-104","VANDANA",0.277498202731848
"RKVY-143","VANDANA",0.29126559714795
"RKVY-28","VANDANA",0.268772563176895
"R-RF-44","VANDANA",0.274320457796853
"RRF-78","VANDANA",0.277060931899642
"Sadabahar","VANDANA",0.379928315412186
"SAFRI-17","VANDANA",0.368515850144092
"SAHBHAGIDHAN","VANDANA",0.270758768790265
"SATABHAMA","VANDANA",0.312656417590275
"SERATOES","VANDANA",0.260632497273719
"SERETY","VANDANA",0.381343817012152
"SHAKU","VANDANA",0.331332082551595
"SR1-3-1","VANDANA",0.379266978081207
"SUWEON","VANDANA",0.363227016885553
"SWARNA","VANDANA",0.283063063063063
"VANAPRAVA","VANDANA",0.249186844958439
"VANDANA","VANDANA",0
"Wayrarem","VANDANA",0.214949928469242
"281785","Wayrarem",0.339470861637469
"282803","Wayrarem",0.241843971631206
"299554","Wayrarem",0.218363636363636
"356457","Wayrarem",0.249293785310734
"376579","Wayrarem",0.361051883439943
"376851","Wayrarem",0.365232974910394
"377448","Wayrarem",0.260178571428571
"377705","Wayrarem",0.258792184724689
"384190","Wayrarem",0.405482378070488
"426049","Wayrarem",0.250442477876106
"438644","Wayrarem",0.2486554320545
"ADAYSEL","Wayrarem",0.291277817659727
"AbhayaXDagadesi","Wayrarem",0.245199146514936
"ABHISEK","Wayrarem",0.326234788833214
"ABOR-A-1","Wayrarem",0.260970388869069
"ANJALI","Wayrarem",0.31101243339254
"Annada","Wayrarem",0.406831187410587
"Apo","Wayrarem",0.00603050727208232
"ARC10319","Wayrarem",0.274776386404293
"ARC12071","Wayrarem",0.372257607926398
"ARNAPURNA","Wayrarem",0.354210898796886
"ASD16","Wayrarem",0.340342124019957
"AUS257","Wayrarem",0.241952789699571
"BAKAL","Wayrarem",0.317952415284787
"BAM1057","Wayrarem",0.321915351506456
"BAM1098","Wayrarem",0.320143884892086
"BAM1659","Wayrarem",0.356474820143885
"BAM1689","Wayrarem",0.319848975188781
"BAM1708","Wayrarem",0.318165467625899
"BAM1812","Wayrarem",0.266215253029223
"BAM2096","Wayrarem",0.360588861298333
"BAM2166","Wayrarem",0.402386117136659
"BAM247","Wayrarem",0.253112771255781
"BAM2574","Wayrarem",0.351245551601423
"BAM2680","Wayrarem",0.355796586059744
"BAM3154","Wayrarem",0.21333572969087
"BAM3181","Wayrarem",0.370634354953671
"BAM326","Wayrarem",0.365206552706553
"BAM328","Wayrarem",0.266879886282871
"BAM350","Wayrarem",0.287438702376462
"BAM3690","Wayrarem",0.250987432675045
"BAM4009","Wayrarem",0.336145010768126
"BAM4054","Wayrarem",0.347610619469026
"BAM4138","Wayrarem",0.421071556993887
"BAM4168","Wayrarem",0.382851985559567
"BAM4234","Wayrarem",0.325908766928011
"BAM4254","Wayrarem",0.326840600428878
"BAM4477","Wayrarem",0.251961483594864
"BAM4496","Wayrarem",0.258230088495575
"BAM4510","Wayrarem",0.406126836259405
"BAM4521","Wayrarem",0.415612576797976
"BAM4534","Wayrarem",0.322551822730522
"BAM4797","Wayrarem",0.357496463932108
"BAM491","Wayrarem",0.294390853876384
"BAM4928","Wayrarem",0.389924704195052
"BAM5110","Wayrarem",0.305565465572601
"BAM56","Wayrarem",0.394868139700641
"BAM5779","Wayrarem",0.376574307304786
"BAM5850","Wayrarem",0.338061041292639
"BAM6921","Wayrarem",0.192156862745098
"BAM712","Wayrarem",0.403805120910384
"BAM742","Wayrarem",0.405690765926986
"BAM7429","Wayrarem",0.26531339031339
"BAM7449","Wayrarem",0.322342342342342
"BAM747","Wayrarem",0.406595365418895
"BAM759","Wayrarem",0.279323308270677
"BAM766","Wayrarem",0.405643421998562
"BAM807","Wayrarem",0.376340243030736
"BAM811","Wayrarem",0.254706927175844
"BAM812","Wayrarem",0.351752503576538
"BAM819","Wayrarem",0.342387419585418
"BAM8296","Wayrarem",0.229883020205601
"BAM8305","Wayrarem",0.242928750447547
"BAM8315","Wayrarem",0.4084229390681
"BAM8364","Wayrarem",0.34251968503937
"BAMAWPYAN","Wayrarem",0.407747747747748
"BENAMURI","Wayrarem",0.348770929818311
"BLACKGORA","Wayrarem",0.330851063829787
"CGR1656","Wayrarem",0.254898468115426
"CGR1679","Wayrarem",0.358285917496444
"CGR2012","Wayrarem",0.360506600071352
"CO18","Wayrarem",0.36639460610362
"CRDHAN-204","Wayrarem",0.29288256227758
"CR143-2-2","Wayrarem",0.175382426182853
"CR262-4","Wayrarem",0.175896343627973
"CROSSA","Wayrarem",0.357396239801348
"DULAR","Wayrarem",0.333333333333333
"EYPO","Wayrarem",0.276430123099203
"EYPO-2","Wayrarem",0.35439658241367
"FULKATI","Wayrarem",0.31718693936132
"Ghanteswari","Wayrarem",0.268534941468606
"GHATIKAMMANANGARHAR","Wayrarem",0.33929836995039
"GotrabiDhan","Wayrarem",0.250621669626998
"GP-145-37","Wayrarem",0.358283079106066
"GP-145-51","Wayrarem",0.263186029935852
"HARBHOONDI","Wayrarem",0.275898896404414
"HongZuiEr","Wayrarem",0.24588403722262
"IndrabaruniDhan","Wayrarem",0.228642325416519
"IR74371-54-1-1","Wayrarem",0.150177304964539
"IR77298-14-1-2-10","Wayrarem",0.205123611608742
"IR77298-5-6-18","Wayrarem",0.251424501424501
"IR83383-B-B-129-4","Wayrarem",0.25650160313502
"IR83388-B-B108-3","Wayrarem",0.210423336890786
"IR87707-445-B-B","Wayrarem",0.25
"IR87707-446-B-B","Wayrarem",0.222562072688017
"IRROEPYO","Wayrarem",0.393628707433175
"KALINGA-1","Wayrarem",0.243690010664771
"KANGRO","Wayrarem",0.372216330858961
"KHAODAWTAI","Wayrarem",0.341973543081873
"MANDRIRAVINA","Wayrarem",0.368262411347518
"MAUDAMANI","Wayrarem",0.320178571428571
"MOROBEREKAN","Wayrarem",0.330850290697674
"MTU1010","Wayrarem",0.246964285714286
"MTU9","Wayrarem",0.375666074600355
"NERICA-L-26","Wayrarem",0.175259577515217
"NERICA-L-42","Wayrarem",0.172046825115289
"NERICA-L-44","Wayrarem",0.220901348474095
"PARIJAT","Wayrarem",0.232442067736185
"Patchaiperumal","Wayrarem",0.263204537398086
"PEH-KUH-TSAO-TU","Wayrarem",0.371099290780142
"PMK-2","Wayrarem",0.261323425336164
"PRASAD-1","Wayrarem",0.34200213751336
"PUSASUGANDH5","Wayrarem",0.233770840723661
"PUSA1121","Wayrarem",0.297795446331767
"Pusa1121-SN12","Wayrarem",0.29437386569873
"PUSA44","Wayrarem",0.215714805383776
"PUSABASMATI6","Wayrarem",0.362787356321839
"PUSASUGANDH2","Wayrarem",0.326888967719049
"RASI","Wayrarem",0.243213499633162
"RKVY-104","Wayrarem",0.327839484055894
"RKVY-143","Wayrarem",0.2837646224743
"RKVY-28","Wayrarem",0.325673249551167
"R-RF-44","Wayrarem",0.237001424501424
"RRF-78","Wayrarem",0.269628836545325
"Sadabahar","Wayrarem",0.362062812276945
"SAFRI-17","Wayrarem",0.336855300859599
"SAHBHAGIDHAN","Wayrarem",0.230042765502495
"SATABHAMA","Wayrarem",0.268765563856279
"SERATOES","Wayrarem",0.331525668835864
"SERETY","Wayrarem",0.367934589406328
"SHAKU","Wayrarem",0.286567164179104
"SR1-3-1","Wayrarem",0.330714285714286
"SUWEON","Wayrarem",0.333705772811918
"SWARNA","Wayrarem",0.231733524355301
"VANAPRAVA","Wayrarem",0.322110190853439
"VANDANA","Wayrarem",0.214949928469242
"Wayrarem","Wayrarem",0
