"sample_a","sample_b","kinship"
"281785","281785",1.24178430065727
"282803","281785",0.442190811057438
"299554","281785",-0.133273634986187
"356457","281785",-0.102241827796278
"376579","281785",0.179107823872532
"376851","281785",0.164346551605011
"377448","281785",-0.258158460183704
"377705","281785",-0.0907154641628733
"384190","281785",0.0258696597934574
"426049","281785",-0.104160611790411
"438644","281785",0.465361732595887
"ADAYSEL","281785",-0.303447263236812
"AbhayaXDagadesi","281785",-0.0177772759206056
"ABHISEK","281785",0.307283931622177
"ABOR-A-1","281785",-0.165810678485019
"ANJALI","281785",0.391345967308405
"Annada","281785",0.0176158735876231
"Apo","281785",-0.210546865346299
"ARC10319","281785",-0.262769551338569
"ARC12071","281785",0.245790097582332
"ARNAPURNA","281785",0.197951990954129
"ASD16","281785",0.293998845926578
"AUS257","281785",0.230731763485999
"BAKAL","281785",-0.380439521531366
"BAM1057","281785",-0.354044508873916
"BAM1098","281785",-0.414179553920436
"BAM1659","281785",0.300915332923901
"BAM1689","281785",-0.380600407590682
"BAM1708","281785",-0.355432497351605
"BAM1812","281785",-0.260603269469004
"BAM2096","281785",0.201135672796533
"BAM2166","281785",0.0293988842326487
"BAM247","281785",-0.0861523691075142
"BAM2574","281785",0.182794863596042
"BAM2680","281785",0.364831901705208
"BAM3154","281785",-0.198236536063416
"BAM3181","281785",0.167042330561098
"BAM326","281785",0.227396940302006
"BAM328","281785",-0.262243762568316
"BAM350","281785",-0.320130396584758
"BAM3690","281785",-0.112127422073893
"BAM4009","281785",-0.375238578238397
"BAM4054","281785",0.327084421904776
"BAM4138","281785",0.03538999550996
"BAM4168","281785",0.131683086247152
"BAM4234","281785",0.360817812267564
"BAM4254","281785",0.366950007266142
"BAM4477","281785",-0.0934328856585673
"BAM4496","281785",-0.236804091206284
"BAM4510","281785",0.016112296653787
"BAM4521","281785",0.0529718444940577
"BAM4534","281785",-0.387043299620646
"BAM4797","281785",0.123579901496818
"BAM491","281785",-0.26250158688068
"BAM4928","281785",0.0603738473419441
"BAM5110","281785",0.291385147800984
"BAM56","281785",0.0678832648789434
"BAM5779","281785",0.110938919811305
"BAM5850","281785",-0.385825296857283
"BAM6921","281785",-0.184210808612703
"BAM712","281785",0.0121354746121971
"BAM742","281785",0.00108404139199802
"BAM7429","281785",-0.258452642881822
"BAM7449","281785",-0.374198789414088
"BAM747","281785",0.0288193720477922
"BAM759","281785",-0.252049367445648
"BAM766","281785",0.00917005930114066
"BAM807","281785",0.112638086242095
"BAM811","281785",-0.209620340028592
"BAM812","281785",0.231630104112882
"BAM819","281785",0.462550622712606
"BAM8296","281785",-0.134358169583437
"BAM8305","281785",0.208305176501494
"BAM8315","281785",0.0583910055988217
"BAM8364","281785",0.29832396641513
"BAMAWPYAN","281785",0.0341312457061753
"BENAMURI","281785",0.188201876194528
"BLACKGORA","281785",0.289568480800445
"CGR1656","281785",-0.260085866938569
"CGR1679","281785",0.192813439732228
"CGR2012","281785",0.171818517004623
"CO18","281785",0.249607709424641
"CRDHAN-204","281785",0.252558191240628
"CR143-2-2","281785",-0.229880432827551
"CR262-4","281785",-0.221498637574269
"CROSSA","281785",0.183041362820832
"DULAR","281785",-0.388325984526702
"EYPO","281785",-0.18907029040666
"EYPO-2","281785",0.290392324219339
"FULKATI","281785",-0.388164932583124
"Ghanteswari","281785",-0.196224784273701
"GHATIKAMMANANGARHAR","281785",0.428537310207808
"GotrabiDhan","281785",-0.0979072601309429
"GP-145-37","281785",0.196229554153564
"GP-145-51","281785",-0.25327329114089
"HARBHOONDI","281785",0.21025594311778
"HongZuiEr","281785",-0.183165753534135
"IndrabaruniDhan","281785",-0.149542037222162
"IR74371-54-1-1","281785",-0.213804815724646
"IR77298-14-1-2-10","281785",-0.166461714582031
"IR77298-5-6-18","281785",-0.0451120322633052
"IR83383-B-B-129-4","281785",0.0026330696728582
"IR83388-B-B108-3","281785",-0.1051799628676
"IR87707-445-B-B","281785",-0.0115369672748575
"IR87707-446-B-B","281785",-0.0683934284671804
"IRROEPYO","281785",0.238227197633556
"KALINGA-1","281785",-0.0844576376906459
"KANGRO","281785",0.244516556829583
"KHAODAWTAI","281785",0.262041896085896
"MANDRIRAVINA","281785",0.24689844059506
"MAUDAMANI","281785",0.301278219197501
"MOROBEREKAN","281785",-0.311309936729908
"MTU1010","281785",-0.0392351919271434
"MTU9","281785",0.24880126775835
"NERICA-L-26","281785",-0.245896617440483
"NERICA-L-42","281785",-0.252126838639905
"NERICA-L-44","281785",-0.117981362143999
"PARIJAT","281785",-0.0957817918523334
"Patchaiperumal","281785",-0.220754262233522
"PEH-KUH-TSAO-TU","281785",0.253782928913868
"PMK-2","281785",-0.163071294022535
"PRASAD-1","281785",0.342782291341235
"PUSASUGANDH5","281785",-0.151572920892722
"PUSA1121","281785",-0.298730022181495
"Pusa1121-SN12","281785",-0.276016475340335
"PUSA44","281785",-0.0881255757263296
"PUSABASMATI6","281785",0.228647687244305
"PUSASUGANDH2","281785",0.272719564135221
"RASI","281785",-0.167509330624165
"RKVY-104","281785",-0.339613294640877
"RKVY-143","281785",-0.233490936970819
"RKVY-28","281785",-0.401554777285413
"R-RF-44","281785",-0.124577523908057
"RRF-78","281785",-0.0498532570951613
"Sadabahar","281785",0.20511051307699
"SAFRI-17","281785",0.270014637368578
"SAHBHAGIDHAN","281785",-0.0890116567744005
"SATABHAMA","281785",0.299222549577362
"SERATOES","281785",-0.39735223166559
"SERETY","281785",0.229640678055647
"SHAKU","281785",0.199038692921808
"SR1-3-1","281785",0.370827619307439
"SUWEON","281785",0.242752599161816
"SWARNA","281785",-0.17828332962426
"VANAPRAVA","281785",-0.351769388787014
"VANDANA","281785",-0.347600750531835
"Wayrarem","281785",-0.214814496483111
"281785","282803",0.442190811057438
"282803","282803",1.22025473294094
"299554","282803",0.223838150094822
"356457","282803",0.32715839160089
"376579","282803",-0.276233829592669
"376851","282803",-0.270918662616476
"377448","282803",0.0962804693639324
"377705","282803",0.308882955626128
"384190","282803",-0.371580004532993
"426049","282803",0.323639039073565
"438644","282803",1.10047135114612
"ADAYSEL","282803",0.0295944652247897
"AbhayaXDagadesi","282803",0.423072832884597
"ABHISEK","282803",-0.143204474020211
"ABOR-A-1","282803",0.262251484876604
"ANJALI","282803",-0.0477508217023319
"Annada","282803",-0.351343455828036
"Apo","282803",0.152338102719399
"ARC10319","282803",0.135857874720883
"ARC12071","282803",-0.206754098991131
"ARNAPURNA","282803",-0.244236942754059
"ASD16","282803",-0.132021721005227
"AUS257","282803",-0.209223269284083
"BAKAL","282803",-0.049681467839782
"BAM1057","282803",-0.0744001604908652
"BAM1098","282803",-0.0713876888664263
"BAM1659","282803",-0.173042736140963
"BAM1689","282803",-0.0427469965630615
"BAM1708","282803",-0.0342050968876244
"BAM1812","282803",0.102244186367691
"BAM2096","282803",-0.242499068204746
"BAM2166","282803",-0.35460364234272
"BAM247","282803",0.297305613900491
"BAM2574","282803",-0.27801681987894
"BAM2680","282803",-0.0754461306731974
"BAM3154","282803",0.170127534185729
"BAM3181","282803",-0.272492655932071
"BAM326","282803",-0.201505555837006
"BAM328","282803",0.0874206480886235
"BAM350","282803",0.0282820274695411
"BAM3690","282803",0.282897557362056
"BAM4009","282803",-0.0878942588715962
"BAM4054","282803",-0.0214562866671615
"BAM4138","282803",-0.407952890657811
"BAM4168","282803",-0.313310522349182
"BAM4234","282803",-0.095611985724573
"BAM4254","282803",-0.102507411662561
"BAM4477","282803",0.305041841285778
"BAM4496","282803",0.0930088208668217
"BAM4510","282803",-0.420205970292928
"BAM4521","282803",-0.386076685453146
"BAM4534","282803",-0.106019004495104
"BAM4797","282803",-0.322599721644676
"BAM491","282803",0.0380462258371615
"BAM4928","282803",-0.406545353211772
"BAM5110","282803",-0.12241688241711
"BAM56","282803",-0.383791809500337
"BAM5779","282803",-0.370982266721951
"BAM5850","282803",-0.094335118784159
"BAM6921","282803",0.240266618603031
"BAM712","282803",-0.356030919519436
"BAM742","282803",-0.357624661017464
"BAM7429","282803",0.115676725616549
"BAM7449","282803",-0.0756551942089259
"BAM747","282803",-0.366962408250418
"BAM759","282803",0.121815284623565
"BAM766","282803",-0.363707420274829
"BAM807","282803",-0.368892858553233
"BAM811","282803",0.167038737482644
"BAM812","282803",-0.211540637150402
"BAM819","282803",-0.0064815526229077
"BAM8296","282803",0.314666298311563
"BAM8305","282803",0.573387181242553
"BAM8315","282803",-0.372586871166858
"BAM8364","282803",-0.0759354633682356
"BAMAWPYAN","282803",-0.39441013776659
"BENAMURI","282803",-0.260297599579339
"BLACKGORA","282803",-0.131002126852938
"CGR1656","282803",0.104516372902852
"CGR1679","282803",-0.249467935605983
"CGR2012","282803",-0.268940920517789
"CO18","282803",-0.198199836903304
"CRDHAN-204","282803",-0.172056891843911
"CR143-2-2","282803",0.192651377612918
"CR262-4","282803",0.184056222052527
"CROSSA","282803",-0.270821340242299
"DULAR","282803",-0.0858411159536294
"EYPO","282803",0.214802813857239
"EYPO-2","282803",-0.111406877308707
"FULKATI","282803",-0.0575488093759259
"Ghanteswari","282803",0.250064297143685
"GHATIKAMMANANGARHAR","282803",-0.0154077462529212
"GotrabiDhan","282803",0.25610416734612
"GP-145-37","282803",-0.243699406481853
"GP-145-51","282803",0.1208070594574
"HARBHOONDI","282803",-0.182213882596225
"HongZuiEr","282803",0.220289526732524
"IndrabaruniDhan","282803",0.198175403592284
"IR74371-54-1-1","282803",0.198040830758409
"IR77298-14-1-2-10","282803",0.245219391805982
"IR77298-5-6-18","282803",0.374138499300107
"IR83383-B-B-129-4","282803",0.377740888890857
"IR83388-B-B108-3","282803",0.284719154299544
"IR87707-445-B-B","282803",0.397574497702599
"IR87707-446-B-B","282803",0.313760678332646
"IRROEPYO","282803",-0.243325227709961
"KALINGA-1","282803",0.278108924276663
"KANGRO","282803",-0.199476568603527
"KHAODAWTAI","282803",-0.13288877815593
"MANDRIRAVINA","282803",-0.194098567061444
"MAUDAMANI","282803",-0.166789823065085
"MOROBEREKAN","282803",0.00528022891451767
"MTU1010","282803",0.358831176134007
"MTU9","282803",-0.212411917992901
"NERICA-L-26","282803",0.180426284107604
"NERICA-L-42","282803",0.181312282753835
"NERICA-L-44","282803",0.290132787708509
"PARIJAT","282803",0.302703434082557
"Patchaiperumal","282803",0.15027662453065
"PEH-KUH-TSAO-TU","282803",-0.19842969741988
"PMK-2","282803",0.251461512912053
"PRASAD-1","282803",-0.0819847742912816
"PUSASUGANDH5","282803",0.260175233522438
"PUSA1121","282803",0.023291980770516
"Pusa1121-SN12","282803",0.0711268007807515
"PUSA44","282803",0.292460631846312
"PUSABASMATI6","282803",-0.193817464662306
"PUSASUGANDH2","282803",-0.169795162573471
"RASI","282803",0.223998115782869
"RKVY-104","282803",-0.0332396629787781
"RKVY-143","282803",0.120464295418179
"RKVY-28","282803",-0.0728504992135258
"R-RF-44","282803",0.270041851161946
"RRF-78","282803",0.332403542720997
"Sadabahar","282803",-0.228368100896483
"SAFRI-17","282803",-0.144339536257314
"SAHBHAGIDHAN","282803",0.29771993949411
"SATABHAMA","282803",-0.0990571184154852
"SERATOES","282803",-0.110392285406009
"SERETY","282803",-0.217339468318026
"SHAKU","282803",-0.222081382296618
"SR1-3-1","282803",-0.0615716045651396
"SUWEON","282803",-0.187730025889548
"SWARNA","282803",0.185975537428874
"VANAPRAVA","282803",-0.0791460300193266
"VANDANA","282803",0.000707077598950101
"Wayrarem","282803",0.148538879402351
"281785","299554",-0.133273634986187
"282803","299554",0.223838150094822
"299554","299554",1.3148854393886
"356457","299554",0.156559715632417
"376579","299554",-0.282631940548038
"376851","299554",-0.268998696987408
"377448","299554",0.130479531671716
"377705","299554",0.120956426402351
"384190","299554",-0.372595167365589
"426049","299554",0.152947872378543
"438644","299554",0.213646502038286
"ADAYSEL","299554",0.0770342101730636
"AbhayaXDagadesi","299554",0.297092570613251
"ABHISEK","299554",-0.0743974104534715
"ABOR-A-1","299554",0.0828716956148009
"ANJALI","299554",-0.0617860291601777
"Annada","299554",-0.26644146462652
"Apo","299554",0.292017941796285
"ARC10319","299554",0.142182743013958
"ARC12071","299554",-0.293239681522991
"ARNAPURNA","299554",-0.217059756413803
"ASD16","299554",-0.16371901833277
"AUS257","299554",-0.12545832606916
"BAKAL","299554",-0.0250028722004249
"BAM1057","299554",-0.0475092542832923
"BAM1098","299554",-0.0518159662167474
"BAM1659","299554",-0.212227587173126
"BAM1689","299554",-0.00508692376222305
"BAM1708","299554",-0.0458626820326222
"BAM1812","299554",0.110097481990631
"BAM2096","299554",-0.281243908107535
"BAM2166","299554",-0.400149892763206
"BAM247","299554",0.202295559466005
"BAM2574","299554",-0.241744888720341
"BAM2680","299554",-0.227758875884746
"BAM3154","299554",0.199764166584459
"BAM3181","299554",-0.255322468773731
"BAM326","299554",-0.243549251566024
"BAM328","299554",0.113856228493837
"BAM350","299554",0.0412283632387774
"BAM3690","299554",0.108627757450944
"BAM4009","299554",-0.0269608066066583
"BAM4054","299554",-0.138601522168142
"BAM4138","299554",-0.409608638647653
"BAM4168","299554",-0.3082996657267
"BAM4234","299554",-0.00886447031593987
"BAM4254","299554",-0.0143469662548508
"BAM4477","299554",0.102595155535476
"BAM4496","299554",0.143945653680528
"BAM4510","299554",-0.382255629292374
"BAM4521","299554",-0.395691305110273
"BAM4534","299554",-0.0521980267851496
"BAM4797","299554",-0.268920625861792
"BAM491","299554",0.0613428872465963
"BAM4928","299554",-0.347255909833205
"BAM5110","299554",0.167315530206308
"BAM56","299554",-0.394949370876255
"BAM5779","299554",-0.232304899977485
"BAM5850","299554",-0.0351057514149112
"BAM6921","299554",0.284080631517073
"BAM712","299554",-0.266582467578842
"BAM742","299554",-0.272183725494951
"BAM7429","299554",0.0746788036022165
"BAM7449","299554",-0.0597048883523602
"BAM747","299554",-0.254701170118592
"BAM759","299554",0.0519504560522381
"BAM766","299554",-0.283905348246945
"BAM807","299554",-0.22126808031043
"BAM811","299554",0.222564933616784
"BAM812","299554",-0.164321995558342
"BAM819","299554",-0.177246310462427
"BAM8296","299554",0.271313930538541
"BAM8305","299554",0.270597532654753
"BAM8315","299554",-0.352335807720753
"BAM8364","299554",-0.226996282332022
"BAMAWPYAN","299554",-0.372759175747932
"BENAMURI","299554",-0.290217412118993
"BLACKGORA","299554",-0.148495694451837
"CGR1656","299554",0.0815898156849914
"CGR1679","299554",-0.260828124622252
"CGR2012","299554",-0.288344541731772
"CO18","299554",-0.300094754063249
"CRDHAN-204","299554",0.486367453528112
"CR143-2-2","299554",0.381681401925484
"CR262-4","299554",0.364364191360381
"CROSSA","299554",-0.288402377127554
"DULAR","299554",-0.0812238753367264
"EYPO","299554",0.0862981058258412
"EYPO-2","299554",-0.277359100050871
"FULKATI","299554",-0.0265651911920957
"Ghanteswari","299554",0.106220770398636
"GHATIKAMMANANGARHAR","299554",-0.130984125310271
"GotrabiDhan","299554",0.236765084942197
"GP-145-37","299554",-0.284559744487951
"GP-145-51","299554",0.109085067537236
"HARBHOONDI","299554",0.167753062109103
"HongZuiEr","299554",0.115726213293123
"IndrabaruniDhan","299554",0.346675625439972
"IR74371-54-1-1","299554",0.350550449514989
"IR77298-14-1-2-10","299554",0.36406990979822
"IR77298-5-6-18","299554",0.408803854582914
"IR83383-B-B-129-4","299554",0.387133201901755
"IR83388-B-B108-3","299554",0.30934535936156
"IR87707-445-B-B","299554",0.381137167246254
"IR87707-446-B-B","299554",0.419053215074252
"IRROEPYO","299554",-0.32683181275793
"KALINGA-1","299554",0.156597336330503
"KANGRO","299554",-0.288172520127099
"KHAODAWTAI","299554",-0.190630484218097
"MANDRIRAVINA","299554",-0.304599285571502
"MAUDAMANI","299554",-0.0982171653419512
"MOROBEREKAN","299554",0.0568325794878461
"MTU1010","299554",0.378922307883576
"MTU9","299554",-0.302961818747227
"NERICA-L-26","299554",0.397829430646885
"NERICA-L-42","299554",0.437546214608054
"NERICA-L-44","299554",0.303622245590333
"PARIJAT","299554",0.234673667367864
"Patchaiperumal","299554",0.110606508143081
"PEH-KUH-TSAO-TU","299554",-0.295038722646126
"PMK-2","299554",0.0886986042697682
"PRASAD-1","299554",-0.176593508761042
"PUSASUGANDH5","299554",0.20241960797011
"PUSA1121","299554",0.0796847791705185
"Pusa1121-SN12","299554",0.123160080089357
"PUSA44","299554",0.318283675993398
"PUSABASMATI6","299554",-0.190650334151026
"PUSASUGANDH2","299554",-0.0362246661184998
"RASI","299554",0.232917243484396
"RKVY-104","299554",-0.0333839557163414
"RKVY-143","299554",0.082268084963286
"RKVY-28","299554",-0.0171344748468799
"R-RF-44","299554",0.453149699922868
"RRF-78","299554",0.184403624117249
"Sadabahar","299554",-0.286156081096214
"SAFRI-17","299554",-0.0815354459481155
"SAHBHAGIDHAN","299554",0.230907399367716
"SATABHAMA","299554",-0.0356558984381394
"SERATOES","299554",-0.0545940424917514
"SERETY","299554",-0.292584909802702
"SHAKU","299554",-0.0262622464631452
"SR1-3-1","299554",-0.0839626205352373
"SUWEON","299554",-0.217169091144514
"SWARNA","299554",0.286125704708718
"VANAPRAVA","299554",-0.0405880337897545
"VANDANA","299554",0.251215886875799
"Wayrarem","299554",0.313957753605612
"281785","356457",-0.102241827796278
"282803","356457",0.32715839160089
"299554","356457",0.156559715632417
"356457","356457",1.16404763840732
"376579","356457",-0.240870057960866
"376851","356457",-0.231181950295466
"377448","356457",0.186488147620061
"377705","356457",0.397656442512928
"384190","356457",-0.406658159295035
"426049","356457",1.14157240886226
"438644","356457",0.311863095226872
"ADAYSEL","356457",0.0231938600996494
"AbhayaXDagadesi","356457",0.201944785716089
"ABHISEK","356457",-0.147310155101183
"ABOR-A-1","356457",0.404379597995373
"ANJALI","356457",-0.119913806169521
"Annada","356457",-0.325561148661606
"Apo","356457",0.11340446936619
"ARC10319","356457",0.213481374110746
"ARC12071","356457",-0.110011035517682
"ARNAPURNA","356457",-0.190884710706033
"ASD16","356457",-0.0675411827597197
"AUS257","356457",-0.215257139187825
"BAKAL","356457",-0.0398186483417161
"BAM1057","356457",-0.0756111787447442
"BAM1098","356457",-0.0896823326550316
"BAM1659","356457",-0.206283794008087
"BAM1689","356457",-0.0322871245367115
"BAM1708","356457",-0.057974905879807
"BAM1812","356457",0.0866024215475195
"BAM2096","356457",-0.255965390009798
"BAM2166","356457",-0.377846473509142
"BAM247","356457",0.396051228147654
"BAM2574","356457",-0.192033601712137
"BAM2680","356457",-0.00271942444822781
"BAM3154","356457",0.165026508336761
"BAM3181","356457",-0.211961025585884
"BAM326","356457",-0.221888002330552
"BAM328","356457",0.107171643260129
"BAM350","356457",0.0559009834097345
"BAM3690","356457",0.219810978983558
"BAM4009","356457",-0.091667694612291
"BAM4054","356457",0.158080921648418
"BAM4138","356457",-0.411929760119495
"BAM4168","356457",-0.334145090666649
"BAM4234","356457",-0.192064605786262
"BAM4254","356457",-0.19583570925942
"BAM4477","356457",0.222289961158564
"BAM4496","356457",0.159895936704261
"BAM4510","356457",-0.38568720635802
"BAM4521","356457",-0.402961368610768
"BAM4534","356457",-0.0919199720633352
"BAM4797","356457",-0.222454434754255
"BAM491","356457",0.0625615156847272
"BAM4928","356457",-0.332899177321755
"BAM5110","356457",-0.191491829522878
"BAM56","356457",-0.394223765755543
"BAM5779","356457",-0.262334930829461
"BAM5850","356457",-0.101067863249045
"BAM6921","356457",0.202066886651434
"BAM712","356457",-0.331634121292726
"BAM742","356457",-0.330420616187946
"BAM7429","356457",0.102367955960959
"BAM7449","356457",-0.0765684351951838
"BAM747","356457",-0.326680247485676
"BAM759","356457",0.139528732056732
"BAM766","356457",-0.32512591307025
"BAM807","356457",-0.2716746983653
"BAM811","356457",0.161462271027192
"BAM812","356457",-0.203058101168948
"BAM819","356457",-0.0877396299049519
"BAM8296","356457",0.233766440654342
"BAM8305","356457",0.373844890567406
"BAM8315","356457",-0.382444571967425
"BAM8364","356457",-0.0796067319204182
"BAMAWPYAN","356457",-0.390080785006766
"BENAMURI","356457",-0.215921195721114
"BLACKGORA","356457",-0.136370326593702
"CGR1656","356457",0.148637456959082
"CGR1679","356457",-0.218528813005256
"CGR2012","356457",-0.211316331575617
"CO18","356457",-0.0718137690114898
"CRDHAN-204","356457",-0.202634887168714
"CR143-2-2","356457",0.115561606749179
"CR262-4","356457",0.108937477930975
"CROSSA","356457",-0.222317585121414
"DULAR","356457",-0.0946448248991027
"EYPO","356457",0.166801876077164
"EYPO-2","356457",0.0185119241800788
"FULKATI","356457",-0.0953495786612014
"Ghanteswari","356457",0.443996013765987
"GHATIKAMMANANGARHAR","356457",-0.136971824736553
"GotrabiDhan","356457",0.332542909663431
"GP-145-37","356457",-0.214252618515564
"GP-145-51","356457",0.148728973434119
"HARBHOONDI","356457",-0.215894407335262
"HongZuiEr","356457",0.193908882646496
"IndrabaruniDhan","356457",0.213737151682363
"IR74371-54-1-1","356457",0.149510389941664
"IR77298-14-1-2-10","356457",0.216871674322459
"IR77298-5-6-18","356457",0.24932528342491
"IR83383-B-B-129-4","356457",0.264599226592229
"IR83388-B-B108-3","356457",0.228404680980394
"IR87707-445-B-B","356457",0.25771353474516
"IR87707-446-B-B","356457",0.253570671989704
"IRROEPYO","356457",-0.325795328618466
"KALINGA-1","356457",0.392816149932593
"KANGRO","356457",-0.111450285547585
"KHAODAWTAI","356457",-0.0442184857214712
"MANDRIRAVINA","356457",-0.0652071846914419
"MAUDAMANI","356457",-0.180700166257369
"MOROBEREKAN","356457",0.0249738623428115
"MTU1010","356457",0.2745191804106
"MTU9","356457",-0.120996192821004
"NERICA-L-26","356457",0.120749206213499
"NERICA-L-42","356457",0.110262716061302
"NERICA-L-44","356457",0.248632212360978
"PARIJAT","356457",0.257349540342642
"Patchaiperumal","356457",0.144210795818929
"PEH-KUH-TSAO-TU","356457",-0.103459394973009
"PMK-2","356457",0.383407473583691
"PRASAD-1","356457",-0.081595198830207
"PUSASUGANDH5","356457",0.294350907242003
"PUSA1121","356457",0.0898209532082306
"Pusa1121-SN12","356457",0.13367524704709
"PUSA44","356457",0.319139132005261
"PUSABASMATI6","356457",-0.186667194935602
"PUSASUGANDH2","356457",-0.14656762126189
"RASI","356457",0.269299207576446
"RKVY-104","356457",-0.0525669011258994
"RKVY-143","356457",0.133876584903449
"RKVY-28","356457",-0.0094664254781619
"R-RF-44","356457",0.154923571284853
"RRF-78","356457",0.218552139219345
"Sadabahar","356457",-0.219251292559964
"SAFRI-17","356457",-0.132117619991698
"SAHBHAGIDHAN","356457",0.252258086551018
"SATABHAMA","356457",-0.177402090333793
"SERATOES","356457",-0.0928519367072594
"SERETY","356457",-0.125745549726104
"SHAKU","356457",-0.270647421446414
"SR1-3-1","356457",-0.105038842126898
"SUWEON","356457",-0.199819757377199
"SWARNA","356457",0.135577173634926
"VANAPRAVA","356457",-0.0679471395472101
"VANDANA","356457",0.0261431861706047
"Wayrarem","356457",0.119288837183547
"281785","376579",0.179107823872532
"282803","376579",-0.276233829592669
"299554","376579",-0.282631940548038
"356457","376579",-0.240870057960866
"376579","376579",1.34793060004583
"376851","376579",0.515559269437862
"377448","376579",0.0251215541373535
"377705","376579",-0.218362133575497
"384190","376579",0.117943619045735
"426049","376579",-0.241720825405976
"438644","376579",-0.266404650277419
"ADAYSEL","376579",-0.224087687294684
"AbhayaXDagadesi","376579",-0.291835543989944
"ABHISEK","376579",0.230287703648779
"ABOR-A-1","376579",-0.244939645102695
"ANJALI","376579",0.173363131394977
"Annada","376579",0.0498764128656989
"Apo","376579",-0.256319202480149
"ARC10319","376579",-0.156637669099771
"ARC12071","376579",0.247961696436491
"ARNAPURNA","376579",0.334536751100463
"ASD16","376579",0.213108318987045
"AUS257","376579",0.208580563925699
"BAKAL","376579",-0.294861806069216
"BAM1057","376579",-0.302966579218311
"BAM1098","376579",-0.261957530099936
"BAM1659","376579",0.312034708419622
"BAM1689","376579",-0.234083981015315
"BAM1708","376579",-0.279737157582201
"BAM1812","376579",0.16251466197661
"BAM2096","376579",0.40302052416392
"BAM2166","376579",0.148012239945749
"BAM247","376579",-0.225588296247626
"BAM2574","376579",0.528679126708063
"BAM2680","376579",0.197463286553619
"BAM3154","376579",-0.086757095737957
"BAM3181","376579",0.402120487219849
"BAM326","376579",0.649095136376364
"BAM328","376579",0.0089566881024027
"BAM350","376579",-0.0730064924758029
"BAM3690","376579",-0.195561559446228
"BAM4009","376579",-0.333615639672721
"BAM4054","376579",0.178845068412539
"BAM4138","376579",0.0821227758140052
"BAM4168","376579",0.162457886558504
"BAM4234","376579",0.133899414824354
"BAM4254","376579",0.138400588867586
"BAM4477","376579",-0.189114136106425
"BAM4496","376579",-0.140208737566143
"BAM4510","376579",0.103046476761213
"BAM4521","376579",0.104924778112108
"BAM4534","376579",-0.27090393430598
"BAM4797","376579",0.486668736435901
"BAM491","376579",-0.0752549843794289
"BAM4928","376579",0.155204428149807
"BAM5110","376579",0.177324126943423
"BAM56","376579",0.117648072968492
"BAM5779","376579",0.12385815943453
"BAM5850","376579",-0.26764790142725
"BAM6921","376579",-0.263780091124412
"BAM712","376579",0.0524098008574968
"BAM742","376579",0.0588744441538804
"BAM7429","376579",0.258813850828711
"BAM7449","376579",-0.26874372358732
"BAM747","376579",0.0599749230336429
"BAM759","376579",-0.276601181196431
"BAM766","376579",0.0638696658495675
"BAM807","376579",0.120633399961445
"BAM811","376579",-0.0891984533935796
"BAM812","376579",0.349183092353061
"BAM819","376579",0.241689907441783
"BAM8296","376579",-0.266164439956155
"BAM8305","376579",-0.32970216541874
"BAM8315","376579",0.0456047312225038
"BAM8364","376579",0.161621951453971
"BAMAWPYAN","376579",0.093116702747429
"BENAMURI","376579",0.387057721604008
"BLACKGORA","376579",0.202547691084642
"CGR1656","376579",-0.0344235069932773
"CGR1679","376579",0.55062244409357
"CGR2012","376579",0.589581846003514
"CO18","376579",0.239065275476957
"CRDHAN-204","376579",0.167784383649395
"CR143-2-2","376579",-0.307339360712024
"CR262-4","376579",-0.293989231157063
"CROSSA","376579",0.529627820912079
"DULAR","376579",-0.292631517607196
"EYPO","376579",-0.0659271062336916
"EYPO-2","376579",0.172524746107371
"FULKATI","376579",-0.285014846384834
"Ghanteswari","376579",-0.228160320524384
"GHATIKAMMANANGARHAR","376579",0.16043756422572
"GotrabiDhan","376579",-0.240384213185164
"GP-145-37","376579",0.594982586371249
"GP-145-51","376579",0.109228856313915
"HARBHOONDI","376579",0.120679601078261
"HongZuiEr","376579",-0.152875412275627
"IndrabaruniDhan","376579",-0.195748587674562
"IR74371-54-1-1","376579",-0.241206033147274
"IR77298-14-1-2-10","376579",-0.245194007370645
"IR77298-5-6-18","376579",-0.318710426630674
"IR83383-B-B-129-4","376579",-0.33649294912275
"IR83388-B-B108-3","376579",-0.244474695604684
"IR87707-445-B-B","376579",-0.330256772958406
"IR87707-446-B-B","376579",-0.31689176676108
"IRROEPYO","376579",0.140820115812046
"KALINGA-1","376579",-0.221240877522782
"KANGRO","376579",0.249308637978985
"KHAODAWTAI","376579",0.287844388916445
"MANDRIRAVINA","376579",0.228592151907258
"MAUDAMANI","376579",0.268229677193846
"MOROBEREKAN","376579",-0.283547303679412
"MTU1010","376579",-0.3204093364412
"MTU9","376579",0.254815016888909
"NERICA-L-26","376579",-0.2610970235625
"NERICA-L-42","376579",-0.277672610583921
"NERICA-L-44","376579",-0.266729333372132
"PARIJAT","376579",-0.21615725858097
"Patchaiperumal","376579",-0.0848263789077404
"PEH-KUH-TSAO-TU","376579",0.245845107848289
"PMK-2","376579",-0.240418053635932
"PRASAD-1","376579",0.131835374188142
"PUSASUGANDH5","376579",-0.274973193234886
"PUSA1121","376579",-0.264710416695879
"Pusa1121-SN12","376579",-0.301394889348633
"PUSA44","376579",-0.285731072075222
"PUSABASMATI6","376579",0.117980654466372
"PUSASUGANDH2","376579",0.231135250249833
"RASI","376579",-0.203148970341229
"RKVY-104","376579",-0.311440167635393
"RKVY-143","376579",0.232781251443825
"RKVY-28","376579",-0.287382133626174
"R-RF-44","376579",-0.287457896282837
"RRF-78","376579",-0.35728925619148
"Sadabahar","376579",0.473642655205054
"SAFRI-17","376579",0.189181841443652
"SAHBHAGIDHAN","376579",-0.208764440103788
"SATABHAMA","376579",0.150813090039972
"SERATOES","376579",-0.301866729287951
"SERETY","376579",0.264872248001136
"SHAKU","376579",0.173434758556644
"SR1-3-1","376579",0.173240286610442
"SUWEON","376579",0.158124169938927
"SWARNA","376579",-0.175989995799408
"VANAPRAVA","376579",-0.306642204159304
"VANDANA","376579",-0.287951979597043
"Wayrarem","376579",-0.265502227259263
"281785","376851",0.164346551605011
"282803","376851",-0.270918662616476
"299554","376851",-0.268998696987408
"356457","376851",-0.231181950295466
"376579","376851",0.515559269437862
"376851","376851",1.33024392090821
"377448","376851",0.0486133771926097
"377705","376851",-0.232901754908861
"384190","376851",0.0693545941359515
"426049","376851",-0.230516369777018
"438644","376851",-0.264815693979906
"ADAYSEL","376851",-0.254051738531124
"AbhayaXDagadesi","376851",-0.295198202641526
"ABHISEK","376851",0.190737998248126
"ABOR-A-1","376851",-0.211337598397118
"ANJALI","376851",0.192258182280386
"Annada","376851",0.034065492289783
"Apo","376851",-0.287049239877696
"ARC10319","376851",-0.134564699981753
"ARC12071","376851",0.277479100203824
"ARNAPURNA","376851",0.408152267772042
"ASD16","376851",0.258157423750387
"AUS257","376851",0.148019332489609
"BAKAL","376851",-0.28838943405371
"BAM1057","376851",-0.28828044209845
"BAM1098","376851",-0.307993820872042
"BAM1659","376851",0.298644612034283
"BAM1689","376851",-0.240898071825743
"BAM1708","376851",-0.317020304340222
"BAM1812","376851",0.0362635390126544
"BAM2096","376851",0.526233086538493
"BAM2166","376851",0.104662872984689
"BAM247","376851",-0.185807002692119
"BAM2574","376851",0.466176320835325
"BAM2680","376851",0.214764010196148
"BAM3154","376851",-0.0641332697236628
"BAM3181","376851",0.466931115105893
"BAM326","376851",0.589153259455692
"BAM328","376851",0.0409669453833622
"BAM350","376851",-0.0965660582534288
"BAM3690","376851",-0.204856633143528
"BAM4009","376851",-0.319587132351603
"BAM4054","376851",0.219895318375162
"BAM4138","376851",0.0785094807858073
"BAM4168","376851",0.1097965791487
"BAM4234","376851",0.128980336561331
"BAM4254","376851",0.134042686670201
"BAM4477","376851",-0.206034019509879
"BAM4496","376851",-0.0997237308719857
"BAM4510","376851",0.109076712747489
"BAM4521","376851",0.105569393377935
"BAM4534","376851",-0.280344830482997
"BAM4797","376851",0.3889888102909
"BAM491","376851",-0.137023695667152
"BAM4928","376851",0.148822288861962
"BAM5110","376851",0.212349303950948
"BAM56","376851",0.139854608033532
"BAM5779","376851",0.121696394409646
"BAM5850","376851",-0.305275660664158
"BAM6921","376851",-0.285061222638545
"BAM712","376851",0.0411039797185521
"BAM742","376851",0.0574840609071725
"BAM7429","376851",0.112189544828648
"BAM7449","376851",-0.33232340604426
"BAM747","376851",0.0532561507829887
"BAM759","376851",-0.281066779639864
"BAM766","376851",0.0499199221704091
"BAM807","376851",0.125073548871106
"BAM811","376851",-0.129387351202012
"BAM812","376851",0.299078871389587
"BAM819","376851",0.166358523013913
"BAM8296","376851",-0.271657842361059
"BAM8305","376851",-0.300778825892374
"BAM8315","376851",0.067396177404458
"BAM8364","376851",0.170126624156147
"BAMAWPYAN","376851",0.107844925525218
"BENAMURI","376851",0.416369549518819
"BLACKGORA","376851",0.256813763962604
"CGR1656","376851",-0.0201542872294451
"CGR1679","376851",0.561018936010372
"CGR2012","376851",0.578232064734513
"CO18","376851",0.273683616257104
"CRDHAN-204","376851",0.173122712985979
"CR143-2-2","376851",-0.265240758357862
"CR262-4","376851",-0.254361967272736
"CROSSA","376851",0.547337433140324
"DULAR","376851",-0.313149750938168
"EYPO","376851",-0.0987725181822867
"EYPO-2","376851",0.213234595952814
"FULKATI","376851",-0.259289863208002
"Ghanteswari","376851",-0.19504198690639
"GHATIKAMMANANGARHAR","376851",0.181317893155508
"GotrabiDhan","376851",-0.215294508186689
"GP-145-37","376851",0.6169253108818
"GP-145-51","376851",0.127812288415744
"HARBHOONDI","376851",0.178171949259261
"HongZuiEr","376851",-0.181780287783123
"IndrabaruniDhan","376851",-0.164952844017407
"IR74371-54-1-1","376851",-0.279745384795309
"IR77298-14-1-2-10","376851",-0.234029995984428
"IR77298-5-6-18","376851",-0.348230424945061
"IR83383-B-B-129-4","376851",-0.321195558098906
"IR83388-B-B108-3","376851",-0.290034697968082
"IR87707-445-B-B","376851",-0.343232977448066
"IR87707-446-B-B","376851",-0.278343311925192
"IRROEPYO","376851",0.129267323739664
"KALINGA-1","376851",-0.190349296690663
"KANGRO","376851",0.265781847376724
"KHAODAWTAI","376851",0.219935991362581
"MANDRIRAVINA","376851",0.272375749128555
"MAUDAMANI","376851",0.218223402734563
"MOROBEREKAN","376851",-0.356295117712295
"MTU1010","376851",-0.284978479448253
"MTU9","376851",0.256341405253743
"NERICA-L-26","376851",-0.250734674868299
"NERICA-L-42","376851",-0.262232119379626
"NERICA-L-44","376851",-0.233723967389005
"PARIJAT","376851",-0.242764183484464
"Patchaiperumal","376851",-0.035696411433096
"PEH-KUH-TSAO-TU","376851",0.259725145453413
"PMK-2","376851",-0.199157980063216
"PRASAD-1","376851",0.170715250394948
"PUSASUGANDH5","376851",-0.253540973169082
"PUSA1121","376851",-0.288648534630729
"Pusa1121-SN12","376851",-0.309171772462382
"PUSA44","376851",-0.27612690849186
"PUSABASMATI6","376851",0.111978256312412
"PUSASUGANDH2","376851",0.265220399176458
"RASI","376851",-0.209785407908888
"RKVY-104","376851",-0.322891438032679
"RKVY-143","376851",0.174760027975417
"RKVY-28","376851",-0.274977695529843
"R-RF-44","376851",-0.271291411443915
"RRF-78","376851",-0.309673233499996
"Sadabahar","376851",0.573147120533004
"SAFRI-17","376851",0.189543176831272
"SAHBHAGIDHAN","376851",-0.22906226410631
"SATABHAMA","376851",0.144474643371642
"SERATOES","376851",-0.291394300265735
"SERETY","376851",0.293503607944748
"SHAKU","376851",0.153694756721569
"SR1-3-1","376851",0.18243421169146
"SUWEON","376851",0.158626098585372
"SWARNA","376851",-0.160852453676118
"VANAPRAVA","376851",-0.293338531916066
"VANDANA","376851",-0.314592287467237
"Wayrarem","376851",-0.294594462967446
"281785","377448",-0.258158460183704
"282803","377448",0.0962804693639324
"299554","377448",0.130479531671716
"356457","377448",0.186488147620061
"376579","377448",0.0251215541373535
"376851","377448",0.0486133771926097
"377448","377448",1.31249735780678
"377705","377448",0.169581839935866
"384190","377448",-0.324156373404792
"426049","377448",0.177685543560054
"438644","377448",0.1042696189028
"ADAYSEL","377448",0.125035262611391
"AbhayaXDagadesi","377448",0.106007527692412
"ABHISEK","377448",-0.290027020444891
"ABOR-A-1","377448",0.0764149329003787
"ANJALI","377448",-0.25705995333441
"Annada","377448",-0.37643989351261
"Apo","377448",0.126321345971396
"ARC10319","377448",0.249197821590127
"ARC12071","377448",-0.143437818432379
"ARNAPURNA","377448",-0.0663658901997561
"ASD16","377448",-0.17400055292008
"AUS257","377448",-0.252039734998294
"BAKAL","377448",0.117401114033523
"BAM1057","377448",0.0323401422616541
"BAM1098","377448",0.0176723780956548
"BAM1659","377448",-0.0497760418712137
"BAM1689","377448",0.0825446842637119
"BAM1708","377448",0.0407592708588757
"BAM1812","377448",0.476487794746222
"BAM2096","377448",-0.0226827413908615
"BAM2166","377448",-0.315968410377453
"BAM247","377448",0.204422566645761
"BAM2574","377448",0.0959236833626065
"BAM2680","377448",-0.231413330112067
"BAM3154","377448",0.322485852311887
"BAM3181","377448",-0.0526434245236648
"BAM326","377448",0.0428362938818035
"BAM328","377448",0.397837698440291
"BAM350","377448",0.275077474485882
"BAM3690","377448",0.213905708041849
"BAM4009","377448",-0.00303497212806444
"BAM4054","377448",-0.178658405143738
"BAM4138","377448",-0.375034783890223
"BAM4168","377448",-0.306566131503143
"BAM4234","377448",-0.239097947483842
"BAM4254","377448",-0.240496137613641
"BAM4477","377448",0.197625931304416
"BAM4496","377448",0.331715101353093
"BAM4510","377448",-0.315012383493896
"BAM4521","377448",-0.369570068407678
"BAM4534","377448",0.0367534904014208
"BAM4797","377448",-0.0127653403109438
"BAM491","377448",0.264027717976191
"BAM4928","377448",-0.281519882490261
"BAM5110","377448",-0.219413973724712
"BAM56","377448",-0.27981215291983
"BAM5779","377448",-0.307132240782513
"BAM5850","377448",0.0790028893952755
"BAM6921","377448",0.11642759888858
"BAM712","377448",-0.370902253539182
"BAM742","377448",-0.370078935995332
"BAM7429","377448",0.527452391156246
"BAM7449","377448",-0.0206149132094307
"BAM747","377448",-0.375902976362391
"BAM759","377448",0.0717402596390631
"BAM766","377448",-0.371507911297868
"BAM807","377448",-0.299747183951302
"BAM811","377448",0.181935285369377
"BAM812","377448",-0.207805518732505
"BAM819","377448",-0.177816317244442
"BAM8296","377448",0.110958934224736
"BAM8305","377448",0.127728747444941
"BAM8315","377448",-0.350933750287246
"BAM8364","377448",-0.294740212385963
"BAMAWPYAN","377448",-0.327503685612261
"BENAMURI","377448",-0.0796059846847035
"BLACKGORA","377448",-0.175909812285381
"CGR1656","377448",0.30362564607317
"CGR1679","377448",0.0741066191117882
"CGR2012","377448",0.0682250973125605
"CO18","377448",-0.144731870869034
"CRDHAN-204","377448",-0.239837346097561
"CR143-2-2","377448",0.103719414805652
"CR262-4","377448",0.0955664906949917
"CROSSA","377448",0.0540744105219807
"DULAR","377448",0.0278551361066458
"EYPO","377448",0.260149310839617
"EYPO-2","377448",-0.292916826001052
"FULKATI","377448",0.0127853079990578
"Ghanteswari","377448",0.186686357886333
"GHATIKAMMANANGARHAR","377448",-0.198157317030812
"GotrabiDhan","377448",0.162729354267591
"GP-145-37","377448",0.128388893084286
"GP-145-51","377448",0.478781586904006
"HARBHOONDI","377448",-0.274192069661783
"HongZuiEr","377448",0.195907433196163
"IndrabaruniDhan","377448",0.187887922294674
"IR74371-54-1-1","377448",0.113703694966522
"IR77298-14-1-2-10","377448",0.161666216647646
"IR77298-5-6-18","377448",0.0608296617955985
"IR83383-B-B-129-4","377448",0.0203346052003112
"IR83388-B-B108-3","377448",0.144017681363854
"IR87707-445-B-B","377448",0.0298038268044168
"IR87707-446-B-B","377448",0.16258299065709
"IRROEPYO","377448",-0.314622986450369
"KALINGA-1","377448",0.239355757229493
"KANGRO","377448",-0.139770527404308
"KHAODAWTAI","377448",-0.166304208264615
"MANDRIRAVINA","377448",-0.146089416485395
"MAUDAMANI","377448",-0.183637877043786
"MOROBEREKAN","377448",-0.053992562962689
"MTU1010","377448",0.0919005857105652
"MTU9","377448",-0.152442693028657
"NERICA-L-26","377448",0.143095469651642
"NERICA-L-42","377448",0.145285045952879
"NERICA-L-44","377448",0.192321158027004
"PARIJAT","377448",0.205243458942088
"Patchaiperumal","377448",0.284647246822365
"PEH-KUH-TSAO-TU","377448",-0.146930025383813
"PMK-2","377448",0.0833886295461855
"PRASAD-1","377448",-0.236610434409975
"PUSASUGANDH5","377448",0.0790874254115731
"PUSA1121","377448",0.0848796303632872
"Pusa1121-SN12","377448",0.0763169796314205
"PUSA44","377448",0.145147077533438
"PUSABASMATI6","377448",-0.260161358292773
"PUSASUGANDH2","377448",-0.172558339757026
"RASI","377448",0.144267295139335
"RKVY-104","377448",0.0250296423337168
"RKVY-143","377448",0.474535096197257
"RKVY-28","377448",0.130311038765072
"R-RF-44","377448",0.138456413586259
"RRF-78","377448",0.103317898615359
"Sadabahar","377448",0.0235211790289061
"SAFRI-17","377448",-0.219810489220199
"SAHBHAGIDHAN","377448",0.199610208545277
"SATABHAMA","377448",-0.27569121707742
"SERATOES","377448",0.0176183767926514
"SERETY","377448",-0.122999535340226
"SHAKU","377448",-0.271452653248529
"SR1-3-1","377448",-0.245271404299374
"SUWEON","377448",-0.257370902777498
"SWARNA","377448",0.231462009428097
"VANAPRAVA","377448",0.0241004989708407
"VANDANA","377448",0.0713945217502355
"Wayrarem","377448",0.123162914400513
"281785","377705",-0.0907154641628733
"282803","377705",0.308882955626128
"299554","377705",0.120956426402351
"356457","377705",0.397656442512928
"376579","377705",-0.218362133575497
"376851","377705",-0.232901754908861
"377448","377705",0.169581839935866
"377705","377705",1.35748327471932
"384190","377705",-0.370828194781849
"426049","377705",0.399375000171505
"438644","377705",0.31753446472406
"ADAYSEL","377705",0.0495584946588151
"AbhayaXDagadesi","377705",0.33574249397414
"ABHISEK","377705",-0.16414870430391
"ABOR-A-1","377705",0.400981974594849
"ANJALI","377705",-0.154476167106626
"Annada","377705",-0.320015618378017
"Apo","377705",0.116370400683815
"ARC10319","377705",0.130910716410166
"ARC12071","377705",-0.273954837963312
"ARNAPURNA","377705",-0.224629948469842
"ASD16","377705",-0.0727498416167062
"AUS257","377705",-0.158142559509289
"BAKAL","377705",-0.0179680273862951
"BAM1057","377705",-0.0910153711435948
"BAM1098","377705",0.0351517297769322
"BAM1659","377705",-0.224418460096143
"BAM1689","377705",-0.0349748159238207
"BAM1708","377705",-0.0361659531508501
"BAM1812","377705",0.13374172426861
"BAM2096","377705",-0.265192230987917
"BAM2166","377705",-0.314437726370121
"BAM247","377705",0.350223009418163
"BAM2574","377705",-0.218152561049623
"BAM2680","377705",0.791499432546156
"BAM3154","377705",0.145284514017393
"BAM3181","377705",-0.199804141724528
"BAM326","377705",-0.221870230499697
"BAM328","377705",0.105824668264533
"BAM350","377705",0.0727481795404775
"BAM3690","377705",0.724573262410215
"BAM4009","377705",-0.0876633557836777
"BAM4054","377705",-0.0200996309980026
"BAM4138","377705",-0.414120315665933
"BAM4168","377705",-0.296823530108731
"BAM4234","377705",-0.260377336284726
"BAM4254","377705",-0.262890230128458
"BAM4477","377705",0.679098087128191
"BAM4496","377705",0.158503249809952
"BAM4510","377705",-0.397637517451451
"BAM4521","377705",-0.411058474766852
"BAM4534","377705",-0.068082040031731
"BAM4797","377705",-0.198663990117331
"BAM491","377705",0.0392704544801997
"BAM4928","377705",-0.324559058217921
"BAM5110","377705",-0.126970483033365
"BAM56","377705",-0.375091593849941
"BAM5779","377705",-0.31219404008598
"BAM5850","377705",-0.105129797813847
"BAM6921","377705",0.155364745860545
"BAM712","377705",-0.328669671426035
"BAM742","377705",-0.32834097788416
"BAM7429","377705",0.15617335315529
"BAM7449","377705",-0.0655505601229911
"BAM747","377705",-0.352128913868499
"BAM759","377705",0.159100774117546
"BAM766","377705",-0.327356857064118
"BAM807","377705",-0.321425473532258
"BAM811","377705",0.235774171004798
"BAM812","377705",-0.143335678785443
"BAM819","377705",0.235776060660966
"BAM8296","377705",0.256737553353198
"BAM8305","377705",0.237922225149854
"BAM8315","377705",-0.342616485771261
"BAM8364","377705",0.000749502768636133
"BAMAWPYAN","377705",-0.396999874112433
"BENAMURI","377705",-0.179718278514798
"BLACKGORA","377705",-0.169458953128869
"CGR1656","377705",0.192990955884859
"CGR1679","377705",-0.174566633424322
"CGR2012","377705",-0.246066243940284
"CO18","377705",-0.276556885437617
"CRDHAN-204","377705",-0.22112529685779
"CR143-2-2","377705",0.117968630391519
"CR262-4","377705",0.105288594612232
"CROSSA","377705",-0.221111924674247
"DULAR","377705",-0.10937312841916
"EYPO","377705",0.207892412265563
"EYPO-2","377705",0.0216378469461868
"FULKATI","377705",-0.0637597398549271
"Ghanteswari","377705",0.444843384329887
"GHATIKAMMANANGARHAR","377705",-0.105656151667937
"GotrabiDhan","377705",0.353860156929712
"GP-145-37","377705",-0.175526565231467
"GP-145-51","377705",0.199764714950239
"HARBHOONDI","377705",-0.225588639564669
"HongZuiEr","377705",0.569410313136306
"IndrabaruniDhan","377705",0.172660964192145
"IR74371-54-1-1","377705",0.0947415394655529
"IR77298-14-1-2-10","377705",0.154597756171524
"IR77298-5-6-18","377705",0.13730484731068
"IR83383-B-B-129-4","377705",0.129273782697674
"IR83388-B-B108-3","377705",0.162502528703685
"IR87707-445-B-B","377705",0.16676621890299
"IR87707-446-B-B","377705",0.184980919524814
"IRROEPYO","377705",-0.366186468858236
"KALINGA-1","377705",0.395010902751192
"KANGRO","377705",-0.269460393185445
"KHAODAWTAI","377705",0.0818080005973243
"MANDRIRAVINA","377705",-0.271292248470646
"MAUDAMANI","377705",-0.154416410831521
"MOROBEREKAN","377705",0.0602720248425952
"MTU1010","377705",0.160636718490684
"MTU9","377705",-0.280658093971746
"NERICA-L-26","377705",0.0981549407225752
"NERICA-L-42","377705",0.0876334652313759
"NERICA-L-44","377705",0.194835758231035
"PARIJAT","377705",0.401045919249158
"Patchaiperumal","377705",0.128828691899256
"PEH-KUH-TSAO-TU","377705",-0.272145398584422
"PMK-2","377705",0.402476374863205
"PRASAD-1","377705",-0.151579207295551
"PUSASUGANDH5","377705",0.229968867010669
"PUSA1121","377705",0.0502375998684433
"Pusa1121-SN12","377705",0.0836134474529339
"PUSA44","377705",0.304461138880465
"PUSABASMATI6","377705",-0.262863890270358
"PUSASUGANDH2","377705",-0.204259984502121
"RASI","377705",0.25007663294784
"RKVY-104","377705",-0.0630633979752835
"RKVY-143","377705",0.135328496130829
"RKVY-28","377705",-0.0285613517406435
"R-RF-44","377705",0.110082073282859
"RRF-78","377705",0.134740745543223
"Sadabahar","377705",-0.215339388646652
"SAFRI-17","377705",-0.108080321550489
"SAHBHAGIDHAN","377705",0.384516265331429
"SATABHAMA","377705",-0.238772098346161
"SERATOES","377705",-0.0816063027202615
"SERETY","377705",-0.255741654155532
"SHAKU","377705",-0.239044113877722
"SR1-3-1","377705",-0.150712484212756
"SUWEON","377705",-0.211386585701839
"SWARNA","377705",0.148310773176018
"VANAPRAVA","377705",-0.092598152740788
"VANDANA","377705",0.0189096345951128
"Wayrarem","377705",0.115573040521049
"281785","384190",0.0258696597934574
"282803","384190",-0.371580004532993
"299554","384190",-0.372595167365589
"356457","384190",-0.406658159295035
"376579","384190",0.117943619045735
"376851","384190",0.0693545941359515
"377448","384190",-0.324156373404792
"377705","384190",-0.370828194781849
"384190","384190",1.71275640204962
"426049","384190",-0.409299786330651
"438644","384190",-0.375015695106631
"ADAYSEL","384190",0.252519578618583
"AbhayaXDagadesi","384190",-0.384663356204739
"ABHISEK","384190",0.0915572983783997
"ABOR-A-1","384190",-0.388411224793838
"ANJALI","384190",0.00675465567963051
"Annada","384190",0.317810623222787
"Apo","384190",-0.324990609712388
"ARC10319","384190",-0.321955366838385
"ARC12071","384190",0.0975277465019859
"ARNAPURNA","384190",-0.0058002095316894
"ASD16","384190",-0.00557111278831348
"AUS257","384190",0.0366101518902897
"BAKAL","384190",0.396621299493985
"BAM1057","384190",0.318672372832889
"BAM1098","384190",0.449139950407206
"BAM1659","384190",0.0817926641784443
"BAM1689","384190",0.371828568392876
"BAM1708","384190",0.44041124744518
"BAM1812","384190",-0.308424073413084
"BAM2096","384190",0.130439920631517
"BAM2166","384190",0.822019381110766
"BAM247","384190",-0.42562526431321
"BAM2574","384190",0.0991449784100737
"BAM2680","384190",0.0406809555062008
"BAM3154","384190",-0.348336866617773
"BAM3181","384190",0.0406338849027263
"BAM326","384190",0.0648053759024313
"BAM328","384190",-0.297399369344882
"BAM350","384190",-0.048238790426289
"BAM3690","384190",-0.34598442662889
"BAM4009","384190",0.474145217568944
"BAM4054","384190",-0.0137354701780667
"BAM4138","384190",0.725058238483206
"BAM4168","384190",0.508005223765959
"BAM4234","384190",0.0373098927886736
"BAM4254","384190",0.0264441830409896
"BAM4477","384190",-0.344134895541936
"BAM4496","384190",-0.33702997237721
"BAM4510","384190",0.688646298907947
"BAM4521","384190",1.04774143842291
"BAM4534","384190",0.325357235580061
"BAM4797","384190",0.150576795817376
"BAM491","384190",-0.00112395283227607
"BAM4928","384190",0.76723686068034
"BAM5110","384190",-0.0524685852852359
"BAM56","384190",0.791502477305163
"BAM5779","384190",0.385097321392072
"BAM5850","384190",0.321071632841962
"BAM6921","384190",-0.374124114982374
"BAM712","384190",0.322113578174781
"BAM742","384190",0.301043568404679
"BAM7429","384190",-0.306101730441625
"BAM7449","384190",0.308230244585465
"BAM747","384190",0.325326992096784
"BAM759","384190",0.0650204940461334
"BAM766","384190",0.315973764256616
"BAM807","384190",0.38387139968804
"BAM811","384190",-0.26873343443558
"BAM812","384190",0.144094510287071
"BAM819","384190",-0.00592763772823761
"BAM8296","384190",-0.375590820425729
"BAM8305","384190",-0.401110625008738
"BAM8315","384190",0.464364737362126
"BAM8364","384190",0.128019630067209
"BAMAWPYAN","384190",0.944044613684317
"BENAMURI","384190",0.0226618833829056
"BLACKGORA","384190",0.00841521163294024
"CGR1656","384190",-0.382906644154778
"CGR1679","384190",0.092261637094874
"CGR2012","384190",0.0483044346121052
"CO18","384190",0.0815338067512696
"CRDHAN-204","384190",-0.00300727567317882
"CR143-2-2","384190",-0.320780105682189
"CR262-4","384190",-0.311009609026557
"CROSSA","384190",0.0639931763943394
"DULAR","384190",0.482954616688592
"EYPO","384190",-0.132087322273229
"EYPO-2","384190",0.0151194131781671
"FULKATI","384190",0.279694598777265
"Ghanteswari","384190",-0.391398504305758
"GHATIKAMMANANGARHAR","384190",0.036769908543903
"GotrabiDhan","384190",-0.434137614375139
"GP-145-37","384190",0.0677118752771102
"GP-145-51","384190",-0.33277592479976
"HARBHOONDI","384190",0.0158491049558847
"HongZuiEr","384190",-0.343464961121904
"IndrabaruniDhan","384190",-0.426010788667251
"IR74371-54-1-1","384190",-0.310893711672218
"IR77298-14-1-2-10","384190",-0.410751294671255
"IR77298-5-6-18","384190",-0.375544770253797
"IR83383-B-B-129-4","384190",-0.356665285667374
"IR83388-B-B108-3","384190",-0.404050300466732
"IR87707-445-B-B","384190",-0.351239255244188
"IR87707-446-B-B","384190",-0.405440980498603
"IRROEPYO","384190",0.559471309373626
"KALINGA-1","384190",-0.461453339272807
"KANGRO","384190",0.0837128230326446
"KHAODAWTAI","384190",0.0156407431365401
"MANDRIRAVINA","384190",0.079944959001212
"MAUDAMANI","384190",0.00780882956617128
"MOROBEREKAN","384190",0.00210870303564315
"MTU1010","384190",-0.389522105146917
"MTU9","384190",0.0909867378703777
"NERICA-L-26","384190",-0.383955589358772
"NERICA-L-42","384190",-0.37196159128147
"NERICA-L-44","384190",-0.399407521989076
"PARIJAT","384190",-0.319956164141964
"Patchaiperumal","384190",-0.287843855665848
"PEH-KUH-TSAO-TU","384190",0.0734281231576476
"PMK-2","384190",-0.382743402837731
"PRASAD-1","384190",0.0350907185755083
"PUSASUGANDH5","384190",-0.295199810923839
"PUSA1121","384190",-0.0374561829400391
"Pusa1121-SN12","384190",-0.0690923052795786
"PUSA44","384190",-0.414616218351936
"PUSABASMATI6","384190",0.151116766718717
"PUSASUGANDH2","384190",-0.04301654846152
"RASI","384190",-0.344684878661806
"RKVY-104","384190",0.427830022349967
"RKVY-143","384190",-0.335950572226866
"RKVY-28","384190",0.283125981130379
"R-RF-44","384190",-0.390204875119493
"RRF-78","384190",-0.114704131348056
"Sadabahar","384190",0.105091611950637
"SAFRI-17","384190",0.00445392331434876
"SAHBHAGIDHAN","384190",-0.309921722606148
"SATABHAMA","384190",0.0670587095017964
"SERATOES","384190",0.27315120557831
"SERETY","384190",0.0826928985857919
"SHAKU","384190",0.110634845990991
"SR1-3-1","384190",0.0138475147054486
"SUWEON","384190",0.260846167486004
"SWARNA","384190",-0.418475431376484
"VANAPRAVA","384190",0.317863131063219
"VANDANA","384190",-0.0167094927550185
"Wayrarem","384190",-0.333528778278824
"281785","426049",-0.104160611790411
"282803","426049",0.323639039073565
"299554","426049",0.152947872378543
"356457","426049",1.14157240886226
"376579","426049",-0.241720825405976
"376851","426049",-0.230516369777018
"377448","426049",0.177685543560054
"377705","426049",0.399375000171505
"384190","426049",-0.409299786330651
"426049","426049",1.16867444369671
"438644","426049",0.315881263099561
"ADAYSEL","426049",0.0158411491241152
"AbhayaXDagadesi","426049",0.20380220964558
"ABHISEK","426049",-0.151634094292585
"ABOR-A-1","426049",0.410353062749549
"ANJALI","426049",-0.113560924218341
"Annada","426049",-0.324910110254782
"Apo","426049",0.109573353465156
"ARC10319","426049",0.223637403722927
"ARC12071","426049",-0.106653047142093
"ARNAPURNA","426049",-0.190775588355154
"ASD16","426049",-0.0636395753900761
"AUS257","426049",-0.216142187837948
"BAKAL","426049",-0.0493346073235775
"BAM1057","426049",-0.0777674350160481
"BAM1098","426049",-0.0873351160689952
"BAM1659","426049",-0.203796329846838
"BAM1689","426049",-0.0378163862044682
"BAM1708","426049",-0.0558044700331309
"BAM1812","426049",0.0813187144499438
"BAM2096","426049",-0.255040558355932
"BAM2166","426049",-0.378079685011795
"BAM247","426049",0.393162309180493
"BAM2574","426049",-0.187992833666054
"BAM2680","426049",0.000554319214892783
"BAM3154","426049",0.160122261803852
"BAM3181","426049",-0.21300081800741
"BAM326","426049",-0.220460541361646
"BAM328","426049",0.101344009957104
"BAM350","426049",0.060243389162124
"BAM3690","426049",0.224671178615798
"BAM4009","426049",-0.101723679679411
"BAM4054","426049",0.163052994004231
"BAM4138","426049",-0.409076692691039
"BAM4168","426049",-0.331391404212001
"BAM4234","426049",-0.189660918465371
"BAM4254","426049",-0.194385010865888
"BAM4477","426049",0.216689215975894
"BAM4496","426049",0.162445787633536
"BAM4510","426049",-0.38708584165571
"BAM4521","426049",-0.404806705819011
"BAM4534","426049",-0.0943851779689495
"BAM4797","426049",-0.223317583198691
"BAM491","426049",0.0588507697495856
"BAM4928","426049",-0.333347737574598
"BAM5110","426049",-0.185112670664659
"BAM56","426049",-0.392544099099611
"BAM5779","426049",-0.255912118541577
"BAM5850","426049",-0.105908047438658
"BAM6921","426049",0.199062144644342
"BAM712","426049",-0.33134763067487
"BAM742","426049",-0.330859354730743
"BAM7429","426049",0.100148231190268
"BAM7449","426049",-0.0807082041973585
"BAM747","426049",-0.330811048538446
"BAM759","426049",0.140945419531569
"BAM766","426049",-0.327853032575513
"BAM807","426049",-0.267661117957561
"BAM811","426049",0.156660702061307
"BAM812","426049",-0.201077787759778
"BAM819","426049",-0.0849553285219981
"BAM8296","426049",0.23543643798019
"BAM8305","426049",0.373350858717946
"BAM8315","426049",-0.373581903648076
"BAM8364","426049",-0.0724551944027958
"BAMAWPYAN","426049",-0.388226825587644
"BENAMURI","426049",-0.212126126915605
"BLACKGORA","426049",-0.137246580135953
"CGR1656","426049",0.145979062537334
"CGR1679","426049",-0.219649037264667
"CGR2012","426049",-0.211064943222556
"CO18","426049",-0.0678265483252238
"CRDHAN-204","426049",-0.1974768893685
"CR143-2-2","426049",0.116990251462062
"CR262-4","426049",0.110789403214705
"CROSSA","426049",-0.224384179554497
"DULAR","426049",-0.0964659859764345
"EYPO","426049",0.158782578261091
"EYPO-2","426049",0.0297161722063281
"FULKATI","426049",-0.100491101741248
"Ghanteswari","426049",0.450726954703271
"GHATIKAMMANANGARHAR","426049",-0.128373934360666
"GotrabiDhan","426049",0.33519064193888
"GP-145-37","426049",-0.210551416504398
"GP-145-51","426049",0.135656668500634
"HARBHOONDI","426049",-0.213064330416609
"HongZuiEr","426049",0.189334155585974
"IndrabaruniDhan","426049",0.208010568633438
"IR74371-54-1-1","426049",0.150979498257257
"IR77298-14-1-2-10","426049",0.215076713711395
"IR77298-5-6-18","426049",0.24770595614367
"IR83383-B-B-129-4","426049",0.265888803125807
"IR83388-B-B108-3","426049",0.226304025324889
"IR87707-445-B-B","426049",0.253066338284713
"IR87707-446-B-B","426049",0.250504525476425
"IRROEPYO","426049",-0.32657603360169
"KALINGA-1","426049",0.39545825819606
"KANGRO","426049",-0.104925739499843
"KHAODAWTAI","426049",-0.0371744860668787
"MANDRIRAVINA","426049",-0.0619720996944193
"MAUDAMANI","426049",-0.179715462344558
"MOROBEREKAN","426049",0.0261896671317059
"MTU1010","426049",0.273479545884522
"MTU9","426049",-0.115505867084511
"NERICA-L-26","426049",0.116111336447472
"NERICA-L-42","426049",0.107148337493025
"NERICA-L-44","426049",0.25206721477859
"PARIJAT","426049",0.259812631501315
"Patchaiperumal","426049",0.14051230487147
"PEH-KUH-TSAO-TU","426049",-0.098918996819453
"PMK-2","426049",0.392847487416183
"PRASAD-1","426049",-0.0815242714547956
"PUSASUGANDH5","426049",0.28159445912089
"PUSA1121","426049",0.0832935437808549
"Pusa1121-SN12","426049",0.125756620014167
"PUSA44","426049",0.32212645605082
"PUSABASMATI6","426049",-0.183861273783563
"PUSASUGANDH2","426049",-0.144465343243071
"RASI","426049",0.270376328958875
"RKVY-104","426049",-0.0523184578627909
"RKVY-143","426049",0.130071596126715
"RKVY-28","426049",-0.0206560880446807
"R-RF-44","426049",0.151469304489301
"RRF-78","426049",0.213802445368513
"Sadabahar","426049",-0.214194034409752
"SAFRI-17","426049",-0.128077085533976
"SAHBHAGIDHAN","426049",0.258058202910174
"SATABHAMA","426049",-0.176494199291753
"SERATOES","426049",-0.0988902774751332
"SERETY","426049",-0.12016297641899
"SHAKU","426049",-0.274114972830149
"SR1-3-1","426049",-0.0986162172205781
"SUWEON","426049",-0.195494682596762
"SWARNA","426049",0.136424450540498
"VANAPRAVA","426049",-0.0725198998614887
"VANDANA","426049",0.0240734304622065
"Wayrarem","426049",0.11087783116576
"281785","438644",0.465361732595887
"282803","438644",1.10047135114612
"299554","438644",0.213646502038286
"356457","438644",0.311863095226872
"376579","438644",-0.266404650277419
"376851","438644",-0.264815693979906
"377448","438644",0.1042696189028
"377705","438644",0.31753446472406
"384190","438644",-0.375015695106631
"426049","438644",0.315881263099561
"438644","438644",1.19941151158684
"ADAYSEL","438644",0.0199697381080443
"AbhayaXDagadesi","438644",0.387901576622611
"ABHISEK","438644",-0.121256414461032
"ABOR-A-1","438644",0.252459670060165
"ANJALI","438644",-0.0501992601125504
"Annada","438644",-0.345171310504332
"Apo","438644",0.11895258984914
"ARC10319","438644",0.142148430531068
"ARC12071","438644",-0.189967128239998
"ARNAPURNA","438644",-0.224449576174978
"ASD16","438644",-0.119882177816012
"AUS257","438644",-0.189118197477394
"BAKAL","438644",-0.0438770886676971
"BAM1057","438644",-0.0840388105554001
"BAM1098","438644",-0.0717683947178913
"BAM1659","438644",-0.181048577061841
"BAM1689","438644",-0.0566509304489424
"BAM1708","438644",-0.0609205248942191
"BAM1812","438644",0.111623927738664
"BAM2096","438644",-0.222687139943668
"BAM2166","438644",-0.351660564658186
"BAM247","438644",0.277004924492672
"BAM2574","438644",-0.26145786710652
"BAM2680","438644",-0.0495469919184395
"BAM3154","438644",0.15601039548008
"BAM3181","438644",-0.258133539410592
"BAM326","438644",-0.18923435640323
"BAM328","438644",0.0957990565300808
"BAM350","438644",0.0245539634846512
"BAM3690","438644",0.287640166579666
"BAM4009","438644",-0.0939879292914313
"BAM4054","438644",-0.00566117316420646
"BAM4138","438644",-0.41434892432848
"BAM4168","438644",-0.314724193120107
"BAM4234","438644",-0.0858775668810124
"BAM4254","438644",-0.0902877215434581
"BAM4477","438644",0.29381140297573
"BAM4496","438644",0.114299735703671
"BAM4510","438644",-0.423495115951802
"BAM4521","438644",-0.388540383630452
"BAM4534","438644",-0.0900607569573007
"BAM4797","438644",-0.292902046650678
"BAM491","438644",0.0482216525300911
"BAM4928","438644",-0.398235809753708
"BAM5110","438644",-0.107488451096437
"BAM56","438644",-0.383969317839293
"BAM5779","438644",-0.36524075563254
"BAM5850","438644",-0.100111035858296
"BAM6921","438644",0.205395795314132
"BAM712","438644",-0.350949415417742
"BAM742","438644",-0.352194748566902
"BAM7429","438644",0.127971065527672
"BAM7449","438644",-0.0769984789848163
"BAM747","438644",-0.357681245957045
"BAM759","438644",0.0918377837565003
"BAM766","438644",-0.357891357592311
"BAM807","438644",-0.352425636032513
"BAM811","438644",0.151519525965022
"BAM812","438644",-0.203745346033852
"BAM819","438644",-0.00219906981515195
"BAM8296","438644",0.294406492165687
"BAM8305","438644",0.558891774088155
"BAM8315","438644",-0.388576210592323
"BAM8364","438644",-0.0918359573127909
"BAMAWPYAN","438644",-0.392014669056614
"BENAMURI","438644",-0.244461400370307
"BLACKGORA","438644",-0.127921429407375
"CGR1656","438644",0.115485686441744
"CGR1679","438644",-0.238385021521164
"CGR2012","438644",-0.245066390363922
"CO18","438644",-0.177839007476338
"CRDHAN-204","438644",-0.169586682566813
"CR143-2-2","438644",0.179877923897632
"CR262-4","438644",0.172704063351289
"CROSSA","438644",-0.251523329707278
"DULAR","438644",-0.095905116971608
"EYPO","438644",0.229177768079412
"EYPO-2","438644",-0.107900207821674
"FULKATI","438644",-0.066936163220579
"Ghanteswari","438644",0.247552141779661
"GHATIKAMMANANGARHAR","438644",0.0122834166509812
"GotrabiDhan","438644",0.242400150632086
"GP-145-37","438644",-0.22703129123672
"GP-145-51","438644",0.124804485118675
"HARBHOONDI","438644",-0.203881971187787
"HongZuiEr","438644",0.20196710685626
"IndrabaruniDhan","438644",0.202676734764377
"IR74371-54-1-1","438644",0.180426978140908
"IR77298-14-1-2-10","438644",0.195987905406898
"IR77298-5-6-18","438644",0.389471782157441
"IR83383-B-B-129-4","438644",0.383937025166939
"IR83388-B-B108-3","438644",0.285070653896196
"IR87707-445-B-B","438644",0.423183185858596
"IR87707-446-B-B","438644",0.308916826916581
"IRROEPYO","438644",-0.244042797238938
"KALINGA-1","438644",0.293026485619541
"KANGRO","438644",-0.187619710421363
"KHAODAWTAI","438644",-0.13098423597737
"MANDRIRAVINA","438644",-0.175936826375942
"MAUDAMANI","438644",-0.157042574717527
"MOROBEREKAN","438644",0.00230213524549328
"MTU1010","438644",0.370350571541417
"MTU9","438644",-0.191858991254016
"NERICA-L-26","438644",0.159011196897571
"NERICA-L-42","438644",0.148007268703866
"NERICA-L-44","438644",0.271938227597481
"PARIJAT","438644",0.287230438341427
"Patchaiperumal","438644",0.172457000173415
"PEH-KUH-TSAO-TU","438644",-0.182909619060197
"PMK-2","438644",0.247497241692038
"PRASAD-1","438644",-0.0717391525137361
"PUSASUGANDH5","438644",0.220602655962369
"PUSA1121","438644",0.0157346941718594
"Pusa1121-SN12","438644",0.0622296290911492
"PUSA44","438644",0.271000645376114
"PUSABASMATI6","438644",-0.190320602846834
"PUSASUGANDH2","438644",-0.158405692979829
"RASI","438644",0.208305289600894
"RKVY-104","438644",-0.053713149196199
"RKVY-143","438644",0.139195745455404
"RKVY-28","438644",-0.0719295221607538
"R-RF-44","438644",0.262782518067292
"RRF-78","438644",0.330753714754377
"Sadabahar","438644",-0.21562870203939
"SAFRI-17","438644",-0.126522308341961
"SAHBHAGIDHAN","438644",0.289932951375809
"SATABHAMA","438644",-0.106522816919787
"SERATOES","438644",-0.114878687326531
"SERETY","438644",-0.217690874022025
"SHAKU","438644",-0.22603892124834
"SR1-3-1","438644",-0.0587000295664801
"SUWEON","438644",-0.195570154979861
"SWARNA","438644",0.172718804677908
"VANAPRAVA","438644",-0.0919142021492673
"VANDANA","438644",-0.0299182514183995
"Wayrarem","438644",0.117332339733886
"281785","ADAYSEL",-0.303447263236812
"282803","ADAYSEL",0.0295944652247897
"299554","ADAYSEL",0.0770342101730636
"356457","ADAYSEL",0.0231938600996494
"376579","ADAYSEL",-0.224087687294684
"376851","ADAYSEL",-0.254051738531124
"377448","ADAYSEL",0.125035262611391
"377705","ADAYSEL",0.0495584946588151
"384190","ADAYSEL",0.252519578618583
"426049","ADAYSEL",0.0158411491241152
"438644","ADAYSEL",0.0199697381080443
"ADAYSEL","ADAYSEL",1.62473414505948
"AbhayaXDagadesi","ADAYSEL",0.0424190496383294
"ABHISEK","ADAYSEL",-0.18327144775619
"ABOR-A-1","ADAYSEL",0.0232228940649983
"ANJALI","ADAYSEL",-0.256152370714652
"Annada","ADAYSEL",-0.194277403259245
"Apo","ADAYSEL",0.0499625024354091
"ARC10319","ADAYSEL",0.0934503055270156
"ARC12071","ADAYSEL",-0.285463783519758
"ARNAPURNA","ADAYSEL",-0.286077480293926
"ASD16","ADAYSEL",-0.252889038162339
"AUS257","ADAYSEL",-0.273217324146057
"BAKAL","ADAYSEL",0.442486201210785
"BAM1057","ADAYSEL",0.36662985539188
"BAM1098","ADAYSEL",0.405295609921258
"BAM1659","ADAYSEL",-0.27022963731639
"BAM1689","ADAYSEL",0.392809977183569
"BAM1708","ADAYSEL",0.435292610943313
"BAM1812","ADAYSEL",0.0659857115653077
"BAM2096","ADAYSEL",-0.224613793955793
"BAM2166","ADAYSEL",0.0647242650044051
"BAM247","ADAYSEL",0.0828664465753313
"BAM2574","ADAYSEL",-0.272493945871014
"BAM2680","ADAYSEL",-0.288194307374237
"BAM3154","ADAYSEL",0.0814331400390673
"BAM3181","ADAYSEL",-0.22221820751552
"BAM326","ADAYSEL",-0.264105571034112
"BAM328","ADAYSEL",0.140221582350181
"BAM350","ADAYSEL",0.219343364437782
"BAM3690","ADAYSEL",0.0761258971794036
"BAM4009","ADAYSEL",0.458023796545229
"BAM4054","ADAYSEL",-0.236599777857395
"BAM4138","ADAYSEL",0.0875843481404071
"BAM4168","ADAYSEL",-0.0654107630795421
"BAM4234","ADAYSEL",-0.293564795972981
"BAM4254","ADAYSEL",-0.295834909189512
"BAM4477","ADAYSEL",0.0676186210803457
"BAM4496","ADAYSEL",0.0799457152237362
"BAM4510","ADAYSEL",0.0202877575734712
"BAM4521","ADAYSEL",0.102114710606427
"BAM4534","ADAYSEL",0.410273012565941
"BAM4797","ADAYSEL",-0.246341159289577
"BAM491","ADAYSEL",0.215266666232845
"BAM4928","ADAYSEL",0.0845149885249298
"BAM5110","ADAYSEL",-0.232271173347494
"BAM56","ADAYSEL",0.0740763343576162
"BAM5779","ADAYSEL",-0.118242626860665
"BAM5850","ADAYSEL",0.461648459189351
"BAM6921","ADAYSEL",0.0679305153650265
"BAM712","ADAYSEL",-0.189731660856633
"BAM742","ADAYSEL",-0.176793260954205
"BAM7429","ADAYSEL",0.0495723323830393
"BAM7449","ADAYSEL",0.388303502320895
"BAM747","ADAYSEL",-0.187371024859539
"BAM759","ADAYSEL",0.247447335709226
"BAM766","ADAYSEL",-0.173013079312722
"BAM807","ADAYSEL",-0.105711286822753
"BAM811","ADAYSEL",0.0987441725731626
"BAM812","ADAYSEL",-0.241736852331313
"BAM819","ADAYSEL",-0.273056899725565
"BAM8296","ADAYSEL",0.0809540797812336
"BAM8305","ADAYSEL",0.0867215248857166
"BAM8315","ADAYSEL",-0.0849292667427976
"BAM8364","ADAYSEL",-0.260959617389768
"BAMAWPYAN","ADAYSEL",0.117216887620418
"BENAMURI","ADAYSEL",-0.27379326987467
"BLACKGORA","ADAYSEL",-0.267959975323786
"CGR1656","ADAYSEL",0.0626139592000354
"CGR1679","ADAYSEL",-0.231408122106974
"CGR2012","ADAYSEL",-0.296419810886066
"CO18","ADAYSEL",-0.269992980218084
"CRDHAN-204","ADAYSEL",-0.256451578554079
"CR143-2-2","ADAYSEL",0.0652329060716895
"CR262-4","ADAYSEL",0.0559297893608386
"CROSSA","ADAYSEL",-0.295917898407934
"DULAR","ADAYSEL",0.446143535513904
"EYPO","ADAYSEL",0.219370550785162
"EYPO-2","ADAYSEL",-0.305696764885129
"FULKATI","ADAYSEL",0.353110202668021
"Ghanteswari","ADAYSEL",0.0702636631906337
"GHATIKAMMANANGARHAR","ADAYSEL",-0.327969727220302
"GotrabiDhan","ADAYSEL",0.0455934329729204
"GP-145-37","ADAYSEL",-0.291002044467065
"GP-145-51","ADAYSEL",0.0993880518448499
"HARBHOONDI","ADAYSEL",-0.285452977232796
"HongZuiEr","ADAYSEL",0.036560628333022
"IndrabaruniDhan","ADAYSEL",0.254784587127952
"IR74371-54-1-1","ADAYSEL",0.0576267351542965
"IR77298-14-1-2-10","ADAYSEL",0.202203189703069
"IR77298-5-6-18","ADAYSEL",0.0155624345736646
"IR83383-B-B-129-4","ADAYSEL",-0.0110338786553158
"IR83388-B-B108-3","ADAYSEL",0.0678021717029605
"IR87707-445-B-B","ADAYSEL",-0.00077294610972455
"IR87707-446-B-B","ADAYSEL",0.0719467882619819
"IRROEPYO","ADAYSEL",-0.013714240838437
"KALINGA-1","ADAYSEL",-0.00856420291455989
"KANGRO","ADAYSEL",-0.284700030582444
"KHAODAWTAI","ADAYSEL",-0.299536457735999
"MANDRIRAVINA","ADAYSEL",-0.270860956919399
"MAUDAMANI","ADAYSEL",-0.161794489325145
"MOROBEREKAN","ADAYSEL",0.146158895978806
"MTU1010","ADAYSEL",-0.007578349697171
"MTU9","ADAYSEL",-0.294939726073517
"NERICA-L-26","ADAYSEL",0.0922478459868487
"NERICA-L-42","ADAYSEL",0.092139530878687
"NERICA-L-44","ADAYSEL",0.0711618278423729
"PARIJAT","ADAYSEL",0.00911995408146159
"Patchaiperumal","ADAYSEL",0.0505495927082559
"PEH-KUH-TSAO-TU","ADAYSEL",-0.287822134569457
"PMK-2","ADAYSEL",0.0218455466992526
"PRASAD-1","ADAYSEL",-0.320982377056628
"PUSASUGANDH5","ADAYSEL",0.168262819514306
"PUSA1121","ADAYSEL",0.246107006023222
"Pusa1121-SN12","ADAYSEL",0.255714997693213
"PUSA44","ADAYSEL",0.037070772294212
"PUSABASMATI6","ADAYSEL",-0.168948014464276
"PUSASUGANDH2","ADAYSEL",-0.104523493811216
"RASI","ADAYSEL",0.104610533706331
"RKVY-104","ADAYSEL",0.467300711237721
"RKVY-143","ADAYSEL",0.0501493288443363
"RKVY-28","ADAYSEL",0.425591098782556
"R-RF-44","ADAYSEL",0.0286945817192696
"RRF-78","ADAYSEL",0.132277048888171
"Sadabahar","ADAYSEL",-0.26281320314663
"SAFRI-17","ADAYSEL",-0.280516684500501
"SAHBHAGIDHAN","ADAYSEL",0.00467194491068553
"SATABHAMA","ADAYSEL",-0.315599510258773
"SERATOES","ADAYSEL",0.378878641799672
"SERETY","ADAYSEL",-0.283450295941385
"SHAKU","ADAYSEL",-0.266049230608961
"SR1-3-1","ADAYSEL",-0.243101645313567
"SUWEON","ADAYSEL",-0.208788830112574
"SWARNA","ADAYSEL",0.528722881378239
"VANAPRAVA","ADAYSEL",0.365631549279641
"VANDANA","ADAYSEL",0.231054151874599
"Wayrarem","ADAYSEL",0.0438998950729291
"281785","AbhayaXDagadesi",-0.0177772759206056
"282803","AbhayaXDagadesi",0.423072832884597
"299554","AbhayaXDagadesi",0.297092570613251
"356457","AbhayaXDagadesi",0.201944785716089
"376579","AbhayaXDagadesi",-0.291835543989944
"376851","AbhayaXDagadesi",-0.295198202641526
"377448","AbhayaXDagadesi",0.106007527692412
"377705","AbhayaXDagadesi",0.33574249397414
"384190","AbhayaXDagadesi",-0.384663356204739
"426049","AbhayaXDagadesi",0.20380220964558
"438644","AbhayaXDagadesi",0.387901576622611
"ADAYSEL","AbhayaXDagadesi",0.0424190496383294
"AbhayaXDagadesi","AbhayaXDagadesi",1.3720972454507
"ABHISEK","AbhayaXDagadesi",-0.13167179086016
"ABOR-A-1","AbhayaXDagadesi",0.237352824850308
"ANJALI","AbhayaXDagadesi",0.0277755559005402
"Annada","AbhayaXDagadesi",-0.302703691304276
"Apo","AbhayaXDagadesi",0.169473348635183
"ARC10319","AbhayaXDagadesi",0.123545500312912
"ARC12071","AbhayaXDagadesi",-0.277733873437082
"ARNAPURNA","AbhayaXDagadesi",-0.22345118216253
"ASD16","AbhayaXDagadesi",-0.103584248570937
"AUS257","AbhayaXDagadesi",-0.158087994653272
"BAKAL","AbhayaXDagadesi",-0.0444755839490254
"BAM1057","AbhayaXDagadesi",-0.058950525975985
"BAM1098","AbhayaXDagadesi",-0.00758859160942564
"BAM1659","AbhayaXDagadesi",-0.20610842064454
"BAM1689","AbhayaXDagadesi",-0.0344252899540058
"BAM1708","AbhayaXDagadesi",-0.0407670788041309
"BAM1812","AbhayaXDagadesi",0.095891673318313
"BAM2096","AbhayaXDagadesi",-0.259018557228455
"BAM2166","AbhayaXDagadesi",-0.358747994730768
"BAM247","AbhayaXDagadesi",0.267800791885592
"BAM2574","AbhayaXDagadesi",-0.265729214090881
"BAM2680","AbhayaXDagadesi",-0.0729489844917065
"BAM3154","AbhayaXDagadesi",0.0836937718075326
"BAM3181","AbhayaXDagadesi",-0.25634614089783
"BAM326","AbhayaXDagadesi",-0.26729884936448
"BAM328","AbhayaXDagadesi",0.0216965463106726
"BAM350","AbhayaXDagadesi",0.0131060444712379
"BAM3690","AbhayaXDagadesi",0.175760100492649
"BAM4009","AbhayaXDagadesi",-0.0410717941107622
"BAM4054","AbhayaXDagadesi",-0.0655160377447819
"BAM4138","AbhayaXDagadesi",-0.421329955984913
"BAM4168","AbhayaXDagadesi",-0.316881409195117
"BAM4234","AbhayaXDagadesi",0.0253097478672028
"BAM4254","AbhayaXDagadesi",0.0162610648745692
"BAM4477","AbhayaXDagadesi",0.180112763729743
"BAM4496","AbhayaXDagadesi",0.0983402921187727
"BAM4510","AbhayaXDagadesi",-0.416986467947048
"BAM4521","AbhayaXDagadesi",-0.387204678642326
"BAM4534","AbhayaXDagadesi",-0.0415518605432803
"BAM4797","AbhayaXDagadesi",-0.286729395175521
"BAM491","AbhayaXDagadesi",0.045729739534414
"BAM4928","AbhayaXDagadesi",-0.383219375247784
"BAM5110","AbhayaXDagadesi",-0.0172628239482513
"BAM56","AbhayaXDagadesi",-0.356678307559263
"BAM5779","AbhayaXDagadesi",-0.315444276307017
"BAM5850","AbhayaXDagadesi",-0.0482233088925253
"BAM6921","AbhayaXDagadesi",0.316745467672585
"BAM712","AbhayaXDagadesi",-0.301356258145671
"BAM742","AbhayaXDagadesi",-0.304124314627858
"BAM7429","AbhayaXDagadesi",0.0733702087519982
"BAM7449","AbhayaXDagadesi",-0.0563132592686471
"BAM747","AbhayaXDagadesi",-0.343734980547489
"BAM759","AbhayaXDagadesi",0.0815643320719929
"BAM766","AbhayaXDagadesi",-0.316644883363677
"BAM807","AbhayaXDagadesi",-0.307728137845467
"BAM811","AbhayaXDagadesi",0.161442551488167
"BAM812","AbhayaXDagadesi",-0.185875144659545
"BAM819","AbhayaXDagadesi",-0.0833652059244099
"BAM8296","AbhayaXDagadesi",0.30737984797582
"BAM8305","AbhayaXDagadesi",0.383987989976609
"BAM8315","AbhayaXDagadesi",-0.353382973425475
"BAM8364","AbhayaXDagadesi",-0.0687640629103587
"BAMAWPYAN","AbhayaXDagadesi",-0.390074847828963
"BENAMURI","AbhayaXDagadesi",-0.20363190315794
"BLACKGORA","AbhayaXDagadesi",-0.0993614965703492
"CGR1656","AbhayaXDagadesi",0.144194325012708
"CGR1679","AbhayaXDagadesi",-0.304974338979646
"CGR2012","AbhayaXDagadesi",-0.255410480422195
"CO18","AbhayaXDagadesi",-0.277933657338987
"CRDHAN-204","AbhayaXDagadesi",-0.0603240389124859
"CR143-2-2","AbhayaXDagadesi",0.243746896445506
"CR262-4","AbhayaXDagadesi",0.232650105260388
"CROSSA","AbhayaXDagadesi",-0.234085922181038
"DULAR","AbhayaXDagadesi",-0.0786971631609943
"EYPO","AbhayaXDagadesi",0.162372926191639
"EYPO-2","AbhayaXDagadesi",-0.118591485117574
"FULKATI","AbhayaXDagadesi",-0.00557248018812303
"Ghanteswari","AbhayaXDagadesi",0.238590292039085
"GHATIKAMMANANGARHAR","AbhayaXDagadesi",0.0123197311484858
"GotrabiDhan","AbhayaXDagadesi",0.270162617782682
"GP-145-37","AbhayaXDagadesi",-0.270693097381118
"GP-145-51","AbhayaXDagadesi",0.0526735457353162
"HARBHOONDI","AbhayaXDagadesi",-0.0726728260124178
"HongZuiEr","AbhayaXDagadesi",0.211007361824969
"IndrabaruniDhan","AbhayaXDagadesi",0.261732369028045
"IR74371-54-1-1","AbhayaXDagadesi",0.209213255610005
"IR77298-14-1-2-10","AbhayaXDagadesi",0.252294958766896
"IR77298-5-6-18","AbhayaXDagadesi",0.449284949142193
"IR83383-B-B-129-4","AbhayaXDagadesi",0.416643414635338
"IR83388-B-B108-3","AbhayaXDagadesi",0.312031700823252
"IR87707-445-B-B","AbhayaXDagadesi",0.458405913364343
"IR87707-446-B-B","AbhayaXDagadesi",0.334546661423949
"IRROEPYO","AbhayaXDagadesi",-0.312665495189391
"KALINGA-1","AbhayaXDagadesi",0.304463170751369
"KANGRO","AbhayaXDagadesi",-0.279605624430748
"KHAODAWTAI","AbhayaXDagadesi",-0.0927943881517142
"MANDRIRAVINA","AbhayaXDagadesi",-0.275699128160518
"MAUDAMANI","AbhayaXDagadesi",-0.0482298417062698
"MOROBEREKAN","AbhayaXDagadesi",0.0155774026561858
"MTU1010","AbhayaXDagadesi",0.402007105919751
"MTU9","AbhayaXDagadesi",-0.284982780567997
"NERICA-L-26","AbhayaXDagadesi",0.2900047196094
"NERICA-L-42","AbhayaXDagadesi",0.283867524031421
"NERICA-L-44","AbhayaXDagadesi",0.351432282322162
"PARIJAT","AbhayaXDagadesi",0.243971635576311
"Patchaiperumal","AbhayaXDagadesi",0.13083932343912
"PEH-KUH-TSAO-TU","AbhayaXDagadesi",-0.277902679820103
"PMK-2","AbhayaXDagadesi",0.231923132571629
"PRASAD-1","AbhayaXDagadesi",-0.0717308321927192
"PUSASUGANDH5","AbhayaXDagadesi",0.241232583701774
"PUSA1121","AbhayaXDagadesi",0.0132227300629559
"Pusa1121-SN12","AbhayaXDagadesi",0.0581761756661381
"PUSA44","AbhayaXDagadesi",0.315647687894762
"PUSABASMATI6","AbhayaXDagadesi",-0.154827149761
"PUSASUGANDH2","AbhayaXDagadesi",-0.0892661682267658
"RASI","AbhayaXDagadesi",0.193938954416822
"RKVY-104","AbhayaXDagadesi",-0.0296684416081432
"RKVY-143","AbhayaXDagadesi",0.0546324377675034
"RKVY-28","AbhayaXDagadesi",-0.0719462075477821
"R-RF-44","AbhayaXDagadesi",0.504680554660426
"RRF-78","AbhayaXDagadesi",0.274011587214569
"Sadabahar","AbhayaXDagadesi",-0.268101266074961
"SAFRI-17","AbhayaXDagadesi",-0.108902361476919
"SAHBHAGIDHAN","AbhayaXDagadesi",0.233457258194495
"SATABHAMA","AbhayaXDagadesi",-0.0956127818358212
"SERATOES","AbhayaXDagadesi",-0.0833528514239232
"SERETY","AbhayaXDagadesi",-0.267826016481496
"SHAKU","AbhayaXDagadesi",-0.18350241232074
"SR1-3-1","AbhayaXDagadesi",-0.0520070937798417
"SUWEON","AbhayaXDagadesi",-0.161610821839427
"SWARNA","AbhayaXDagadesi",0.187368286787656
"VANAPRAVA","AbhayaXDagadesi",-0.0599888367310224
"VANDANA","AbhayaXDagadesi",0.00872760883786975
"Wayrarem","AbhayaXDagadesi",0.165527085986005
"281785","ABHISEK",0.307283931622177
"282803","ABHISEK",-0.143204474020211
"299554","ABHISEK",-0.0743974104534715
"356457","ABHISEK",-0.147310155101183
"376579","ABHISEK",0.230287703648779
"376851","ABHISEK",0.190737998248126
"377448","ABHISEK",-0.290027020444891
"377705","ABHISEK",-0.16414870430391
"384190","ABHISEK",0.0915572983783997
"426049","ABHISEK",-0.151634094292585
"438644","ABHISEK",-0.121256414461032
"ADAYSEL","ABHISEK",-0.18327144775619
"AbhayaXDagadesi","ABHISEK",-0.13167179086016
"ABHISEK","ABHISEK",1.40693011429954
"ABOR-A-1","ABHISEK",-0.225265910865426
"ANJALI","ABHISEK",0.400450761914221
"Annada","ABHISEK",0.0471518909944865
"Apo","ABHISEK",-0.0939588525466106
"ARC10319","ABHISEK",-0.230199156194212
"ARC12071","ABHISEK",0.197805482654802
"ARNAPURNA","ABHISEK",0.230742572826724
"ASD16","ABHISEK",0.323778075509397
"AUS257","ABHISEK",0.300339943095605
"BAKAL","ABHISEK",-0.312702029403631
"BAM1057","ABHISEK",-0.353337527955954
"BAM1098","ABHISEK",-0.316081894647379
"BAM1659","ABHISEK",0.221574285111935
"BAM1689","ABHISEK",-0.327234450214971
"BAM1708","ABHISEK",-0.322307001271654
"BAM1812","ABHISEK",-0.244502028415887
"BAM2096","ABHISEK",0.223181795404612
"BAM2166","ABHISEK",0.0640991290394491
"BAM247","ABHISEK",-0.122016787039341
"BAM2574","ABHISEK",0.195167615089207
"BAM2680","ABHISEK",0.292471914469868
"BAM3154","ABHISEK",-0.169147028172346
"BAM3181","ABHISEK",0.146248432752565
"BAM326","ABHISEK",0.155970620173397
"BAM328","ABHISEK",-0.26085542739612
"BAM350","ABHISEK",-0.291881356690304
"BAM3690","ABHISEK",-0.207907550649042
"BAM4009","ABHISEK",-0.362847878456936
"BAM4054","ABHISEK",0.321010428605975
"BAM4138","ABHISEK",0.0363889782195392
"BAM4168","ABHISEK",0.153966195018603
"BAM4234","ABHISEK",0.222439278632171
"BAM4254","ABHISEK",0.233736462896306
"BAM4477","ABHISEK",-0.220835677261388
"BAM4496","ABHISEK",-0.220929077832662
"BAM4510","ABHISEK",0.0553190481631751
"BAM4521","ABHISEK",0.0909153653780032
"BAM4534","ABHISEK",-0.360462575876223
"BAM4797","ABHISEK",0.200943511320865
"BAM491","ABHISEK",-0.287705799144718
"BAM4928","ABHISEK",0.147515485246263
"BAM5110","ABHISEK",0.33820956615034
"BAM56","ABHISEK",0.11245953958716
"BAM5779","ABHISEK",0.143361255076429
"BAM5850","ABHISEK",-0.371343736636317
"BAM6921","ABHISEK",-0.0723479290969459
"BAM712","ABHISEK",0.042170016967631
"BAM742","ABHISEK",0.0373997802516804
"BAM7429","ABHISEK",-0.23301284014023
"BAM7449","ABHISEK",-0.343368960455212
"BAM747","ABHISEK",0.0608995373104688
"BAM759","ABHISEK",-0.262594976923549
"BAM766","ABHISEK",0.0575134134452146
"BAM807","ABHISEK",0.137835678855554
"BAM811","ABHISEK",-0.163125126576215
"BAM812","ABHISEK",0.252348848214863
"BAM819","ABHISEK",0.259239681911809
"BAM8296","ABHISEK",-0.150236855180291
"BAM8305","ABHISEK",-0.0819006173060676
"BAM8315","ABHISEK",0.0758472005224577
"BAM8364","ABHISEK",0.238874799463226
"BAMAWPYAN","ABHISEK",0.0570434758144309
"BENAMURI","ABHISEK",0.178267837378279
"BLACKGORA","ABHISEK",0.367538298790954
"CGR1656","ABHISEK",-0.256348622213253
"CGR1679","ABHISEK",0.166202232007466
"CGR2012","ABHISEK",0.187202112839548
"CO18","ABHISEK",0.216741883244699
"CRDHAN-204","ABHISEK",0.403810630679461
"CR143-2-2","ABHISEK",-0.116302897623808
"CR262-4","ABHISEK",-0.10670319748461
"CROSSA","ABHISEK",0.199007893329839
"DULAR","ABHISEK",-0.373132135415059
"EYPO","ABHISEK",-0.234668033284995
"EYPO-2","ABHISEK",0.200462208109492
"FULKATI","ABHISEK",-0.357776379598763
"Ghanteswari","ABHISEK",-0.235089624668365
"GHATIKAMMANANGARHAR","ABHISEK",0.316306516529614
"GotrabiDhan","ABHISEK",-0.139701112843648
"GP-145-37","ABHISEK",0.193594421035535
"GP-145-51","ABHISEK",-0.275848688511444
"HARBHOONDI","ABHISEK",0.347032187711576
"HongZuiEr","ABHISEK",-0.175660968412434
"IndrabaruniDhan","ABHISEK",-0.0401144815428759
"IR74371-54-1-1","ABHISEK",-0.13317844188551
"IR77298-14-1-2-10","ABHISEK",-0.124847348697732
"IR77298-5-6-18","ABHISEK",-0.132706692927154
"IR83383-B-B-129-4","ABHISEK",-0.155676658013762
"IR83388-B-B108-3","ABHISEK",-0.16928370323125
"IR87707-445-B-B","ABHISEK",-0.134343830744965
"IR87707-446-B-B","ABHISEK",-0.125087435088018
"IRROEPYO","ABHISEK",0.147971664700833
"KALINGA-1","ABHISEK",-0.122786413640767
"KANGRO","ABHISEK",0.207668998217029
"KHAODAWTAI","ABHISEK",0.249573270481049
"MANDRIRAVINA","ABHISEK",0.227185419473314
"MAUDAMANI","ABHISEK",0.495523145455196
"MOROBEREKAN","ABHISEK",-0.319594297086549
"MTU1010","ABHISEK",-0.126737889734369
"MTU9","ABHISEK",0.217219896097083
"NERICA-L-26","ABHISEK",-0.0969679362958791
"NERICA-L-42","ABHISEK",-0.10146414225003
"NERICA-L-44","ABHISEK",-0.0712583402656269
"PARIJAT","ABHISEK",-0.133856771404564
"Patchaiperumal","ABHISEK",-0.195985960937062
"PEH-KUH-TSAO-TU","ABHISEK",0.209165514218738
"PMK-2","ABHISEK",-0.219261960288262
"PRASAD-1","ABHISEK",0.309941752254467
"PUSASUGANDH5","ABHISEK",-0.17406648860402
"PUSA1121","ABHISEK",-0.272793137377124
"Pusa1121-SN12","ABHISEK",-0.275927977000612
"PUSA44","ABHISEK",-0.108515361184787
"PUSABASMATI6","ABHISEK",0.213053452701474
"PUSASUGANDH2","ABHISEK",0.36390007676932
"RASI","ABHISEK",0.31505694671242
"RKVY-104","ABHISEK",-0.369341810260078
"RKVY-143","ABHISEK",-0.253316120192013
"RKVY-28","ABHISEK",-0.346044310593597
"R-RF-44","ABHISEK",-0.103182688281347
"RRF-78","ABHISEK",-0.188692399947468
"Sadabahar","ABHISEK",0.183549012331554
"SAFRI-17","ABHISEK",0.301604697630755
"SAHBHAGIDHAN","ABHISEK",-0.114206734600563
"SATABHAMA","ABHISEK",0.299698580257411
"SERATOES","ABHISEK",-0.389183990930726
"SERETY","ABHISEK",0.215882562331813
"SHAKU","ABHISEK",0.235661673067359
"SR1-3-1","ABHISEK",0.249639836824644
"SUWEON","ABHISEK",0.253771040915095
"SWARNA","ABHISEK",0.0170862537798346
"VANAPRAVA","ABHISEK",-0.354693531557761
"VANDANA","ABHISEK",-0.181108531962104
"Wayrarem","ABHISEK",-0.091420057950537
"281785","ABOR-A-1",-0.165810678485019
"282803","ABOR-A-1",0.262251484876604
"299554","ABOR-A-1",0.0828716956148009
"356457","ABOR-A-1",0.404379597995373
"376579","ABOR-A-1",-0.244939645102695
"376851","ABOR-A-1",-0.211337598397118
"377448","ABOR-A-1",0.0764149329003787
"377705","ABOR-A-1",0.400981974594849
"384190","ABOR-A-1",-0.388411224793838
"426049","ABOR-A-1",0.410353062749549
"438644","ABOR-A-1",0.252459670060165
"ADAYSEL","ABOR-A-1",0.0232228940649983
"AbhayaXDagadesi","ABOR-A-1",0.237352824850308
"ABHISEK","ABOR-A-1",-0.225265910865426
"ABOR-A-1","ABOR-A-1",1.25430006864477
"ANJALI","ABOR-A-1",-0.219133788272977
"Annada","ABOR-A-1",-0.314301694068794
"Apo","ABOR-A-1",0.0865833507766543
"ARC10319","ABOR-A-1",0.233209659894709
"ARC12071","ABOR-A-1",-0.0725586753002954
"ARNAPURNA","ABOR-A-1",-0.164903219477087
"ASD16","ABOR-A-1",-0.167372919338551
"AUS257","ABOR-A-1",-0.215540836743062
"BAKAL","ABOR-A-1",-0.0456770368826802
"BAM1057","ABOR-A-1",-0.0416865581201215
"BAM1098","ABOR-A-1",-0.0274544895976414
"BAM1659","ABOR-A-1",-0.0987046162392698
"BAM1689","ABOR-A-1",-0.0139959403459414
"BAM1708","ABOR-A-1",-0.0169272958326062
"BAM1812","ABOR-A-1",0.144812051580007
"BAM2096","ABOR-A-1",-0.24943896756128
"BAM2166","ABOR-A-1",-0.318596091933004
"BAM247","ABOR-A-1",0.27529350494294
"BAM2574","ABOR-A-1",-0.249626926403309
"BAM2680","ABOR-A-1",-0.00269609119924128
"BAM3154","ABOR-A-1",0.134025344483965
"BAM3181","ABOR-A-1",-0.179344005547089
"BAM326","ABOR-A-1",-0.20155408387685
"BAM328","ABOR-A-1",0.164059397367676
"BAM350","ABOR-A-1",0.082457163103311
"BAM3690","ABOR-A-1",0.240266149647451
"BAM4009","ABOR-A-1",-0.0543788907804142
"BAM4054","ABOR-A-1",0.0117960904422668
"BAM4138","ABOR-A-1",-0.395145211975974
"BAM4168","ABOR-A-1",-0.2263695422373
"BAM4234","ABOR-A-1",-0.227983051391104
"BAM4254","ABOR-A-1",-0.238786764909371
"BAM4477","ABOR-A-1",0.284834471500989
"BAM4496","ABOR-A-1",0.169979724236348
"BAM4510","ABOR-A-1",-0.372604653628207
"BAM4521","ABOR-A-1",-0.39763451929451
"BAM4534","ABOR-A-1",-0.0508706578186334
"BAM4797","ABOR-A-1",-0.24791517367574
"BAM491","ABOR-A-1",0.06846312000825
"BAM4928","ABOR-A-1",-0.341639633567888
"BAM5110","ABOR-A-1",-0.173129959750358
"BAM56","ABOR-A-1",-0.360896146665662
"BAM5779","ABOR-A-1",-0.332141881726818
"BAM5850","ABOR-A-1",-0.0890946830704542
"BAM6921","ABOR-A-1",0.143004829688028
"BAM712","ABOR-A-1",-0.318716716638575
"BAM742","ABOR-A-1",-0.287684776302551
"BAM7429","ABOR-A-1",0.151598848741839
"BAM7449","ABOR-A-1",-0.0624803484566771
"BAM747","ABOR-A-1",-0.329603171224847
"BAM759","ABOR-A-1",0.168683626253625
"BAM766","ABOR-A-1",-0.291924606095787
"BAM807","ABOR-A-1",-0.331083746462101
"BAM811","ABOR-A-1",0.187020059492972
"BAM812","ABOR-A-1",-0.177320584888862
"BAM819","ABOR-A-1",-0.115988040913516
"BAM8296","ABOR-A-1",0.222045124099023
"BAM8305","ABOR-A-1",0.223642272494459
"BAM8315","ABOR-A-1",-0.335013582315563
"BAM8364","ABOR-A-1",-0.0541146015558032
"BAMAWPYAN","ABOR-A-1",-0.375309217418391
"BENAMURI","ABOR-A-1",-0.147494969751051
"BLACKGORA","ABOR-A-1",-0.221128634636149
"CGR1656","ABOR-A-1",0.219723802754426
"CGR1679","ABOR-A-1",-0.205155806622221
"CGR2012","ABOR-A-1",-0.205498103727199
"CO18","ABOR-A-1",-0.0566634580777196
"CRDHAN-204","ABOR-A-1",-0.28238333839242
"CR143-2-2","ABOR-A-1",0.129050304365355
"CR262-4","ABOR-A-1",0.116603816655963
"CROSSA","ABOR-A-1",-0.207319778314575
"DULAR","ABOR-A-1",-0.0781781523816252
"EYPO","ABOR-A-1",0.114799836037798
"EYPO-2","ABOR-A-1",0.793279975488651
"FULKATI","ABOR-A-1",-0.0665227868821804
"Ghanteswari","ABOR-A-1",0.528444482636809
"GHATIKAMMANANGARHAR","ABOR-A-1",-0.131735204090619
"GotrabiDhan","ABOR-A-1",0.284598039701061
"GP-145-37","ABOR-A-1",-0.237461557578282
"GP-145-51","ABOR-A-1",0.166375063517163
"HARBHOONDI","ABOR-A-1",-0.28014918327806
"HongZuiEr","ABOR-A-1",0.279548906944091
"IndrabaruniDhan","ABOR-A-1",0.15549152406752
"IR74371-54-1-1","ABOR-A-1",0.138375639266332
"IR77298-14-1-2-10","ABOR-A-1",0.152645483993857
"IR77298-5-6-18","ABOR-A-1",0.120687044854422
"IR83383-B-B-129-4","ABOR-A-1",0.213723368337074
"IR83388-B-B108-3","ABOR-A-1",0.218382903065531
"IR87707-445-B-B","ABOR-A-1",0.173519046712195
"IR87707-446-B-B","ABOR-A-1",0.152652778358455
"IRROEPYO","ABOR-A-1",-0.321315214843878
"KALINGA-1","ABOR-A-1",0.377793087939003
"KANGRO","ABOR-A-1",-0.0663296427270756
"KHAODAWTAI","ABOR-A-1",0.00065245460774959
"MANDRIRAVINA","ABOR-A-1",-0.0548962560694486
"MAUDAMANI","ABOR-A-1",-0.208340223877474
"MOROBEREKAN","ABOR-A-1",-0.0183706402495181
"MTU1010","ABOR-A-1",0.233866328993322
"MTU9","ABOR-A-1",-0.0775070770713203
"NERICA-L-26","ABOR-A-1",0.0948093455541593
"NERICA-L-42","ABOR-A-1",0.101944959318595
"NERICA-L-44","ABOR-A-1",0.138249542342769
"PARIJAT","ABOR-A-1",0.222130645865871
"Patchaiperumal","ABOR-A-1",0.245437805334865
"PEH-KUH-TSAO-TU","ABOR-A-1",-0.0663317875120514
"PMK-2","ABOR-A-1",1.22512385438042
"PRASAD-1","ABOR-A-1",-0.113279193781552
"PUSASUGANDH5","ABOR-A-1",0.191293827242644
"PUSA1121","ABOR-A-1",0.00889262305193552
"Pusa1121-SN12","ABOR-A-1",0.042836331284624
"PUSA44","ABOR-A-1",0.197899493464844
"PUSABASMATI6","ABOR-A-1",-0.29224436727264
"PUSASUGANDH2","ABOR-A-1",-0.211469371629988
"RASI","ABOR-A-1",0.593235258318888
"RKVY-104","ABOR-A-1",-0.0680238246488642
"RKVY-143","ABOR-A-1",0.199191906307942
"RKVY-28","ABOR-A-1",-0.000396945246865691
"R-RF-44","ABOR-A-1",0.150213177408822
"RRF-78","ABOR-A-1",0.125772023874077
"Sadabahar","ABOR-A-1",-0.242603683619083
"SAFRI-17","ABOR-A-1",-0.123049236165318
"SAHBHAGIDHAN","ABOR-A-1",0.218821462584278
"SATABHAMA","ABOR-A-1",-0.203516154838164
"SERATOES","ABOR-A-1",-0.0672230070753827
"SERETY","ABOR-A-1",-0.0576305536223737
"SHAKU","ABOR-A-1",-0.267659775135703
"SR1-3-1","ABOR-A-1",-0.185561816790443
"SUWEON","ABOR-A-1",-0.199878114391063
"SWARNA","ABOR-A-1",0.147735785141271
"VANAPRAVA","ABOR-A-1",-0.0397219973045473
"VANDANA","ABOR-A-1",-0.0169599238751455
"Wayrarem","ABOR-A-1",0.0838409628762825
"281785","ANJALI",0.391345967308405
"282803","ANJALI",-0.0477508217023319
"299554","ANJALI",-0.0617860291601777
"356457","ANJALI",-0.119913806169521
"376579","ANJALI",0.173363131394977
"376851","ANJALI",0.192258182280386
"377448","ANJALI",-0.25705995333441
"377705","ANJALI",-0.154476167106626
"384190","ANJALI",0.00675465567963051
"426049","ANJALI",-0.113560924218341
"438644","ANJALI",-0.0501992601125504
"ADAYSEL","ANJALI",-0.256152370714652
"AbhayaXDagadesi","ANJALI",0.0277755559005402
"ABHISEK","ANJALI",0.400450761914221
"ABOR-A-1","ANJALI",-0.219133788272977
"ANJALI","ANJALI",1.29509072217993
"Annada","ANJALI",0.0119677555233004
"Apo","ANJALI",-0.0754661100333247
"ARC10319","ANJALI",-0.277716130140699
"ARC12071","ANJALI",0.118088227236246
"ARNAPURNA","ANJALI",0.21356125439921
"ASD16","ANJALI",0.27585395257987
"AUS257","ANJALI",0.265544233671845
"BAKAL","ANJALI",-0.380790883193351
"BAM1057","ANJALI",-0.380926130770696
"BAM1098","ANJALI",-0.405478618106224
"BAM1659","ANJALI",0.253095941612722
"BAM1689","ANJALI",-0.4004292859558
"BAM1708","ANJALI",-0.403577902181629
"BAM1812","ANJALI",-0.276489144271908
"BAM2096","ANJALI",0.214384823713377
"BAM2166","ANJALI",0.0145095128551064
"BAM247","ANJALI",-0.122519344692022
"BAM2574","ANJALI",0.133607793809473
"BAM2680","ANJALI",0.308821534629193
"BAM3154","ANJALI",-0.107847114617406
"BAM3181","ANJALI",0.150961706005365
"BAM326","ANJALI",0.179629060292341
"BAM328","ANJALI",-0.247339550333733
"BAM350","ANJALI",-0.340760665059036
"BAM3690","ANJALI",-0.214497565236785
"BAM4009","ANJALI",-0.389955500692653
"BAM4054","ANJALI",0.336062036939939
"BAM4138","ANJALI",0.00200817000619569
"BAM4168","ANJALI",0.168546868043085
"BAM4234","ANJALI",0.417828188168778
"BAM4254","ANJALI",0.423021911875734
"BAM4477","ANJALI",-0.204812683593649
"BAM4496","ANJALI",-0.247979313251031
"BAM4510","ANJALI",0.0314268165313174
"BAM4521","ANJALI",-0.0112972115922549
"BAM4534","ANJALI",-0.396483881003348
"BAM4797","ANJALI",0.104870733292885
"BAM491","ANJALI",-0.36277053833309
"BAM4928","ANJALI",0.0190154192208215
"BAM5110","ANJALI",0.418731091669373
"BAM56","ANJALI",-0.00118183292425967
"BAM5779","ANJALI",0.14270211628053
"BAM5850","ANJALI",-0.419095271830147
"BAM6921","ANJALI",0.081799339631673
"BAM712","ANJALI",0.0246061820329258
"BAM742","ANJALI",0.00592785884444269
"BAM7429","ANJALI",-0.253318487061531
"BAM7449","ANJALI",-0.368903696019172
"BAM747","ANJALI",0.00413172549118597
"BAM759","ANJALI",-0.256054918595153
"BAM766","ANJALI",0.0202274123271774
"BAM807","ANJALI",0.132411817966014
"BAM811","ANJALI",-0.182438344663797
"BAM812","ANJALI",0.246937268142463
"BAM819","ANJALI",0.303619767356638
"BAM8296","ANJALI",-0.116638061052192
"BAM8305","ANJALI",-0.0297000372933693
"BAM8315","ANJALI",-0.0230842987291899
"BAM8364","ANJALI",0.289627462328213
"BAMAWPYAN","ANJALI",0.0446484643632501
"BENAMURI","ANJALI",0.188429196306799
"BLACKGORA","ANJALI",0.396524572483932
"CGR1656","ANJALI",-0.249791839558967
"CGR1679","ANJALI",0.165443995226809
"CGR2012","ANJALI",0.181416276181652
"CO18","ANJALI",0.150330336330595
"CRDHAN-204","ANJALI",0.450163916351027
"CR143-2-2","ANJALI",-0.165130224494741
"CR262-4","ANJALI",-0.157013171492
"CROSSA","ANJALI",0.196932360714781
"DULAR","ANJALI",-0.433459925229619
"EYPO","ANJALI",-0.201532981127525
"EYPO-2","ANJALI",0.202743747527037
"FULKATI","ANJALI",-0.378331485531436
"Ghanteswari","ANJALI",-0.219626776619815
"GHATIKAMMANANGARHAR","ANJALI",0.314958670708385
"GotrabiDhan","ANJALI",-0.0903604462022322
"GP-145-37","ANJALI",0.212584742295939
"GP-145-51","ANJALI",-0.272497955648995
"HARBHOONDI","ANJALI",0.324522076631537
"HongZuiEr","ANJALI",-0.230979559406873
"IndrabaruniDhan","ANJALI",-0.115049745863909
"IR74371-54-1-1","ANJALI",-0.10744576474218
"IR77298-14-1-2-10","ANJALI",-0.042818768361163
"IR77298-5-6-18","ANJALI",-0.00194365097368637
"IR83383-B-B-129-4","ANJALI",-0.0244579431972207
"IR83388-B-B108-3","ANJALI",-0.0592507872643768
"IR87707-445-B-B","ANJALI",-0.0703128719330831
"IR87707-446-B-B","ANJALI",-0.0427360990824141
"IRROEPYO","ANJALI",0.147993938212792
"KALINGA-1","ANJALI",-0.0967798686423231
"KANGRO","ANJALI",0.126937133604227
"KHAODAWTAI","ANJALI",0.293570668134776
"MANDRIRAVINA","ANJALI",0.147433942915629
"MAUDAMANI","ANJALI",0.406532675582191
"MOROBEREKAN","ANJALI",-0.363296776211923
"MTU1010","ANJALI",0.0129600242154739
"MTU9","ANJALI",0.138583628579322
"NERICA-L-26","ANJALI",0.0442370373843121
"NERICA-L-42","ANJALI",0.0621107746669884
"NERICA-L-44","ANJALI",0.157123030479395
"PARIJAT","ANJALI",0.00617156901406212
"Patchaiperumal","ANJALI",-0.247824133670234
"PEH-KUH-TSAO-TU","ANJALI",0.135965495478182
"PMK-2","ANJALI",-0.219911037674804
"PRASAD-1","ANJALI",0.303169445249715
"PUSASUGANDH5","ANJALI",-0.088854102501365
"PUSA1121","ANJALI",-0.342478642719678
"Pusa1121-SN12","ANJALI",-0.330587722936463
"PUSA44","ANJALI",-0.0182588188201799
"PUSABASMATI6","ANJALI",0.199454382746618
"PUSASUGANDH2","ANJALI",0.311191953678488
"RASI","ANJALI",-0.102739115775387
"RKVY-104","ANJALI",-0.393717068018498
"RKVY-143","ANJALI",-0.271932052244326
"RKVY-28","ANJALI",-0.444964023065687
"R-RF-44","ANJALI",0.0455194901316062
"RRF-78","ANJALI",-0.130694663853418
"Sadabahar","ANJALI",0.181803026611131
"SAFRI-17","ANJALI",0.378728693967492
"SAHBHAGIDHAN","ANJALI",0.0211173968032312
"SATABHAMA","ANJALI",0.338100563845352
"SERATOES","ANJALI",-0.405536099613671
"SERETY","ANJALI",0.158680154030202
"SHAKU","ANJALI",0.269673208645997
"SR1-3-1","ANJALI",0.354443540473129
"SUWEON","ANJALI",0.262463028049648
"SWARNA","ANJALI",-0.117155630327532
"VANAPRAVA","ANJALI",-0.379167910911152
"VANDANA","ANJALI",-0.187457832701784
"Wayrarem","ANJALI",-0.0828433452901953
"281785","Annada",0.0176158735876231
"282803","Annada",-0.351343455828036
"299554","Annada",-0.26644146462652
"356457","Annada",-0.325561148661606
"376579","Annada",0.0498764128656989
"376851","Annada",0.034065492289783
"377448","Annada",-0.37643989351261
"377705","Annada",-0.320015618378017
"384190","Annada",0.317810623222787
"426049","Annada",-0.324910110254782
"438644","Annada",-0.345171310504332
"ADAYSEL","Annada",-0.194277403259245
"AbhayaXDagadesi","Annada",-0.302703691304276
"ABHISEK","Annada",0.0471518909944865
"ABOR-A-1","Annada",-0.314301694068794
"ANJALI","Annada",0.0119677555233004
"Annada","Annada",2.09600718752365
"Apo","Annada",-0.167702218358866
"ARC10319","Annada",-0.287523130699459
"ARC12071","Annada",-0.00156319975161938
"ARNAPURNA","Annada",-0.0222860255375856
"ASD16","Annada",0.00595537034169474
"AUS257","Annada",0.025374429123558
"BAKAL","Annada",-0.0534823784234565
"BAM1057","Annada",-0.0927076674586488
"BAM1098","Annada",0.0980234230532156
"BAM1659","Annada",0.0363021649264954
"BAM1689","Annada",-0.000348332470162806
"BAM1708","Annada",-0.0560874877510388
"BAM1812","Annada",-0.3146095771311
"BAM2096","Annada",-0.0266270582754019
"BAM2166","Annada",0.414049709288956
"BAM247","Annada",-0.383334874165104
"BAM2574","Annada",0.0137148371344946
"BAM2680","Annada",0.00908868007464748
"BAM3154","Annada",-0.359626983297281
"BAM3181","Annada",0.067893853069403
"BAM326","Annada",-0.0214341076529143
"BAM328","Annada",-0.341515065670753
"BAM350","Annada",-0.287118014246735
"BAM3690","Annada",-0.322961466699846
"BAM4009","Annada",0.105241486197904
"BAM4054","Annada",-0.0216431194025592
"BAM4138","Annada",0.364147753406617
"BAM4168","Annada",0.285972413775788
"BAM4234","Annada",0.0878244111216623
"BAM4254","Annada",0.0945977469981891
"BAM4477","Annada",-0.340549840789505
"BAM4496","Annada",-0.343218695516909
"BAM4510","Annada",0.238127539717104
"BAM4521","Annada",0.345508162206104
"BAM4534","Annada",-0.0658650013140723
"BAM4797","Annada",0.0408853909225145
"BAM491","Annada",-0.219885589112459
"BAM4928","Annada",0.344345590348928
"BAM5110","Annada",0.030805460630706
"BAM56","Annada",0.296652818814805
"BAM5779","Annada",0.877371033697363
"BAM5850","Annada",-0.0431965450410223
"BAM6921","Annada",-0.259216357669235
"BAM712","Annada",1.96913327126184
"BAM742","Annada",1.95912241339908
"BAM7429","Annada",-0.367157953499568
"BAM7449","Annada",-0.0706147850351563
"BAM747","Annada",1.92786854361657
"BAM759","Annada",-0.163799448693227
"BAM766","Annada",1.9619673279506
"BAM807","Annada",0.842900076086897
"BAM811","Annada",-0.242737534730617
"BAM812","Annada",0.0918711796956786
"BAM819","Annada",-0.0212138208507725
"BAM8296","Annada",-0.308427449447676
"BAM8305","Annada",-0.32375342684015
"BAM8315","Annada",0.943406144535327
"BAM8364","Annada",0.0918521195025952
"BAMAWPYAN","Annada",0.303000172279557
"BENAMURI","Annada",0.0184232620430454
"BLACKGORA","Annada",0.0249593814730338
"CGR1656","Annada",-0.318565641611706
"CGR1679","Annada",-0.0274468912818007
"CGR2012","Annada",0.00584289080878818
"CO18","Annada",-0.051321631437609
"CRDHAN-204","Annada",0.0687637411015287
"CR143-2-2","Annada",-0.262244310318294
"CR262-4","Annada",-0.243208367317713
"CROSSA","Annada",-0.0119285994513135
"DULAR","Annada",-0.0594598772583792
"EYPO","Annada",-0.256915277631168
"EYPO-2","Annada",0.0266196636675166
"FULKATI","Annada",-0.0934059766596449
"Ghanteswari","Annada",-0.311086165205627
"GHATIKAMMANANGARHAR","Annada",-0.0306964551498453
"GotrabiDhan","Annada",-0.365188807971362
"GP-145-37","Annada",-0.0192709303373785
"GP-145-51","Annada",-0.361170553833165
"HARBHOONDI","Annada",0.0958586240969721
"HongZuiEr","Annada",-0.284205686632227
"IndrabaruniDhan","Annada",-0.360221145418378
"IR74371-54-1-1","Annada",-0.254576408930607
"IR77298-14-1-2-10","Annada",-0.339199070094951
"IR77298-5-6-18","Annada",-0.302251432081057
"IR83383-B-B-129-4","Annada",-0.269070182033659
"IR83388-B-B108-3","Annada",-0.30709395936955
"IR87707-445-B-B","Annada",-0.290214069513675
"IR87707-446-B-B","Annada",-0.361505105750148
"IRROEPYO","Annada",0.208465090739189
"KALINGA-1","Annada",-0.384525269929834
"KANGRO","Annada",-0.0315761913416096
"KHAODAWTAI","Annada",0.0643092928932647
"MANDRIRAVINA","Annada",-0.0523850573982839
"MAUDAMANI","Annada",0.0389844248549364
"MOROBEREKAN","Annada",1.19796487800828
"MTU1010","Annada",-0.361277726711897
"MTU9","Annada",-0.00414381866693795
"NERICA-L-26","Annada",-0.268119724244091
"NERICA-L-42","Annada",-0.275433090541842
"NERICA-L-44","Annada",-0.329509442900335
"PARIJAT","Annada",-0.339786861306765
"Patchaiperumal","Annada",-0.380025065983881
"PEH-KUH-TSAO-TU","Annada",-0.0426731218828525
"PMK-2","Annada",-0.316230147487393
"PRASAD-1","Annada",0.0315398505203571
"PUSASUGANDH5","Annada",-0.197904729293951
"PUSA1121","Annada",0.228638354037542
"Pusa1121-SN12","Annada",0.206040052720905
"PUSA44","Annada",-0.382266268389854
"PUSABASMATI6","Annada",0.411319312365026
"PUSASUGANDH2","Annada",-0.0451489580773585
"RASI","Annada",-0.303316997085756
"RKVY-104","Annada",0.0848252540067805
"RKVY-143","Annada",-0.351102212515492
"RKVY-28","Annada",-0.0941604256598086
"R-RF-44","Annada",-0.301324403312552
"RRF-78","Annada",-0.282432181025916
"Sadabahar","Annada",-0.0126432026036106
"SAFRI-17","Annada",0.0152049751302384
"SAHBHAGIDHAN","Annada",-0.352637569258454
"SATABHAMA","Annada",0.0259888253395393
"SERATOES","Annada",-0.0197732996062808
"SERETY","Annada",0.00742613391529712
"SHAKU","Annada",0.321688026147958
"SR1-3-1","Annada",0.0481522492023835
"SUWEON","Annada",0.130512784757192
"SWARNA","Annada",-0.39223990993255
"VANAPRAVA","Annada",-0.0859228614653819
"VANDANA","Annada",-0.126545356497808
"Wayrarem","Annada",-0.160513732754021
"281785","Apo",-0.210546865346299
"282803","Apo",0.152338102719399
"299554","Apo",0.292017941796285
"356457","Apo",0.11340446936619
"376579","Apo",-0.256319202480149
"376851","Apo",-0.287049239877696
"377448","Apo",0.126321345971396
"377705","Apo",0.116370400683815
"384190","Apo",-0.324990609712388
"426049","Apo",0.109573353465156
"438644","Apo",0.11895258984914
"ADAYSEL","Apo",0.0499625024354091
"AbhayaXDagadesi","Apo",0.169473348635183
"ABHISEK","Apo",-0.0939588525466106
"ABOR-A-1","Apo",0.0865833507766543
"ANJALI","Apo",-0.0754661100333247
"Annada","Apo",-0.167702218358866
"Apo","Apo",1.33995531893829
"ARC10319","Apo",0.088365175860251
"ARC12071","Apo",-0.326923097404467
"ARNAPURNA","Apo",-0.241926648210647
"ASD16","Apo",-0.218507505299498
"AUS257","Apo",0.288915895892742
"BAKAL","Apo",-0.00449752534906021
"BAM1057","Apo",-0.0144801717668364
"BAM1098","Apo",0.013679739077879
"BAM1659","Apo",-0.229384012250685
"BAM1689","Apo",-0.00797182970610814
"BAM1708","Apo",0.000542080563428745
"BAM1812","Apo",0.0717804689721591
"BAM2096","Apo",-0.23171405170721
"BAM2166","Apo",-0.316397620888731
"BAM247","Apo",0.113630969778807
"BAM2574","Apo",-0.241762348018661
"BAM2680","Apo",-0.242987911394457
"BAM3154","Apo",0.299674092197556
"BAM3181","Apo",-0.239365780219969
"BAM326","Apo",-0.311346553878239
"BAM328","Apo",0.125399908780557
"BAM350","Apo",0.0314745707210307
"BAM3690","Apo",0.200052764742052
"BAM4009","Apo",-0.0438812377666022
"BAM4054","Apo",-0.251687946855637
"BAM4138","Apo",-0.373137915209697
"BAM4168","Apo",-0.228718243503991
"BAM4234","Apo",-0.10496207954833
"BAM4254","Apo",-0.106995259522538
"BAM4477","Apo",0.191073970655987
"BAM4496","Apo",0.128877628153912
"BAM4510","Apo",-0.336275803596419
"BAM4521","Apo",-0.355461782854694
"BAM4534","Apo",-0.00397417943252227
"BAM4797","Apo",-0.258946764227496
"BAM491","Apo",0.0352441238462016
"BAM4928","Apo",-0.282517731871409
"BAM5110","Apo",-0.0632102623820981
"BAM56","Apo",-0.309210581269172
"BAM5779","Apo",-0.180120063209159
"BAM5850","Apo",-0.0532463756931252
"BAM6921","Apo",0.377492099353143
"BAM712","Apo",-0.163488259225301
"BAM742","Apo",-0.162181117803746
"BAM7429","Apo",0.109135417885475
"BAM7449","Apo",0.00777324606525486
"BAM747","Apo",-0.173564677350114
"BAM759","Apo",0.0964030666935288
"BAM766","Apo",-0.170610851939564
"BAM807","Apo",-0.18122814549939
"BAM811","Apo",0.150750729489136
"BAM812","Apo",-0.20836915061148
"BAM819","Apo",-0.187327531088918
"BAM8296","Apo",0.192073401517345
"BAM8305","Apo",0.163018286614718
"BAM8315","Apo",-0.272663671560176
"BAM8364","Apo",-0.203539373245872
"BAMAWPYAN","Apo",-0.340129757190272
"BENAMURI","Apo",-0.222698699820845
"BLACKGORA","Apo",-0.159485371595959
"CGR1656","Apo",0.125786752062168
"CGR1679","Apo",-0.257190204946192
"CGR2012","Apo",-0.273958386428582
"CO18","Apo",-0.320672439137168
"CRDHAN-204","Apo",0.0240960997748439
"CR143-2-2","Apo",0.489378073760963
"CR262-4","Apo",0.491947359033049
"CROSSA","Apo",-0.27428907179207
"DULAR","Apo",-0.0461052594624021
"EYPO","Apo",0.0720437762228517
"EYPO-2","Apo",-0.264336961242485
"FULKATI","Apo",0.020913366745584
"Ghanteswari","Apo",0.0521053809878403
"GHATIKAMMANANGARHAR","Apo",-0.213856472909176
"GotrabiDhan","Apo",0.11164297058237
"GP-145-37","Apo",-0.24730302913192
"GP-145-51","Apo",0.100773687192163
"HARBHOONDI","Apo",0.117309693045887
"HongZuiEr","Apo",0.242650018774548
"IndrabaruniDhan","Apo",0.19830622135262
"IR74371-54-1-1","Apo",0.593233355360607
"IR77298-14-1-2-10","Apo",0.320097878570617
"IR77298-5-6-18","Apo",0.140768096892985
"IR83383-B-B-129-4","Apo",0.13768722093973
"IR83388-B-B108-3","Apo",0.27989112618559
"IR87707-445-B-B","Apo",0.131915221858019
"IR87707-446-B-B","Apo",0.264091194339927
"IRROEPYO","Apo",-0.319906838581475
"KALINGA-1","Apo",0.145434010642364
"KANGRO","Apo",-0.323528206048942
"KHAODAWTAI","Apo",-0.172292192184962
"MANDRIRAVINA","Apo",-0.325506392388743
"MAUDAMANI","Apo",-0.0945975861444397
"MOROBEREKAN","Apo",0.142536596219364
"MTU1010","Apo",0.154902466306988
"MTU9","Apo",-0.331664474765638
"NERICA-L-26","Apo",0.453164751857651
"NERICA-L-42","Apo",0.484415085532955
"NERICA-L-44","Apo",0.233032120151196
"PARIJAT","Apo",0.236984010272421
"Patchaiperumal","Apo",0.085931493532761
"PEH-KUH-TSAO-TU","Apo",-0.321712487953247
"PMK-2","Apo",0.0784715376846552
"PRASAD-1","Apo",-0.207773243414839
"PUSASUGANDH5","Apo",0.212924375547208
"PUSA1121","Apo",0.0938385900304535
"Pusa1121-SN12","Apo",0.117792870993013
"PUSA44","Apo",0.255934675559176
"PUSABASMATI6","Apo",-0.192543729377224
"PUSASUGANDH2","Apo",-0.154195404687686
"RASI","Apo",0.213384442697558
"RKVY-104","Apo",-0.0307245779553194
"RKVY-143","Apo",0.0158726493855241
"RKVY-28","Apo",-0.0322121113437351
"R-RF-44","Apo",0.191916774565417
"RRF-78","Apo",0.0802697015517098
"Sadabahar","Apo",-0.247905339067807
"SAFRI-17","Apo",-0.200296877604321
"SAHBHAGIDHAN","Apo",0.242538673660684
"SATABHAMA","Apo",0.117339008009666
"SERATOES","Apo",-0.0492085922495376
"SERETY","Apo",-0.304692589296849
"SHAKU","Apo",0.123399156845065
"SR1-3-1","Apo",-0.132697000422043
"SUWEON","Apo",-0.141079221779561
"SWARNA","Apo",0.237363449433342
"VANAPRAVA","Apo",-0.0156736503344576
"VANDANA","Apo",0.408661963974383
"Wayrarem","Apo",1.3038316381167
"281785","ARC10319",-0.262769551338569
"282803","ARC10319",0.135857874720883
"299554","ARC10319",0.142182743013958
"356457","ARC10319",0.213481374110746
"376579","ARC10319",-0.156637669099771
"376851","ARC10319",-0.134564699981753
"377448","ARC10319",0.249197821590127
"377705","ARC10319",0.130910716410166
"384190","ARC10319",-0.321955366838385
"426049","ARC10319",0.223637403722927
"438644","ARC10319",0.142148430531068
"ADAYSEL","ARC10319",0.0934503055270156
"AbhayaXDagadesi","ARC10319",0.123545500312912
"ABHISEK","ARC10319",-0.230199156194212
"ABOR-A-1","ARC10319",0.233209659894709
"ANJALI","ARC10319",-0.277716130140699
"Annada","ARC10319",-0.287523130699459
"Apo","ARC10319",0.088365175860251
"ARC10319","ARC10319",1.40496707710991
"ARC12071","ARC10319",0.137757996931733
"ARNAPURNA","ARC10319",0.0714726117404597
"ASD16","ARC10319",-0.144697273100308
"AUS257","ARC10319",-0.224734047938472
"BAKAL","ARC10319",0.0126108347145083
"BAM1057","ARC10319",-0.0294763137052408
"BAM1098","ARC10319",0.0373697443823885
"BAM1659","ARC10319",-0.0631879709939079
"BAM1689","ARC10319",0.108827582761882
"BAM1708","ARC10319",0.0408327275970681
"BAM1812","ARC10319",0.306526637841256
"BAM2096","ARC10319",-0.141914263419379
"BAM2166","ARC10319",-0.279563228664687
"BAM247","ARC10319",0.206249160663985
"BAM2574","ARC10319",-0.0725195691459402
"BAM2680","ARC10319",-0.239445344542424
"BAM3154","ARC10319",0.165622825908088
"BAM3181","ARC10319",0.00231314200777762
"BAM326","ARC10319",-0.113664321559605
"BAM328","ARC10319",0.2019734081721
"BAM350","ARC10319",0.165191559176732
"BAM3690","ARC10319",0.174871123460364
"BAM4009","ARC10319",0.0349869503699756
"BAM4054","ARC10319",-0.207243955088424
"BAM4138","ARC10319",-0.355878934193531
"BAM4168","ARC10319",-0.259635905419916
"BAM4234","ARC10319",-0.257900804472732
"BAM4254","ARC10319",-0.269484911445128
"BAM4477","ARC10319",0.20808890287364
"BAM4496","ARC10319",0.465860263369083
"BAM4510","ARC10319",-0.318417640151889
"BAM4521","ARC10319",-0.339887105127716
"BAM4534","ARC10319",-0.00394383562819881
"BAM4797","ARC10319",-0.0959257162643522
"BAM491","ARC10319",0.170908931109277
"BAM4928","ARC10319",-0.293439576778689
"BAM5110","ARC10319",-0.259687375464911
"BAM56","ARC10319",-0.318789099610168
"BAM5779","ARC10319",-0.280745074358599
"BAM5850","ARC10319",0.00378815269313716
"BAM6921","ARC10319",0.11428503112462
"BAM712","ARC10319",-0.298676142368133
"BAM742","ARC10319",-0.294499530647506
"BAM7429","ARC10319",0.215316547443868
"BAM7449","ARC10319",0.0311865979020944
"BAM747","ARC10319",-0.277895974132627
"BAM759","ARC10319",0.0880001007893492
"BAM766","ARC10319",-0.286917687006408
"BAM807","ARC10319",-0.28629777371881
"BAM811","ARC10319",0.150225829918906
"BAM812","ARC10319",-0.235749018221591
"BAM819","ARC10319",-0.254838917207939
"BAM8296","ARC10319",0.136663242374904
"BAM8305","ARC10319",0.125493228852249
"BAM8315","ARC10319",-0.30341031041935
"BAM8364","ARC10319",-0.249882743109007
"BAMAWPYAN","ARC10319",-0.325576980661799
"BENAMURI","ARC10319",-0.0152739620740656
"BLACKGORA","ARC10319",-0.255546226651991
"CGR1656","ARC10319",0.384178187753326
"CGR1679","ARC10319",-0.149895879967424
"CGR2012","ARC10319",-0.107505705100881
"CO18","ARC10319",0.142275218532317
"CRDHAN-204","ARC10319",-0.252392368223945
"CR143-2-2","ARC10319",0.121088794314813
"CR262-4","ARC10319",0.107824845094366
"CROSSA","ARC10319",-0.0996990665666849
"DULAR","ARC10319",-0.0112335782789854
"EYPO","ARC10319",0.197593493378791
"EYPO-2","ARC10319",-0.146371797208204
"FULKATI","ARC10319",0.0287586957317219
"Ghanteswari","ARC10319",0.32116933923844
"GHATIKAMMANANGARHAR","ARC10319",-0.214639158470741
"GotrabiDhan","ARC10319",0.208091380553568
"GP-145-37","ARC10319",-0.153901033008222
"GP-145-51","ARC10319",0.253172411254041
"HARBHOONDI","ARC10319",-0.255722635043132
"HongZuiEr","ARC10319",0.216551065139797
"IndrabaruniDhan","ARC10319",0.193795480365443
"IR74371-54-1-1","ARC10319",0.105656644549753
"IR77298-14-1-2-10","ARC10319",0.133869192472249
"IR77298-5-6-18","ARC10319",0.137137357680708
"IR83383-B-B-129-4","ARC10319",0.142300096493356
"IR83388-B-B108-3","ARC10319",0.164147938023952
"IR87707-445-B-B","ARC10319",0.167452247112845
"IR87707-446-B-B","ARC10319",0.151119969154501
"IRROEPYO","ARC10319",-0.306972340814238
"KALINGA-1","ARC10319",0.216739948253287
"KANGRO","ARC10319",0.145119320193669
"KHAODAWTAI","ARC10319",-0.200882672402825
"MANDRIRAVINA","ARC10319",0.146683068040141
"MAUDAMANI","ARC10319",-0.224457127688386
"MOROBEREKAN","ARC10319",0.0325606245122506
"MTU1010","ARC10319",0.133064201207246
"MTU9","ARC10319",0.126967637439415
"NERICA-L-26","ARC10319",0.0828168741540668
"NERICA-L-42","ARC10319",0.0759114935739225
"NERICA-L-44","ARC10319",0.15605267443912
"PARIJAT","ARC10319",0.147709904825699
"Patchaiperumal","ARC10319",0.455607873390995
"PEH-KUH-TSAO-TU","ARC10319",0.139699642420375
"PMK-2","ARC10319",0.242166820869844
"PRASAD-1","ARC10319",-0.23739917469137
"PUSASUGANDH5","ARC10319",0.0928499209990727
"PUSA1121","ARC10319",0.0581488247041138
"Pusa1121-SN12","ARC10319",0.0669498170013083
"PUSA44","ARC10319",0.0819674351565546
"PUSABASMATI6","ARC10319",-0.245929904253566
"PUSASUGANDH2","ARC10319",-0.187676343675879
"RASI","ARC10319",0.141434118752942
"RKVY-104","ARC10319",0.0385761297594444
"RKVY-143","ARC10319",0.307227825220001
"RKVY-28","ARC10319",0.070310413599845
"R-RF-44","ARC10319",0.115153095285361
"RRF-78","ARC10319",0.118814798135417
"Sadabahar","ARC10319",-0.136280103458615
"SAFRI-17","ARC10319",-0.227999937667186
"SAHBHAGIDHAN","ARC10319",0.145831838391446
"SATABHAMA","ARC10319",-0.270501435538914
"SERATOES","ARC10319",0.00892301203498279
"SERETY","ARC10319",0.104408151542089
"SHAKU","ARC10319",-0.273084125170443
"SR1-3-1","ARC10319",-0.272931102433963
"SUWEON","ARC10319",-0.268900937276061
"SWARNA","ARC10319",0.19245500758851
"VANAPRAVA","ARC10319",-0.0243114084576317
"VANDANA","ARC10319",0.0436721293885743
"Wayrarem","ARC10319",0.0908873540429433
"281785","ARC12071",0.245790097582332
"282803","ARC12071",-0.206754098991131
"299554","ARC12071",-0.293239681522991
"356457","ARC12071",-0.110011035517682
"376579","ARC12071",0.247961696436491
"376851","ARC12071",0.277479100203824
"377448","ARC12071",-0.143437818432379
"377705","ARC12071",-0.273954837963312
"384190","ARC12071",0.0975277465019859
"426049","ARC12071",-0.106653047142093
"438644","ARC12071",-0.189967128239998
"ADAYSEL","ARC12071",-0.285463783519758
"AbhayaXDagadesi","ARC12071",-0.277733873437082
"ABHISEK","ARC12071",0.197805482654802
"ABOR-A-1","ARC12071",-0.0725586753002954
"ANJALI","ARC12071",0.118088227236246
"Annada","ARC12071",-0.00156319975161938
"Apo","ARC12071",-0.326923097404467
"ARC10319","ARC12071",0.137757996931733
"ARC12071","ARC12071",1.19472509284078
"ARNAPURNA","ARC12071",0.408070444339682
"ASD16","ARC12071",0.246186520628574
"AUS257","ARC12071",0.131195350591389
"BAKAL","ARC12071",-0.342720346490374
"BAM1057","ARC12071",-0.279229458467156
"BAM1098","ARC12071",-0.35213019411574
"BAM1659","ARC12071",0.526044158197239
"BAM1689","ARC12071",-0.270087336262044
"BAM1708","ARC12071",-0.291871210572717
"BAM1812","ARC12071",-0.153138626385822
"BAM2096","ARC12071",0.319012842666104
"BAM2166","ARC12071",0.0766580965172754
"BAM247","ARC12071",-0.177844851974956
"BAM2574","ARC12071",0.274224688986501
"BAM2680","ARC12071",0.150142716289452
"BAM3154","ARC12071",-0.226930872425593
"BAM3181","ARC12071",0.393135758952312
"BAM326","ARC12071",0.333364771945857
"BAM328","ARC12071",-0.129413048366019
"BAM350","ARC12071",-0.211547235834963
"BAM3690","ARC12071",-0.251710936311856
"BAM4009","ARC12071",-0.252516132337042
"BAM4054","ARC12071",0.210708058813836
"BAM4138","ARC12071",0.153494252038603
"BAM4168","ARC12071",0.0983539940061398
"BAM4234","ARC12071",0.143991105861392
"BAM4254","ARC12071",0.142347739799641
"BAM4477","ARC12071",-0.242088890822377
"BAM4496","ARC12071",-0.0839683899143303
"BAM4510","ARC12071",0.0960506355934513
"BAM4521","ARC12071",0.117577030993012
"BAM4534","ARC12071",-0.337541330347705
"BAM4797","ARC12071",0.325317312994106
"BAM491","ARC12071",-0.175084713131887
"BAM4928","ARC12071",0.119008645701235
"BAM5110","ARC12071",0.106622011042616
"BAM56","ARC12071",0.0876055450445343
"BAM5779","ARC12071",0.0144784617326104
"BAM5850","ARC12071",-0.332617001391065
"BAM6921","ARC12071",-0.286627839260448
"BAM712","ARC12071",-0.0408723606704923
"BAM742","ARC12071",-0.0208595585004829
"BAM7429","ARC12071",-0.109449289289644
"BAM7449","ARC12071",-0.318826922391762
"BAM747","ARC12071",-0.0390452292153348
"BAM759","ARC12071",-0.294564980984813
"BAM766","ARC12071",-0.0385129444306262
"BAM807","ARC12071",0.00742348742936369
"BAM811","ARC12071",-0.287754053510303
"BAM812","ARC12071",0.141761618387987
"BAM819","ARC12071",0.201283768115081
"BAM8296","ARC12071",-0.301711059733647
"BAM8305","ARC12071",-0.179255066805795
"BAM8315","ARC12071",0.0585708096232978
"BAM8364","ARC12071",0.195703743265949
"BAMAWPYAN","ARC12071",0.0766156000558785
"BENAMURI","ARC12071",0.336420853585995
"BLACKGORA","ARC12071",0.144888549855595
"CGR1656","ARC12071",-0.0938620506773683
"CGR1679","ARC12071",0.303848986667719
"CGR2012","ARC12071",0.259331091954908
"CO18","ARC12071",0.973052513155067
"CRDHAN-204","ARC12071",0.0847732940231005
"CR143-2-2","ARC12071",-0.28705297394541
"CR262-4","ARC12071",-0.273066554470674
"CROSSA","ARC12071",0.282007841030158
"DULAR","ARC12071",-0.343825799591782
"EYPO","ARC12071",-0.161690492663758
"EYPO-2","ARC12071",0.351440084373159
"FULKATI","ARC12071",-0.33747356221933
"Ghanteswari","ARC12071",-0.132458849556205
"GHATIKAMMANANGARHAR","ARC12071",0.19913996794606
"GotrabiDhan","ARC12071",-0.169671468047932
"GP-145-37","ARC12071",0.252393171189574
"GP-145-51","ARC12071",-0.132140227506688
"HARBHOONDI","ARC12071",0.094109692210731
"HongZuiEr","ARC12071",-0.242990440337309
"IndrabaruniDhan","ARC12071",-0.17176763227963
"IR74371-54-1-1","ARC12071",-0.276674647292222
"IR77298-14-1-2-10","ARC12071",-0.294175597267852
"IR77298-5-6-18","ARC12071",-0.247659907665991
"IR83383-B-B-129-4","ARC12071",-0.230150832821513
"IR83388-B-B108-3","ARC12071",-0.234586608339706
"IR87707-445-B-B","ARC12071",-0.246852615130992
"IR87707-446-B-B","ARC12071",-0.293901497233996
"IRROEPYO","ARC12071",0.157382540355351
"KALINGA-1","ARC12071",-0.124590276630914
"KANGRO","ARC12071",1.1146429319908
"KHAODAWTAI","ARC12071",0.158252470681467
"MANDRIRAVINA","ARC12071",0.97625837680027
"MAUDAMANI","ARC12071",0.156420706128611
"MOROBEREKAN","ARC12071",-0.409463261347985
"MTU1010","ARC12071",-0.160209117726376
"MTU9","ARC12071",1.11403285976465
"NERICA-L-26","ARC12071",-0.349075188048848
"NERICA-L-42","ARC12071",-0.355507572278541
"NERICA-L-44","ARC12071",-0.271926216866824
"PARIJAT","ARC12071",-0.272737804435008
"Patchaiperumal","ARC12071",0.0165538249286314
"PEH-KUH-TSAO-TU","ARC12071",1.10775540547101
"PMK-2","ARC12071",-0.06297118289892
"PRASAD-1","ARC12071",0.268837083450868
"PUSASUGANDH5","ARC12071",-0.272892406006662
"PUSA1121","ARC12071",-0.30209986434909
"Pusa1121-SN12","ARC12071",-0.298818837326952
"PUSA44","ARC12071",-0.279422687634181
"PUSABASMATI6","ARC12071",0.165108154882023
"PUSASUGANDH2","ARC12071",0.257116030531627
"RASI","ARC12071",-0.203466920907839
"RKVY-104","ARC12071",-0.334686195765149
"RKVY-143","ARC12071",-0.0372982379002531
"RKVY-28","ARC12071",-0.272213750347405
"R-RF-44","ARC12071",-0.214346351403883
"RRF-78","ARC12071",-0.249726866729751
"Sadabahar","ARC12071",0.301863761991067
"SAFRI-17","ARC12071",0.202630066899109
"SAHBHAGIDHAN","ARC12071",-0.263071326236241
"SATABHAMA","ARC12071",0.15707647630364
"SERATOES","ARC12071",-0.295504563128785
"SERETY","ARC12071",1.01180470840599
"SHAKU","ARC12071",0.109433749829781
"SR1-3-1","ARC12071",0.139552226778869
"SUWEON","ARC12071",0.179694049056568
"SWARNA","ARC12071",-0.256139847904137
"VANAPRAVA","ARC12071",-0.282704627681684
"VANDANA","ARC12071",-0.326991451930465
"Wayrarem","ARC12071",-0.334273131606058
"281785","ARNAPURNA",0.197951990954129
"282803","ARNAPURNA",-0.244236942754059
"299554","ARNAPURNA",-0.217059756413803
"356457","ARNAPURNA",-0.190884710706033
"376579","ARNAPURNA",0.334536751100463
"376851","ARNAPURNA",0.408152267772042
"377448","ARNAPURNA",-0.0663658901997561
"377705","ARNAPURNA",-0.224629948469842
"384190","ARNAPURNA",-0.0058002095316894
"426049","ARNAPURNA",-0.190775588355154
"438644","ARNAPURNA",-0.224449576174978
"ADAYSEL","ARNAPURNA",-0.286077480293926
"AbhayaXDagadesi","ARNAPURNA",-0.22345118216253
"ABHISEK","ARNAPURNA",0.230742572826724
"ABOR-A-1","ARNAPURNA",-0.164903219477087
"ANJALI","ARNAPURNA",0.21356125439921
"Annada","ARNAPURNA",-0.0222860255375856
"Apo","ARNAPURNA",-0.241926648210647
"ARC10319","ARNAPURNA",0.0714726117404597
"ARC12071","ARNAPURNA",0.408070444339682
"ARNAPURNA","ARNAPURNA",1.32200422207126
"ASD16","ARNAPURNA",0.28289362130931
"AUS257","ARNAPURNA",0.233165839162804
"BAKAL","ARNAPURNA",-0.379491381901229
"BAM1057","ARNAPURNA",-0.330021625006911
"BAM1098","ARNAPURNA",-0.359524511773844
"BAM1659","ARNAPURNA",0.373111722762932
"BAM1689","ARNAPURNA",-0.292355814342948
"BAM1708","ARNAPURNA",-0.394873762870938
"BAM1812","ARNAPURNA",-0.0331151703405589
"BAM2096","ARNAPURNA",0.344298717754777
"BAM2166","ARNAPURNA",0.0337261564442206
"BAM247","ARNAPURNA",-0.0689271377201606
"BAM2574","ARNAPURNA",0.342395088931218
"BAM2680","ARNAPURNA",0.196252626786702
"BAM3154","ARNAPURNA",-0.189934223653519
"BAM3181","ARNAPURNA",0.685747839838559
"BAM326","ARNAPURNA",0.428765948072054
"BAM328","ARNAPURNA",-0.0404525718079041
"BAM350","ARNAPURNA",-0.150545569896031
"BAM3690","ARNAPURNA",-0.189540642593911
"BAM4009","ARNAPURNA",-0.333245389873723
"BAM4054","ARNAPURNA",0.239236246795275
"BAM4138","ARNAPURNA",0.0355838485912283
"BAM4168","ARNAPURNA",0.127053584112705
"BAM4234","ARNAPURNA",0.207860470281796
"BAM4254","ARNAPURNA",0.219947465724235
"BAM4477","ARNAPURNA",-0.155476234972021
"BAM4496","ARNAPURNA",0.156499465424425
"BAM4510","ARNAPURNA",0.0501167725221674
"BAM4521","ARNAPURNA",0.0417008235155925
"BAM4534","ARNAPURNA",-0.351905838639501
"BAM4797","ARNAPURNA",0.445741739467554
"BAM491","ARNAPURNA",-0.171833857146351
"BAM4928","ARNAPURNA",0.0893288411086604
"BAM5110","ARNAPURNA",0.214749411668351
"BAM56","ARNAPURNA",0.0234113203345569
"BAM5779","ARNAPURNA",0.0775714010501921
"BAM5850","ARNAPURNA",-0.380026530462186
"BAM6921","ARNAPURNA",-0.230471849814293
"BAM712","ARNAPURNA",-0.0350156048533814
"BAM742","ARNAPURNA",0.00100366980727284
"BAM7429","ARNAPURNA",-0.0479250384057643
"BAM7449","ARNAPURNA",-0.348747983106398
"BAM747","ARNAPURNA",0.00810734163520458
"BAM759","ARNAPURNA",-0.348850203512556
"BAM766","ARNAPURNA",-0.0147645461994232
"BAM807","ARNAPURNA",0.0788723221489767
"BAM811","ARNAPURNA",-0.144804415361207
"BAM812","ARNAPURNA",0.281240152030402
"BAM819","ARNAPURNA",0.214105642061827
"BAM8296","ARNAPURNA",-0.241218450715715
"BAM8305","ARNAPURNA",-0.221160749539879
"BAM8315","ARNAPURNA",0.0260949227948014
"BAM8364","ARNAPURNA",0.13350475745153
"BAMAWPYAN","ARNAPURNA",0.0222980811277572
"BENAMURI","ARNAPURNA",0.680108637502015
"BLACKGORA","ARNAPURNA",0.269156482002039
"CGR1656","ARNAPURNA",0.246470258335662
"CGR1679","ARNAPURNA",0.417033902146579
"CGR2012","ARNAPURNA",0.408229975504623
"CO18","ARNAPURNA",0.417062824155237
"CRDHAN-204","ARNAPURNA",0.212254187269125
"CR143-2-2","ARNAPURNA",-0.288786083268074
"CR262-4","ARNAPURNA",-0.278676117095644
"CROSSA","ARNAPURNA",0.429391125260045
"DULAR","ARNAPURNA",-0.413902793015477
"EYPO","ARNAPURNA",-0.192302242267359
"EYPO-2","ARNAPURNA",0.251116648189559
"FULKATI","ARNAPURNA",-0.348637453226503
"Ghanteswari","ARNAPURNA",0.0531525417108876
"GHATIKAMMANANGARHAR","ARNAPURNA",0.236840392109696
"GotrabiDhan","ARNAPURNA",-0.0708627965412878
"GP-145-37","ARNAPURNA",0.320913786716418
"GP-145-51","ARNAPURNA",-0.0339998422962078
"HARBHOONDI","ARNAPURNA",0.168599739217825
"HongZuiEr","ARNAPURNA",-0.17488312865671
"IndrabaruniDhan","ARNAPURNA",-0.181148447251582
"IR74371-54-1-1","ARNAPURNA",-0.259039101533725
"IR77298-14-1-2-10","ARNAPURNA",-0.243350735046332
"IR77298-5-6-18","ARNAPURNA",-0.221884006758547
"IR83383-B-B-129-4","ARNAPURNA",-0.255308373427155
"IR83388-B-B108-3","ARNAPURNA",-0.242823117892081
"IR87707-445-B-B","ARNAPURNA",-0.236202249876389
"IR87707-446-B-B","ARNAPURNA",-0.196008114409036
"IRROEPYO","ARNAPURNA",0.0812486739027214
"KALINGA-1","ARNAPURNA",-0.0963598364994573
"KANGRO","ARNAPURNA",0.411805461706327
"KHAODAWTAI","ARNAPURNA",0.236376253197944
"MANDRIRAVINA","ARNAPURNA",0.414333509237692
"MAUDAMANI","ARNAPURNA",0.232369646985972
"MOROBEREKAN","ARNAPURNA",-0.410529628785284
"MTU1010","ARNAPURNA",-0.234302446724743
"MTU9","ARNAPURNA",0.402476473998826
"NERICA-L-26","ARNAPURNA",-0.273636866550063
"NERICA-L-42","ARNAPURNA",-0.278031461574301
"NERICA-L-44","ARNAPURNA",-0.192492768827628
"PARIJAT","ARNAPURNA",-0.245223002272108
"Patchaiperumal","ARNAPURNA",0.0774591922850392
"PEH-KUH-TSAO-TU","ARNAPURNA",0.406776093418982
"PMK-2","ARNAPURNA",-0.162416945830972
"PRASAD-1","ARNAPURNA",0.228959220111462
"PUSASUGANDH5","ARNAPURNA",-0.263617655587599
"PUSA1121","ARNAPURNA",-0.357706993026287
"Pusa1121-SN12","ARNAPURNA",-0.366147454936165
"PUSA44","ARNAPURNA",-0.250957065265821
"PUSABASMATI6","ARNAPURNA",0.0844549660871673
"PUSASUGANDH2","ARNAPURNA",0.248762810313359
"RASI","ARNAPURNA",-0.220169045690014
"RKVY-104","ARNAPURNA",-0.36605253198382
"RKVY-143","ARNAPURNA",-0.0433158641917808
"RKVY-28","ARNAPURNA",-0.39327259145069
"R-RF-44","ARNAPURNA",-0.177885082291752
"RRF-78","ARNAPURNA",-0.296869581355387
"Sadabahar","ARNAPURNA",0.355152042087481
"SAFRI-17","ARNAPURNA",0.218948361345344
"SAHBHAGIDHAN","ARNAPURNA",-0.231628875509426
"SATABHAMA","ARNAPURNA",0.169992598446126
"SERATOES","ARNAPURNA",-0.341599321756185
"SERETY","ARNAPURNA",0.392097450884258
"SHAKU","ARNAPURNA",0.225653262065418
"SR1-3-1","ARNAPURNA",0.180219428788741
"SUWEON","ARNAPURNA",0.21098079282906
"SWARNA","ARNAPURNA",-0.185295506374202
"VANAPRAVA","ARNAPURNA",-0.338753926227309
"VANDANA","ARNAPURNA",-0.281688080496752
"Wayrarem","ARNAPURNA",-0.243969834898396
"281785","ASD16",0.293998845926578
"282803","ASD16",-0.132021721005227
"299554","ASD16",-0.16371901833277
"356457","ASD16",-0.0675411827597197
"376579","ASD16",0.213108318987045
"376851","ASD16",0.258157423750387
"377448","ASD16",-0.17400055292008
"377705","ASD16",-0.0727498416167062
"384190","ASD16",-0.00557111278831348
"426049","ASD16",-0.0636395753900761
"438644","ASD16",-0.119882177816012
"ADAYSEL","ASD16",-0.252889038162339
"AbhayaXDagadesi","ASD16",-0.103584248570937
"ABHISEK","ASD16",0.323778075509397
"ABOR-A-1","ASD16",-0.167372919338551
"ANJALI","ASD16",0.27585395257987
"Annada","ASD16",0.00595537034169474
"Apo","ASD16",-0.218507505299498
"ARC10319","ASD16",-0.144697273100308
"ARC12071","ASD16",0.246186520628574
"ARNAPURNA","ASD16",0.28289362130931
"ASD16","ASD16",1.21588498009346
"AUS257","ASD16",0.274796807620449
"BAKAL","ASD16",-0.378989000224482
"BAM1057","ASD16",-0.400152134680371
"BAM1098","ASD16",-0.383221716034452
"BAM1659","ASD16",0.278486929502832
"BAM1689","ASD16",-0.33199971970088
"BAM1708","ASD16",-0.364944051751303
"BAM1812","ASD16",-0.179436439403531
"BAM2096","ASD16",0.20862364059875
"BAM2166","ASD16",0.0431705722473888
"BAM247","ASD16",-0.130616564581855
"BAM2574","ASD16",0.229164291473151
"BAM2680","ASD16",0.356807645022963
"BAM3154","ASD16",-0.162044669166366
"BAM3181","ASD16",0.264372782928353
"BAM326","ASD16",0.225989364846069
"BAM328","ASD16",-0.216056618602391
"BAM350","ASD16",-0.31019458829209
"BAM3690","ASD16",-0.148849545736364
"BAM4009","ASD16",-0.363650869050527
"BAM4054","ASD16",0.403537460499519
"BAM4138","ASD16",0.0410090575994403
"BAM4168","ASD16",0.0723397923694055
"BAM4234","ASD16",0.266924474410844
"BAM4254","ASD16",0.27176674126299
"BAM4477","ASD16",-0.130713971291847
"BAM4496","ASD16",-0.159932689483576
"BAM4510","ASD16",0.0239738453164568
"BAM4521","ASD16",-0.00525317412195595
"BAM4534","ASD16",-0.410440837443142
"BAM4797","ASD16",0.214911775210678
"BAM491","ASD16",-0.306057570828475
"BAM4928","ASD16",0.029622391172664
"BAM5110","ASD16",0.429027467794693
"BAM56","ASD16",0.0151828027356194
"BAM5779","ASD16",0.119861410202844
"BAM5850","ASD16",-0.421414705807044
"BAM6921","ASD16",-0.158686116345487
"BAM712","ASD16",-0.00728846569416301
"BAM742","ASD16",0.00963473977922446
"BAM7429","ASD16",-0.18174465921202
"BAM7449","ASD16",-0.398770698934196
"BAM747","ASD16",0.0233138941588446
"BAM759","ASD16",-0.269091506452375
"BAM766","ASD16",0.0101694567115852
"BAM807","ASD16",0.111838181946769
"BAM811","ASD16",-0.129148146060955
"BAM812","ASD16",0.309269717771928
"BAM819","ASD16",0.403643423207398
"BAM8296","ASD16",-0.0331979409662509
"BAM8305","ASD16",-0.100075871440097
"BAM8315","ASD16",0.00910596465899122
"BAM8364","ASD16",0.274141071994954
"BAMAWPYAN","ASD16",0.0488740009878962
"BENAMURI","ASD16",0.2470508384563
"BLACKGORA","ASD16",0.381406242268519
"CGR1656","ASD16",-0.179934554529573
"CGR1679","ASD16",0.255690122005882
"CGR2012","ASD16",0.241699155361972
"CO18","ASD16",0.261635394838259
"CRDHAN-204","ASD16",0.354017484230018
"CR143-2-2","ASD16",-0.172705176265552
"CR262-4","ASD16",-0.161994743432042
"CROSSA","ASD16",0.222208021424833
"DULAR","ASD16",-0.402854475517187
"EYPO","ASD16",-0.232192086996294
"EYPO-2","ASD16",0.249614072837257
"FULKATI","ASD16",-0.347504363019709
"Ghanteswari","ASD16",-0.0824302166366699
"GHATIKAMMANANGARHAR","ASD16",0.367915656358019
"GotrabiDhan","ASD16",-0.0977306459090855
"GP-145-37","ASD16",0.235026232440819
"GP-145-51","ASD16",-0.17891071623325
"HARBHOONDI","ASD16",0.29451924205746
"HongZuiEr","ASD16",-0.126480995582781
"IndrabaruniDhan","ASD16",-0.032077189205354
"IR74371-54-1-1","ASD16",-0.186960451259031
"IR77298-14-1-2-10","ASD16",-0.138289161811089
"IR77298-5-6-18","ASD16",-0.175095298011047
"IR83383-B-B-129-4","ASD16",-0.201742263973364
"IR83388-B-B108-3","ASD16",-0.16955083491385
"IR87707-445-B-B","ASD16",-0.161982256223941
"IR87707-446-B-B","ASD16",-0.1267544493021
"IRROEPYO","ASD16",0.0989957997070857
"KALINGA-1","ASD16",-0.0131043383563139
"KANGRO","ASD16",0.253691568463907
"KHAODAWTAI","ASD16",0.274243131345075
"MANDRIRAVINA","ASD16",0.258293985789991
"MAUDAMANI","ASD16",0.344886248610687
"MOROBEREKAN","ASD16",-0.363372210131232
"MTU1010","ASD16",-0.0947916273284638
"MTU9","ASD16",0.257732556867972
"NERICA-L-26","ASD16",-0.163667168851802
"NERICA-L-42","ASD16",-0.176401048625312
"NERICA-L-44","ASD16",-0.141077322440327
"PARIJAT","ASD16",-0.116725987415597
"Patchaiperumal","ASD16",-0.100527487009005
"PEH-KUH-TSAO-TU","ASD16",0.255882132576282
"PMK-2","ASD16",-0.158206220088936
"PRASAD-1","ASD16",0.368446841002598
"PUSASUGANDH5","ASD16",-0.127547363284918
"PUSA1121","ASD16",-0.303393332105276
"Pusa1121-SN12","ASD16",-0.295824504475
"PUSA44","ASD16",0.0906821723713718
"PUSABASMATI6","ASD16",0.196856246133438
"PUSASUGANDH2","ASD16",0.373606091160065
"RASI","ASD16",-0.122231899460385
"RKVY-104","ASD16",-0.414325061075612
"RKVY-143","ASD16",-0.1901267756083
"RKVY-28","ASD16",-0.391771665193065
"R-RF-44","ASD16",-0.0370418016560921
"RRF-78","ASD16",-0.217514723116863
"Sadabahar","ASD16",0.216092809985672
"SAFRI-17","ASD16",0.340577350126587
"SAHBHAGIDHAN","ASD16",-0.111552361311279
"SATABHAMA","ASD16",0.267299104334889
"SERATOES","ASD16",-0.408185832690945
"SERETY","ASD16",0.251701779689016
"SHAKU","ASD16",0.257675228993765
"SR1-3-1","ASD16",0.297427335516604
"SUWEON","ASD16",0.208163495067569
"SWARNA","ASD16",-0.128707705656026
"VANAPRAVA","ASD16",-0.399974744162818
"VANDANA","ASD16",-0.311008438228119
"Wayrarem","ASD16",-0.222821983968951
"281785","AUS257",0.230731763485999
"282803","AUS257",-0.209223269284083
"299554","AUS257",-0.12545832606916
"356457","AUS257",-0.215257139187825
"376579","AUS257",0.208580563925699
"376851","AUS257",0.148019332489609
"377448","AUS257",-0.252039734998294
"377705","AUS257",-0.158142559509289
"384190","AUS257",0.0366101518902897
"426049","AUS257",-0.216142187837948
"438644","AUS257",-0.189118197477394
"ADAYSEL","AUS257",-0.273217324146057
"AbhayaXDagadesi","AUS257",-0.158087994653272
"ABHISEK","AUS257",0.300339943095605
"ABOR-A-1","AUS257",-0.215540836743062
"ANJALI","AUS257",0.265544233671845
"Annada","AUS257",0.025374429123558
"Apo","AUS257",0.288915895892742
"ARC10319","AUS257",-0.224734047938472
"ARC12071","AUS257",0.131195350591389
"ARNAPURNA","AUS257",0.233165839162804
"ASD16","AUS257",0.274796807620449
"AUS257","AUS257",1.31690116308114
"BAKAL","AUS257",-0.361493567837685
"BAM1057","AUS257",-0.389749168696382
"BAM1098","AUS257",-0.328039044389422
"BAM1659","AUS257",0.20450663397976
"BAM1689","AUS257",-0.347154763692464
"BAM1708","AUS257",-0.33005960772957
"BAM1812","AUS257",-0.214474142189663
"BAM2096","AUS257",0.149462373200354
"BAM2166","AUS257",0.0488952974236772
"BAM247","AUS257",-0.229854723895787
"BAM2574","AUS257",0.229939994096954
"BAM2680","AUS257",0.285040966891492
"BAM3154","AUS257",-0.0946824936474718
"BAM3181","AUS257",0.190435242538872
"BAM326","AUS257",0.148889034428988
"BAM328","AUS257",-0.226201563210669
"BAM350","AUS257",-0.30849421722554
"BAM3690","AUS257",-0.154183349209534
"BAM4009","AUS257",-0.371702865678402
"BAM4054","AUS257",0.258275475214192
"BAM4138","AUS257",0.0291832791834453
"BAM4168","AUS257",0.150942556564608
"BAM4234","AUS257",0.332327220035461
"BAM4254","AUS257",0.337694530232748
"BAM4477","AUS257",-0.165501795123372
"BAM4496","AUS257",-0.206808875000594
"BAM4510","AUS257",0.0840104783270718
"BAM4521","AUS257",0.0507783925679514
"BAM4534","AUS257",-0.336081373404284
"BAM4797","AUS257",0.149953402314961
"BAM491","AUS257",-0.30053784721482
"BAM4928","AUS257",0.0995942691091989
"BAM5110","AUS257",0.369465294656961
"BAM56","AUS257",0.045448703885768
"BAM5779","AUS257",0.20004067638517
"BAM5850","AUS257",-0.362025745698477
"BAM6921","AUS257",-0.0163173927756133
"BAM712","AUS257",0.0320351165175698
"BAM742","AUS257",0.024411409246873
"BAM7429","AUS257",-0.202049969811223
"BAM7449","AUS257",-0.343386003653755
"BAM747","AUS257",0.0313777080930869
"BAM759","AUS257",-0.2370269355826
"BAM766","AUS257",0.0397319773761593
"BAM807","AUS257",0.220707421833945
"BAM811","AUS257",-0.183816202383871
"BAM812","AUS257",0.246063833599893
"BAM819","AUS257",0.268826773232295
"BAM8296","AUS257",-0.0963064902860413
"BAM8305","AUS257",-0.202869255435105
"BAM8315","AUS257",0.0761708172945568
"BAM8364","AUS257",0.250073314515866
"BAMAWPYAN","AUS257",0.0926514296735938
"BENAMURI","AUS257",0.210468995104375
"BLACKGORA","AUS257",0.280318118984264
"CGR1656","AUS257",-0.224898098652541
"CGR1679","AUS257",0.187995429203921
"CGR2012","AUS257",0.168800847285605
"CO18","AUS257",0.141350185267974
"CRDHAN-204","AUS257",0.362935894286137
"CR143-2-2","AUS257",0.0774724925411697
"CR262-4","AUS257",0.0918128987501678
"CROSSA","AUS257",0.164286408785162
"DULAR","AUS257",-0.374678247813071
"EYPO","AUS257",-0.296666872912964
"EYPO-2","AUS257",0.21637601281385
"FULKATI","AUS257",-0.326089365198617
"Ghanteswari","AUS257",-0.160036099000614
"GHATIKAMMANANGARHAR","AUS257",0.270642833695702
"GotrabiDhan","AUS257",-0.208883418379514
"GP-145-37","AUS257",0.174780314244055
"GP-145-51","AUS257",-0.239924648386252
"HARBHOONDI","AUS257",0.465666472480733
"HongZuiEr","AUS257",-0.139143234857488
"IndrabaruniDhan","AUS257",-0.0389363581027119
"IR74371-54-1-1","AUS257",0.0948853527514351
"IR77298-14-1-2-10","AUS257",-0.0885287673434927
"IR77298-5-6-18","AUS257",-0.150888188806721
"IR83383-B-B-129-4","AUS257",-0.158346428529981
"IR83388-B-B108-3","AUS257",-0.161427283826432
"IR87707-445-B-B","AUS257",-0.168612275676066
"IR87707-446-B-B","AUS257",-0.158120671603948
"IRROEPYO","AUS257",0.0965318993173792
"KALINGA-1","AUS257",-0.161028683552965
"KANGRO","AUS257",0.131984403684311
"KHAODAWTAI","AUS257",0.267187101782885
"MANDRIRAVINA","AUS257",0.127913848167012
"MAUDAMANI","AUS257",0.30948162131477
"MOROBEREKAN","AUS257",-0.316235827259549
"MTU1010","AUS257",-0.164526246966339
"MTU9","AUS257",0.133682742749768
"NERICA-L-26","AUS257",0.0314032807483285
"NERICA-L-42","AUS257",0.0189933572293005
"NERICA-L-44","AUS257",-0.116776952929424
"PARIJAT","AUS257",-0.144633833006902
"Patchaiperumal","AUS257",-0.243033188812864
"PEH-KUH-TSAO-TU","AUS257",0.134992756724601
"PMK-2","AUS257",-0.209684047923668
"PRASAD-1","AUS257",0.325731825898189
"PUSASUGANDH5","AUS257",-0.155146016813919
"PUSA1121","AUS257",-0.25229437186607
"Pusa1121-SN12","AUS257",-0.281324962154649
"PUSA44","AUS257",-0.153398361107353
"PUSABASMATI6","AUS257",0.198671778377508
"PUSASUGANDH2","AUS257",0.388724663833815
"RASI","AUS257",-0.149505045108273
"RKVY-104","AUS257",-0.391821502424826
"RKVY-143","AUS257",-0.267891499866056
"RKVY-28","AUS257",-0.389785046511611
"R-RF-44","AUS257",-0.17476068173419
"RRF-78","AUS257",-0.24347218300603
"Sadabahar","AUS257",0.171877831081463
"SAFRI-17","AUS257",0.268908192836262
"SAHBHAGIDHAN","AUS257",-0.135549906043351
"SATABHAMA","AUS257",0.438479799261613
"SERATOES","AUS257",-0.378961622499234
"SERETY","AUS257",0.150771691365096
"SHAKU","AUS257",0.59123528256755
"SR1-3-1","AUS257",0.31151831717419
"SUWEON","AUS257",0.44262460333201
"SWARNA","AUS257",-0.0136850375626471
"VANAPRAVA","AUS257",-0.391753778252736
"VANDANA","AUS257",-0.0872165490776135
"Wayrarem","AUS257",0.295746005722907
"281785","BAKAL",-0.380439521531366
"282803","BAKAL",-0.049681467839782
"299554","BAKAL",-0.0250028722004249
"356457","BAKAL",-0.0398186483417161
"376579","BAKAL",-0.294861806069216
"376851","BAKAL",-0.28838943405371
"377448","BAKAL",0.117401114033523
"377705","BAKAL",-0.0179680273862951
"384190","BAKAL",0.396621299493985
"426049","BAKAL",-0.0493346073235775
"438644","BAKAL",-0.0438770886676971
"ADAYSEL","BAKAL",0.442486201210785
"AbhayaXDagadesi","BAKAL",-0.0444755839490254
"ABHISEK","BAKAL",-0.312702029403631
"ABOR-A-1","BAKAL",-0.0456770368826802
"ANJALI","BAKAL",-0.380790883193351
"Annada","BAKAL",-0.0534823784234565
"Apo","BAKAL",-0.00449752534906021
"ARC10319","BAKAL",0.0126108347145083
"ARC12071","BAKAL",-0.342720346490374
"ARNAPURNA","BAKAL",-0.379491381901229
"ASD16","BAKAL",-0.378989000224482
"AUS257","BAKAL",-0.361493567837685
"BAKAL","BAKAL",1.62637029197105
"BAM1057","BAKAL",0.702773831843568
"BAM1098","BAKAL",0.794727942364041
"BAM1659","BAKAL",-0.340021410254605
"BAM1689","BAKAL",0.754400845114276
"BAM1708","BAKAL",0.843693752163604
"BAM1812","BAKAL",0.027950902703259
"BAM2096","BAKAL",-0.307338579130591
"BAM2166","BAKAL",0.321400569148617
"BAM247","BAKAL",-0.0417713010049042
"BAM2574","BAKAL",-0.245395677111947
"BAM2680","BAKAL",-0.352224962856379
"BAM3154","BAKAL",0.000792649557671022
"BAM3181","BAKAL",-0.328942862736013
"BAM326","BAKAL",-0.32591573267503
"BAM328","BAKAL",0.053529299822236
"BAM350","BAKAL",0.353286701274512
"BAM3690","BAKAL",0.0678628673455709
"BAM4009","BAKAL",0.674137001758967
"BAM4054","BAKAL",-0.411977457024527
"BAM4138","BAKAL",0.183594370778015
"BAM4168","BAKAL",-0.0750984970633974
"BAM4234","BAKAL",-0.342590109507946
"BAM4254","BAKAL",-0.356796143496506
"BAM4477","BAKAL",0.0270658685628833
"BAM4496","BAKAL",-0.0127418247327402
"BAM4510","BAKAL",0.236299509186047
"BAM4521","BAKAL",0.489822589281534
"BAM4534","BAKAL",0.638622388389164
"BAM4797","BAKAL",-0.259013136450557
"BAM491","BAKAL",0.283313609040973
"BAM4928","BAKAL",0.409019286955347
"BAM5110","BAKAL",-0.398615389999999
"BAM56","BAKAL",0.595429095207942
"BAM5779","BAKAL",0.027098658956407
"BAM5850","BAKAL",0.608515754969915
"BAM6921","BAKAL",-0.0348727902476214
"BAM712","BAKAL",-0.0487431382340483
"BAM742","BAKAL",-0.0740605596029739
"BAM7429","BAKAL",0.0204627919369155
"BAM7449","BAKAL",0.686888372649271
"BAM747","BAKAL",-0.065195398590183
"BAM759","BAKAL",0.479514064581304
"BAM766","BAKAL",-0.0675149249884068
"BAM807","BAKAL",0.024541005477556
"BAM811","BAKAL",0.0943934549995119
"BAM812","BAKAL",-0.233715067167793
"BAM819","BAKAL",-0.370098966679748
"BAM8296","BAKAL",-0.0290915002267856
"BAM8305","BAKAL",-0.0166925878114337
"BAM8315","BAKAL",0.0822162047613648
"BAM8364","BAKAL",-0.270853896414078
"BAMAWPYAN","BAKAL",0.384324782004396
"BENAMURI","BAKAL",-0.362496513301427
"BLACKGORA","BAKAL",-0.346806980889724
"CGR1656","BAKAL",-0.0240115471360788
"CGR1679","BAKAL",-0.29290714324848
"CGR2012","BAKAL",-0.310674390728135
"CO18","BAKAL",-0.318395913510095
"CRDHAN-204","BAKAL",-0.363656628695123
"CR143-2-2","BAKAL",-0.00720283045082267
"CR262-4","BAKAL",-0.0246398524606241
"CROSSA","BAKAL",-0.332068209477808
"DULAR","BAKAL",0.731483354344335
"EYPO","BAKAL",0.235006254303107
"EYPO-2","BAKAL",-0.378468964937128
"FULKATI","BAKAL",0.622357856823642
"Ghanteswari","BAKAL",-0.0477716495052634
"GHATIKAMMANANGARHAR","BAKAL",-0.343694698134943
"GotrabiDhan","BAKAL",-0.0413925905663226
"GP-145-37","BAKAL",-0.301960644431173
"GP-145-51","BAKAL",0.0323079898429835
"HARBHOONDI","BAKAL",-0.3642075877795
"HongZuiEr","BAKAL",0.00189050972904115
"IndrabaruniDhan","BAKAL",-0.0852255649890266
"IR74371-54-1-1","BAKAL",-0.0638828878252687
"IR77298-14-1-2-10","BAKAL",-0.0164994435610658
"IR77298-5-6-18","BAKAL",0.0189786410284058
"IR83383-B-B-129-4","BAKAL",-0.0276543509569649
"IR83388-B-B108-3","BAKAL",-0.052122708411654
"IR87707-445-B-B","BAKAL",-0.0317742034668163
"IR87707-446-B-B","BAKAL",-0.0528032805524328
"IRROEPYO","BAKAL",0.0652855623361102
"KALINGA-1","BAKAL",-0.101247221512613
"KANGRO","BAKAL",-0.345787933947691
"KHAODAWTAI","BAKAL",-0.348440050655605
"MANDRIRAVINA","BAKAL",-0.316897591118348
"MAUDAMANI","BAKAL",-0.342463510546055
"MOROBEREKAN","BAKAL",0.316417905105174
"MTU1010","BAKAL",-0.0289426767358346
"MTU9","BAKAL",-0.343759031027364
"NERICA-L-26","BAKAL",-0.0623411951011902
"NERICA-L-42","BAKAL",-0.0459879058272664
"NERICA-L-44","BAKAL",-0.0821715211112428
"PARIJAT","BAKAL",-0.0256796610027578
"Patchaiperumal","BAKAL",0.0471566590053332
"PEH-KUH-TSAO-TU","BAKAL",-0.346601406195268
"PMK-2","BAKAL",-0.0551271986150333
"PRASAD-1","BAKAL",-0.304012439754723
"PUSASUGANDH5","BAKAL",0.0148421658463182
"PUSA1121","BAKAL",0.283534265868439
"Pusa1121-SN12","BAKAL",0.275624466476387
"PUSA44","BAKAL",-0.0679571562839591
"PUSABASMATI6","BAKAL",-0.199801734067526
"PUSASUGANDH2","BAKAL",-0.418661263532754
"RASI","BAKAL",-0.0131931255799772
"RKVY-104","BAKAL",0.781129326946446
"RKVY-143","BAKAL",-0.00281552064274549
"RKVY-28","BAKAL",0.939959951021187
"R-RF-44","BAKAL",-0.0882356115261501
"RRF-78","BAKAL",0.322557983569932
"Sadabahar","BAKAL",-0.31772844391362
"SAFRI-17","BAKAL",-0.392567395054025
"SAHBHAGIDHAN","BAKAL",-0.0293805857162859
"SATABHAMA","BAKAL",-0.405594832361993
"SERATOES","BAKAL",0.607594635333259
"SERETY","BAKAL",-0.326542198405568
"SHAKU","BAKAL",-0.284060493872052
"SR1-3-1","BAKAL",-0.336870637265694
"SUWEON","BAKAL",-0.163506065737079
"SWARNA","BAKAL",-0.0872535030006501
"VANAPRAVA","BAKAL",0.689817859583475
"VANDANA","BAKAL",0.236233400036911
"Wayrarem","BAKAL",0.00164730076326078
"281785","BAM1057",-0.354044508873916
"282803","BAM1057",-0.0744001604908652
"299554","BAM1057",-0.0475092542832923
"356457","BAM1057",-0.0756111787447442
"376579","BAM1057",-0.302966579218311
"376851","BAM1057",-0.28828044209845
"377448","BAM1057",0.0323401422616541
"377705","BAM1057",-0.0910153711435948
"384190","BAM1057",0.318672372832889
"426049","BAM1057",-0.0777674350160481
"438644","BAM1057",-0.0840388105554001
"ADAYSEL","BAM1057",0.36662985539188
"AbhayaXDagadesi","BAM1057",-0.058950525975985
"ABHISEK","BAM1057",-0.353337527955954
"ABOR-A-1","BAM1057",-0.0416865581201215
"ANJALI","BAM1057",-0.380926130770696
"Annada","BAM1057",-0.0927076674586488
"Apo","BAM1057",-0.0144801717668364
"ARC10319","BAM1057",-0.0294763137052408
"ARC12071","BAM1057",-0.279229458467156
"ARNAPURNA","BAM1057",-0.330021625006911
"ASD16","BAM1057",-0.400152134680371
"AUS257","BAM1057",-0.389749168696382
"BAKAL","BAM1057",0.702773831843568
"BAM1057","BAM1057",1.6787260704027
"BAM1098","BAM1057",0.504751692579798
"BAM1659","BAM1057",-0.339454492911817
"BAM1689","BAM1057",0.631156684228063
"BAM1708","BAM1057",0.633890115304553
"BAM1812","BAM1057",-0.0178862991450118
"BAM2096","BAM1057",-0.237651880573059
"BAM2166","BAM1057",0.127914795082642
"BAM247","BAM1057",-0.0315859017020603
"BAM2574","BAM1057",-0.302867021683286
"BAM2680","BAM1057",-0.420045163680755
"BAM3154","BAM1057",-0.00364079717817566
"BAM3181","BAM1057",-0.294500996850678
"BAM326","BAM1057",-0.288080917765297
"BAM328","BAM1057",0.101533484067151
"BAM350","BAM1057",0.758851447502004
"BAM3690","BAM1057",-0.0280940734972336
"BAM4009","BAM1057",0.723133380159071
"BAM4054","BAM1057",-0.423629223441797
"BAM4138","BAM1057",0.507108873300257
"BAM4168","BAM1057",0.0789422581157625
"BAM4234","BAM1057",-0.343628879812852
"BAM4254","BAM1057",-0.345239326272237
"BAM4477","BAM1057",-0.0473554919538358
"BAM4496","BAM1057",0.0642163553039128
"BAM4510","BAM1057",0.572574728344448
"BAM4521","BAM1057",0.30867385083908
"BAM4534","BAM1057",0.814598547949472
"BAM4797","BAM1057",-0.216024798276494
"BAM491","BAM1057",0.391781593930045
"BAM4928","BAM1057",0.209163005475017
"BAM5110","BAM1057",-0.422251249586398
"BAM56","BAM1057",0.392261256206259
"BAM5779","BAM1057",-0.14514112205551
"BAM5850","BAM1057",0.85708763217214
"BAM6921","BAM1057",-0.0502831206838598
"BAM712","BAM1057",-0.09915267478686
"BAM742","BAM1057",-0.103274683552222
"BAM7429","BAM1057",-0.01400752187722
"BAM7449","BAM1057",0.858025714549588
"BAM747","BAM1057",-0.105894225839198
"BAM759","BAM1057",0.329775979773615
"BAM766","BAM1057",-0.0970907250230174
"BAM807","BAM1057",-0.141818982988389
"BAM811","BAM1057",-0.00117311343333172
"BAM812","BAM1057",-0.333087100024735
"BAM819","BAM1057",-0.383844528107418
"BAM8296","BAM1057",-0.0864366753951633
"BAM8305","BAM1057",-0.0970271926912865
"BAM8315","BAM1057",0.0379067671314954
"BAM8364","BAM1057",-0.305628325412057
"BAMAWPYAN","BAM1057",0.350658968353556
"BENAMURI","BAM1057",-0.309326439991815
"BLACKGORA","BAM1057",-0.380330493358423
"CGR1656","BAM1057",0.0202960725655799
"CGR1679","BAM1057",-0.339668481590934
"CGR2012","BAM1057",-0.302715702828438
"CO18","BAM1057",-0.299727258863509
"CRDHAN-204","BAM1057",-0.382382411961162
"CR143-2-2","BAM1057",-0.0483049526980415
"CR262-4","BAM1057",-0.0580888832714263
"CROSSA","BAM1057",-0.309712808582225
"DULAR","BAM1057",0.801313528498959
"EYPO","BAM1057",0.147339979984595
"EYPO-2","BAM1057",-0.358906731702989
"FULKATI","BAM1057",0.772524595410438
"Ghanteswari","BAM1057",-0.0562307222080843
"GHATIKAMMANANGARHAR","BAM1057",-0.380125924289195
"GotrabiDhan","BAM1057",-0.038332459813801
"GP-145-37","BAM1057",-0.292689896298718
"GP-145-51","BAM1057",-0.00708123204079642
"HARBHOONDI","BAM1057",-0.378377909547346
"HongZuiEr","BAM1057",-0.0663931544095346
"IndrabaruniDhan","BAM1057",-0.106579439985181
"IR74371-54-1-1","BAM1057",-0.060108957595909
"IR77298-14-1-2-10","BAM1057",-0.0434046259036092
"IR77298-5-6-18","BAM1057",-0.0273086091700591
"IR83383-B-B-129-4","BAM1057",-0.0452642685510739
"IR83388-B-B108-3","BAM1057",-0.0713802538344536
"IR87707-445-B-B","BAM1057",-0.0490904268566905
"IR87707-446-B-B","BAM1057",-0.0574815307942183
"IRROEPYO","BAM1057",0.327872589383378
"KALINGA-1","BAM1057",-0.116514752288899
"KANGRO","BAM1057",-0.289162516553649
"KHAODAWTAI","BAM1057",-0.401879159586013
"MANDRIRAVINA","BAM1057",-0.293643268937328
"MAUDAMANI","BAM1057",-0.41377680964386
"MOROBEREKAN","BAM1057",0.240352706908013
"MTU1010","BAM1057",-0.0785143673905522
"MTU9","BAM1057",-0.292959386753448
"NERICA-L-26","BAM1057",-0.0733794893326806
"NERICA-L-42","BAM1057",-0.0708630114521002
"NERICA-L-44","BAM1057",-0.0836743649395249
"PARIJAT","BAM1057",-0.0310107318265652
"Patchaiperumal","BAM1057",0.0621315630164745
"PEH-KUH-TSAO-TU","BAM1057",-0.29144158304788
"PMK-2","BAM1057",-0.0418588560607801
"PRASAD-1","BAM1057",-0.387137187795347
"PUSASUGANDH5","BAM1057",-0.0218194540114439
"PUSA1121","BAM1057",0.263368182461994
"Pusa1121-SN12","BAM1057",0.276086264619365
"PUSA44","BAM1057",-0.11115886235488
"PUSABASMATI6","BAM1057",-0.215623471233272
"PUSASUGANDH2","BAM1057",-0.431850143208216
"RASI","BAM1057",0.0307211435212705
"RKVY-104","BAM1057",0.746692502609668
"RKVY-143","BAM1057",0.00127207380792839
"RKVY-28","BAM1057",0.818503261478802
"R-RF-44","BAM1057",-0.0692064739761997
"RRF-78","BAM1057",0.238791859524676
"Sadabahar","BAM1057",-0.241480329500463
"SAFRI-17","BAM1057",-0.363660439734462
"SAHBHAGIDHAN","BAM1057",-0.0397174655728221
"SATABHAMA","BAM1057",-0.397754054674577
"SERATOES","BAM1057",0.976908401240517
"SERETY","BAM1057",-0.290124133332978
"SHAKU","BAM1057",-0.325873882083438
"SR1-3-1","BAM1057",-0.356886883322886
"SUWEON","BAM1057",-0.240487490671475
"SWARNA","BAM1057",-0.055976024869441
"VANAPRAVA","BAM1057",1.64142960402072
"VANDANA","BAM1057",0.412017229710291
"Wayrarem","BAM1057",-0.0221142466493328
"281785","BAM1098",-0.414179553920436
"282803","BAM1098",-0.0713876888664263
"299554","BAM1098",-0.0518159662167474
"356457","BAM1098",-0.0896823326550316
"376579","BAM1098",-0.261957530099936
"376851","BAM1098",-0.307993820872042
"377448","BAM1098",0.0176723780956548
"377705","BAM1098",0.0351517297769322
"384190","BAM1098",0.449139950407206
"426049","BAM1098",-0.0873351160689952
"438644","BAM1098",-0.0717683947178913
"ADAYSEL","BAM1098",0.405295609921258
"AbhayaXDagadesi","BAM1098",-0.00758859160942564
"ABHISEK","BAM1098",-0.316081894647379
"ABOR-A-1","BAM1098",-0.0274544895976414
"ANJALI","BAM1098",-0.405478618106224
"Annada","BAM1098",0.0980234230532156
"Apo","BAM1098",0.013679739077879
"ARC10319","BAM1098",0.0373697443823885
"ARC12071","BAM1098",-0.35213019411574
"ARNAPURNA","BAM1098",-0.359524511773844
"ASD16","BAM1098",-0.383221716034452
"AUS257","BAM1098",-0.328039044389422
"BAKAL","BAM1098",0.794727942364041
"BAM1057","BAM1098",0.504751692579798
"BAM1098","BAM1098",1.79261897973749
"BAM1659","BAM1098",-0.369230824434018
"BAM1689","BAM1098",0.800930324397706
"BAM1708","BAM1098",0.883027826160156
"BAM1812","BAM1098",0.024587550064556
"BAM2096","BAM1098",-0.3624019023248
"BAM2166","BAM1098",0.702445118222765
"BAM247","BAM1098",-0.0114845201437947
"BAM2574","BAM1098",-0.277310351628778
"BAM2680","BAM1098",-0.311311414791315
"BAM3154","BAM1098",-0.00949816126168864
"BAM3181","BAM1098",-0.302518267702083
"BAM326","BAM1098",-0.361723030617256
"BAM328","BAM1098",0.0332754363281179
"BAM350","BAM1098",0.22065035511783
"BAM3690","BAM1098",0.0702372300292763
"BAM4009","BAM1098",0.874227847017386
"BAM4054","BAM1098",-0.357217005574159
"BAM4138","BAM1098",0.220576167444185
"BAM4168","BAM1098",0.0193003988675452
"BAM4234","BAM1098",-0.318049999044624
"BAM4254","BAM1098",-0.320118708805151
"BAM4477","BAM1098",0.0731884468827282
"BAM4496","BAM1098",-0.0204353771684235
"BAM4510","BAM1098",0.151809755746288
"BAM4521","BAM1098",0.378902254129141
"BAM4534","BAM1098",0.573073734474326
"BAM4797","BAM1098",-0.249933402569414
"BAM491","BAM1098",0.295080585898443
"BAM4928","BAM1098",0.445674556062762
"BAM5110","BAM1098",-0.407132730940482
"BAM56","BAM1098",0.321689545723501
"BAM5779","BAM1098",0.0622341020236298
"BAM5850","BAM1098",0.508677302316417
"BAM6921","BAM1098",-0.0096487583558191
"BAM712","BAM1098",0.0964988754230712
"BAM742","BAM1098",0.0736498675333551
"BAM7429","BAM1098",-0.0122086746075194
"BAM7449","BAM1098",0.497674548658339
"BAM747","BAM1098",0.0886823022818226
"BAM759","BAM1098",0.488204563059473
"BAM766","BAM1098",0.0691482802486798
"BAM807","BAM1098",0.0821693068451889
"BAM811","BAM1098",0.112057389528826
"BAM812","BAM1098",-0.215024469912724
"BAM819","BAM1098",-0.366494829655184
"BAM8296","BAM1098",-0.0706336115746168
"BAM8305","BAM1098",-0.0597367159256008
"BAM8315","BAM1098",0.160883509142093
"BAM8364","BAM1098",-0.269574275503644
"BAMAWPYAN","BAM1098",0.278065751042774
"BENAMURI","BAM1098",-0.357899065979553
"BLACKGORA","BAM1098",-0.342573001589755
"CGR1656","BAM1098",-0.0235827395844473
"CGR1679","BAM1098",-0.356326400441259
"CGR2012","BAM1098",-0.347185127367718
"CO18","BAM1098",-0.369532065810838
"CRDHAN-204","BAM1098",-0.398848462653505
"CR143-2-2","BAM1098",-0.0209632867020216
"CR262-4","BAM1098",-0.0237691396105118
"CROSSA","BAM1098",-0.358340618769839
"DULAR","BAM1098",0.722044834849158
"EYPO","BAM1098",0.24858146120883
"EYPO-2","BAM1098",-0.350689954276935
"FULKATI","BAM1098",0.49773648565489
"Ghanteswari","BAM1098",-0.0228315919666007
"GHATIKAMMANANGARHAR","BAM1098",-0.389563909085368
"GotrabiDhan","BAM1098",-0.0059371692669394
"GP-145-37","BAM1098",-0.357223221922057
"GP-145-51","BAM1098",-0.0204282724475609
"HARBHOONDI","BAM1098",-0.367525557273658
"HongZuiEr","BAM1098",0.0390019449438722
"IndrabaruniDhan","BAM1098",-0.127363520633815
"IR74371-54-1-1","BAM1098",-0.0273693335412264
"IR77298-14-1-2-10","BAM1098",-0.0326100176325024
"IR77298-5-6-18","BAM1098",0.0108773671141296
"IR83383-B-B-129-4","BAM1098",0.0230197585254542
"IR83388-B-B108-3","BAM1098",-0.0118426849417792
"IR87707-445-B-B","BAM1098",0.00245961043663699
"IR87707-446-B-B","BAM1098",-0.051590582966043
"IRROEPYO","BAM1098",0.034694593577739
"KALINGA-1","BAM1098",-0.0872944509057972
"KANGRO","BAM1098",-0.365192243252113
"KHAODAWTAI","BAM1098",-0.335224949598763
"MANDRIRAVINA","BAM1098",-0.365074574100605
"MAUDAMANI","BAM1098",-0.344088856441804
"MOROBEREKAN","BAM1098",0.485689030364113
"MTU1010","BAM1098",-0.0209269255539013
"MTU9","BAM1098",-0.358506936749425
"NERICA-L-26","BAM1098",-0.0601524658148181
"NERICA-L-42","BAM1098",-0.0460609956394742
"NERICA-L-44","BAM1098",-0.0610736448138092
"PARIJAT","BAM1098",-0.0565500836039892
"Patchaiperumal","BAM1098",0.0257724085556618
"PEH-KUH-TSAO-TU","BAM1098",-0.36548332611724
"PMK-2","BAM1098",-0.0252910826297029
"PRASAD-1","BAM1098",-0.328941748476422
"PUSASUGANDH5","BAM1098",0.0621153387857628
"PUSA1121","BAM1098",0.355257789412508
"Pusa1121-SN12","BAM1098",0.316533033982258
"PUSA44","BAM1098",-0.0599975289763464
"PUSABASMATI6","BAM1098",-0.119053682656043
"PUSASUGANDH2","BAM1098",-0.457682157008532
"RASI","BAM1098",-0.0239943345621978
"RKVY-104","BAM1098",0.791561399711078
"RKVY-143","BAM1098",-0.0369177630001516
"RKVY-28","BAM1098",0.645768790778332
"R-RF-44","BAM1098",-0.0577224830331898
"RRF-78","BAM1098",0.222563880569063
"Sadabahar","BAM1098",-0.299280179412021
"SAFRI-17","BAM1098",-0.371498258151752
"SAHBHAGIDHAN","BAM1098",-0.0596571372621848
"SATABHAMA","BAM1098",-0.379281911675437
"SERATOES","BAM1098",0.534486363438468
"SERETY","BAM1098",-0.3529326288545
"SHAKU","BAM1098",-0.279801013305289
"SR1-3-1","BAM1098",-0.34675972176433
"SUWEON","BAM1098",-0.0765614686879436
"SWARNA","BAM1098",-0.059752312235931
"VANAPRAVA","BAM1098",0.490116736786209
"VANDANA","BAM1098",0.202984254251827
"Wayrarem","BAM1098",0.0256333516117457
"281785","BAM1659",0.300915332923901
"282803","BAM1659",-0.173042736140963
"299554","BAM1659",-0.212227587173126
"356457","BAM1659",-0.206283794008087
"376579","BAM1659",0.312034708419622
"376851","BAM1659",0.298644612034283
"377448","BAM1659",-0.0497760418712137
"377705","BAM1659",-0.224418460096143
"384190","BAM1659",0.0817926641784443
"426049","BAM1659",-0.203796329846838
"438644","BAM1659",-0.181048577061841
"ADAYSEL","BAM1659",-0.27022963731639
"AbhayaXDagadesi","BAM1659",-0.20610842064454
"ABHISEK","BAM1659",0.221574285111935
"ABOR-A-1","BAM1659",-0.0987046162392698
"ANJALI","BAM1659",0.253095941612722
"Annada","BAM1659",0.0363021649264954
"Apo","BAM1659",-0.229384012250685
"ARC10319","BAM1659",-0.0631879709939079
"ARC12071","BAM1659",0.526044158197239
"ARNAPURNA","BAM1659",0.373111722762932
"ASD16","BAM1659",0.278486929502832
"AUS257","BAM1659",0.20450663397976
"BAKAL","BAM1659",-0.340021410254605
"BAM1057","BAM1659",-0.339454492911817
"BAM1098","BAM1659",-0.369230824434018
"BAM1659","BAM1659",1.32838924776846
"BAM1689","BAM1659",-0.286367699034984
"BAM1708","BAM1659",-0.31584581502589
"BAM1812","BAM1659",-0.146423849576358
"BAM2096","BAM1659",0.352576408971453
"BAM2166","BAM1659",0.0388647323127462
"BAM247","BAM1659",-0.177540913925484
"BAM2574","BAM1659",0.30989367290792
"BAM2680","BAM1659",0.196009427258709
"BAM3154","BAM1659",-0.142623323747358
"BAM3181","BAM1659",0.398949900178497
"BAM326","BAM1659",0.341066656890268
"BAM328","BAM1659",-0.120423182487853
"BAM350","BAM1659",-0.244672063792863
"BAM3690","BAM1659",-0.220791105920094
"BAM4009","BAM1659",-0.327967412941864
"BAM4054","BAM1659",0.234306503222787
"BAM4138","BAM1659",0.0972616997924902
"BAM4168","BAM1659",0.138801479763574
"BAM4234","BAM1659",0.226325130933978
"BAM4254","BAM1659",0.230746358603382
"BAM4477","BAM1659",-0.205772625242109
"BAM4496","BAM1659",-0.0866993643854284
"BAM4510","BAM1659",0.0807475187427327
"BAM4521","BAM1659",0.0867016237139026
"BAM4534","BAM1659",-0.334663061468025
"BAM4797","BAM1659",0.29661386116073
"BAM491","BAM1659",-0.181144087633669
"BAM4928","BAM1659",0.0686519517661882
"BAM5110","BAM1659",0.22698949334795
"BAM56","BAM1659",0.0588081628936738
"BAM5779","BAM1659",0.0766167455706875
"BAM5850","BAM1659",-0.318000179098689
"BAM6921","BAM1659",-0.227949272551695
"BAM712","BAM1659",0.00992647142246536
"BAM742","BAM1659",0.00812503284237386
"BAM7429","BAM1659",-0.121734153164237
"BAM7449","BAM1659",-0.352217987332293
"BAM747","BAM1659",0.0236266273401416
"BAM759","BAM1659",-0.300829335454172
"BAM766","BAM1659",0.0180831543677727
"BAM807","BAM1659",0.0698987189007858
"BAM811","BAM1659",-0.121744303759108
"BAM812","BAM1659",0.301484256403932
"BAM819","BAM1659",0.227995540998027
"BAM8296","BAM1659",-0.182851321223303
"BAM8305","BAM1659",-0.184724114370702
"BAM8315","BAM1659",0.0822693488320628
"BAM8364","BAM1659",0.221410416056063
"BAMAWPYAN","BAM1659",0.067833803856166
"BENAMURI","BAM1659",0.359071224765164
"BLACKGORA","BAM1659",0.207432493309773
"CGR1656","BAM1659",-0.0873292888743722
"CGR1679","BAM1659",0.353850609047972
"CGR2012","BAM1659",0.296646429520173
"CO18","BAM1659",0.493376414261823
"CRDHAN-204","BAM1659",0.232534967582591
"CR143-2-2","BAM1659",-0.219256071284508
"CR262-4","BAM1659",-0.208351278861132
"CROSSA","BAM1659",0.317495601050541
"DULAR","BAM1659",-0.362300208505396
"EYPO","BAM1659",-0.207239191190812
"EYPO-2","BAM1659",0.342605404240415
"FULKATI","BAM1659",-0.34138034726617
"Ghanteswari","BAM1659",-0.168669628634027
"GHATIKAMMANANGARHAR","BAM1659",0.244453623064817
"GotrabiDhan","BAM1659",-0.178436353187767
"GP-145-37","BAM1659",0.279329351109727
"GP-145-51","BAM1659",-0.0979667958476403
"HARBHOONDI","BAM1659",0.192675620969347
"HongZuiEr","BAM1659",-0.224472603934496
"IndrabaruniDhan","BAM1659",-0.162956094844239
"IR74371-54-1-1","BAM1659",-0.231450073252608
"IR77298-14-1-2-10","BAM1659",-0.137304105116647
"IR77298-5-6-18","BAM1659",-0.284475575889086
"IR83383-B-B-129-4","BAM1659",-0.275000040946065
"IR83388-B-B108-3","BAM1659",-0.180639978187237
"IR87707-445-B-B","BAM1659",-0.268074117571664
"IR87707-446-B-B","BAM1659",-0.207772602033035
"IRROEPYO","BAM1659",0.144945961682657
"KALINGA-1","BAM1659",-0.116994701239495
"KANGRO","BAM1659",0.497697179897428
"KHAODAWTAI","BAM1659",0.232524208681592
"MANDRIRAVINA","BAM1659",0.491918541052283
"MAUDAMANI","BAM1659",0.271044040880407
"MOROBEREKAN","BAM1659",-0.373931205891478
"MTU1010","BAM1659",-0.242074730189536
"MTU9","BAM1659",0.514084780843086
"NERICA-L-26","BAM1659",-0.200840344066286
"NERICA-L-42","BAM1659",-0.185237270105059
"NERICA-L-44","BAM1659",-0.197122607684048
"PARIJAT","BAM1659",-0.158909954296462
"Patchaiperumal","BAM1659",-0.124076855855371
"PEH-KUH-TSAO-TU","BAM1659",0.501116344010196
"PMK-2","BAM1659",-0.0900720620195574
"PRASAD-1","BAM1659",0.219526999003553
"PUSASUGANDH5","BAM1659",-0.216578377808371
"PUSA1121","BAM1659",-0.308538610506237
"Pusa1121-SN12","BAM1659",-0.318624344133771
"PUSA44","BAM1659",-0.226422346776649
"PUSABASMATI6","BAM1659",0.116593194728208
"PUSASUGANDH2","BAM1659",0.247766872423996
"RASI","BAM1659",-0.197753022179984
"RKVY-104","BAM1659",-0.370902020597395
"RKVY-143","BAM1659",-0.111992760498779
"RKVY-28","BAM1659",-0.35756194502677
"R-RF-44","BAM1659",-0.142594588461363
"RRF-78","BAM1659",-0.287806467265292
"Sadabahar","BAM1659",0.323059728281938
"SAFRI-17","BAM1659",0.247396320401143
"SAHBHAGIDHAN","BAM1659",-0.157008979752359
"SATABHAMA","BAM1659",0.188733133592766
"SERATOES","BAM1659",-0.333516804992458
"SERETY","BAM1659",0.515723859419767
"SHAKU","BAM1659",0.218208525402573
"SR1-3-1","BAM1659",0.196877052143086
"SUWEON","BAM1659",0.188453066208582
"SWARNA","BAM1659",-0.140357791516565
"VANAPRAVA","BAM1659",-0.331483236494229
"VANDANA","BAM1659",-0.27250834956594
"Wayrarem","BAM1659",-0.231866369817862
"281785","BAM1689",-0.380600407590682
"282803","BAM1689",-0.0427469965630615
"299554","BAM1689",-0.00508692376222305
"356457","BAM1689",-0.0322871245367115
"376579","BAM1689",-0.234083981015315
"376851","BAM1689",-0.240898071825743
"377448","BAM1689",0.0825446842637119
"377705","BAM1689",-0.0349748159238207
"384190","BAM1689",0.371828568392876
"426049","BAM1689",-0.0378163862044682
"438644","BAM1689",-0.0566509304489424
"ADAYSEL","BAM1689",0.392809977183569
"AbhayaXDagadesi","BAM1689",-0.0344252899540058
"ABHISEK","BAM1689",-0.327234450214971
"ABOR-A-1","BAM1689",-0.0139959403459414
"ANJALI","BAM1689",-0.4004292859558
"Annada","BAM1689",-0.000348332470162806
"Apo","BAM1689",-0.00797182970610814
"ARC10319","BAM1689",0.108827582761882
"ARC12071","BAM1689",-0.270087336262044
"ARNAPURNA","BAM1689",-0.292355814342948
"ASD16","BAM1689",-0.33199971970088
"AUS257","BAM1689",-0.347154763692464
"BAKAL","BAM1689",0.754400845114276
"BAM1057","BAM1689",0.631156684228063
"BAM1098","BAM1689",0.800930324397706
"BAM1659","BAM1689",-0.286367699034984
"BAM1689","BAM1689",1.70027959573044
"BAM1708","BAM1689",0.987594325356737
"BAM1812","BAM1689",0.129611003650338
"BAM2096","BAM1689",-0.264953557887462
"BAM2166","BAM1689",0.420539339971175
"BAM247","BAM1689",-0.0479918542766918
"BAM2574","BAM1689",-0.253380153882318
"BAM2680","BAM1689",-0.393300659850175
"BAM3154","BAM1689",-0.00509904407316036
"BAM3181","BAM1689",-0.301618123682056
"BAM326","BAM1689",-0.247890491763889
"BAM328","BAM1689",0.0990016753795158
"BAM350","BAM1689",0.328684384521929
"BAM3690","BAM1689",-0.0483135793838142
"BAM4009","BAM1689",0.879319655570907
"BAM4054","BAM1689",-0.405195070953749
"BAM4138","BAM1689",0.172387431470022
"BAM4168","BAM1689",-0.0283228771371375
"BAM4234","BAM1689",-0.377449421228342
"BAM4254","BAM1689",-0.383686443106538
"BAM4477","BAM1689",-0.0622178504026951
"BAM4496","BAM1689",0.0215953987918561
"BAM4510","BAM1689",0.143647186275092
"BAM4521","BAM1689",0.334950712532989
"BAM4534","BAM1689",0.522319440580874
"BAM4797","BAM1689",-0.235077784547964
"BAM491","BAM1689",0.306582741364948
"BAM4928","BAM1689",0.372697030651342
"BAM5110","BAM1689",-0.388491482140012
"BAM56","BAM1689",0.396274380578605
"BAM5779","BAM1689",-0.0450137585238969
"BAM5850","BAM1689",0.510887380104686
"BAM6921","BAM1689",-0.0531412079590289
"BAM712","BAM1689",-0.0187828711240455
"BAM742","BAM1689",-0.0416248039742559
"BAM7429","BAM1689",0.0635686023607532
"BAM7449","BAM1689",0.578711743624229
"BAM747","BAM1689",-0.0211810581213796
"BAM759","BAM1689",0.505419116156088
"BAM766","BAM1689",-0.0335248865085559
"BAM807","BAM1689",-0.0540816393555407
"BAM811","BAM1689",0.0768434976962046
"BAM812","BAM1689",-0.262525996599141
"BAM819","BAM1689",-0.367634612969859
"BAM8296","BAM1689",-0.0570981581395404
"BAM8305","BAM1689",-0.0345740050204435
"BAM8315","BAM1689",0.071935556075932
"BAM8364","BAM1689",-0.277301551171123
"BAMAWPYAN","BAM1689",0.299619302891899
"BENAMURI","BAM1689",-0.288565218384558
"BLACKGORA","BAM1689",-0.357241211014064
"CGR1656","BAM1689",0.0607639153795687
"CGR1679","BAM1689",-0.286744378310334
"CGR2012","BAM1689",-0.223736683927574
"CO18","BAM1689",-0.286245812122575
"CRDHAN-204","BAM1689",-0.332143394245906
"CR143-2-2","BAM1689",-0.0336882262636439
"CR262-4","BAM1689",-0.0370904194881053
"CROSSA","BAM1689",-0.234125796098789
"DULAR","BAM1689",0.615288829678583
"EYPO","BAM1689",0.249465976986598
"EYPO-2","BAM1689",-0.338957639116413
"FULKATI","BAM1689",0.491920846186496
"Ghanteswari","BAM1689",-0.00706801845491527
"GHATIKAMMANANGARHAR","BAM1689",-0.360580239145462
"GotrabiDhan","BAM1689",-0.0576924762881019
"GP-145-37","BAM1689",-0.312576951151978
"GP-145-51","BAM1689",0.0691158779279987
"HARBHOONDI","BAM1689",-0.325096325458555
"HongZuiEr","BAM1689",-0.0653308609284317
"IndrabaruniDhan","BAM1689",-0.0954111197708677
"IR74371-54-1-1","BAM1689",-0.0362906507686576
"IR77298-14-1-2-10","BAM1689",-0.0244148682022713
"IR77298-5-6-18","BAM1689",-0.0260876267369941
"IR83383-B-B-129-4","BAM1689",-0.0496484073938262
"IR83388-B-B108-3","BAM1689",-0.0162023676033638
"IR87707-445-B-B","BAM1689",-0.0323734189104283
"IR87707-446-B-B","BAM1689",0.00663143709691607
"IRROEPYO","BAM1689",0.0525154579869895
"KALINGA-1","BAM1689",-0.0442441500240134
"KANGRO","BAM1689",-0.280930783344456
"KHAODAWTAI","BAM1689",-0.345230996560463
"MANDRIRAVINA","BAM1689",-0.287208810756692
"MAUDAMANI","BAM1689",-0.339166254979656
"MOROBEREKAN","BAM1689",0.34908290877929
"MTU1010","BAM1689",-0.060001689783144
"MTU9","BAM1689",-0.282138211145807
"NERICA-L-26","BAM1689",-0.100580417030767
"NERICA-L-42","BAM1689",-0.103261685140414
"NERICA-L-44","BAM1689",-0.0832334670116403
"PARIJAT","BAM1689",-0.0800589849798406
"Patchaiperumal","BAM1689",0.0615978807406964
"PEH-KUH-TSAO-TU","BAM1689",-0.291639500933756
"PMK-2","BAM1689",-0.0244550915939246
"PRASAD-1","BAM1689",-0.345299084327906
"PUSASUGANDH5","BAM1689",0.0356407423959414
"PUSA1121","BAM1689",0.263752585535435
"Pusa1121-SN12","BAM1689",0.25222901358326
"PUSA44","BAM1689",-0.102113462384868
"PUSABASMATI6","BAM1689",-0.166384459557238
"PUSASUGANDH2","BAM1689",-0.430596217126412
"RASI","BAM1689",0.0264146801636048
"RKVY-104","BAM1689",0.679070243893882
"RKVY-143","BAM1689",0.0606725373795476
"RKVY-28","BAM1689",0.619104603539995
"R-RF-44","BAM1689",-0.050010856933226
"RRF-78","BAM1689",0.207509245151969
"Sadabahar","BAM1689",-0.263120032228543
"SAFRI-17","BAM1689",-0.370644671233646
"SAHBHAGIDHAN","BAM1689",-0.0770205881920314
"SATABHAMA","BAM1689",-0.380652712719311
"SERATOES","BAM1689",0.544257323552927
"SERETY","BAM1689",-0.278634336371181
"SHAKU","BAM1689",-0.241790774025095
"SR1-3-1","BAM1689",-0.334670795089063
"SUWEON","BAM1689",-0.163239191262035
"SWARNA","BAM1689",-0.0535546521488711
"VANAPRAVA","BAM1689",0.644137138039247
"VANDANA","BAM1689",0.237107349607051
"Wayrarem","BAM1689",0.00220770659191055
"281785","BAM1708",-0.355432497351605
"282803","BAM1708",-0.0342050968876244
"299554","BAM1708",-0.0458626820326222
"356457","BAM1708",-0.057974905879807
"376579","BAM1708",-0.279737157582201
"376851","BAM1708",-0.317020304340222
"377448","BAM1708",0.0407592708588757
"377705","BAM1708",-0.0361659531508501
"384190","BAM1708",0.44041124744518
"426049","BAM1708",-0.0558044700331309
"438644","BAM1708",-0.0609205248942191
"ADAYSEL","BAM1708",0.435292610943313
"AbhayaXDagadesi","BAM1708",-0.0407670788041309
"ABHISEK","BAM1708",-0.322307001271654
"ABOR-A-1","BAM1708",-0.0169272958326062
"ANJALI","BAM1708",-0.403577902181629
"Annada","BAM1708",-0.0560874877510388
"Apo","BAM1708",0.000542080563428745
"ARC10319","BAM1708",0.0408327275970681
"ARC12071","BAM1708",-0.291871210572717
"ARNAPURNA","BAM1708",-0.394873762870938
"ASD16","BAM1708",-0.364944051751303
"AUS257","BAM1708",-0.33005960772957
"BAKAL","BAM1708",0.843693752163604
"BAM1057","BAM1708",0.633890115304553
"BAM1098","BAM1708",0.883027826160156
"BAM1659","BAM1708",-0.31584581502589
"BAM1689","BAM1708",0.987594325356737
"BAM1708","BAM1708",1.68049129959654
"BAM1812","BAM1708",0.0559372092276611
"BAM2096","BAM1708",-0.292002993706691
"BAM2166","BAM1708",0.441905459703362
"BAM247","BAM1708",-0.0318399032549273
"BAM2574","BAM1708",-0.291693296902908
"BAM2680","BAM1708",-0.391875118097423
"BAM3154","BAM1708",-0.00875121880499849
"BAM3181","BAM1708",-0.31330869982184
"BAM326","BAM1708",-0.359666158950017
"BAM328","BAM1708",0.0804806706910256
"BAM350","BAM1708",0.298195676405429
"BAM3690","BAM1708",0.0129678697851646
"BAM4009","BAM1708",0.877850573299527
"BAM4054","BAM1708",-0.415998995867832
"BAM4138","BAM1708",0.23980782502485
"BAM4168","BAM1708",0.0192150046211656
"BAM4234","BAM1708",-0.371198551787773
"BAM4254","BAM1708",-0.378790201570877
"BAM4477","BAM1708",0.00466613832175451
"BAM4496","BAM1708",0.0311058323512493
"BAM4510","BAM1708",0.234282904198701
"BAM4521","BAM1708",0.401014712355504
"BAM4534","BAM1708",0.578261438451226
"BAM4797","BAM1708",-0.228742760643057
"BAM491","BAM1708",0.373819870622794
"BAM4928","BAM1708",0.383752433403051
"BAM5110","BAM1708",-0.411325548267671
"BAM56","BAM1708",0.441491835196676
"BAM5779","BAM1708",-0.0155301695506931
"BAM5850","BAM1708",0.642917559943617
"BAM6921","BAM1708",-0.000468417513595501
"BAM712","BAM1708",-0.0502407048657705
"BAM742","BAM1708",-0.070887550019567
"BAM7429","BAM1708",-0.0254589287361287
"BAM7449","BAM1708",0.583719003606783
"BAM747","BAM1708",-0.054160385940091
"BAM759","BAM1708",0.724073282765517
"BAM766","BAM1708",-0.072473402970961
"BAM807","BAM1708",-0.0165929159702006
"BAM811","BAM1708",0.0953838115534168
"BAM812","BAM1708",-0.248278076786526
"BAM819","BAM1708",-0.355695439689756
"BAM8296","BAM1708",-0.0095747511472588
"BAM8305","BAM1708",-0.0247855527237617
"BAM8315","BAM1708",0.109521280174586
"BAM8364","BAM1708",-0.256325200678198
"BAMAWPYAN","BAM1708",0.31435803787024
"BENAMURI","BAM1708",-0.3547391167045
"BLACKGORA","BAM1708",-0.394454760163994
"CGR1656","BAM1708",-0.0168887281757665
"CGR1679","BAM1708",-0.36854408869175
"CGR2012","BAM1708",-0.307907110144871
"CO18","BAM1708",-0.275183316229039
"CRDHAN-204","BAM1708",-0.367964063056233
"CR143-2-2","BAM1708",-0.0126032694763151
"CR262-4","BAM1708",-0.0167002868732379
"CROSSA","BAM1708",-0.333914004911236
"DULAR","BAM1708",0.745534200886026
"EYPO","BAM1708",0.164668076066752
"EYPO-2","BAM1708",-0.358546200853928
"FULKATI","BAM1708",0.539020534776827
"Ghanteswari","BAM1708",-0.0164635286033622
"GHATIKAMMANANGARHAR","BAM1708",-0.358283247142512
"GotrabiDhan","BAM1708",-0.0361223330306597
"GP-145-37","BAM1708",-0.339858831853131
"GP-145-51","BAM1708",-0.0372456662916607
"HARBHOONDI","BAM1708",-0.361777926019405
"HongZuiEr","BAM1708",-0.0143574059507961
"IndrabaruniDhan","BAM1708",-0.105168269142833
"IR74371-54-1-1","BAM1708",-0.034248826529503
"IR77298-14-1-2-10","BAM1708",-0.0229239579705011
"IR77298-5-6-18","BAM1708",-0.0578575867875459
"IR83383-B-B-129-4","BAM1708",-0.0559789718882849
"IR83388-B-B108-3","BAM1708",-0.0314460762126937
"IR87707-445-B-B","BAM1708",-0.0484457290020188
"IR87707-446-B-B","BAM1708",-0.0894224720089436
"IRROEPYO","BAM1708",0.121680953780538
"KALINGA-1","BAM1708",-0.0668697449058191
"KANGRO","BAM1708",-0.293810933186066
"KHAODAWTAI","BAM1708",-0.35384210738025
"MANDRIRAVINA","BAM1708",-0.27258406566975
"MAUDAMANI","BAM1708",-0.339645711800071
"MOROBEREKAN","BAM1708",0.310540100687782
"MTU1010","BAM1708",-0.0681621768705248
"MTU9","BAM1708",-0.292190361395004
"NERICA-L-26","BAM1708",-0.0378578115760175
"NERICA-L-42","BAM1708",-0.0188431075045829
"NERICA-L-44","BAM1708",-0.0770083554495382
"PARIJAT","BAM1708",-0.0374717675679708
"Patchaiperumal","BAM1708",0.0802214307224307
"PEH-KUH-TSAO-TU","BAM1708",-0.295912955754486
"PMK-2","BAM1708",-0.0180270603260149
"PRASAD-1","BAM1708",-0.314844893161146
"PUSASUGANDH5","BAM1708",0.0430843206204085
"PUSA1121","BAM1708",0.246145145498988
"Pusa1121-SN12","BAM1708",0.240884220230165
"PUSA44","BAM1708",-0.0581465422840533
"PUSABASMATI6","BAM1708",-0.184970829036961
"PUSASUGANDH2","BAM1708",-0.428317438865897
"RASI","BAM1708",0.000119365423018612
"RKVY-104","BAM1708",0.68554938300555
"RKVY-143","BAM1708",-0.0353482584751441
"RKVY-28","BAM1708",0.680010624220302
"R-RF-44","BAM1708",-0.0619834497343324
"RRF-78","BAM1708",0.252618724013134
"Sadabahar","BAM1708",-0.296752883330872
"SAFRI-17","BAM1708",-0.371348981180292
"SAHBHAGIDHAN","BAM1708",-0.0439253812012189
"SATABHAMA","BAM1708",-0.406535522886444
"SERATOES","BAM1708",0.607876637848728
"SERETY","BAM1708",-0.29168333415912
"SHAKU","BAM1708",-0.291038334544574
"SR1-3-1","BAM1708",-0.376762073562392
"SUWEON","BAM1708",-0.137129290880165
"SWARNA","BAM1708",-0.0582098959973607
"VANAPRAVA","BAM1708",0.625963798841323
"VANDANA","BAM1708",0.267445793565023
"Wayrarem","BAM1708",-0.0106077820483706
"281785","BAM1812",-0.260603269469004
"282803","BAM1812",0.102244186367691
"299554","BAM1812",0.110097481990631
"356457","BAM1812",0.0866024215475195
"376579","BAM1812",0.16251466197661
"376851","BAM1812",0.0362635390126544
"377448","BAM1812",0.476487794746222
"377705","BAM1812",0.13374172426861
"384190","BAM1812",-0.308424073413084
"426049","BAM1812",0.0813187144499438
"438644","BAM1812",0.111623927738664
"ADAYSEL","BAM1812",0.0659857115653077
"AbhayaXDagadesi","BAM1812",0.095891673318313
"ABHISEK","BAM1812",-0.244502028415887
"ABOR-A-1","BAM1812",0.144812051580007
"ANJALI","BAM1812",-0.276489144271908
"Annada","BAM1812",-0.3146095771311
"Apo","BAM1812",0.0717804689721591
"ARC10319","BAM1812",0.306526637841256
"ARC12071","BAM1812",-0.153138626385822
"ARNAPURNA","BAM1812",-0.0331151703405589
"ASD16","BAM1812",-0.179436439403531
"AUS257","BAM1812",-0.214474142189663
"BAKAL","BAM1812",0.027950902703259
"BAM1057","BAM1812",-0.0178862991450118
"BAM1098","BAM1812",0.024587550064556
"BAM1659","BAM1812",-0.146423849576358
"BAM1689","BAM1812",0.129611003650338
"BAM1708","BAM1812",0.0559372092276611
"BAM1812","BAM1812",1.24847248754705
"BAM2096","BAM1812",-0.0723661482877529
"BAM2166","BAM1812",-0.291766468778861
"BAM247","BAM1812",0.145732661860996
"BAM2574","BAM1812",0.198429206667522
"BAM2680","BAM1812",-0.254513857699203
"BAM3154","BAM1812",0.247131474110851
"BAM3181","BAM1812",-0.043412077694265
"BAM326","BAM1812",0.118695072268217
"BAM328","BAM1812",0.360819321205619
"BAM350","BAM1812",0.358290171951945
"BAM3690","BAM1812",0.255550519284278
"BAM4009","BAM1812",-0.00253267294904467
"BAM4054","BAM1812",-0.230460964461522
"BAM4138","BAM1812",-0.340023536899354
"BAM4168","BAM1812",-0.251272869980613
"BAM4234","BAM1812",-0.244944745794098
"BAM4254","BAM1812",-0.243748505280033
"BAM4477","BAM1812",0.259087207059902
"BAM4496","BAM1812",0.309232831635961
"BAM4510","BAM1812",-0.362486870564016
"BAM4521","BAM1812",-0.300277582710455
"BAM4534","BAM1812",0.0114248161465265
"BAM4797","BAM1812",0.0267192219089527
"BAM491","BAM1812",0.518248976755484
"BAM4928","BAM1812",-0.334829307544455
"BAM5110","BAM1812",-0.227990961497674
"BAM56","BAM1812",-0.301337173360571
"BAM5779","BAM1812",-0.30806992220321
"BAM5850","BAM1812",0.0612334109277216
"BAM6921","BAM1812",0.0787372215797679
"BAM712","BAM1812",-0.319139524583754
"BAM742","BAM1812",-0.302356509052257
"BAM7429","BAM1812",0.529915500270202
"BAM7449","BAM1812",0.00348144832386553
"BAM747","BAM1812",-0.316498199212229
"BAM759","BAM1812",0.091530584373254
"BAM766","BAM1812",-0.299636339664494
"BAM807","BAM1812",-0.299483339850283
"BAM811","BAM1812",0.252405182653151
"BAM812","BAM1812",-0.135832100542238
"BAM819","BAM1812",-0.195991077621592
"BAM8296","BAM1812",0.0905693794443498
"BAM8305","BAM1812",0.0841477483309456
"BAM8315","BAM1812",-0.303267784602554
"BAM8364","BAM1812",-0.282246527437593
"BAMAWPYAN","BAM1812",-0.339264500049011
"BENAMURI","BAM1812",-0.0169106348127466
"BLACKGORA","BAM1812",-0.222589890307177
"CGR1656","BAM1812",0.39814969784304
"CGR1679","BAM1812",0.115757126916577
"CGR2012","BAM1812",0.240259861914016
"CO18","BAM1812",-0.139450832289325
"CRDHAN-204","BAM1812",-0.255100607505427
"CR143-2-2","BAM1812",0.0939586421728119
"CR262-4","BAM1812",0.0871788842945373
"CROSSA","BAM1812",0.173029947638404
"DULAR","BAM1812",0.00515513266171623
"EYPO","BAM1812",0.232356664979909
"EYPO-2","BAM1812",-0.227892363632291
"FULKATI","BAM1812",-0.00937086131410155
"Ghanteswari","BAM1812",0.212243211759742
"GHATIKAMMANANGARHAR","BAM1812",-0.2001156857833
"GotrabiDhan","BAM1812",0.120865286300685
"GP-145-37","BAM1812",0.129533358315929
"GP-145-51","BAM1812",0.531829026926235
"HARBHOONDI","BAM1812",-0.257703061692833
"HongZuiEr","BAM1812",0.266370575799547
"IndrabaruniDhan","BAM1812",0.147188030177437
"IR74371-54-1-1","BAM1812",0.0946450940306566
"IR77298-14-1-2-10","BAM1812",0.110785944787095
"IR77298-5-6-18","BAM1812",0.0684815749983646
"IR83383-B-B-129-4","BAM1812",0.0034338496740506
"IR83388-B-B108-3","BAM1812",0.135430699238199
"IR87707-445-B-B","BAM1812",0.0555414746850994
"IR87707-446-B-B","BAM1812",0.108555068252658
"IRROEPYO","BAM1812",-0.326765497524268
"KALINGA-1","BAM1812",0.182138134624915
"KANGRO","BAM1812",-0.150374312136661
"KHAODAWTAI","BAM1812",-0.178967270633521
"MANDRIRAVINA","BAM1812",-0.139631141246787
"MAUDAMANI","BAM1812",-0.189922811108016
"MOROBEREKAN","BAM1812",-0.00281588626786284
"MTU1010","BAM1812",0.0589857714310975
"MTU9","BAM1812",-0.156597547375781
"NERICA-L-26","BAM1812",0.0819152735624504
"NERICA-L-42","BAM1812",0.0727436982640493
"NERICA-L-44","BAM1812",0.128721340369493
"PARIJAT","BAM1812",0.106032013261696
"Patchaiperumal","BAM1812",0.337390701850224
"PEH-KUH-TSAO-TU","BAM1812",-0.152389146545629
"PMK-2","BAM1812",0.157636117040038
"PRASAD-1","BAM1812",-0.256161058522679
"PUSASUGANDH5","BAM1812",0.0866678826026885
"PUSA1121","BAM1812",0.0827776665470857
"Pusa1121-SN12","BAM1812",0.081798775363923
"PUSA44","BAM1812",0.0678007584747772
"PUSABASMATI6","BAM1812",-0.305665594298495
"PUSASUGANDH2","BAM1812",-0.21052969310801
"RASI","BAM1812",0.137022172214167
"RKVY-104","BAM1812",0.0311469909343819
"RKVY-143","BAM1812",0.514757999884063
"RKVY-28","BAM1812",0.0579123373808992
"R-RF-44","BAM1812",0.134697391921607
"RRF-78","BAM1812",0.0346820680251241
"Sadabahar","BAM1812",-0.0534596848311591
"SAFRI-17","BAM1812",-0.249252468018633
"SAHBHAGIDHAN","BAM1812",0.102978915012247
"SATABHAMA","BAM1812",-0.230909085828906
"SERATOES","BAM1812",-0.010487256508176
"SERETY","BAM1812",-0.155985862402534
"SHAKU","BAM1812",-0.22105002957858
"SR1-3-1","BAM1812",-0.238949681561233
"SUWEON","BAM1812",-0.258384489387424
"SWARNA","BAM1812",0.176506134126888
"VANAPRAVA","BAM1812",-0.031367124575587
"VANDANA","BAM1812",0.0322805327465184
"Wayrarem","BAM1812",0.0711026675882999
"281785","BAM2096",0.201135672796533
"282803","BAM2096",-0.242499068204746
"299554","BAM2096",-0.281243908107535
"356457","BAM2096",-0.255965390009798
"376579","BAM2096",0.40302052416392
"376851","BAM2096",0.526233086538493
"377448","BAM2096",-0.0226827413908615
"377705","BAM2096",-0.265192230987917
"384190","BAM2096",0.130439920631517
"426049","BAM2096",-0.255040558355932
"438644","BAM2096",-0.222687139943668
"ADAYSEL","BAM2096",-0.224613793955793
"AbhayaXDagadesi","BAM2096",-0.259018557228455
"ABHISEK","BAM2096",0.223181795404612
"ABOR-A-1","BAM2096",-0.24943896756128
"ANJALI","BAM2096",0.214384823713377
"Annada","BAM2096",-0.0266270582754019
"Apo","BAM2096",-0.23171405170721
"ARC10319","BAM2096",-0.141914263419379
"ARC12071","BAM2096",0.319012842666104
"ARNAPURNA","BAM2096",0.344298717754777
"ASD16","BAM2096",0.20862364059875
"AUS257","BAM2096",0.149462373200354
"BAKAL","BAM2096",-0.307338579130591
"BAM1057","BAM2096",-0.237651880573059
"BAM1098","BAM2096",-0.3624019023248
"BAM1659","BAM2096",0.352576408971453
"BAM1689","BAM2096",-0.264953557887462
"BAM1708","BAM2096",-0.292002993706691
"BAM1812","BAM2096",-0.0723661482877529
"BAM2096","BAM2096",1.44892518034869
"BAM2166","BAM2096",0.0703593345123949
"BAM247","BAM2096",-0.193335214911901
"BAM2574","BAM2096",0.408223058451961
"BAM2680","BAM2096",0.164817841137353
"BAM3154","BAM2096",-0.0720638802319686
"BAM3181","BAM2096",0.381018292776861
"BAM326","BAM2096",0.469435465550754
"BAM328","BAM2096",0.059561558849357
"BAM350","BAM2096",-0.121245674160905
"BAM3690","BAM2096",-0.21437698536628
"BAM4009","BAM2096",-0.309594851327395
"BAM4054","BAM2096",0.201059574409785
"BAM4138","BAM2096",0.182168985853646
"BAM4168","BAM2096",0.247226451448766
"BAM4234","BAM2096",0.142860032486001
"BAM4254","BAM2096",0.14423508590863
"BAM4477","BAM2096",-0.195576880733164
"BAM4496","BAM2096",-0.0468448791777047
"BAM4510","BAM2096",0.169457440486116
"BAM4521","BAM2096",0.171091006259865
"BAM4534","BAM2096",-0.212910279329882
"BAM4797","BAM2096",0.395347767005966
"BAM491","BAM2096",-0.112168509398467
"BAM4928","BAM2096",0.106966163476982
"BAM5110","BAM2096",0.173965279755857
"BAM56","BAM2096",0.117463698129405
"BAM5779","BAM2096",0.0458656616613703
"BAM5850","BAM2096",-0.199149771094726
"BAM6921","BAM2096",-0.275598052256384
"BAM712","BAM2096",-0.0195956330924901
"BAM742","BAM2096",0.000740710918047637
"BAM7429","BAM2096",0.0736680054923866
"BAM7449","BAM2096",-0.23177927371498
"BAM747","BAM2096",-0.0125535104366932
"BAM759","BAM2096",-0.28937359117218
"BAM766","BAM2096",-0.00716250875918576
"BAM807","BAM2096",0.0523925300126426
"BAM811","BAM2096",-0.154794696322314
"BAM812","BAM2096",0.271737913419926
"BAM819","BAM2096",0.128862613475023
"BAM8296","BAM2096",-0.262593448241346
"BAM8305","BAM2096",-0.292717066390518
"BAM8315","BAM2096",0.0851458946960971
"BAM8364","BAM2096",0.181700412772625
"BAMAWPYAN","BAM2096",0.18384181084025
"BENAMURI","BAM2096",0.366158518640336
"BLACKGORA","BAM2096",0.282779110041856
"CGR1656","BAM2096",-0.0847301961190322
"CGR1679","BAM2096",0.448473647751282
"CGR2012","BAM2096",0.438221904024784
"CO18","BAM2096",0.287713087432394
"CRDHAN-204","BAM2096",0.137560319033031
"CR143-2-2","BAM2096",-0.236529003746045
"CR262-4","BAM2096",-0.224726936720707
"CROSSA","BAM2096",0.432167588675979
"DULAR","BAM2096",-0.24492472194125
"EYPO","BAM2096",-0.141387957650686
"EYPO-2","BAM2096",0.189490993094731
"FULKATI","BAM2096",-0.151245624278263
"Ghanteswari","BAM2096",-0.234551195271082
"GHATIKAMMANANGARHAR","BAM2096",0.140514956603062
"GotrabiDhan","BAM2096",-0.206117607577096
"GP-145-37","BAM2096",0.473955702757387
"GP-145-51","BAM2096",0.0102557742251856
"HARBHOONDI","BAM2096",0.164927953575934
"HongZuiEr","BAM2096",-0.169120457860784
"IndrabaruniDhan","BAM2096",-0.176693770557624
"IR74371-54-1-1","BAM2096",-0.243877699153047
"IR77298-14-1-2-10","BAM2096",-0.212754671973292
"IR77298-5-6-18","BAM2096",-0.341774990486811
"IR83383-B-B-129-4","BAM2096",-0.316335462045282
"IR83388-B-B108-3","BAM2096",-0.239498369975603
"IR87707-445-B-B","BAM2096",-0.323459572732288
"IR87707-446-B-B","BAM2096",-0.246734918651895
"IRROEPYO","BAM2096",0.204004900502436
"KALINGA-1","BAM2096",-0.187611711326991
"KANGRO","BAM2096",0.30624181324299
"KHAODAWTAI","BAM2096",0.221526336053529
"MANDRIRAVINA","BAM2096",0.278639655051769
"MAUDAMANI","BAM2096",0.285150944586876
"MOROBEREKAN","BAM2096",-0.371090309609648
"MTU1010","BAM2096",-0.309060007996569
"MTU9","BAM2096",0.316678374655991
"NERICA-L-26","BAM2096",-0.218375984846997
"NERICA-L-42","BAM2096",-0.226864957327212
"NERICA-L-44","BAM2096",-0.271675048267295
"PARIJAT","BAM2096",-0.193732431740725
"Patchaiperumal","BAM2096",-0.0260058542472109
"PEH-KUH-TSAO-TU","BAM2096",0.31505764497187
"PMK-2","BAM2096",-0.244076188065458
"PRASAD-1","BAM2096",0.176790195357651
"PUSASUGANDH5","BAM2096",-0.277467154483674
"PUSA1121","BAM2096",-0.293341871724673
"Pusa1121-SN12","BAM2096",-0.315127354920767
"PUSA44","BAM2096",-0.279253719277232
"PUSABASMATI6","BAM2096",0.169591925725881
"PUSASUGANDH2","BAM2096",0.271243568205759
"RASI","BAM2096",-0.22385974755789
"RKVY-104","BAM2096",-0.317572702070514
"RKVY-143","BAM2096",0.0708526849743381
"RKVY-28","BAM2096",-0.267833700548201
"R-RF-44","BAM2096",-0.250587017838899
"RRF-78","BAM2096",-0.31832778102277
"Sadabahar","BAM2096",0.626783668012543
"SAFRI-17","BAM2096",0.198688601222723
"SAHBHAGIDHAN","BAM2096",-0.175915027608735
"SATABHAMA","BAM2096",0.197554857959685
"SERATOES","BAM2096",-0.234956300109438
"SERETY","BAM2096",0.299264888451903
"SHAKU","BAM2096",0.145083925259293
"SR1-3-1","BAM2096",0.18490053172178
"SUWEON","BAM2096",0.1376389045852
"SWARNA","BAM2096",-0.118683929109757
"VANAPRAVA","BAM2096",-0.241347891168653
"VANDANA","BAM2096",-0.216774266938981
"Wayrarem","BAM2096",-0.245334884713221
"281785","BAM2166",0.0293988842326487
"282803","BAM2166",-0.35460364234272
"299554","BAM2166",-0.400149892763206
"356457","BAM2166",-0.377846473509142
"376579","BAM2166",0.148012239945749
"376851","BAM2166",0.104662872984689
"377448","BAM2166",-0.315968410377453
"377705","BAM2166",-0.314437726370121
"384190","BAM2166",0.822019381110766
"426049","BAM2166",-0.378079685011795
"438644","BAM2166",-0.351660564658186
"ADAYSEL","BAM2166",0.0647242650044051
"AbhayaXDagadesi","BAM2166",-0.358747994730768
"ABHISEK","BAM2166",0.0640991290394491
"ABOR-A-1","BAM2166",-0.318596091933004
"ANJALI","BAM2166",0.0145095128551064
"Annada","BAM2166",0.414049709288956
"Apo","BAM2166",-0.316397620888731
"ARC10319","BAM2166",-0.279563228664687
"ARC12071","BAM2166",0.0766580965172754
"ARNAPURNA","BAM2166",0.0337261564442206
"ASD16","BAM2166",0.0431705722473888
"AUS257","BAM2166",0.0488952974236772
"BAKAL","BAM2166",0.321400569148617
"BAM1057","BAM2166",0.127914795082642
"BAM1098","BAM2166",0.702445118222765
"BAM1659","BAM2166",0.0388647323127462
"BAM1689","BAM2166",0.420539339971175
"BAM1708","BAM2166",0.441905459703362
"BAM1812","BAM2166",-0.291766468778861
"BAM2096","BAM2166",0.0703593345123949
"BAM2166","BAM2166",1.72296924858006
"BAM247","BAM2166",-0.343564969154121
"BAM2574","BAM2166",0.140277531992535
"BAM2680","BAM2166",0.0793415110292487
"BAM3154","BAM2166",-0.358932740679524
"BAM3181","BAM2166",0.0762350054362899
"BAM326","BAM2166",0.0619217989298395
"BAM328","BAM2166",-0.267698179869517
"BAM350","BAM2166",-0.134589909164867
"BAM3690","BAM2166",-0.298748595152313
"BAM4009","BAM2166",0.444285659912564
"BAM4054","BAM2166",0.00971413875227197
"BAM4138","BAM2166",0.600878484272467
"BAM4168","BAM2166",0.391895224444649
"BAM4234","BAM2166",0.0528642445403051
"BAM4254","BAM2166",0.0492974900237812
"BAM4477","BAM2166",-0.299317287908762
"BAM4496","BAM2166",-0.318345551099143
"BAM4510","BAM2166",0.534546684561453
"BAM4521","BAM2166",0.764402451519619
"BAM4534","BAM2166",0.127986254218374
"BAM4797","BAM2166",0.184431475209347
"BAM491","BAM2166",-0.122002012008523
"BAM4928","BAM2166",0.870657195504669
"BAM5110","BAM2166",-0.00178121748554137
"BAM56","BAM2166",0.65690913618996
"BAM5779","BAM2166",0.436559593140009
"BAM5850","BAM2166",0.14954900199701
"BAM6921","BAM2166",-0.385755809651376
"BAM712","BAM2166",0.417264392490118
"BAM742","BAM2166",0.405087445938479
"BAM7429","BAM2166",-0.337262484277838
"BAM7449","BAM2166",0.114482087411927
"BAM747","BAM2166",0.435065858128332
"BAM759","BAM2166",0.104682415947969
"BAM766","BAM2166",0.40521464721155
"BAM807","BAM2166",0.448857966510463
"BAM811","BAM2166",-0.220108999511139
"BAM812","BAM2166",0.182028808607475
"BAM819","BAM2166",0.028748858969854
"BAM8296","BAM2166",-0.373794658686669
"BAM8305","BAM2166",-0.397033837345388
"BAM8315","BAM2166",0.519046299242598
"BAM8364","BAM2166",0.161382791035535
"BAMAWPYAN","BAM2166",0.662818964137739
"BENAMURI","BAM2166",0.058085990160065
"BLACKGORA","BAM2166",0.0680306175113404
"CGR1656","BAM2166",-0.342374610800511
"CGR1679","BAM2166",0.062041662438292
"CGR2012","BAM2166",0.0543387130636765
"CO18","BAM2166",0.0725803337128019
"CRDHAN-204","BAM2166",0.000279608644779633
"CR143-2-2","BAM2166",-0.354489538046003
"CR262-4","BAM2166",-0.346725370250359
"CROSSA","BAM2166",0.0605831482752253
"DULAR","BAM2166",0.290571680099151
"EYPO","BAM2166",-0.0777040963564969
"EYPO-2","BAM2166",0.0754333196167958
"FULKATI","BAM2166",0.125046253144417
"Ghanteswari","BAM2166",-0.350388415736733
"GHATIKAMMANANGARHAR","BAM2166",0.0393915861212206
"GotrabiDhan","BAM2166",-0.357726380588335
"GP-145-37","BAM2166",0.0765128548754597
"GP-145-51","BAM2166",-0.327984647294099
"HARBHOONDI","BAM2166",0.0403245423553585
"HongZuiEr","BAM2166",-0.280202518758357
"IndrabaruniDhan","BAM2166",-0.411329870986376
"IR74371-54-1-1","BAM2166",-0.341943344142378
"IR77298-14-1-2-10","BAM2166",-0.350564376382479
"IR77298-5-6-18","BAM2166",-0.379267977153151
"IR83383-B-B-129-4","BAM2166",-0.353259161395508
"IR83388-B-B108-3","BAM2166",-0.327892046747191
"IR87707-445-B-B","BAM2166",-0.343028269318248
"IR87707-446-B-B","BAM2166",-0.394419267331433
"IRROEPYO","BAM2166",0.493548728061944
"KALINGA-1","BAM2166",-0.377820863918902
"KANGRO","BAM2166",0.0812855693842471
"KHAODAWTAI","BAM2166",0.107647226532432
"MANDRIRAVINA","BAM2166",0.0765437955870792
"MAUDAMANI","BAM2166",0.0553917523008304
"MOROBEREKAN","BAM2166",0.132360007308271
"MTU1010","BAM2166",-0.388513321774155
"MTU9","BAM2166",0.0821720660080357
"NERICA-L-26","BAM2166",-0.392179090567271
"NERICA-L-42","BAM2166",-0.387185751455171
"NERICA-L-44","BAM2166",-0.379226892498092
"PARIJAT","BAM2166",-0.366285725589096
"Patchaiperumal","BAM2166",-0.28673921230372
"PEH-KUH-TSAO-TU","BAM2166",0.0767196699552298
"PMK-2","BAM2166",-0.312718190205807
"PRASAD-1","BAM2166",0.101530529631313
"PUSASUGANDH5","BAM2166",-0.25818902744779
"PUSA1121","BAM2166",-0.0253267010699978
"Pusa1121-SN12","BAM2166",-0.0246598198690973
"PUSA44","BAM2166",-0.397105809655362
"PUSABASMATI6","BAM2166",0.231598124263195
"PUSASUGANDH2","BAM2166",-0.0388477207852146
"RASI","BAM2166",-0.327510662125614
"RKVY-104","BAM2166",0.328232157747072
"RKVY-143","BAM2166",-0.315244101672177
"RKVY-28","BAM2166",0.165184590670281
"R-RF-44","BAM2166",-0.384939101225648
"RRF-78","BAM2166",-0.162492517384823
"Sadabahar","BAM2166",0.103612808180816
"SAFRI-17","BAM2166",0.0194122745745538
"SAHBHAGIDHAN","BAM2166",-0.35527352559024
"SATABHAMA","BAM2166",0.0369461604325668
"SERATOES","BAM2166",0.113491413823057
"SERETY","BAM2166",0.0830872058130051
"SHAKU","BAM2166",0.157648877851259
"SR1-3-1","BAM2166",0.0873615776217804
"SUWEON","BAM2166",0.450715542606922
"SWARNA","BAM2166",-0.385431421840135
"VANAPRAVA","BAM2166",0.109871033232808
"VANDANA","BAM2166",-0.168603456790216
"Wayrarem","BAM2166",-0.319627213148244
"281785","BAM247",-0.0861523691075142
"282803","BAM247",0.297305613900491
"299554","BAM247",0.202295559466005
"356457","BAM247",0.396051228147654
"376579","BAM247",-0.225588296247626
"376851","BAM247",-0.185807002692119
"377448","BAM247",0.204422566645761
"377705","BAM247",0.350223009418163
"384190","BAM247",-0.42562526431321
"426049","BAM247",0.393162309180493
"438644","BAM247",0.277004924492672
"ADAYSEL","BAM247",0.0828664465753313
"AbhayaXDagadesi","BAM247",0.267800791885592
"ABHISEK","BAM247",-0.122016787039341
"ABOR-A-1","BAM247",0.27529350494294
"ANJALI","BAM247",-0.122519344692022
"Annada","BAM247",-0.383334874165104
"Apo","BAM247",0.113630969778807
"ARC10319","BAM247",0.206249160663985
"ARC12071","BAM247",-0.177844851974956
"ARNAPURNA","BAM247",-0.0689271377201606
"ASD16","BAM247",-0.130616564581855
"AUS257","BAM247",-0.229854723895787
"BAKAL","BAM247",-0.0417713010049042
"BAM1057","BAM247",-0.0315859017020603
"BAM1098","BAM247",-0.0114845201437947
"BAM1659","BAM247",-0.177540913925484
"BAM1689","BAM247",-0.0479918542766918
"BAM1708","BAM247",-0.0318399032549273
"BAM1812","BAM247",0.145732661860996
"BAM2096","BAM247",-0.193335214911901
"BAM2166","BAM247",-0.343564969154121
"BAM247","BAM247",1.23603255021113
"BAM2574","BAM247",-0.218679189350784
"BAM2680","BAM247",-0.025969191088841
"BAM3154","BAM247",0.24060890116779
"BAM3181","BAM247",-0.0991943997188057
"BAM326","BAM247",-0.200741060627134
"BAM328","BAM247",0.214544776426242
"BAM350","BAM247",0.104296304851286
"BAM3690","BAM247",0.298770734998476
"BAM4009","BAM247",-0.0712196391731247
"BAM4054","BAM247",-0.0962566596430338
"BAM4138","BAM247",-0.437535693745311
"BAM4168","BAM247",-0.274317493368939
"BAM4234","BAM247",-0.0911131533995626
"BAM4254","BAM247",-0.0927489492473352
"BAM4477","BAM247",0.351493491855499
"BAM4496","BAM247",0.246227337111554
"BAM4510","BAM247",-0.398378383448367
"BAM4521","BAM247",-0.393999974762532
"BAM4534","BAM247",-0.0323676320413056
"BAM4797","BAM247",-0.195682262983413
"BAM491","BAM247",0.0961106260155763
"BAM4928","BAM247",-0.372274791821908
"BAM5110","BAM247",-0.167867769561875
"BAM56","BAM247",-0.39223739424012
"BAM5779","BAM247",-0.3348757718694
"BAM5850","BAM247",-0.053862212549749
"BAM6921","BAM247",0.203566419661168
"BAM712","BAM247",-0.38146153792574
"BAM742","BAM247",-0.374065310265761
"BAM7429","BAM247",0.165931854176924
"BAM7449","BAM247",-0.0615110871210469
"BAM747","BAM247",-0.394449125103572
"BAM759","BAM247",0.116894091032298
"BAM766","BAM247",-0.378825545528775
"BAM807","BAM247",-0.331595484446396
"BAM811","BAM247",0.220147251213567
"BAM812","BAM247",-0.142472901141787
"BAM819","BAM247",-0.0114918461015225
"BAM8296","BAM247",0.207525539603374
"BAM8305","BAM247",0.307091125545658
"BAM8315","BAM247",-0.388127271751894
"BAM8364","BAM247",-0.187837165852526
"BAMAWPYAN","BAM247",-0.396081891609616
"BENAMURI","BAM247",-0.161935560807496
"BLACKGORA","BAM247",-0.132742871495698
"CGR1656","BAM247",0.208241202359754
"CGR1679","BAM247",-0.217265188233091
"CGR2012","BAM247",-0.209035402609543
"CO18","BAM247",-0.177759943161956
"CRDHAN-204","BAM247",-0.165339211511477
"CR143-2-2","BAM247",0.0981828680736748
"CR262-4","BAM247",0.0870466405510606
"CROSSA","BAM247",-0.196703064269642
"DULAR","BAM247",-0.0450597315061165
"EYPO","BAM247",0.156161570806041
"EYPO-2","BAM247",-0.110391655756866
"FULKATI","BAM247",-0.0679660298050197
"Ghanteswari","BAM247",0.267724809644331
"GHATIKAMMANANGARHAR","BAM247",-0.113782947386844
"GotrabiDhan","BAM247",1.03263807024391
"GP-145-37","BAM247",-0.188541697385931
"GP-145-51","BAM247",0.148162508936116
"HARBHOONDI","BAM247",-0.214447046828099
"HongZuiEr","BAM247",0.305679294308323
"IndrabaruniDhan","BAM247",0.256097166383285
"IR74371-54-1-1","BAM247",0.109013922312903
"IR77298-14-1-2-10","BAM247",0.192784965216788
"IR77298-5-6-18","BAM247",0.248118760012441
"IR83383-B-B-129-4","BAM247",0.260066967398593
"IR83388-B-B108-3","BAM247",0.218618345274971
"IR87707-445-B-B","BAM247",0.260889935883204
"IR87707-446-B-B","BAM247",0.262143309724894
"IRROEPYO","BAM247",-0.323156086643437
"KALINGA-1","BAM247",0.271565612988904
"KANGRO","BAM247",-0.169853985641232
"KHAODAWTAI","BAM247",-0.116710314675265
"MANDRIRAVINA","BAM247",-0.175338172894882
"MAUDAMANI","BAM247",-0.121602013599402
"MOROBEREKAN","BAM247",-0.0580360368727896
"MTU1010","BAM247",0.300924501875817
"MTU9","BAM247",-0.185188679531718
"NERICA-L-26","BAM247",0.167854122953707
"NERICA-L-42","BAM247",0.162087801361446
"NERICA-L-44","BAM247",0.254878831187259
"PARIJAT","BAM247",0.258551856052195
"Patchaiperumal","BAM247",0.154636479126904
"PEH-KUH-TSAO-TU","BAM247",-0.171655487979978
"PMK-2","BAM247",0.263075888173402
"PRASAD-1","BAM247",-0.106650216104537
"PUSASUGANDH5","BAM247",0.15672572105198
"PUSA1121","BAM247",-0.00892279675938713
"Pusa1121-SN12","BAM247",0.0324729352979546
"PUSA44","BAM247",0.37527606042091
"PUSABASMATI6","BAM247",-0.218717543170651
"PUSASUGANDH2","BAM247",-0.108041362983429
"RASI","BAM247",0.268653301043929
"RKVY-104","BAM247",-0.0758718762840068
"RKVY-143","BAM247",0.181333838135715
"RKVY-28","BAM247",-0.0279434234622584
"R-RF-44","BAM247",0.232603336282345
"RRF-78","BAM247",0.241085572742763
"Sadabahar","BAM247",-0.14734691448306
"SAFRI-17","BAM247",-0.121877670787055
"SAHBHAGIDHAN","BAM247",0.247977309897748
"SATABHAMA","BAM247",-0.196535122938326
"SERATOES","BAM247",-0.0845179535126268
"SERETY","BAM247",-0.177474859141985
"SHAKU","BAM247",-0.279990478733679
"SR1-3-1","BAM247",-0.196637495955477
"SUWEON","BAM247",-0.206540432152437
"SWARNA","BAM247",0.202343321779626
"VANAPRAVA","BAM247",-0.0399944088557129
"VANDANA","BAM247",0.053387487933568
"Wayrarem","BAM247",0.114245992825682
"281785","BAM2574",0.182794863596042
"282803","BAM2574",-0.27801681987894
"299554","BAM2574",-0.241744888720341
"356457","BAM2574",-0.192033601712137
"376579","BAM2574",0.528679126708063
"376851","BAM2574",0.466176320835325
"377448","BAM2574",0.0959236833626065
"377705","BAM2574",-0.218152561049623
"384190","BAM2574",0.0991449784100737
"426049","BAM2574",-0.187992833666054
"438644","BAM2574",-0.26145786710652
"ADAYSEL","BAM2574",-0.272493945871014
"AbhayaXDagadesi","BAM2574",-0.265729214090881
"ABHISEK","BAM2574",0.195167615089207
"ABOR-A-1","BAM2574",-0.249626926403309
"ANJALI","BAM2574",0.133607793809473
"Annada","BAM2574",0.0137148371344946
"Apo","BAM2574",-0.241762348018661
"ARC10319","BAM2574",-0.0725195691459402
"ARC12071","BAM2574",0.274224688986501
"ARNAPURNA","BAM2574",0.342395088931218
"ASD16","BAM2574",0.229164291473151
"AUS257","BAM2574",0.229939994096954
"BAKAL","BAM2574",-0.245395677111947
"BAM1057","BAM2574",-0.302867021683286
"BAM1098","BAM2574",-0.277310351628778
"BAM1659","BAM2574",0.30989367290792
"BAM1689","BAM2574",-0.253380153882318
"BAM1708","BAM2574",-0.291693296902908
"BAM1812","BAM2574",0.198429206667522
"BAM2096","BAM2574",0.408223058451961
"BAM2166","BAM2574",0.140277531992535
"BAM247","BAM2574",-0.218679189350784
"BAM2574","BAM2574",1.29567935644217
"BAM2680","BAM2574",0.2456998523035
"BAM3154","BAM2574",-0.136609743731382
"BAM3181","BAM2574",0.36841688935938
"BAM326","BAM2574",0.500548880651596
"BAM328","BAM2574",-0.101604435852972
"BAM350","BAM2574",-0.0755490273417739
"BAM3690","BAM2574",-0.206406539069519
"BAM4009","BAM2574",-0.318301680626733
"BAM4054","BAM2574",0.216682496516966
"BAM4138","BAM2574",0.0774958249305818
"BAM4168","BAM2574",0.125020608709826
"BAM4234","BAM2574",0.151011438022861
"BAM4254","BAM2574",0.150142668692121
"BAM4477","BAM2574",-0.194678455185841
"BAM4496","BAM2574",-0.0916767767523917
"BAM4510","BAM2574",0.093719980699578
"BAM4521","BAM2574",0.118628081218938
"BAM4534","BAM2574",-0.345239546102342
"BAM4797","BAM2574",0.454507274491069
"BAM491","BAM2574",-0.0994943856163176
"BAM4928","BAM2574",0.155148326537958
"BAM5110","BAM2574",0.229341488215279
"BAM56","BAM2574",0.127487816436547
"BAM5779","BAM2574",0.148879761825972
"BAM5850","BAM2574",-0.290002621715324
"BAM6921","BAM2574",-0.267098953459277
"BAM712","BAM2574",0.0325717602976331
"BAM742","BAM2574",0.00277747906321171
"BAM7429","BAM2574",0.102241670632
"BAM7449","BAM2574",-0.335595850540845
"BAM747","BAM2574",0.0123275520083963
"BAM759","BAM2574",-0.306602195381482
"BAM766","BAM2574",0.0110563010593032
"BAM807","BAM2574",0.155166790612345
"BAM811","BAM2574",-0.155548795036886
"BAM812","BAM2574",0.260325840934577
"BAM819","BAM2574",0.233489552684974
"BAM8296","BAM2574",-0.222112166535562
"BAM8305","BAM2574",-0.298191794191147
"BAM8315","BAM2574",0.0791560026974452
"BAM8364","BAM2574",0.138098830374125
"BAMAWPYAN","BAM2574",0.105863134471026
"BENAMURI","BAM2574",0.370134394497617
"BLACKGORA","BAM2574",0.234756404216033
"CGR1656","BAM2574",-0.0660284468267112
"CGR1679","BAM2574",0.552675704966695
"CGR2012","BAM2574",0.510710136637848
"CO18","BAM2574",0.269508225706065
"CRDHAN-204","BAM2574",0.190162720431095
"CR143-2-2","BAM2574",-0.257202727640295
"CR262-4","BAM2574",-0.243417523699371
"CROSSA","BAM2574",0.519119029516494
"DULAR","BAM2574",-0.314658443321855
"EYPO","BAM2574",-0.159032600534344
"EYPO-2","BAM2574",0.184485872625382
"FULKATI","BAM2574",-0.309569434251556
"Ghanteswari","BAM2574",-0.187008997987252
"GHATIKAMMANANGARHAR","BAM2574",0.183173637876183
"GotrabiDhan","BAM2574",-0.225559286761808
"GP-145-37","BAM2574",0.539475256148561
"GP-145-51","BAM2574",0.102997434127653
"HARBHOONDI","BAM2574",0.17358777819179
"HongZuiEr","BAM2574",-0.194741774144834
"IndrabaruniDhan","BAM2574",-0.177631809648104
"IR74371-54-1-1","BAM2574",-0.267316964527015
"IR77298-14-1-2-10","BAM2574",-0.26890771146292
"IR77298-5-6-18","BAM2574",-0.276041760014842
"IR83383-B-B-129-4","BAM2574",-0.299328598063717
"IR83388-B-B108-3","BAM2574",-0.260210072743977
"IR87707-445-B-B","BAM2574",-0.273389494382608
"IR87707-446-B-B","BAM2574",-0.253684124405799
"IRROEPYO","BAM2574",0.137091172800489
"KALINGA-1","BAM2574",-0.18530458833134
"KANGRO","BAM2574",0.280794836654068
"KHAODAWTAI","BAM2574",0.281184476662521
"MANDRIRAVINA","BAM2574",0.273179787252065
"MAUDAMANI","BAM2574",0.291580581710857
"MOROBEREKAN","BAM2574",-0.363986034663321
"MTU1010","BAM2574",-0.285557994904997
"MTU9","BAM2574",0.282620152644329
"NERICA-L-26","BAM2574",-0.244704133597762
"NERICA-L-42","BAM2574",-0.251700195495522
"NERICA-L-44","BAM2574",-0.227673510027908
"PARIJAT","BAM2574",-0.222040850778232
"Patchaiperumal","BAM2574",-0.0700945295783684
"PEH-KUH-TSAO-TU","BAM2574",0.269220120483109
"PMK-2","BAM2574",-0.243011675581725
"PRASAD-1","BAM2574",0.212349780946879
"PUSASUGANDH5","BAM2574",-0.303434664215001
"PUSA1121","BAM2574",-0.247838172710369
"Pusa1121-SN12","BAM2574",-0.280659389781633
"PUSA44","BAM2574",-0.233836590709087
"PUSABASMATI6","BAM2574",0.146808279821237
"PUSASUGANDH2","BAM2574",0.239823133249769
"RASI","BAM2574",-0.206403154929318
"RKVY-104","BAM2574",-0.33789201425282
"RKVY-143","BAM2574",0.110192796687103
"RKVY-28","BAM2574",-0.292081006157474
"R-RF-44","BAM2574",-0.238950671317028
"RRF-78","BAM2574",-0.316272669094419
"Sadabahar","BAM2574",0.417414878360152
"SAFRI-17","BAM2574",0.19269795523659
"SAHBHAGIDHAN","BAM2574",-0.211050068000232
"SATABHAMA","BAM2574",0.183493589190917
"SERATOES","BAM2574",-0.322582826671642
"SERETY","BAM2574",0.298864568637631
"SHAKU","BAM2574",0.230267528789631
"SR1-3-1","BAM2574",0.205491458404325
"SUWEON","BAM2574",0.179561028364896
"SWARNA","BAM2574",-0.152188063420888
"VANAPRAVA","BAM2574",-0.310107991605346
"VANDANA","BAM2574",-0.299081720370314
"Wayrarem","BAM2574",-0.2437832558017
"281785","BAM2680",0.364831901705208
"282803","BAM2680",-0.0754461306731974
"299554","BAM2680",-0.227758875884746
"356457","BAM2680",-0.00271942444822781
"376579","BAM2680",0.197463286553619
"376851","BAM2680",0.214764010196148
"377448","BAM2680",-0.231413330112067
"377705","BAM2680",0.791499432546156
"384190","BAM2680",0.0406809555062008
"426049","BAM2680",0.000554319214892783
"438644","BAM2680",-0.0495469919184395
"ADAYSEL","BAM2680",-0.288194307374237
"AbhayaXDagadesi","BAM2680",-0.0729489844917065
"ABHISEK","BAM2680",0.292471914469868
"ABOR-A-1","BAM2680",-0.00269609119924128
"ANJALI","BAM2680",0.308821534629193
"Annada","BAM2680",0.00908868007464748
"Apo","BAM2680",-0.242987911394457
"ARC10319","BAM2680",-0.239445344542424
"ARC12071","BAM2680",0.150142716289452
"ARNAPURNA","BAM2680",0.196252626786702
"ASD16","BAM2680",0.356807645022963
"AUS257","BAM2680",0.285040966891492
"BAKAL","BAM2680",-0.352224962856379
"BAM1057","BAM2680",-0.420045163680755
"BAM1098","BAM2680",-0.311311414791315
"BAM1659","BAM2680",0.196009427258709
"BAM1689","BAM2680",-0.393300659850175
"BAM1708","BAM2680",-0.391875118097423
"BAM1812","BAM2680",-0.254513857699203
"BAM2096","BAM2680",0.164817841137353
"BAM2166","BAM2680",0.0793415110292487
"BAM247","BAM2680",-0.025969191088841
"BAM2574","BAM2680",0.2456998523035
"BAM2680","BAM2680",1.40360678877104
"BAM3154","BAM2680",-0.242803480080343
"BAM3181","BAM2680",0.212082578180131
"BAM326","BAM2680",0.191510622475394
"BAM328","BAM2680",-0.257961730931328
"BAM350","BAM2680",-0.312935097923518
"BAM3690","BAM2680",0.279161745627827
"BAM4009","BAM2680",-0.424443248108966
"BAM4054","BAM2680",0.39202504220366
"BAM4138","BAM2680",0.0160457161901644
"BAM4168","BAM2680",0.113701912123535
"BAM4234","BAM2680",0.174157683765841
"BAM4254","BAM2680",0.177846211701798
"BAM4477","BAM2680",0.258678822652182
"BAM4496","BAM2680",-0.229225966879078
"BAM4510","BAM2680",0.029248520523746
"BAM4521","BAM2680",0.0143986055369404
"BAM4534","BAM2680",-0.389310120296923
"BAM4797","BAM2680",0.202491421084639
"BAM491","BAM2680",-0.330781103422155
"BAM4928","BAM2680",0.103168253166091
"BAM5110","BAM2680",0.322833128808776
"BAM56","BAM2680",-0.00403715046587517
"BAM5779","BAM2680",0.101924958777964
"BAM5850","BAM2680",-0.425801715725059
"BAM6921","BAM2680",-0.19463097410485
"BAM712","BAM2680",0.0103464954746991
"BAM742","BAM2680",0.0118548831835857
"BAM7429","BAM2680",-0.209049851576487
"BAM7449","BAM2680",-0.395979071254755
"BAM747","BAM2680",0.0091306555443004
"BAM759","BAM2680",-0.22438039993651
"BAM766","BAM2680",0.0106944512078691
"BAM807","BAM2680",0.102713322659967
"BAM811","BAM2680",-0.16068150335503
"BAM812","BAM2680",0.290083786689612
"BAM819","BAM2680",0.684308535125962
"BAM8296","BAM2680",-0.103585409150471
"BAM8305","BAM2680",-0.115717937068844
"BAM8315","BAM2680",0.0469308334227159
"BAM8364","BAM2680",0.412042148530872
"BAMAWPYAN","BAM2680",0.0686099739707755
"BENAMURI","BAM2680",0.245595568705218
"BLACKGORA","BAM2680",0.298088090264336
"CGR1656","BAM2680",-0.194440041927266
"CGR1679","BAM2680",0.239875785198531
"CGR2012","BAM2680",0.178967679335335
"CO18","BAM2680",0.156046542233355
"CRDHAN-204","BAM2680",0.202577327482139
"CR143-2-2","BAM2680",-0.224760941816989
"CR262-4","BAM2680",-0.222267090069221
"CROSSA","BAM2680",0.210581026897305
"DULAR","BAM2680",-0.428684198200468
"EYPO","BAM2680",-0.180536885642331
"EYPO-2","BAM2680",0.435498615501556
"FULKATI","BAM2680",-0.382392490739607
"Ghanteswari","BAM2680",0.010255749538961
"GHATIKAMMANANGARHAR","BAM2680",0.329845737772664
"GotrabiDhan","BAM2680",-0.0220134159175442
"GP-145-37","BAM2680",0.253759822089534
"GP-145-51","BAM2680",-0.198365844689731
"HARBHOONDI","BAM2680",0.20503908254364
"HongZuiEr","BAM2680",0.167727430962948
"IndrabaruniDhan","BAM2680",-0.176373416069567
"IR74371-54-1-1","BAM2680",-0.24932318549019
"IR77298-14-1-2-10","BAM2680",-0.225302476491959
"IR77298-5-6-18","BAM2680",-0.186108888702313
"IR83383-B-B-129-4","BAM2680",-0.186451342697478
"IR83388-B-B108-3","BAM2680",-0.219840127800848
"IR87707-445-B-B","BAM2680",-0.172691875439255
"IR87707-446-B-B","BAM2680",-0.198699275526165
"IRROEPYO","BAM2680",0.080071340312239
"KALINGA-1","BAM2680",-0.0213424085614428
"KANGRO","BAM2680",0.142866001028052
"KHAODAWTAI","BAM2680",0.477617796602645
"MANDRIRAVINA","BAM2680",0.159769766252029
"MAUDAMANI","BAM2680",0.302495721522842
"MOROBEREKAN","BAM2680",-0.299037165991808
"MTU1010","BAM2680",-0.144076005556682
"MTU9","BAM2680",0.150765633633796
"NERICA-L-26","BAM2680",-0.278461027429123
"NERICA-L-42","BAM2680",-0.293636313204508
"NERICA-L-44","BAM2680",-0.144732933229161
"PARIJAT","BAM2680",0.0183990710942524
"Patchaiperumal","BAM2680",-0.250781849551123
"PEH-KUH-TSAO-TU","BAM2680",0.144960287415498
"PMK-2","BAM2680",-0.00139260632453975
"PRASAD-1","BAM2680",0.290000606892952
"PUSASUGANDH5","BAM2680",-0.151673495937608
"PUSA1121","BAM2680",-0.284517981077083
"Pusa1121-SN12","BAM2680",-0.275173736188944
"PUSA44","BAM2680",-0.0588733525213049
"PUSABASMATI6","BAM2680",0.156428196869112
"PUSASUGANDH2","BAM2680",0.22777165225255
"RASI","BAM2680",-0.122552020773545
"RKVY-104","BAM2680",-0.400644127730171
"RKVY-143","BAM2680",-0.250713642633843
"RKVY-28","BAM2680",-0.378119390701474
"R-RF-44","BAM2680",-0.223056214868362
"RRF-78","BAM2680",-0.202586220885355
"Sadabahar","BAM2680",0.20589295547759
"SAFRI-17","BAM2680",0.347277778899044
"SAHBHAGIDHAN","BAM2680",0.0215372909691987
"SATABHAMA","BAM2680",0.216915637799372
"SERATOES","BAM2680",-0.388100754857337
"SERETY","BAM2680",0.179045095960812
"SHAKU","BAM2680",0.220841055462325
"SR1-3-1","BAM2680",0.283823410378641
"SUWEON","BAM2680",0.218741226987801
"SWARNA","BAM2680",-0.224119991698335
"VANAPRAVA","BAM2680",-0.415353285330201
"VANDANA","BAM2680",-0.325063724759689
"Wayrarem","BAM2680",-0.246639394553773
"281785","BAM3154",-0.198236536063416
"282803","BAM3154",0.170127534185729
"299554","BAM3154",0.199764166584459
"356457","BAM3154",0.165026508336761
"376579","BAM3154",-0.086757095737957
"376851","BAM3154",-0.0641332697236628
"377448","BAM3154",0.322485852311887
"377705","BAM3154",0.145284514017393
"384190","BAM3154",-0.348336866617773
"426049","BAM3154",0.160122261803852
"438644","BAM3154",0.15601039548008
"ADAYSEL","BAM3154",0.0814331400390673
"AbhayaXDagadesi","BAM3154",0.0836937718075326
"ABHISEK","BAM3154",-0.169147028172346
"ABOR-A-1","BAM3154",0.134025344483965
"ANJALI","BAM3154",-0.107847114617406
"Annada","BAM3154",-0.359626983297281
"Apo","BAM3154",0.299674092197556
"ARC10319","BAM3154",0.165622825908088
"ARC12071","BAM3154",-0.226930872425593
"ARNAPURNA","BAM3154",-0.189934223653519
"ASD16","BAM3154",-0.162044669166366
"AUS257","BAM3154",-0.0946824936474718
"BAKAL","BAM3154",0.000792649557671022
"BAM1057","BAM3154",-0.00364079717817566
"BAM1098","BAM3154",-0.00949816126168864
"BAM1659","BAM3154",-0.142623323747358
"BAM1689","BAM3154",-0.00509904407316036
"BAM1708","BAM3154",-0.00875121880499849
"BAM1812","BAM3154",0.247131474110851
"BAM2096","BAM3154",-0.0720638802319686
"BAM2166","BAM3154",-0.358932740679524
"BAM247","BAM3154",0.24060890116779
"BAM2574","BAM3154",-0.136609743731382
"BAM2680","BAM3154",-0.242803480080343
"BAM3154","BAM3154",1.13670737078471
"BAM3181","BAM3154",-0.163700887019618
"BAM326","BAM3154",-0.0179245856900067
"BAM328","BAM3154",0.31256377511285
"BAM350","BAM3154",0.132537425950627
"BAM3690","BAM3154",0.162457226401816
"BAM4009","BAM3154",-0.0517010229827734
"BAM4054","BAM3154",-0.167180056245548
"BAM4138","BAM3154",-0.394506249002275
"BAM4168","BAM3154",-0.261651393096419
"BAM4234","BAM3154",-0.194914193825598
"BAM4254","BAM3154",-0.201534657804656
"BAM4477","BAM3154",0.178947328296254
"BAM4496","BAM3154",0.179851135250411
"BAM4510","BAM3154",-0.359003444916912
"BAM4521","BAM3154",-0.365571040134845
"BAM4534","BAM3154",-0.000978885162366485
"BAM4797","BAM3154",-0.168254311001095
"BAM491","BAM3154",0.155700377348618
"BAM4928","BAM3154",-0.316914021335414
"BAM5110","BAM3154",-0.139578808598159
"BAM56","BAM3154",-0.339295790756152
"BAM5779","BAM3154",-0.307339325001416
"BAM5850","BAM3154",-0.0238395161199354
"BAM6921","BAM3154",0.480384429957425
"BAM712","BAM3154",-0.350491898617764
"BAM742","BAM3154",-0.344838913940511
"BAM7429","BAM3154",0.353077748756479
"BAM7449","BAM3154",-0.02584292900502
"BAM747","BAM3154",-0.348225593926308
"BAM759","BAM3154",0.0990688733913174
"BAM766","BAM3154",-0.346322522337079
"BAM807","BAM3154",-0.307442000673838
"BAM811","BAM3154",0.244976598024504
"BAM812","BAM3154",-0.148319420489305
"BAM819","BAM3154",-0.177824448195154
"BAM8296","BAM3154",0.221053206420869
"BAM8305","BAM3154",0.108902179844512
"BAM8315","BAM3154",-0.353410263855496
"BAM8364","BAM3154",-0.222521233483237
"BAMAWPYAN","BAM3154",-0.364950407220731
"BENAMURI","BAM3154",-0.188665861776089
"BLACKGORA","BAM3154",-0.159897987141304
"CGR1656","BAM3154",0.181319888804419
"CGR1679","BAM3154",-0.0928187388280751
"CGR2012","BAM3154",-0.0903072320067326
"CO18","BAM3154",-0.226686873001116
"CRDHAN-204","BAM3154",-0.145661438800895
"CR143-2-2","BAM3154",0.293346178753025
"CR262-4","BAM3154",0.282562668656785
"CROSSA","BAM3154",-0.0946283266496449
"DULAR","BAM3154",-0.0351400338658008
"EYPO","BAM3154",0.231973927575492
"EYPO-2","BAM3154",-0.227097202130226
"FULKATI","BAM3154",-0.00354599232747785
"Ghanteswari","BAM3154",0.115581822717877
"GHATIKAMMANANGARHAR","BAM3154",-0.158167349163696
"GotrabiDhan","BAM3154",0.219973052198645
"GP-145-37","BAM3154",-0.0737593470118374
"GP-145-51","BAM3154",0.293807581526467
"HARBHOONDI","BAM3154",-0.117959013732109
"HongZuiEr","BAM3154",0.137409949440856
"IndrabaruniDhan","BAM3154",0.195378530990652
"IR74371-54-1-1","BAM3154",0.358593904917291
"IR77298-14-1-2-10","BAM3154",0.259900925614031
"IR77298-5-6-18","BAM3154",0.131489659653989
"IR83383-B-B-129-4","BAM3154",0.166152010416551
"IR83388-B-B108-3","BAM3154",0.265141363567453
"IR87707-445-B-B","BAM3154",0.180829154367323
"IR87707-446-B-B","BAM3154",0.194084993845085
"IRROEPYO","BAM3154",-0.333046900707581
"KALINGA-1","BAM3154",0.174985463192407
"KANGRO","BAM3154",-0.225048845960854
"KHAODAWTAI","BAM3154",-0.0872077223649365
"MANDRIRAVINA","BAM3154",-0.2273256885136
"MAUDAMANI","BAM3154",-0.175972521478354
"MOROBEREKAN","BAM3154",-0.0206745981581371
"MTU1010","BAM3154",0.155867030988651
"MTU9","BAM3154",-0.236478070526875
"NERICA-L-26","BAM3154",0.475059733671875
"NERICA-L-42","BAM3154",0.475230435522807
"NERICA-L-44","BAM3154",0.281922307634423
"PARIJAT","BAM3154",0.163594363694637
"Patchaiperumal","BAM3154",0.234901993829394
"PEH-KUH-TSAO-TU","BAM3154",-0.224768279547476
"PMK-2","BAM3154",0.137701060822912
"PRASAD-1","BAM3154",-0.20563096946463
"PUSASUGANDH5","BAM3154",0.124903822036636
"PUSA1121","BAM3154",0.0894304173662424
"Pusa1121-SN12","BAM3154",0.0683285954996263
"PUSA44","BAM3154",0.227133711123307
"PUSABASMATI6","BAM3154",-0.264935876434298
"PUSASUGANDH2","BAM3154",-0.163123766310944
"RASI","BAM3154",0.193244147650856
"RKVY-104","BAM3154",-0.0494236658840029
"RKVY-143","BAM3154",0.353885776288855
"RKVY-28","BAM3154",-0.00631131062681337
"R-RF-44","BAM3154",0.176340077986428
"RRF-78","BAM3154",0.100689454892237
"Sadabahar","BAM3154",0.00872841794956367
"SAFRI-17","BAM3154",-0.141016225351733
"SAHBHAGIDHAN","BAM3154",0.163551513768343
"SATABHAMA","BAM3154",-0.113946030157295
"SERATOES","BAM3154",-0.0264380661370792
"SERETY","BAM3154",-0.20219222478817
"SHAKU","BAM3154",-0.160726443119548
"SR1-3-1","BAM3154",-0.147741207676554
"SUWEON","BAM3154",-0.203279598151279
"SWARNA","BAM3154",0.239543350143216
"VANAPRAVA","BAM3154",-0.0135087583369351
"VANDANA","BAM3154",0.253288930705145
"Wayrarem","BAM3154",0.291639513248013
"281785","BAM3181",0.167042330561098
"282803","BAM3181",-0.272492655932071
"299554","BAM3181",-0.255322468773731
"356457","BAM3181",-0.211961025585884
"376579","BAM3181",0.402120487219849
"376851","BAM3181",0.466931115105893
"377448","BAM3181",-0.0526434245236648
"377705","BAM3181",-0.199804141724528
"384190","BAM3181",0.0406338849027263
"426049","BAM3181",-0.21300081800741
"438644","BAM3181",-0.258133539410592
"ADAYSEL","BAM3181",-0.22221820751552
"AbhayaXDagadesi","BAM3181",-0.25634614089783
"ABHISEK","BAM3181",0.146248432752565
"ABOR-A-1","BAM3181",-0.179344005547089
"ANJALI","BAM3181",0.150961706005365
"Annada","BAM3181",0.067893853069403
"Apo","BAM3181",-0.239365780219969
"ARC10319","BAM3181",0.00231314200777762
"ARC12071","BAM3181",0.393135758952312
"ARNAPURNA","BAM3181",0.685747839838559
"ASD16","BAM3181",0.264372782928353
"AUS257","BAM3181",0.190435242538872
"BAKAL","BAM3181",-0.328942862736013
"BAM1057","BAM3181",-0.294500996850678
"BAM1098","BAM3181",-0.302518267702083
"BAM1659","BAM3181",0.398949900178497
"BAM1689","BAM3181",-0.301618123682056
"BAM1708","BAM3181",-0.31330869982184
"BAM1812","BAM3181",-0.043412077694265
"BAM2096","BAM3181",0.381018292776861
"BAM2166","BAM3181",0.0762350054362899
"BAM247","BAM3181",-0.0991943997188057
"BAM2574","BAM3181",0.36841688935938
"BAM2680","BAM3181",0.212082578180131
"BAM3154","BAM3181",-0.163700887019618
"BAM3181","BAM3181",1.44212691383224
"BAM326","BAM3181",0.439848035991206
"BAM328","BAM3181",-0.0325953348142458
"BAM350","BAM3181",-0.142534033399196
"BAM3690","BAM3181",-0.160932511170259
"BAM4009","BAM3181",-0.298951604908126
"BAM4054","BAM3181",0.175985439205089
"BAM4138","BAM3181",0.0954502110197642
"BAM4168","BAM3181",0.132055348906203
"BAM4234","BAM3181",0.14915300664885
"BAM4254","BAM3181",0.160638444364698
"BAM4477","BAM3181",-0.14965022383016
"BAM4496","BAM3181",0.177138428241394
"BAM4510","BAM3181",0.0949731744489174
"BAM4521","BAM3181",0.103928510846306
"BAM4534","BAM3181",-0.314616589100603
"BAM4797","BAM3181",0.460808045564307
"BAM491","BAM3181",-0.153373140332355
"BAM4928","BAM3181",0.101412957678918
"BAM5110","BAM3181",0.132328481731834
"BAM56","BAM3181",0.0674093760833291
"BAM5779","BAM3181",0.117576949026909
"BAM5850","BAM3181",-0.306889207362032
"BAM6921","BAM3181",-0.299931101892457
"BAM712","BAM3181",0.0551654677844847
"BAM742","BAM3181",0.0582573825408119
"BAM7429","BAM3181",-0.0035163612043742
"BAM7449","BAM3181",-0.276713041581417
"BAM747","BAM3181",0.047629909958936
"BAM759","BAM3181",-0.302593157958921
"BAM766","BAM3181",0.065423207154751
"BAM807","BAM3181",0.122270541471885
"BAM811","BAM3181",-0.1557458514461
"BAM812","BAM3181",0.283249252407803
"BAM819","BAM3181",0.24709114796919
"BAM8296","BAM3181",-0.291875496094697
"BAM8305","BAM3181",-0.276878080061329
"BAM8315","BAM3181",0.0961876793001088
"BAM8364","BAM3181",0.176290390686357
"BAMAWPYAN","BAM3181",0.106690739140859
"BENAMURI","BAM3181",0.621826727291522
"BLACKGORA","BAM3181",0.161704471907816
"CGR1656","BAM3181",0.188736698284745
"CGR1679","BAM3181",0.421839838866702
"CGR2012","BAM3181",0.395467271567342
"CO18","BAM3181",0.391460578351238
"CRDHAN-204","BAM3181",0.147648811458491
"CR143-2-2","BAM3181",-0.294059622711456
"CR262-4","BAM3181",-0.286083505037094
"CROSSA","BAM3181",0.46438500726499
"DULAR","BAM3181",-0.345193326345157
"EYPO","BAM3181",-0.158168006806713
"EYPO-2","BAM3181",0.242168933026839
"FULKATI","BAM3181",-0.288782017957252
"Ghanteswari","BAM3181",-0.0384312092159787
"GHATIKAMMANANGARHAR","BAM3181",0.186904556621571
"GotrabiDhan","BAM3181",-0.141667452254631
"GP-145-37","BAM3181",0.415533344884351
"GP-145-51","BAM3181",-0.0198600692689074
"HARBHOONDI","BAM3181",0.121766085819384
"HongZuiEr","BAM3181",-0.151800966965978
"IndrabaruniDhan","BAM3181",-0.214325148684292
"IR74371-54-1-1","BAM3181",-0.281492273042929
"IR77298-14-1-2-10","BAM3181",-0.264234154272521
"IR77298-5-6-18","BAM3181",-0.315495997707224
"IR83383-B-B-129-4","BAM3181",-0.327784273165563
"IR83388-B-B108-3","BAM3181",-0.284907995665191
"IR87707-445-B-B","BAM3181",-0.31744677518755
"IR87707-446-B-B","BAM3181",-0.26230384025421
"IRROEPYO","BAM3181",0.108439147058188
"KALINGA-1","BAM3181",-0.188877875973337
"KANGRO","BAM3181",0.392534773062641
"KHAODAWTAI","BAM3181",0.217204671682375
"MANDRIRAVINA","BAM3181",0.376133860274682
"MAUDAMANI","BAM3181",0.22241942736586
"MOROBEREKAN","BAM3181",-0.350825242971265
"MTU1010","BAM3181",-0.289132198389862
"MTU9","BAM3181",0.400393512504026
"NERICA-L-26","BAM3181",-0.318929335274383
"NERICA-L-42","BAM3181",-0.321426350744355
"NERICA-L-44","BAM3181",-0.244215784262985
"PARIJAT","BAM3181",-0.267012269030077
"Patchaiperumal","BAM3181",0.0414341364078758
"PEH-KUH-TSAO-TU","BAM3181",0.388540642144801
"PMK-2","BAM3181",-0.171119546865552
"PRASAD-1","BAM3181",0.179611431382737
"PUSASUGANDH5","BAM3181",-0.257838418060685
"PUSA1121","BAM3181",-0.31192404656795
"Pusa1121-SN12","BAM3181",-0.30207572163782
"PUSA44","BAM3181",-0.294733934333138
"PUSABASMATI6","BAM3181",0.121936284553447
"PUSASUGANDH2","BAM3181",0.208253569838285
"RASI","BAM3181",-0.231148518135596
"RKVY-104","BAM3181",-0.339697925773736
"RKVY-143","BAM3181",0.0120613240073288
"RKVY-28","BAM3181",-0.316033311421844
"R-RF-44","BAM3181",-0.284929046329936
"RRF-78","BAM3181",-0.277244141772834
"Sadabahar","BAM3181",0.381173361484143
"SAFRI-17","BAM3181",0.136607678271844
"SAHBHAGIDHAN","BAM3181",-0.257895738458749
"SATABHAMA","BAM3181",0.134490706380238
"SERATOES","BAM3181",-0.299653960276462
"SERETY","BAM3181",0.377540681004432
"SHAKU","BAM3181",0.226128194469328
"SR1-3-1","BAM3181",0.11421288854828
"SUWEON","BAM3181",0.203783119277299
"SWARNA","BAM3181",-0.20370230662235
"VANAPRAVA","BAM3181",-0.295653290438157
"VANDANA","BAM3181",-0.229532036574832
"Wayrarem","BAM3181",-0.246936733298137
"281785","BAM326",0.227396940302006
"282803","BAM326",-0.201505555837006
"299554","BAM326",-0.243549251566024
"356457","BAM326",-0.221888002330552
"376579","BAM326",0.649095136376364
"376851","BAM326",0.589153259455692
"377448","BAM326",0.0428362938818035
"377705","BAM326",-0.221870230499697
"384190","BAM326",0.0648053759024313
"426049","BAM326",-0.220460541361646
"438644","BAM326",-0.18923435640323
"ADAYSEL","BAM326",-0.264105571034112
"AbhayaXDagadesi","BAM326",-0.26729884936448
"ABHISEK","BAM326",0.155970620173397
"ABOR-A-1","BAM326",-0.20155408387685
"ANJALI","BAM326",0.179629060292341
"Annada","BAM326",-0.0214341076529143
"Apo","BAM326",-0.311346553878239
"ARC10319","BAM326",-0.113664321559605
"ARC12071","BAM326",0.333364771945857
"ARNAPURNA","BAM326",0.428765948072054
"ASD16","BAM326",0.225989364846069
"AUS257","BAM326",0.148889034428988
"BAKAL","BAM326",-0.32591573267503
"BAM1057","BAM326",-0.288080917765297
"BAM1098","BAM326",-0.361723030617256
"BAM1659","BAM326",0.341066656890268
"BAM1689","BAM326",-0.247890491763889
"BAM1708","BAM326",-0.359666158950017
"BAM1812","BAM326",0.118695072268217
"BAM2096","BAM326",0.469435465550754
"BAM2166","BAM326",0.0619217989298395
"BAM247","BAM326",-0.200741060627134
"BAM2574","BAM326",0.500548880651596
"BAM2680","BAM326",0.191510622475394
"BAM3154","BAM326",-0.0179245856900067
"BAM3181","BAM326",0.439848035991206
"BAM326","BAM326",1.22388667365483
"BAM328","BAM326",0.0159566382218788
"BAM350","BAM326",-0.0995390783428342
"BAM3690","BAM326",-0.19060521078413
"BAM4009","BAM326",-0.367063356231557
"BAM4054","BAM326",0.208807394525998
"BAM4138","BAM326",0.0722273313500809
"BAM4168","BAM326",0.103230358414579
"BAM4234","BAM326",0.135867096423047
"BAM4254","BAM326",0.138328330807848
"BAM4477","BAM326",-0.18058234768378
"BAM4496","BAM326",-0.0544251123920012
"BAM4510","BAM326",0.128870589764416
"BAM4521","BAM326",0.0684908851942804
"BAM4534","BAM326",-0.294125672470198
"BAM4797","BAM326",0.429274247091548
"BAM491","BAM326",-0.0773099505895355
"BAM4928","BAM326",0.100249416626655
"BAM5110","BAM326",0.190212806363203
"BAM56","BAM326",0.0836708139073014
"BAM5779","BAM326",0.0552097110413857
"BAM5850","BAM326",-0.305133758805556
"BAM6921","BAM326",-0.264063086359599
"BAM712","BAM326",-0.0111122192391482
"BAM742","BAM326",-0.00648068708594672
"BAM7429","BAM326",0.182551627709048
"BAM7449","BAM326",-0.335694233788951
"BAM747","BAM326",-0.0107370042779818
"BAM759","BAM326",-0.298581048302079
"BAM766","BAM326",-0.0142894080317801
"BAM807","BAM326",0.0378186297279821
"BAM811","BAM326",-0.205600790952959
"BAM812","BAM326",0.200776386918335
"BAM819","BAM326",0.208605334901251
"BAM8296","BAM326",-0.245462175053826
"BAM8305","BAM326",-0.279455530491991
"BAM8315","BAM326",0.0117642563475783
"BAM8364","BAM326",0.171627583724159
"BAMAWPYAN","BAM326",0.0982830627237858
"BENAMURI","BAM326",0.368202507164426
"BLACKGORA","BAM326",0.195806902116379
"CGR1656","BAM326",-0.0494392703083004
"CGR1679","BAM326",0.632908303973159
"CGR2012","BAM326",0.583251657138178
"CO18","BAM326",0.340075450707368
"CRDHAN-204","BAM326",0.148127976344442
"CR143-2-2","BAM326",-0.27040398526375
"CR262-4","BAM326",-0.257322843415314
"CROSSA","BAM326",0.614664432979709
"DULAR","BAM326",-0.346803361965538
"EYPO","BAM326",-0.0276926353489929
"EYPO-2","BAM326",0.209861203448657
"FULKATI","BAM326",-0.293079938903623
"Ghanteswari","BAM326",-0.181706345444133
"GHATIKAMMANANGARHAR","BAM326",0.130478460854238
"GotrabiDhan","BAM326",-0.198662639981365
"GP-145-37","BAM326",0.599811493771578
"GP-145-51","BAM326",0.199142422495717
"HARBHOONDI","BAM326",0.133779899600038
"HongZuiEr","BAM326",-0.168362340699742
"IndrabaruniDhan","BAM326",-0.163481551870973
"IR74371-54-1-1","BAM326",-0.250612863247768
"IR77298-14-1-2-10","BAM326",-0.230658117399205
"IR77298-5-6-18","BAM326",-0.301285140890667
"IR83383-B-B-129-4","BAM326",-0.267763358635504
"IR83388-B-B108-3","BAM326",-0.25846525311291
"IR87707-445-B-B","BAM326",-0.286086761584605
"IR87707-446-B-B","BAM326",-0.247871265309594
"IRROEPYO","BAM326",0.101877165342262
"KALINGA-1","BAM326",-0.205219476767754
"KANGRO","BAM326",0.329805809967871
"KHAODAWTAI","BAM326",0.239176379893363
"MANDRIRAVINA","BAM326",0.338324422155723
"MAUDAMANI","BAM326",0.202839709699303
"MOROBEREKAN","BAM326",-0.416143205890368
"MTU1010","BAM326",-0.264957492140403
"MTU9","BAM326",0.328128762969179
"NERICA-L-26","BAM326",-0.23342672271627
"NERICA-L-42","BAM326",-0.234636395371258
"NERICA-L-44","BAM326",-0.231004608213209
"PARIJAT","BAM326",-0.248458889072144
"Patchaiperumal","BAM326",-0.0207054964690043
"PEH-KUH-TSAO-TU","BAM326",0.345253823176693
"PMK-2","BAM326",-0.198946282782218
"PRASAD-1","BAM326",0.133892694187194
"PUSASUGANDH5","BAM326",-0.308542597713405
"PUSA1121","BAM326",-0.355069222879488
"Pusa1121-SN12","BAM326",-0.379005555763141
"PUSA44","BAM326",-0.2886130079582
"PUSABASMATI6","BAM326",0.0658814868055535
"PUSASUGANDH2","BAM326",0.25167043018061
"RASI","BAM326",-0.234622238773053
"RKVY-104","BAM326",-0.346627882903463
"RKVY-143","BAM326",0.475129192616881
"RKVY-28","BAM326",-0.284187208251545
"R-RF-44","BAM326",-0.25510368891604
"RRF-78","BAM326",-0.281048054690641
"Sadabahar","BAM326",0.485180245571823
"SAFRI-17","BAM326",0.171459532956247
"SAHBHAGIDHAN","BAM326",-0.240930096758818
"SATABHAMA","BAM326",0.144583161390175
"SERATOES","BAM326",-0.304507554180946
"SERETY","BAM326",0.342686967969469
"SHAKU","BAM326",0.168142154002206
"SR1-3-1","BAM326",0.118628394029723
"SUWEON","BAM326",0.143410039953368
"SWARNA","BAM326",-0.177894260439168
"VANAPRAVA","BAM326",-0.288949578914845
"VANDANA","BAM326",-0.296439074184403
"Wayrarem","BAM326",-0.315332116636041
"281785","BAM328",-0.262243762568316
"282803","BAM328",0.0874206480886235
"299554","BAM328",0.113856228493837
"356457","BAM328",0.107171643260129
"376579","BAM328",0.0089566881024027
"376851","BAM328",0.0409669453833622
"377448","BAM328",0.397837698440291
"377705","BAM328",0.105824668264533
"384190","BAM328",-0.297399369344882
"426049","BAM328",0.101344009957104
"438644","BAM328",0.0957990565300808
"ADAYSEL","BAM328",0.140221582350181
"AbhayaXDagadesi","BAM328",0.0216965463106726
"ABHISEK","BAM328",-0.26085542739612
"ABOR-A-1","BAM328",0.164059397367676
"ANJALI","BAM328",-0.247339550333733
"Annada","BAM328",-0.341515065670753
"Apo","BAM328",0.125399908780557
"ARC10319","BAM328",0.2019734081721
"ARC12071","BAM328",-0.129413048366019
"ARNAPURNA","BAM328",-0.0404525718079041
"ASD16","BAM328",-0.216056618602391
"AUS257","BAM328",-0.226201563210669
"BAKAL","BAM328",0.053529299822236
"BAM1057","BAM328",0.101533484067151
"BAM1098","BAM328",0.0332754363281179
"BAM1659","BAM328",-0.120423182487853
"BAM1689","BAM328",0.0990016753795158
"BAM1708","BAM328",0.0804806706910256
"BAM1812","BAM328",0.360819321205619
"BAM2096","BAM328",0.059561558849357
"BAM2166","BAM328",-0.267698179869517
"BAM247","BAM328",0.214544776426242
"BAM2574","BAM328",-0.101604435852972
"BAM2680","BAM328",-0.257961730931328
"BAM3154","BAM328",0.31256377511285
"BAM3181","BAM328",-0.0325953348142458
"BAM326","BAM328",0.0159566382218788
"BAM328","BAM328",1.45632404723253
"BAM350","BAM328",0.265038357488647
"BAM3690","BAM328",0.206157068375958
"BAM4009","BAM328",0.0540920805726846
"BAM4054","BAM328",-0.190387727305351
"BAM4138","BAM328",-0.234861160688832
"BAM4168","BAM328",-0.174430971849825
"BAM4234","BAM328",-0.230733986871601
"BAM4254","BAM328",-0.244140099537461
"BAM4477","BAM328",0.228149180434796
"BAM4496","BAM328",0.306610595011664
"BAM4510","BAM328",-0.22004258633624
"BAM4521","BAM328",-0.328967942329582
"BAM4534","BAM328",0.138248618680865
"BAM4797","BAM328",-0.0672710012397293
"BAM491","BAM328",0.217152284530349
"BAM4928","BAM328",-0.31482604406324
"BAM5110","BAM328",-0.24880652949178
"BAM56","BAM328",-0.2796954093465
"BAM5779","BAM328",-0.36258747630453
"BAM5850","BAM328",0.17968241914945
"BAM6921","BAM328",0.131390471983817
"BAM712","BAM328",-0.341546172605627
"BAM742","BAM328",-0.324813945514817
"BAM7429","BAM328",0.404113061260812
"BAM7449","BAM328",0.150142379373739
"BAM747","BAM328",-0.350485550421576
"BAM759","BAM328",0.0483707467983777
"BAM766","BAM328",-0.325060737563107
"BAM807","BAM328",-0.36125092784644
"BAM811","BAM328",0.179592314840148
"BAM812","BAM328",-0.17822931558903
"BAM819","BAM328",-0.242622809113666
"BAM8296","BAM328",0.101175651319122
"BAM8305","BAM328",0.0607363239829647
"BAM8315","BAM328",-0.300289228159754
"BAM8364","BAM328",-0.2395116631905
"BAMAWPYAN","BAM328",-0.273949925195045
"BENAMURI","BAM328",-0.0404542675976124
"BLACKGORA","BAM328",-0.116325704314832
"CGR1656","BAM328",0.332207095676026
"CGR1679","BAM328",-0.0439791265714058
"CGR2012","BAM328",0.00900416468207609
"CO18","BAM328",-0.139656744086047
"CRDHAN-204","BAM328",-0.250872760691359
"CR143-2-2","BAM328",0.10763362846307
"CR262-4","BAM328",0.0964254545294426
"CROSSA","BAM328",-0.0154135115422995
"DULAR","BAM328",0.153323474512686
"EYPO","BAM328",0.206325537881939
"EYPO-2","BAM328",-0.181057884115193
"FULKATI","BAM328",0.131002581563383
"Ghanteswari","BAM328",0.179625237934651
"GHATIKAMMANANGARHAR","BAM328",-0.224600802895787
"GotrabiDhan","BAM328",0.171719257577557
"GP-145-37","BAM328",0.0154019571935084
"GP-145-51","BAM328",0.332849923548869
"HARBHOONDI","BAM328",-0.248073267093612
"HongZuiEr","BAM328",0.208292010307555
"IndrabaruniDhan","BAM328",0.150772693288689
"IR74371-54-1-1","BAM328",0.148766987180574
"IR77298-14-1-2-10","BAM328",0.113966427108734
"IR77298-5-6-18","BAM328",0.0240539525194371
"IR83383-B-B-129-4","BAM328",0.0269986189960318
"IR83388-B-B108-3","BAM328",0.128074587005255
"IR87707-445-B-B","BAM328",0.0189362314583171
"IR87707-446-B-B","BAM328",0.0960333985695191
"IRROEPYO","BAM328",-0.244664419828847
"KALINGA-1","BAM328",0.169884869606915
"KANGRO","BAM328",-0.131139947952774
"KHAODAWTAI","BAM328",-0.204821908164135
"MANDRIRAVINA","BAM328",-0.138704052710468
"MAUDAMANI","BAM328",-0.197951477170804
"MOROBEREKAN","BAM328",-0.0123231804166852
"MTU1010","BAM328",0.0566661319474801
"MTU9","BAM328",-0.129415085827016
"NERICA-L-26","BAM328",0.120205631160254
"NERICA-L-42","BAM328",0.1404570972691
"NERICA-L-44","BAM328",0.12365729514036
"PARIJAT","BAM328",0.0933165186694727
"Patchaiperumal","BAM328",0.332533298156886
"PEH-KUH-TSAO-TU","BAM328",-0.127085496319576
"PMK-2","BAM328",0.168107903631467
"PRASAD-1","BAM328",-0.209994282153281
"PUSASUGANDH5","BAM328",0.0807333959826731
"PUSA1121","BAM328",0.0409427796028721
"Pusa1121-SN12","BAM328",0.0454149906850133
"PUSA44","BAM328",0.0481137395937612
"PUSABASMATI6","BAM328",-0.307583539897183
"PUSASUGANDH2","BAM328",-0.193768072452502
"RASI","BAM328",0.166161066506571
"RKVY-104","BAM328",0.0745093516773652
"RKVY-143","BAM328",0.367812877840149
"RKVY-28","BAM328",0.0726216378624359
"R-RF-44","BAM328",0.0546637009033728
"RRF-78","BAM328",0.0904964279433195
"Sadabahar","BAM328",0.10243182282573
"SAFRI-17","BAM328",-0.155582400934969
"SAHBHAGIDHAN","BAM328",0.0960721875544677
"SATABHAMA","BAM328",-0.23758682125943
"SERATOES","BAM328",0.0893112942657936
"SERETY","BAM328",-0.117833973003532
"SHAKU","BAM328",-0.27828514618268
"SR1-3-1","BAM328",-0.236217444594229
"SUWEON","BAM328",-0.232849448408201
"SWARNA","BAM328",0.23659041483466
"VANAPRAVA","BAM328",0.0970009877395934
"VANDANA","BAM328",0.189382070479826
"Wayrarem","BAM328",0.113538967208572
"281785","BAM350",-0.320130396584758
"282803","BAM350",0.0282820274695411
"299554","BAM350",0.0412283632387774
"356457","BAM350",0.0559009834097345
"376579","BAM350",-0.0730064924758029
"376851","BAM350",-0.0965660582534288
"377448","BAM350",0.275077474485882
"377705","BAM350",0.0727481795404775
"384190","BAM350",-0.048238790426289
"426049","BAM350",0.060243389162124
"438644","BAM350",0.0245539634846512
"ADAYSEL","BAM350",0.219343364437782
"AbhayaXDagadesi","BAM350",0.0131060444712379
"ABHISEK","BAM350",-0.291881356690304
"ABOR-A-1","BAM350",0.082457163103311
"ANJALI","BAM350",-0.340760665059036
"Annada","BAM350",-0.287118014246735
"Apo","BAM350",0.0314745707210307
"ARC10319","BAM350",0.165191559176732
"ARC12071","BAM350",-0.211547235834963
"ARNAPURNA","BAM350",-0.150545569896031
"ASD16","BAM350",-0.31019458829209
"AUS257","BAM350",-0.30849421722554
"BAKAL","BAM350",0.353286701274512
"BAM1057","BAM350",0.758851447502004
"BAM1098","BAM350",0.22065035511783
"BAM1659","BAM350",-0.244672063792863
"BAM1689","BAM350",0.328684384521929
"BAM1708","BAM350",0.298195676405429
"BAM1812","BAM350",0.358290171951945
"BAM2096","BAM350",-0.121245674160905
"BAM2166","BAM350",-0.134589909164867
"BAM247","BAM350",0.104296304851286
"BAM2574","BAM350",-0.0755490273417739
"BAM2680","BAM350",-0.312935097923518
"BAM3154","BAM350",0.132537425950627
"BAM3181","BAM350",-0.142534033399196
"BAM326","BAM350",-0.0995390783428342
"BAM328","BAM350",0.265038357488647
"BAM350","BAM350",0.95605067950571
"BAM3690","BAM350",0.109497950713285
"BAM4009","BAM350",0.328170029881627
"BAM4054","BAM350",-0.334206371206035
"BAM4138","BAM350",0.0306515382257692
"BAM4168","BAM350",-0.144032956014991
"BAM4234","BAM350",-0.329517025009089
"BAM4254","BAM350",-0.331132678870021
"BAM4477","BAM350",0.105997286004946
"BAM4496","BAM350",0.227032749861678
"BAM4510","BAM350",0.0871393250926275
"BAM4521","BAM350",-0.0347814903708307
"BAM4534","BAM350",0.389219957798843
"BAM4797","BAM350",-0.0776982096896042
"BAM491","BAM350",0.363564817304653
"BAM4928","BAM350",-0.0786603415939705
"BAM5110","BAM350",-0.328078914191387
"BAM56","BAM350",0.02211021518313
"BAM5779","BAM350",-0.255174616251457
"BAM5850","BAM350",0.425095250115287
"BAM6921","BAM350",0.0343624476571465
"BAM712","BAM350",-0.292661493692429
"BAM742","BAM350",-0.286390484173324
"BAM7429","BAM350",0.315428580215267
"BAM7449","BAM350",0.374844426486225
"BAM747","BAM350",-0.298766849131724
"BAM759","BAM350",0.266689670099108
"BAM766","BAM350",-0.281105565826612
"BAM807","BAM350",-0.258974373991047
"BAM811","BAM350",0.145990310626635
"BAM812","BAM350",-0.235817100046776
"BAM819","BAM350",-0.302734127001507
"BAM8296","BAM350",0.0170746821750446
"BAM8305","BAM350",0.0262373958601089
"BAM8315","BAM350",-0.205264557305292
"BAM8364","BAM350",-0.289731375464502
"BAMAWPYAN","BAM350",-0.0354121930549512
"BENAMURI","BAM350",-0.145635021389593
"BLACKGORA","BAM350",-0.31085231350885
"CGR1656","BAM350",0.251797950558977
"CGR1679","BAM350",-0.10019616739184
"CGR2012","BAM350",-0.0645745551073112
"CO18","BAM350",-0.206568427407449
"CRDHAN-204","BAM350",-0.329342521427261
"CR143-2-2","BAM350",0.0440173137599006
"CR262-4","BAM350",0.0255160459237594
"CROSSA","BAM350",-0.0782571706142457
"DULAR","BAM350",0.388948108627186
"EYPO","BAM350",0.229586695016613
"EYPO-2","BAM350",-0.278976968479034
"FULKATI","BAM350",0.351950597406121
"Ghanteswari","BAM350",0.131274921901945
"GHATIKAMMANANGARHAR","BAM350",-0.302976026410947
"GotrabiDhan","BAM350",0.0824860145143595
"GP-145-37","BAM350",-0.0569799772637186
"GP-145-51","BAM350",0.299498686202429
"HARBHOONDI","BAM350",-0.321382323434341
"HongZuiEr","BAM350",0.128606679019658
"IndrabaruniDhan","BAM350",0.0486999990955285
"IR74371-54-1-1","BAM350",0.0195505536346969
"IR77298-14-1-2-10","BAM350",0.0389782983897238
"IR77298-5-6-18","BAM350",0.0426523350440981
"IR83383-B-B-129-4","BAM350",0.00964424861942185
"IR83388-B-B108-3","BAM350",0.0358859637926756
"IR87707-445-B-B","BAM350",0.0227147303303395
"IR87707-446-B-B","BAM350",0.0487199923820643
"IRROEPYO","BAM350",-0.00659683473572883
"KALINGA-1","BAM350",0.0925886970196987
"KANGRO","BAM350",-0.208993803180656
"KHAODAWTAI","BAM350",-0.282175970787144
"MANDRIRAVINA","BAM350",-0.196618384046432
"MAUDAMANI","BAM350",-0.299680517958073
"MOROBEREKAN","BAM350",0.0557269002411753
"MTU1010","BAM350",0.0113663254470887
"MTU9","BAM350",-0.210325867911318
"NERICA-L-26","BAM350",0.0252925313525393
"NERICA-L-42","BAM350",0.0302231696451936
"NERICA-L-44","BAM350",0.0819366907879151
"PARIJAT","BAM350",0.0507050135066671
"Patchaiperumal","BAM350",0.24709741656681
"PEH-KUH-TSAO-TU","BAM350",-0.207912153476978
"PMK-2","BAM350",0.0972556322680266
"PRASAD-1","BAM350",-0.336047178995726
"PUSASUGANDH5","BAM350",0.0160515592607377
"PUSA1121","BAM350",0.153797325793081
"Pusa1121-SN12","BAM350",0.153324079116159
"PUSA44","BAM350",-0.00372469504845378
"PUSABASMATI6","BAM350",-0.315859689491975
"PUSASUGANDH2","BAM350",-0.32299744908559
"RASI","BAM350",0.126368738683677
"RKVY-104","BAM350",0.34442325090893
"RKVY-143","BAM350",0.303635443214102
"RKVY-28","BAM350",0.457905602324314
"R-RF-44","BAM350",0.0101950569368249
"RRF-78","BAM350",0.172902600569719
"Sadabahar","BAM350",-0.10157355313784
"SAFRI-17","BAM350",-0.293522012727003
"SAHBHAGIDHAN","BAM350",0.0554505001340764
"SATABHAMA","BAM350",-0.339702150347599
"SERATOES","BAM350",0.438560455531504
"SERETY","BAM350",-0.204581492402897
"SHAKU","BAM350",-0.28066534338541
"SR1-3-1","BAM350",-0.319781780201103
"SUWEON","BAM350",-0.261769699116947
"SWARNA","BAM350",0.09763671667522
"VANAPRAVA","BAM350",0.759702775828531
"VANDANA","BAM350",0.232248685421989
"Wayrarem","BAM350",0.0330706330783418
"281785","BAM3690",-0.112127422073893
"282803","BAM3690",0.282897557362056
"299554","BAM3690",0.108627757450944
"356457","BAM3690",0.219810978983558
"376579","BAM3690",-0.195561559446228
"376851","BAM3690",-0.204856633143528
"377448","BAM3690",0.213905708041849
"377705","BAM3690",0.724573262410215
"384190","BAM3690",-0.34598442662889
"426049","BAM3690",0.224671178615798
"438644","BAM3690",0.287640166579666
"ADAYSEL","BAM3690",0.0761258971794036
"AbhayaXDagadesi","BAM3690",0.175760100492649
"ABHISEK","BAM3690",-0.207907550649042
"ABOR-A-1","BAM3690",0.240266149647451
"ANJALI","BAM3690",-0.214497565236785
"Annada","BAM3690",-0.322961466699846
"Apo","BAM3690",0.200052764742052
"ARC10319","BAM3690",0.174871123460364
"ARC12071","BAM3690",-0.251710936311856
"ARNAPURNA","BAM3690",-0.189540642593911
"ASD16","BAM3690",-0.148849545736364
"AUS257","BAM3690",-0.154183349209534
"BAKAL","BAM3690",0.0678628673455709
"BAM1057","BAM3690",-0.0280940734972336
"BAM1098","BAM3690",0.0702372300292763
"BAM1659","BAM3690",-0.220791105920094
"BAM1689","BAM3690",-0.0483135793838142
"BAM1708","BAM3690",0.0129678697851646
"BAM1812","BAM3690",0.255550519284278
"BAM2096","BAM3690",-0.21437698536628
"BAM2166","BAM3690",-0.298748595152313
"BAM247","BAM3690",0.298770734998476
"BAM2574","BAM3690",-0.206406539069519
"BAM2680","BAM3690",0.279161745627827
"BAM3154","BAM3690",0.162457226401816
"BAM3181","BAM3690",-0.160932511170259
"BAM326","BAM3690",-0.19060521078413
"BAM328","BAM3690",0.206157068375958
"BAM350","BAM3690",0.109497950713285
"BAM3690","BAM3690",1.4655624613587
"BAM4009","BAM3690",0.019480802315911
"BAM4054","BAM3690",-0.137036938269664
"BAM4138","BAM3690",-0.329063657032483
"BAM4168","BAM3690",-0.242920009224438
"BAM4234","BAM3690",-0.223391253001879
"BAM4254","BAM3690",-0.224849393006677
"BAM4477","BAM3690",1.23656923077774
"BAM4496","BAM3690",0.207657070608834
"BAM4510","BAM3690",-0.355287766445315
"BAM4521","BAM3690",-0.382826502173649
"BAM4534","BAM3690",0.0290556827252883
"BAM4797","BAM3690",-0.178892206709645
"BAM491","BAM3690",0.11962600815892
"BAM4928","BAM3690",-0.324040409294143
"BAM5110","BAM3690",-0.221704494970543
"BAM56","BAM3690",-0.345481507159295
"BAM5779","BAM3690",-0.24565917483582
"BAM5850","BAM3690",-0.0264212866667915
"BAM6921","BAM3690",0.120800183058611
"BAM712","BAM3690",-0.331843304654707
"BAM742","BAM3690",-0.325614053031703
"BAM7429","BAM3690",0.209229089238673
"BAM7449","BAM3690",0.0277578441852315
"BAM747","BAM3690",-0.329549770468256
"BAM759","BAM3690",0.171701413353958
"BAM766","BAM3690",-0.330333076589962
"BAM807","BAM3690",-0.248475129282643
"BAM811","BAM3690",0.165081374983062
"BAM812","BAM3690",-0.222479041076844
"BAM819","BAM3690",0.163578062026908
"BAM8296","BAM3690",0.206282149168758
"BAM8305","BAM3690",0.211107461140904
"BAM8315","BAM3690",-0.297205136716694
"BAM8364","BAM3690",-0.0591700059679702
"BAMAWPYAN","BAM3690",-0.339008291944953
"BENAMURI","BAM3690",-0.180621860477241
"BLACKGORA","BAM3690",-0.131903830772723
"CGR1656","BAM3690",0.217778485259752
"CGR1679","BAM3690",-0.162695065173335
"CGR2012","BAM3690",-0.20927733273371
"CO18","BAM3690",-0.235630699989996
"CRDHAN-204","BAM3690",-0.249145161862954
"CR143-2-2","BAM3690",0.108773216969084
"CR262-4","BAM3690",0.092704070221871
"CROSSA","BAM3690",-0.182555304263277
"DULAR","BAM3690",0.0329895140847175
"EYPO","BAM3690",0.188077105509079
"EYPO-2","BAM3690",-0.130897055607038
"FULKATI","BAM3690",0.0376299147641617
"Ghanteswari","BAM3690",0.262057281113867
"GHATIKAMMANANGARHAR","BAM3690",-0.219726038377204
"GotrabiDhan","BAM3690",0.286975086168683
"GP-145-37","BAM3690",-0.167456628987112
"GP-145-51","BAM3690",0.237651686522759
"HARBHOONDI","BAM3690",-0.251205637562719
"HongZuiEr","BAM3690",0.820231995442215
"IndrabaruniDhan","BAM3690",0.164843483488318
"IR74371-54-1-1","BAM3690",0.122696825810111
"IR77298-14-1-2-10","BAM3690",0.130220431684067
"IR77298-5-6-18","BAM3690",0.110616995487469
"IR83383-B-B-129-4","BAM3690",0.121802893531802
"IR83388-B-B108-3","BAM3690",0.1032552938824
"IR87707-445-B-B","BAM3690",0.117443425738006
"IR87707-446-B-B","BAM3690",0.141498922347537
"IRROEPYO","BAM3690",-0.333758803386202
"KALINGA-1","BAM3690",0.28693589927821
"KANGRO","BAM3690",-0.244947183057128
"KHAODAWTAI","BAM3690",-0.095172974538165
"MANDRIRAVINA","BAM3690",-0.234470077040158
"MAUDAMANI","BAM3690",-0.231919702136159
"MOROBEREKAN","BAM3690",0.0749838179299138
"MTU1010","BAM3690",0.126991797220522
"MTU9","BAM3690",-0.251838779522417
"NERICA-L-26","BAM3690",0.10463133431992
"NERICA-L-42","BAM3690",0.106663431405884
"NERICA-L-44","BAM3690",0.121049409722098
"PARIJAT","BAM3690",0.288728636652912
"Patchaiperumal","BAM3690",0.200201599149076
"PEH-KUH-TSAO-TU","BAM3690",-0.248781560677877
"PMK-2","BAM3690",0.226199155453972
"PRASAD-1","BAM3690",-0.217227023284586
"PUSASUGANDH5","BAM3690",0.241136984651148
"PUSA1121","BAM3690",0.10277178803685
"Pusa1121-SN12","BAM3690",0.131727662038891
"PUSA44","BAM3690",0.20091335028458
"PUSABASMATI6","BAM3690",-0.255036127799986
"PUSASUGANDH2","BAM3690",-0.232646919098395
"RASI","BAM3690",0.199241834136991
"RKVY-104","BAM3690",-0.0128625793653201
"RKVY-143","BAM3690",0.190412320364116
"RKVY-28","BAM3690",0.0287975807833028
"R-RF-44","BAM3690",0.0663213571860903
"RRF-78","BAM3690",0.0940755284593946
"Sadabahar","BAM3690",-0.198034410431554
"SAFRI-17","BAM3690",-0.2088730018684
"SAHBHAGIDHAN","BAM3690",0.2630205672735
"SATABHAMA","BAM3690",-0.252618722748944
"SERATOES","BAM3690",0.0052042881383509
"SERETY","BAM3690",-0.242461843004529
"SHAKU","BAM3690",-0.229787806094367
"SR1-3-1","BAM3690",-0.226297523678823
"SUWEON","BAM3690",-0.272374152002721
"SWARNA","BAM3690",0.160809202034222
"VANAPRAVA","BAM3690",-0.0328694057713827
"VANDANA","BAM3690",0.0381841101738011
"Wayrarem","BAM3690",0.207912874953579
"281785","BAM4009",-0.375238578238397
"282803","BAM4009",-0.0878942588715962
"299554","BAM4009",-0.0269608066066583
"356457","BAM4009",-0.091667694612291
"376579","BAM4009",-0.333615639672721
"376851","BAM4009",-0.319587132351603
"377448","BAM4009",-0.00303497212806444
"377705","BAM4009",-0.0876633557836777
"384190","BAM4009",0.474145217568944
"426049","BAM4009",-0.101723679679411
"438644","BAM4009",-0.0939879292914313
"ADAYSEL","BAM4009",0.458023796545229
"AbhayaXDagadesi","BAM4009",-0.0410717941107622
"ABHISEK","BAM4009",-0.362847878456936
"ABOR-A-1","BAM4009",-0.0543788907804142
"ANJALI","BAM4009",-0.389955500692653
"Annada","BAM4009",0.105241486197904
"Apo","BAM4009",-0.0438812377666022
"ARC10319","BAM4009",0.0349869503699756
"ARC12071","BAM4009",-0.252516132337042
"ARNAPURNA","BAM4009",-0.333245389873723
"ASD16","BAM4009",-0.363650869050527
"AUS257","BAM4009",-0.371702865678402
"BAKAL","BAM4009",0.674137001758967
"BAM1057","BAM4009",0.723133380159071
"BAM1098","BAM4009",0.874227847017386
"BAM1659","BAM4009",-0.327967412941864
"BAM1689","BAM4009",0.879319655570907
"BAM1708","BAM4009",0.877850573299527
"BAM1812","BAM4009",-0.00253267294904467
"BAM2096","BAM4009",-0.309594851327395
"BAM2166","BAM4009",0.444285659912564
"BAM247","BAM4009",-0.0712196391731247
"BAM2574","BAM4009",-0.318301680626733
"BAM2680","BAM4009",-0.424443248108966
"BAM3154","BAM4009",-0.0517010229827734
"BAM3181","BAM4009",-0.298951604908126
"BAM326","BAM4009",-0.367063356231557
"BAM328","BAM4009",0.0540920805726846
"BAM350","BAM4009",0.328170029881627
"BAM3690","BAM4009",0.019480802315911
"BAM4009","BAM4009",1.79906949525643
"BAM4054","BAM4009",-0.421674358533657
"BAM4138","BAM4009",0.396581919858711
"BAM4168","BAM4009",0.154346655228538
"BAM4234","BAM4009",-0.30352951107516
"BAM4254","BAM4009",-0.300479665790678
"BAM4477","BAM4009",0.0130894132349005
"BAM4496","BAM4009",0.00437381045250373
"BAM4510","BAM4009",0.369961943685105
"BAM4521","BAM4009",0.401757691731337
"BAM4534","BAM4009",0.642295008537116
"BAM4797","BAM4009",-0.222294374450145
"BAM491","BAM4009",0.329089510241284
"BAM4928","BAM4009",0.301623997142977
"BAM5110","BAM4009",-0.413491603937259
"BAM56","BAM4009",0.327474659258259
"BAM5779","BAM4009",-0.0210341917758337
"BAM5850","BAM4009",0.712656308704067
"BAM6921","BAM4009",-0.0642936447676898
"BAM712","BAM4009",0.102850506483968
"BAM742","BAM4009",0.0679779731801612
"BAM7429","BAM4009",-0.0659836144490753
"BAM7449","BAM4009",0.664788672573467
"BAM747","BAM4009",0.0919638034760956
"BAM759","BAM4009",0.431607612824671
"BAM766","BAM4009",0.0756181174856114
"BAM807","BAM4009",-0.0256262185388431
"BAM811","BAM4009",0.0204329092486212
"BAM812","BAM4009",-0.297464590659541
"BAM819","BAM4009",-0.385500513061291
"BAM8296","BAM4009",-0.0752856602767061
"BAM8305","BAM4009",-0.0764352182664284
"BAM8315","BAM4009",0.16004815457436
"BAM8364","BAM4009",-0.325197410690691
"BAMAWPYAN","BAM4009",0.453650449529418
"BENAMURI","BAM4009",-0.346906211075397
"BLACKGORA","BAM4009",-0.3737720522116
"CGR1656","BAM4009",-0.0224012096507612
"CGR1679","BAM4009",-0.365033232893909
"CGR2012","BAM4009",-0.32302399801332
"CO18","BAM4009",-0.285733794393229
"CRDHAN-204","BAM4009",-0.351438620075375
"CR143-2-2","BAM4009",-0.0439596916098788
"CR262-4","BAM4009",-0.0591629660279648
"CROSSA","BAM4009",-0.323576187681608
"DULAR","BAM4009",0.773011782949076
"EYPO","BAM4009",0.191146215094661
"EYPO-2","BAM4009",-0.358183141996032
"FULKATI","BAM4009",0.630113852265716
"Ghanteswari","BAM4009",-0.0767510383233972
"GHATIKAMMANANGARHAR","BAM4009",-0.3710039789123
"GotrabiDhan","BAM4009",-0.069928348001113
"GP-145-37","BAM4009",-0.386971799104327
"GP-145-51","BAM4009",-0.042836621326663
"HARBHOONDI","BAM4009",-0.35373951936456
"HongZuiEr","BAM4009",-0.044602305856068
"IndrabaruniDhan","BAM4009",-0.138003640608315
"IR74371-54-1-1","BAM4009",-0.0517944336626468
"IR77298-14-1-2-10","BAM4009",-0.0733762817993718
"IR77298-5-6-18","BAM4009",-0.00559614663230336
"IR83383-B-B-129-4","BAM4009",-0.0270341598086469
"IR83388-B-B108-3","BAM4009",-0.0859907282491128
"IR87707-445-B-B","BAM4009",-0.0311950925655546
"IR87707-446-B-B","BAM4009",-0.0356725432939608
"IRROEPYO","BAM4009",0.197770870471576
"KALINGA-1","BAM4009",-0.0731661164582069
"KANGRO","BAM4009",-0.262763913946592
"KHAODAWTAI","BAM4009",-0.386056313630345
"MANDRIRAVINA","BAM4009",-0.281032744376381
"MAUDAMANI","BAM4009",-0.373939459597711
"MOROBEREKAN","BAM4009",0.423760492835602
"MTU1010","BAM4009",-0.0834287737964627
"MTU9","BAM4009",-0.269987274388408
"NERICA-L-26","BAM4009",-0.0840843019894544
"NERICA-L-42","BAM4009",-0.0727944830789684
"NERICA-L-44","BAM4009",-0.084039340341923
"PARIJAT","BAM4009",-0.0801877928039105
"Patchaiperumal","BAM4009",0.019043387128466
"PEH-KUH-TSAO-TU","BAM4009",-0.273400738883241
"PMK-2","BAM4009",-0.0507368589757897
"PRASAD-1","BAM4009",-0.345322888013431
"PUSASUGANDH5","BAM4009",0.00411918799262927
"PUSA1121","BAM4009",0.242779635640184
"Pusa1121-SN12","BAM4009",0.240431365917527
"PUSA44","BAM4009",-0.0972841706553407
"PUSABASMATI6","BAM4009",-0.183914314441796
"PUSASUGANDH2","BAM4009",-0.461835235240519
"RASI","BAM4009",-0.0369475214802188
"RKVY-104","BAM4009",0.829663878258391
"RKVY-143","BAM4009",-0.0502987394565009
"RKVY-28","BAM4009",0.632186617710306
"R-RF-44","BAM4009",-0.0839478940462764
"RRF-78","BAM4009",0.256503754279391
"Sadabahar","BAM4009",-0.322461700695316
"SAFRI-17","BAM4009",-0.381736549441566
"SAHBHAGIDHAN","BAM4009",-0.0845249223156949
"SATABHAMA","BAM4009",-0.389110860922017
"SERATOES","BAM4009",0.763322436926507
"SERETY","BAM4009",-0.2768344368314
"SHAKU","BAM4009",-0.297030859586496
"SR1-3-1","BAM4009",-0.369643688357168
"SUWEON","BAM4009",-0.138522875580202
"SWARNA","BAM4009",-0.0753370816736166
"VANAPRAVA","BAM4009",0.714676280989858
"VANDANA","BAM4009",0.3086899169816
"Wayrarem","BAM4009",-0.0484873997509214
"281785","BAM4054",0.327084421904776
"282803","BAM4054",-0.0214562866671615
"299554","BAM4054",-0.138601522168142
"356457","BAM4054",0.158080921648418
"376579","BAM4054",0.178845068412539
"376851","BAM4054",0.219895318375162
"377448","BAM4054",-0.178658405143738
"377705","BAM4054",-0.0200996309980026
"384190","BAM4054",-0.0137354701780667
"426049","BAM4054",0.163052994004231
"438644","BAM4054",-0.00566117316420646
"ADAYSEL","BAM4054",-0.236599777857395
"AbhayaXDagadesi","BAM4054",-0.0655160377447819
"ABHISEK","BAM4054",0.321010428605975
"ABOR-A-1","BAM4054",0.0117960904422668
"ANJALI","BAM4054",0.336062036939939
"Annada","BAM4054",-0.0216431194025592
"Apo","BAM4054",-0.251687946855637
"ARC10319","BAM4054",-0.207243955088424
"ARC12071","BAM4054",0.210708058813836
"ARNAPURNA","BAM4054",0.239236246795275
"ASD16","BAM4054",0.403537460499519
"AUS257","BAM4054",0.258275475214192
"BAKAL","BAM4054",-0.411977457024527
"BAM1057","BAM4054",-0.423629223441797
"BAM1098","BAM4054",-0.357217005574159
"BAM1659","BAM4054",0.234306503222787
"BAM1689","BAM4054",-0.405195070953749
"BAM1708","BAM4054",-0.415998995867832
"BAM1812","BAM4054",-0.230460964461522
"BAM2096","BAM4054",0.201059574409785
"BAM2166","BAM4054",0.00971413875227197
"BAM247","BAM4054",-0.0962566596430338
"BAM2574","BAM4054",0.216682496516966
"BAM2680","BAM4054",0.39202504220366
"BAM3154","BAM4054",-0.167180056245548
"BAM3181","BAM4054",0.175985439205089
"BAM326","BAM4054",0.208807394525998
"BAM328","BAM4054",-0.190387727305351
"BAM350","BAM4054",-0.334206371206035
"BAM3690","BAM4054",-0.137036938269664
"BAM4009","BAM4054",-0.421674358533657
"BAM4054","BAM4054",1.19359013885151
"BAM4138","BAM4054",-0.0599271378998981
"BAM4168","BAM4054",0.0780333127744008
"BAM4234","BAM4054",0.270645966528993
"BAM4254","BAM4054",0.286494700523393
"BAM4477","BAM4054",-0.132042429178078
"BAM4496","BAM4054",-0.197167626456776
"BAM4510","BAM4054",-0.0105778419748409
"BAM4521","BAM4054",-0.0154173313782741
"BAM4534","BAM4054",-0.418205638698828
"BAM4797","BAM4054",0.167911803666806
"BAM491","BAM4054",-0.29282764797765
"BAM4928","BAM4054",0.0654562429979531
"BAM5110","BAM4054",0.348183252851134
"BAM56","BAM4054",0.0068891696298129
"BAM5779","BAM4054",0.0775624201024688
"BAM5850","BAM4054",-0.419272053677259
"BAM6921","BAM4054",-0.101006275532526
"BAM712","BAM4054",-0.0265990797684368
"BAM742","BAM4054",-0.0240984302167851
"BAM7429","BAM4054",-0.209612223713694
"BAM7449","BAM4054",-0.422494744560888
"BAM747","BAM4054",-0.0394953585353226
"BAM759","BAM4054",-0.285012717564897
"BAM766","BAM4054",-0.0176225139141677
"BAM807","BAM4054",0.0671774036330904
"BAM811","BAM4054",-0.196154790284958
"BAM812","BAM4054",0.22722517624721
"BAM819","BAM4054",0.319265152860679
"BAM8296","BAM4054",-0.0601418653137442
"BAM8305","BAM4054",-0.0548909656104595
"BAM8315","BAM4054",0.0108426426738974
"BAM8364","BAM4054",0.346004325496893
"BAMAWPYAN","BAM4054",0.00274600176881674
"BENAMURI","BAM4054",0.197991430615373
"BLACKGORA","BAM4054",0.326132383566468
"CGR1656","BAM4054",-0.219387196478781
"CGR1679","BAM4054",0.196797551376817
"CGR2012","BAM4054",0.214364069553616
"CO18","BAM4054",0.224578628833037
"CRDHAN-204","BAM4054",0.317544777775444
"CR143-2-2","BAM4054",-0.152465621315283
"CR262-4","BAM4054",-0.146809329874047
"CROSSA","BAM4054",0.218278764759137
"DULAR","BAM4054",-0.399449373693748
"EYPO","BAM4054",-0.206574427049696
"EYPO-2","BAM4054",0.433565244816062
"FULKATI","BAM4054",-0.410771516089414
"Ghanteswari","BAM4054",-0.00664138997190045
"GHATIKAMMANANGARHAR","BAM4054",0.382439850420805
"GotrabiDhan","BAM4054",-0.0928746084219999
"GP-145-37","BAM4054",0.25542013627012
"GP-145-51","BAM4054",-0.233650384721398
"HARBHOONDI","BAM4054",0.28890703668684
"HongZuiEr","BAM4054",-0.131948243131544
"IndrabaruniDhan","BAM4054",-0.11122744233965
"IR74371-54-1-1","BAM4054",-0.123282415581303
"IR77298-14-1-2-10","BAM4054",-0.0995696607045658
"IR77298-5-6-18","BAM4054",-0.14343211289546
"IR83383-B-B-129-4","BAM4054",-0.103890504248442
"IR83388-B-B108-3","BAM4054",-0.0647578342979244
"IR87707-445-B-B","BAM4054",-0.13524471775973
"IR87707-446-B-B","BAM4054",-0.16987119542349
"IRROEPYO","BAM4054",0.0746861114107727
"KALINGA-1","BAM4054",0.0478269742899083
"KANGRO","BAM4054",0.215668116917677
"KHAODAWTAI","BAM4054",0.388374469108871
"MANDRIRAVINA","BAM4054",0.223036612293152
"MAUDAMANI","BAM4054",0.32603079861653
"MOROBEREKAN","BAM4054",-0.376548362940116
"MTU1010","BAM4054",-0.0981636515165068
"MTU9","BAM4054",0.227198645459088
"NERICA-L-26","BAM4054",-0.153939937631373
"NERICA-L-42","BAM4054",-0.163894809623303
"NERICA-L-44","BAM4054",-0.0275408504616225
"PARIJAT","BAM4054",-0.10127299218547
"Patchaiperumal","BAM4054",-0.191833869375329
"PEH-KUH-TSAO-TU","BAM4054",0.220999017477894
"PMK-2","BAM4054",0.0141018701243684
"PRASAD-1","BAM4054",0.304472661153669
"PUSASUGANDH5","BAM4054",-0.157561542505124
"PUSA1121","BAM4054",-0.308436655019766
"Pusa1121-SN12","BAM4054",-0.299425479244955
"PUSA44","BAM4054",0.00942726929593072
"PUSABASMATI6","BAM4054",0.181295844043727
"PUSASUGANDH2","BAM4054",0.300248059418201
"RASI","BAM4054",-0.0486265170292295
"RKVY-104","BAM4054",-0.391615441267749
"RKVY-143","BAM4054",-0.179933875614531
"RKVY-28","BAM4054",-0.402077283563487
"R-RF-44","BAM4054",-0.0758634676286495
"RRF-78","BAM4054",-0.167626955015348
"Sadabahar","BAM4054",0.242253195678864
"SAFRI-17","BAM4054",0.376507494520245
"SAHBHAGIDHAN","BAM4054",-0.0935672105006687
"SATABHAMA","BAM4054",0.261425410326554
"SERATOES","BAM4054",-0.431319560204703
"SERETY","BAM4054",0.199529863393692
"SHAKU","BAM4054",0.211210108393668
"SR1-3-1","BAM4054",0.381084310373697
"SUWEON","BAM4054",0.2234948702978
"SWARNA","BAM4054",-0.0882389960318441
"VANAPRAVA","BAM4054",-0.42477943524236
"VANDANA","BAM4054",-0.246875906495328
"Wayrarem","BAM4054",-0.256771621774846
"281785","BAM4138",0.03538999550996
"282803","BAM4138",-0.407952890657811
"299554","BAM4138",-0.409608638647653
"356457","BAM4138",-0.411929760119495
"376579","BAM4138",0.0821227758140052
"376851","BAM4138",0.0785094807858073
"377448","BAM4138",-0.375034783890223
"377705","BAM4138",-0.414120315665933
"384190","BAM4138",0.725058238483206
"426049","BAM4138",-0.409076692691039
"438644","BAM4138",-0.41434892432848
"ADAYSEL","BAM4138",0.0875843481404071
"AbhayaXDagadesi","BAM4138",-0.421329955984913
"ABHISEK","BAM4138",0.0363889782195392
"ABOR-A-1","BAM4138",-0.395145211975974
"ANJALI","BAM4138",0.00200817000619569
"Annada","BAM4138",0.364147753406617
"Apo","BAM4138",-0.373137915209697
"ARC10319","BAM4138",-0.355878934193531
"ARC12071","BAM4138",0.153494252038603
"ARNAPURNA","BAM4138",0.0355838485912283
"ASD16","BAM4138",0.0410090575994403
"AUS257","BAM4138",0.0291832791834453
"BAKAL","BAM4138",0.183594370778015
"BAM1057","BAM4138",0.507108873300257
"BAM1098","BAM4138",0.220576167444185
"BAM1659","BAM4138",0.0972616997924902
"BAM1689","BAM4138",0.172387431470022
"BAM1708","BAM4138",0.23980782502485
"BAM1812","BAM4138",-0.340023536899354
"BAM2096","BAM4138",0.182168985853646
"BAM2166","BAM4138",0.600878484272467
"BAM247","BAM4138",-0.437535693745311
"BAM2574","BAM4138",0.0774958249305818
"BAM2680","BAM4138",0.0160457161901644
"BAM3154","BAM4138",-0.394506249002275
"BAM3181","BAM4138",0.0954502110197642
"BAM326","BAM4138",0.0722273313500809
"BAM328","BAM4138",-0.234861160688832
"BAM350","BAM4138",0.0306515382257692
"BAM3690","BAM4138",-0.329063657032483
"BAM4009","BAM4138",0.396581919858711
"BAM4054","BAM4138",-0.0599271378998981
"BAM4138","BAM4138",1.87449211803009
"BAM4168","BAM4138",0.570733924659914
"BAM4234","BAM4138",0.0185135522745212
"BAM4254","BAM4138",0.0279973785718671
"BAM4477","BAM4138",-0.341274754251966
"BAM4496","BAM4138",-0.319720971649085
"BAM4510","BAM4138",1.11967001418912
"BAM4521","BAM4138",0.733629682999213
"BAM4534","BAM4138",0.485972969002341
"BAM4797","BAM4138",0.172612670328126
"BAM491","BAM4138",-0.0675457627412884
"BAM4928","BAM4138",0.541262336277246
"BAM5110","BAM4138",-0.047831767908798
"BAM56","BAM4138",0.695469056397685
"BAM5779","BAM4138",0.257176213158903
"BAM5850","BAM4138",0.576742356612989
"BAM6921","BAM4138",-0.417371061875533
"BAM712","BAM4138",0.373451974081205
"BAM742","BAM4138",0.34896224949203
"BAM7429","BAM4138",-0.356912609773326
"BAM7449","BAM4138",0.503954571325148
"BAM747","BAM4138",0.383063794546368
"BAM759","BAM4138",-0.0793274823241042
"BAM766","BAM4138",0.35962524779678
"BAM807","BAM4138",0.254305692615077
"BAM811","BAM4138",-0.372216008451679
"BAM812","BAM4138",0.0528705014104505
"BAM819","BAM4138",0.0284072689081253
"BAM8296","BAM4138",-0.457498730532438
"BAM8305","BAM4138",-0.405365112904245
"BAM8315","BAM4138",0.513261679857274
"BAM8364","BAM4138",0.102477175567102
"BAMAWPYAN","BAM4138",0.820726272157996
"BENAMURI","BAM4138",0.117709017279152
"BLACKGORA","BAM4138",0.0523368488098305
"CGR1656","BAM4138",-0.319897597551554
"CGR1679","BAM4138",0.0741876667731164
"CGR2012","BAM4138",0.038433691799561
"CO18","BAM4138",0.123103952314026
"CRDHAN-204","BAM4138",-0.0119414868979073
"CR143-2-2","BAM4138",-0.394710961722404
"CR262-4","BAM4138",-0.397062611558333
"CROSSA","BAM4138",0.060324828787991
"DULAR","BAM4138",0.472655121554379
"EYPO","BAM4138",-0.229323099863391
"EYPO-2","BAM4138",0.0250914923948668
"FULKATI","BAM4138",0.501427744917099
"Ghanteswari","BAM4138",-0.410972775757309
"GHATIKAMMANANGARHAR","BAM4138",0.0458302010747484
"GotrabiDhan","BAM4138",-0.416983821949333
"GP-145-37","BAM4138",0.0617466992579669
"GP-145-51","BAM4138",-0.359266692121535
"HARBHOONDI","BAM4138",0.00492002863315305
"HongZuiEr","BAM4138",-0.333964162519203
"IndrabaruniDhan","BAM4138",-0.400724239222057
"IR74371-54-1-1","BAM4138",-0.374172927167797
"IR77298-14-1-2-10","BAM4138",-0.400799880124159
"IR77298-5-6-18","BAM4138",-0.399390193520167
"IR83383-B-B-129-4","BAM4138",-0.402119427936332
"IR83388-B-B108-3","BAM4138",-0.40169026543413
"IR87707-445-B-B","BAM4138",-0.426028758868535
"IR87707-446-B-B","BAM4138",-0.419235628058047
"IRROEPYO","BAM4138",0.948479458982411
"KALINGA-1","BAM4138",-0.470982702669933
"KANGRO","BAM4138",0.131909791251301
"KHAODAWTAI","BAM4138",-0.0113306845886849
"MANDRIRAVINA","BAM4138",0.116189512091382
"MAUDAMANI","BAM4138",0.00188409399606028
"MOROBEREKAN","BAM4138",0.0390092335633235
"MTU1010","BAM4138",-0.424681468021164
"MTU9","BAM4138",0.158796526776674
"NERICA-L-26","BAM4138",-0.440430091819906
"NERICA-L-42","BAM4138",-0.439617325441894
"NERICA-L-44","BAM4138",-0.446348082365654
"PARIJAT","BAM4138",-0.374315970598653
"Patchaiperumal","BAM4138",-0.289036471646844
"PEH-KUH-TSAO-TU","BAM4138",0.133364901693155
"PMK-2","BAM4138",-0.381041841652585
"PRASAD-1","BAM4138",0.0290414738534548
"PUSASUGANDH5","BAM4138",-0.355149942530107
"PUSA1121","BAM4138",-0.0201348107121296
"Pusa1121-SN12","BAM4138",-0.054650487346679
"PUSA44","BAM4138",-0.441232348253359
"PUSABASMATI6","BAM4138",0.216522142385628
"PUSASUGANDH2","BAM4138",0.000693279608515685
"RASI","BAM4138",-0.37680275502843
"RKVY-104","BAM4138",0.394726133002348
"RKVY-143","BAM4138",-0.340604155256637
"RKVY-28","BAM4138",0.373488969047549
"R-RF-44","BAM4138",-0.411934119377592
"RRF-78","BAM4138",-0.166864413594361
"Sadabahar","BAM4138",0.147263432067287
"SAFRI-17","BAM4138",0.0316989324714214
"SAHBHAGIDHAN","BAM4138",-0.360534027146902
"SATABHAMA","BAM4138",0.0105291160907176
"SERATOES","BAM4138",0.996333596946992
"SERETY","BAM4138",0.145445530066477
"SHAKU","BAM4138",0.131132395062459
"SR1-3-1","BAM4138",0.0397521535651257
"SUWEON","BAM4138",0.199374179681754
"SWARNA","BAM4138",-0.373226100924961
"VANAPRAVA","BAM4138",0.502092149426947
"VANDANA","BAM4138",0.0566100216297593
"Wayrarem","BAM4138",-0.377831734237739
"281785","BAM4168",0.131683086247152
"282803","BAM4168",-0.313310522349182
"299554","BAM4168",-0.3082996657267
"356457","BAM4168",-0.334145090666649
"376579","BAM4168",0.162457886558504
"376851","BAM4168",0.1097965791487
"377448","BAM4168",-0.306566131503143
"377705","BAM4168",-0.296823530108731
"384190","BAM4168",0.508005223765959
"426049","BAM4168",-0.331391404212001
"438644","BAM4168",-0.314724193120107
"ADAYSEL","BAM4168",-0.0654107630795421
"AbhayaXDagadesi","BAM4168",-0.316881409195117
"ABHISEK","BAM4168",0.153966195018603
"ABOR-A-1","BAM4168",-0.2263695422373
"ANJALI","BAM4168",0.168546868043085
"Annada","BAM4168",0.285972413775788
"Apo","BAM4168",-0.228718243503991
"ARC10319","BAM4168",-0.259635905419916
"ARC12071","BAM4168",0.0983539940061398
"ARNAPURNA","BAM4168",0.127053584112705
"ASD16","BAM4168",0.0723397923694055
"AUS257","BAM4168",0.150942556564608
"BAKAL","BAM4168",-0.0750984970633974
"BAM1057","BAM4168",0.0789422581157625
"BAM1098","BAM4168",0.0193003988675452
"BAM1659","BAM4168",0.138801479763574
"BAM1689","BAM4168",-0.0283228771371375
"BAM1708","BAM4168",0.0192150046211656
"BAM1812","BAM4168",-0.251272869980613
"BAM2096","BAM4168",0.247226451448766
"BAM2166","BAM4168",0.391895224444649
"BAM247","BAM4168",-0.274317493368939
"BAM2574","BAM4168",0.125020608709826
"BAM2680","BAM4168",0.113701912123535
"BAM3154","BAM4168",-0.261651393096419
"BAM3181","BAM4168",0.132055348906203
"BAM326","BAM4168",0.103230358414579
"BAM328","BAM4168",-0.174430971849825
"BAM350","BAM4168",-0.144032956014991
"BAM3690","BAM4168",-0.242920009224438
"BAM4009","BAM4168",0.154346655228538
"BAM4054","BAM4168",0.0780333127744008
"BAM4138","BAM4168",0.570733924659914
"BAM4168","BAM4168",1.77298070575823
"BAM4234","BAM4168",0.127293156817981
"BAM4254","BAM4168",0.132547540915273
"BAM4477","BAM4168",-0.22620939144914
"BAM4496","BAM4168",-0.24781356185487
"BAM4510","BAM4168",0.525902625225665
"BAM4521","BAM4168",0.489795246377328
"BAM4534","BAM4168",0.0914014380006932
"BAM4797","BAM4168",0.1425946363795
"BAM491","BAM4168",-0.0990307625708545
"BAM4928","BAM4168",0.313758146581098
"BAM5110","BAM4168",0.130375834837987
"BAM56","BAM4168",0.440140569328442
"BAM5779","BAM4168",0.250774273586635
"BAM5850","BAM4168",0.219694926110971
"BAM6921","BAM4168",-0.268916131351367
"BAM712","BAM4168",0.296717920421429
"BAM742","BAM4168",0.311144417398333
"BAM7429","BAM4168",-0.281948935651071
"BAM7449","BAM4168",0.187476122282966
"BAM747","BAM4168",0.318694330589894
"BAM759","BAM4168",-0.156104701278324
"BAM766","BAM4168",0.295083330412446
"BAM807","BAM4168",0.238879890621839
"BAM811","BAM4168",-0.222083291145154
"BAM812","BAM4168",0.206498911538147
"BAM819","BAM4168",0.114245716034489
"BAM8296","BAM4168",-0.299850300328863
"BAM8305","BAM4168",-0.288185175434309
"BAM8315","BAM4168",0.388980604775432
"BAM8364","BAM4168",0.209710279804954
"BAMAWPYAN","BAM4168",0.497377655834557
"BENAMURI","BAM4168",0.153239352433668
"BLACKGORA","BAM4168",0.105186368395254
"CGR1656","BAM4168",-0.260713663580795
"CGR1679","BAM4168",0.116487426831906
"CGR2012","BAM4168",0.105401042564018
"CO18","BAM4168",0.103788386784103
"CRDHAN-204","BAM4168",0.0960941307160433
"CR143-2-2","BAM4168",-0.263846693564011
"CR262-4","BAM4168",-0.26211486094509
"CROSSA","BAM4168",0.131309380006728
"DULAR","BAM4168",0.130117142735502
"EYPO","BAM4168",-0.237559973590454
"EYPO-2","BAM4168",0.186535128635666
"FULKATI","BAM4168",0.0885976612198718
"Ghanteswari","BAM4168",-0.285422693721213
"GHATIKAMMANANGARHAR","BAM4168",0.0742761837067592
"GotrabiDhan","BAM4168",-0.286006503422394
"GP-145-37","BAM4168",0.156898960320375
"GP-145-51","BAM4168",-0.314608847120749
"HARBHOONDI","BAM4168",0.145447754429531
"HongZuiEr","BAM4168",-0.199677828406913
"IndrabaruniDhan","BAM4168",-0.317917128187524
"IR74371-54-1-1","BAM4168",-0.273567388432363
"IR77298-14-1-2-10","BAM4168",-0.346950104696302
"IR77298-5-6-18","BAM4168",-0.317310754413437
"IR83383-B-B-129-4","BAM4168",-0.311733797620753
"IR83388-B-B108-3","BAM4168",-0.310041133356565
"IR87707-445-B-B","BAM4168",-0.325855361395585
"IR87707-446-B-B","BAM4168",-0.335337397248248
"IRROEPYO","BAM4168",0.414715192258861
"KALINGA-1","BAM4168",-0.317384429833879
"KANGRO","BAM4168",0.0973316133341229
"KHAODAWTAI","BAM4168",0.162424054323256
"MANDRIRAVINA","BAM4168",0.102213274048706
"MAUDAMANI","BAM4168",0.179788693861681
"MOROBEREKAN","BAM4168",-0.0622571817987772
"MTU1010","BAM4168",-0.313433257457008
"MTU9","BAM4168",0.10875562763873
"NERICA-L-26","BAM4168",-0.263826044527094
"NERICA-L-42","BAM4168",-0.267077141308757
"NERICA-L-44","BAM4168",-0.342283110411734
"PARIJAT","BAM4168",-0.220768842344256
"Patchaiperumal","BAM4168",-0.230040203592768
"PEH-KUH-TSAO-TU","BAM4168",0.10455523853711
"PMK-2","BAM4168",-0.222874630946115
"PRASAD-1","BAM4168",0.119212740772659
"PUSASUGANDH5","BAM4168",-0.327984008195048
"PUSA1121","BAM4168",-0.133889019560419
"Pusa1121-SN12","BAM4168",-0.184961583465436
"PUSA44","BAM4168",-0.352281570218706
"PUSABASMATI6","BAM4168",0.249207202989855
"PUSASUGANDH2","BAM4168",0.086498084067367
"RASI","BAM4168",-0.228753197325393
"RKVY-104","BAM4168",0.0716540095199467
"RKVY-143","BAM4168",-0.29313020087099
"RKVY-28","BAM4168",0.0567046777621907
"R-RF-44","BAM4168",-0.279995851497551
"RRF-78","BAM4168",-0.271885094542964
"Sadabahar","BAM4168",0.204710586423991
"SAFRI-17","BAM4168",0.179152315914855
"SAHBHAGIDHAN","BAM4168",-0.197437559578158
"SATABHAMA","BAM4168",0.123756933847443
"SERATOES","BAM4168",0.140102142292222
"SERETY","BAM4168",0.110415813663648
"SHAKU","BAM4168",0.169120876678736
"SR1-3-1","BAM4168",0.0698599116550936
"SUWEON","BAM4168",0.194172540504937
"SWARNA","BAM4168",-0.26393362342668
"VANAPRAVA","BAM4168",0.0729216011341344
"VANDANA","BAM4168",0.014876436914866
"Wayrarem","BAM4168",-0.235497455239296
"281785","BAM4234",0.360817812267564
"282803","BAM4234",-0.095611985724573
"299554","BAM4234",-0.00886447031593987
"356457","BAM4234",-0.192064605786262
"376579","BAM4234",0.133899414824354
"376851","BAM4234",0.128980336561331
"377448","BAM4234",-0.239097947483842
"377705","BAM4234",-0.260377336284726
"384190","BAM4234",0.0373098927886736
"426049","BAM4234",-0.189660918465371
"438644","BAM4234",-0.0858775668810124
"ADAYSEL","BAM4234",-0.293564795972981
"AbhayaXDagadesi","BAM4234",0.0253097478672028
"ABHISEK","BAM4234",0.222439278632171
"ABOR-A-1","BAM4234",-0.227983051391104
"ANJALI","BAM4234",0.417828188168778
"Annada","BAM4234",0.0878244111216623
"Apo","BAM4234",-0.10496207954833
"ARC10319","BAM4234",-0.257900804472732
"ARC12071","BAM4234",0.143991105861392
"ARNAPURNA","BAM4234",0.207860470281796
"ASD16","BAM4234",0.266924474410844
"AUS257","BAM4234",0.332327220035461
"BAKAL","BAM4234",-0.342590109507946
"BAM1057","BAM4234",-0.343628879812852
"BAM1098","BAM4234",-0.318049999044624
"BAM1659","BAM4234",0.226325130933978
"BAM1689","BAM4234",-0.377449421228342
"BAM1708","BAM4234",-0.371198551787773
"BAM1812","BAM4234",-0.244944745794098
"BAM2096","BAM4234",0.142860032486001
"BAM2166","BAM4234",0.0528642445403051
"BAM247","BAM4234",-0.0911131533995626
"BAM2574","BAM4234",0.151011438022861
"BAM2680","BAM4234",0.174157683765841
"BAM3154","BAM4234",-0.194914193825598
"BAM3181","BAM4234",0.14915300664885
"BAM326","BAM4234",0.135867096423047
"BAM328","BAM4234",-0.230733986871601
"BAM350","BAM4234",-0.329517025009089
"BAM3690","BAM4234",-0.223391253001879
"BAM4009","BAM4234",-0.30352951107516
"BAM4054","BAM4234",0.270645966528993
"BAM4138","BAM4234",0.0185135522745212
"BAM4168","BAM4234",0.127293156817981
"BAM4234","BAM4234",1.31805632519028
"BAM4254","BAM4234",1.27073953550966
"BAM4477","BAM4234",-0.221385679469172
"BAM4496","BAM4234",-0.251465931589095
"BAM4510","BAM4234",0.0717095172729874
"BAM4521","BAM4234",0.0478764157925282
"BAM4534","BAM4234",-0.333237765937986
"BAM4797","BAM4234",0.0882273486675703
"BAM491","BAM4234",-0.300389065667451
"BAM4928","BAM4234",0.0779615058905441
"BAM5110","BAM4234",0.332627566456106
"BAM56","BAM4234",0.0574856799019278
"BAM5779","BAM4234",0.140731542423915
"BAM5850","BAM4234",-0.31411144461664
"BAM6921","BAM4234",-0.07674887150729
"BAM712","BAM4234",0.101875546646726
"BAM742","BAM4234",0.102543423359318
"BAM7429","BAM4234",-0.256433883719329
"BAM7449","BAM4234",-0.335393596315278
"BAM747","BAM4234",0.0811308330094475
"BAM759","BAM4234",-0.273347011917825
"BAM766","BAM4234",0.100502498079144
"BAM807","BAM4234",0.156145164149292
"BAM811","BAM4234",-0.173697276220134
"BAM812","BAM4234",0.247360824609372
"BAM819","BAM4234",0.307295214438586
"BAM8296","BAM4234",-0.106697235781774
"BAM8305","BAM4234",-0.0908128755893863
"BAM8315","BAM4234",0.0573905636503623
"BAM8364","BAM4234",0.238836131898509
"BAMAWPYAN","BAM4234",0.0678003258721384
"BENAMURI","BAM4234",0.175565178642268
"BLACKGORA","BAM4234",0.321648276741215
"CGR1656","BAM4234",-0.24199599307157
"CGR1679","BAM4234",0.112668157331487
"CGR2012","BAM4234",0.100260056644382
"CO18","BAM4234",0.155081517060597
"CRDHAN-204","BAM4234",0.361516284739369
"CR143-2-2","BAM4234",-0.21054760896017
"CR262-4","BAM4234",-0.203649845688297
"CROSSA","BAM4234",0.119712565570058
"DULAR","BAM4234",-0.341111863808241
"EYPO","BAM4234",-0.260708733741118
"EYPO-2","BAM4234",0.183731788872696
"FULKATI","BAM4234",-0.34006394913254
"Ghanteswari","BAM4234",-0.231234875377664
"GHATIKAMMANANGARHAR","BAM4234",0.259411628753914
"GotrabiDhan","BAM4234",-0.108977433848166
"GP-145-37","BAM4234",0.135808196634002
"GP-145-51","BAM4234",-0.313298886304584
"HARBHOONDI","BAM4234",0.256611304194549
"HongZuiEr","BAM4234",-0.205886764730382
"IndrabaruniDhan","BAM4234",-0.0926159815360759
"IR74371-54-1-1","BAM4234",-0.176736625357125
"IR77298-14-1-2-10","BAM4234",-0.0917543232895206
"IR77298-5-6-18","BAM4234",0.282899373472479
"IR83383-B-B-129-4","BAM4234",0.27355804384712
"IR83388-B-B108-3","BAM4234",-0.0480878501723304
"IR87707-445-B-B","BAM4234",0.234480780507611
"IR87707-446-B-B","BAM4234",0.0301818552218913
"IRROEPYO","BAM4234",0.123374923872515
"KALINGA-1","BAM4234",-0.190922151428946
"KANGRO","BAM4234",0.165327015865603
"KHAODAWTAI","BAM4234",0.161631514904132
"MANDRIRAVINA","BAM4234",0.152763737619177
"MAUDAMANI","BAM4234",0.315370548736015
"MOROBEREKAN","BAM4234",-0.307746952214294
"MTU1010","BAM4234",0.205447128604315
"MTU9","BAM4234",0.15198658103608
"NERICA-L-26","BAM4234",-0.144511734469729
"NERICA-L-42","BAM4234",-0.142287982334604
"NERICA-L-44","BAM4234",-0.0806540321799357
"PARIJAT","BAM4234",-0.177071448280386
"Patchaiperumal","BAM4234",-0.231776037153026
"PEH-KUH-TSAO-TU","BAM4234",0.153500718456552
"PMK-2","BAM4234",-0.228333827352435
"PRASAD-1","BAM4234",0.294674857894261
"PUSASUGANDH5","BAM4234",-0.12285768740229
"PUSA1121","BAM4234",-0.352541135630811
"Pusa1121-SN12","BAM4234",-0.34030798405456
"PUSA44","BAM4234",-0.0584026434889742
"PUSABASMATI6","BAM4234",0.226508830491108
"PUSASUGANDH2","BAM4234",0.318810000911175
"RASI","BAM4234",-0.217744624046278
"RKVY-104","BAM4234",-0.356380053292625
"RKVY-143","BAM4234",-0.301704128291321
"RKVY-28","BAM4234",-0.381330530514466
"R-RF-44","BAM4234",0.12668073935499
"RRF-78","BAM4234",-0.0164936774350887
"Sadabahar","BAM4234",0.120716671856383
"SAFRI-17","BAM4234",0.318799514793234
"SAHBHAGIDHAN","BAM4234",-0.168711152143334
"SATABHAMA","BAM4234",0.243644572202828
"SERATOES","BAM4234",-0.364971898720602
"SERETY","BAM4234",0.11411358615766
"SHAKU","BAM4234",0.263909276993074
"SR1-3-1","BAM4234",0.416816414539936
"SUWEON","BAM4234",0.249665755895613
"SWARNA","BAM4234",-0.12553459333644
"VANAPRAVA","BAM4234",-0.346733001209831
"VANDANA","BAM4234",-0.242501550423524
"Wayrarem","BAM4234",-0.108835367010609
"281785","BAM4254",0.366950007266142
"282803","BAM4254",-0.102507411662561
"299554","BAM4254",-0.0143469662548508
"356457","BAM4254",-0.19583570925942
"376579","BAM4254",0.138400588867586
"376851","BAM4254",0.134042686670201
"377448","BAM4254",-0.240496137613641
"377705","BAM4254",-0.262890230128458
"384190","BAM4254",0.0264441830409896
"426049","BAM4254",-0.194385010865888
"438644","BAM4254",-0.0902877215434581
"ADAYSEL","BAM4254",-0.295834909189512
"AbhayaXDagadesi","BAM4254",0.0162610648745692
"ABHISEK","BAM4254",0.233736462896306
"ABOR-A-1","BAM4254",-0.238786764909371
"ANJALI","BAM4254",0.423021911875734
"Annada","BAM4254",0.0945977469981891
"Apo","BAM4254",-0.106995259522538
"ARC10319","BAM4254",-0.269484911445128
"ARC12071","BAM4254",0.142347739799641
"ARNAPURNA","BAM4254",0.219947465724235
"ASD16","BAM4254",0.27176674126299
"AUS257","BAM4254",0.337694530232748
"BAKAL","BAM4254",-0.356796143496506
"BAM1057","BAM4254",-0.345239326272237
"BAM1098","BAM4254",-0.320118708805151
"BAM1659","BAM4254",0.230746358603382
"BAM1689","BAM4254",-0.383686443106538
"BAM1708","BAM4254",-0.378790201570877
"BAM1812","BAM4254",-0.243748505280033
"BAM2096","BAM4254",0.14423508590863
"BAM2166","BAM4254",0.0492974900237812
"BAM247","BAM4254",-0.0927489492473352
"BAM2574","BAM4254",0.150142668692121
"BAM2680","BAM4254",0.177846211701798
"BAM3154","BAM4254",-0.201534657804656
"BAM3181","BAM4254",0.160638444364698
"BAM326","BAM4254",0.138328330807848
"BAM328","BAM4254",-0.244140099537461
"BAM350","BAM4254",-0.331132678870021
"BAM3690","BAM4254",-0.224849393006677
"BAM4009","BAM4254",-0.300479665790678
"BAM4054","BAM4254",0.286494700523393
"BAM4138","BAM4254",0.0279973785718671
"BAM4168","BAM4254",0.132547540915273
"BAM4234","BAM4254",1.27073953550966
"BAM4254","BAM4254",1.33010386180125
"BAM4477","BAM4254",-0.225757023284116
"BAM4496","BAM4254",-0.256312549261539
"BAM4510","BAM4254",0.0630757483724182
"BAM4521","BAM4254",0.038593554167407
"BAM4534","BAM4254",-0.331281090573109
"BAM4797","BAM4254",0.0826938174176281
"BAM491","BAM4254",-0.296703897899635
"BAM4928","BAM4254",0.0779200692799586
"BAM5110","BAM4254",0.337672255586037
"BAM56","BAM4254",0.073724122359525
"BAM5779","BAM4254",0.167975407588633
"BAM5850","BAM4254",-0.318262380305103
"BAM6921","BAM4254",-0.0873969500187528
"BAM712","BAM4254",0.106154286947683
"BAM742","BAM4254",0.116242867491285
"BAM7429","BAM4254",-0.257826829532448
"BAM7449","BAM4254",-0.346980642646703
"BAM747","BAM4254",0.0986289750842716
"BAM759","BAM4254",-0.280428426917445
"BAM766","BAM4254",0.123063027196314
"BAM807","BAM4254",0.157361450716498
"BAM811","BAM4254",-0.174232628991082
"BAM812","BAM4254",0.266194860619561
"BAM819","BAM4254",0.305313897427863
"BAM8296","BAM4254",-0.123986783460877
"BAM8305","BAM4254",-0.0915955175360652
"BAM8315","BAM4254",0.0508013498419752
"BAM8364","BAM4254",0.242264695442163
"BAMAWPYAN","BAM4254",0.066569979371129
"BENAMURI","BAM4254",0.180204759299334
"BLACKGORA","BAM4254",0.324148712528019
"CGR1656","BAM4254",-0.240386582182098
"CGR1679","BAM4254",0.120796077916897
"CGR2012","BAM4254",0.108543151031119
"CO18","BAM4254",0.158002495105302
"CRDHAN-204","BAM4254",0.37844561301262
"CR143-2-2","BAM4254",-0.221261635398753
"CR262-4","BAM4254",-0.210999003578275
"CROSSA","BAM4254",0.118630034309141
"DULAR","BAM4254",-0.345012357268459
"EYPO","BAM4254",-0.262294286811753
"EYPO-2","BAM4254",0.178367960110827
"FULKATI","BAM4254",-0.345063892381336
"Ghanteswari","BAM4254",-0.224512297523319
"GHATIKAMMANANGARHAR","BAM4254",0.2587557013698
"GotrabiDhan","BAM4254",-0.10889538621925
"GP-145-37","BAM4254",0.152196962062786
"GP-145-51","BAM4254",-0.315534973281772
"HARBHOONDI","BAM4254",0.269523176473464
"HongZuiEr","BAM4254",-0.207781484978107
"IndrabaruniDhan","BAM4254",-0.0939139015628249
"IR74371-54-1-1","BAM4254",-0.184810344552079
"IR77298-14-1-2-10","BAM4254",-0.104630488900511
"IR77298-5-6-18","BAM4254",0.268403022889921
"IR83383-B-B-129-4","BAM4254",0.254645967885713
"IR83388-B-B108-3","BAM4254",-0.0539445546283889
"IR87707-445-B-B","BAM4254",0.227408183794645
"IR87707-446-B-B","BAM4254",0.0335601574540786
"IRROEPYO","BAM4254",0.124350666804118
"KALINGA-1","BAM4254",-0.1938441948376
"KANGRO","BAM4254",0.149150175152875
"KHAODAWTAI","BAM4254",0.168739777254731
"MANDRIRAVINA","BAM4254",0.155355749451009
"MAUDAMANI","BAM4254",0.328580767002818
"MOROBEREKAN","BAM4254",-0.318849324563976
"MTU1010","BAM4254",0.19457160243534
"MTU9","BAM4254",0.163574765772621
"NERICA-L-26","BAM4254",-0.151532860562866
"NERICA-L-42","BAM4254",-0.151243327216752
"NERICA-L-44","BAM4254",-0.086163449390992
"PARIJAT","BAM4254",-0.176669115665658
"Patchaiperumal","BAM4254",-0.236318127822837
"PEH-KUH-TSAO-TU","BAM4254",0.149203542525863
"PMK-2","BAM4254",-0.240178829545127
"PRASAD-1","BAM4254",0.284441382098842
"PUSASUGANDH5","BAM4254",-0.123290346381009
"PUSA1121","BAM4254",-0.343262519482522
"Pusa1121-SN12","BAM4254",-0.331088422470956
"PUSA44","BAM4254",-0.0590925396714025
"PUSABASMATI6","BAM4254",0.238514858789583
"PUSASUGANDH2","BAM4254",0.346478612276679
"RASI","BAM4254",-0.220506136677873
"RKVY-104","BAM4254",-0.363943139290231
"RKVY-143","BAM4254",-0.309205657496248
"RKVY-28","BAM4254",-0.389370071834056
"R-RF-44","BAM4254",0.111290220347473
"RRF-78","BAM4254",-0.0272196096043072
"Sadabahar","BAM4254",0.119915891025657
"SAFRI-17","BAM4254",0.331465849240099
"SAHBHAGIDHAN","BAM4254",-0.173202130370839
"SATABHAMA","BAM4254",0.242015126200691
"SERATOES","BAM4254",-0.366542568084633
"SERETY","BAM4254",0.114937188845417
"SHAKU","BAM4254",0.279933383641914
"SR1-3-1","BAM4254",0.433597575282068
"SUWEON","BAM4254",0.255098010504356
"SWARNA","BAM4254",-0.121655271987584
"VANAPRAVA","BAM4254",-0.347652708319394
"VANDANA","BAM4254",-0.250756553866384
"Wayrarem","BAM4254",-0.107886111906334
"281785","BAM4477",-0.0934328856585673
"282803","BAM4477",0.305041841285778
"299554","BAM4477",0.102595155535476
"356457","BAM4477",0.222289961158564
"376579","BAM4477",-0.189114136106425
"376851","BAM4477",-0.206034019509879
"377448","BAM4477",0.197625931304416
"377705","BAM4477",0.679098087128191
"384190","BAM4477",-0.344134895541936
"426049","BAM4477",0.216689215975894
"438644","BAM4477",0.29381140297573
"ADAYSEL","BAM4477",0.0676186210803457
"AbhayaXDagadesi","BAM4477",0.180112763729743
"ABHISEK","BAM4477",-0.220835677261388
"ABOR-A-1","BAM4477",0.284834471500989
"ANJALI","BAM4477",-0.204812683593649
"Annada","BAM4477",-0.340549840789505
"Apo","BAM4477",0.191073970655987
"ARC10319","BAM4477",0.20808890287364
"ARC12071","BAM4477",-0.242088890822377
"ARNAPURNA","BAM4477",-0.155476234972021
"ASD16","BAM4477",-0.130713971291847
"AUS257","BAM4477",-0.165501795123372
"BAKAL","BAM4477",0.0270658685628833
"BAM1057","BAM4477",-0.0473554919538358
"BAM1098","BAM4477",0.0731884468827282
"BAM1659","BAM4477",-0.205772625242109
"BAM1689","BAM4477",-0.0622178504026951
"BAM1708","BAM4477",0.00466613832175451
"BAM1812","BAM4477",0.259087207059902
"BAM2096","BAM4477",-0.195576880733164
"BAM2166","BAM4477",-0.299317287908762
"BAM247","BAM4477",0.351493491855499
"BAM2574","BAM4477",-0.194678455185841
"BAM2680","BAM4477",0.258678822652182
"BAM3154","BAM4477",0.178947328296254
"BAM3181","BAM4477",-0.14965022383016
"BAM326","BAM4477",-0.18058234768378
"BAM328","BAM4477",0.228149180434796
"BAM350","BAM4477",0.105997286004946
"BAM3690","BAM4477",1.23656923077774
"BAM4009","BAM4477",0.0130894132349005
"BAM4054","BAM4477",-0.132042429178078
"BAM4138","BAM4477",-0.341274754251966
"BAM4168","BAM4477",-0.22620939144914
"BAM4234","BAM4477",-0.221385679469172
"BAM4254","BAM4477",-0.225757023284116
"BAM4477","BAM4477",1.41263077151844
"BAM4496","BAM4477",0.236105305686096
"BAM4510","BAM4477",-0.355857685025835
"BAM4521","BAM4477",-0.382197266304783
"BAM4534","BAM4477",0.0135801831366673
"BAM4797","BAM4477",-0.1677883322557
"BAM491","BAM4477",0.133571623636941
"BAM4928","BAM4477",-0.32653550950574
"BAM5110","BAM4477",-0.217927847643977
"BAM56","BAM4477",-0.359621329261885
"BAM5779","BAM4477",-0.228540967603354
"BAM5850","BAM4477",-0.0424118402527624
"BAM6921","BAM4477",0.117799406966433
"BAM712","BAM4477",-0.340456716730656
"BAM742","BAM4477",-0.342453475577988
"BAM7429","BAM4477",0.240574472942619
"BAM7449","BAM4477",0.008912215673407
"BAM747","BAM4477",-0.35007270730875
"BAM759","BAM4477",0.131954886742577
"BAM766","BAM4477",-0.342468972849067
"BAM807","BAM4477",-0.22228297551205
"BAM811","BAM4477",0.176450066329789
"BAM812","BAM4477",-0.201792374271433
"BAM819","BAM4477",0.182013573703594
"BAM8296","BAM4477",0.164049557294749
"BAM8305","BAM4477",0.21895701160592
"BAM8315","BAM4477",-0.285436297127261
"BAM8364","BAM4477",-0.0947714984210038
"BAMAWPYAN","BAM4477",-0.343419280248906
"BENAMURI","BAM4477",-0.151970237572362
"BLACKGORA","BAM4477",-0.12904309132088
"CGR1656","BAM4477",0.243178164618768
"CGR1679","BAM4477",-0.146301574846588
"CGR2012","BAM4477",-0.206202581291996
"CO18","BAM4477",-0.227728209761691
"CRDHAN-204","BAM4477",-0.233958937470593
"CR143-2-2","BAM4477",0.100749877412383
"CR262-4","BAM4477",0.0939706046628807
"CROSSA","BAM4477",-0.189028931309051
"DULAR","BAM4477",0.0326556904618304
"EYPO","BAM4477",0.197870255711506
"EYPO-2","BAM4477",-0.1068053632075
"FULKATI","BAM4477",0.00830174299551818
"Ghanteswari","BAM4477",0.27628613607719
"GHATIKAMMANANGARHAR","BAM4477",-0.214590025019055
"GotrabiDhan","BAM4477",0.338006595082005
"GP-145-37","BAM4477",-0.167129253981643
"GP-145-51","BAM4477",0.244333938731325
"HARBHOONDI","BAM4477",-0.246217965722767
"HongZuiEr","BAM4477",0.809108887188527
"IndrabaruniDhan","BAM4477",0.14037261764748
"IR74371-54-1-1","BAM4477",0.119642696963984
"IR77298-14-1-2-10","BAM4477",0.109470100095887
"IR77298-5-6-18","BAM4477",0.100079764185661
"IR83383-B-B-129-4","BAM4477",0.119209981387455
"IR83388-B-B108-3","BAM4477",0.0990403786385491
"IR87707-445-B-B","BAM4477",0.128852196093584
"IR87707-446-B-B","BAM4477",0.116281238466205
"IRROEPYO","BAM4477",-0.323320424338009
"KALINGA-1","BAM4477",0.248428663170081
"KANGRO","BAM4477",-0.232703033137483
"KHAODAWTAI","BAM4477",-0.0919476051363344
"MANDRIRAVINA","BAM4477",-0.221554501961317
"MAUDAMANI","BAM4477",-0.184102584826895
"MOROBEREKAN","BAM4477",0.0226597381881919
"MTU1010","BAM4477",0.132150834059368
"MTU9","BAM4477",-0.242508101553095
"NERICA-L-26","BAM4477",0.0964307988484861
"NERICA-L-42","BAM4477",0.090364775590078
"NERICA-L-44","BAM4477",0.136666493092201
"PARIJAT","BAM4477",0.316643005819207
"Patchaiperumal","BAM4477",0.22786900727287
"PEH-KUH-TSAO-TU","BAM4477",-0.234409281508987
"PMK-2","BAM4477",0.280988178145871
"PRASAD-1","BAM4477",-0.225038411334925
"PUSASUGANDH5","BAM4477",0.237948901235461
"PUSA1121","BAM4477",0.0543657314524532
"Pusa1121-SN12","BAM4477",0.079974854356782
"PUSA44","BAM4477",0.198213273139249
"PUSABASMATI6","BAM4477",-0.301618730608493
"PUSASUGANDH2","BAM4477",-0.250120677150542
"RASI","BAM4477",0.191383066137444
"RKVY-104","BAM4477",-0.0258805454852846
"RKVY-143","BAM4477",0.19381913953572
"RKVY-28","BAM4477",0.0167972672242166
"R-RF-44","BAM4477",0.0603743294549842
"RRF-78","BAM4477",0.0906547491520798
"Sadabahar","BAM4477",-0.18779164988778
"SAFRI-17","BAM4477",-0.212308248903652
"SAHBHAGIDHAN","BAM4477",0.297186694551951
"SATABHAMA","BAM4477",-0.244201611894697
"SERATOES","BAM4477",-0.00603539651141055
"SERETY","BAM4477",-0.234453603134234
"SHAKU","BAM4477",-0.238099863633533
"SR1-3-1","BAM4477",-0.243862775055034
"SUWEON","BAM4477",-0.26662138729348
"SWARNA","BAM4477",0.152866348955234
"VANAPRAVA","BAM4477",-0.0517331862032761
"VANDANA","BAM4477",0.0471346152681254
"Wayrarem","BAM4477",0.173519674712757
"281785","BAM4496",-0.236804091206284
"282803","BAM4496",0.0930088208668217
"299554","BAM4496",0.143945653680528
"356457","BAM4496",0.159895936704261
"376579","BAM4496",-0.140208737566143
"376851","BAM4496",-0.0997237308719857
"377448","BAM4496",0.331715101353093
"377705","BAM4496",0.158503249809952
"384190","BAM4496",-0.33702997237721
"426049","BAM4496",0.162445787633536
"438644","BAM4496",0.114299735703671
"ADAYSEL","BAM4496",0.0799457152237362
"AbhayaXDagadesi","BAM4496",0.0983402921187727
"ABHISEK","BAM4496",-0.220929077832662
"ABOR-A-1","BAM4496",0.169979724236348
"ANJALI","BAM4496",-0.247979313251031
"Annada","BAM4496",-0.343218695516909
"Apo","BAM4496",0.128877628153912
"ARC10319","BAM4496",0.465860263369083
"ARC12071","BAM4496",-0.0839683899143303
"ARNAPURNA","BAM4496",0.156499465424425
"ASD16","BAM4496",-0.159932689483576
"AUS257","BAM4496",-0.206808875000594
"BAKAL","BAM4496",-0.0127418247327402
"BAM1057","BAM4496",0.0642163553039128
"BAM1098","BAM4496",-0.0204353771684235
"BAM1659","BAM4496",-0.0866993643854284
"BAM1689","BAM4496",0.0215953987918561
"BAM1708","BAM4496",0.0311058323512493
"BAM1812","BAM4496",0.309232831635961
"BAM2096","BAM4496",-0.0468448791777047
"BAM2166","BAM4496",-0.318345551099143
"BAM247","BAM4496",0.246227337111554
"BAM2574","BAM4496",-0.0916767767523917
"BAM2680","BAM4496",-0.229225966879078
"BAM3154","BAM4496",0.179851135250411
"BAM3181","BAM4496",0.177138428241394
"BAM326","BAM4496",-0.0544251123920012
"BAM328","BAM4496",0.306610595011664
"BAM350","BAM4496",0.227032749861678
"BAM3690","BAM4496",0.207657070608834
"BAM4009","BAM4496",0.00437381045250373
"BAM4054","BAM4496",-0.197167626456776
"BAM4138","BAM4496",-0.319720971649085
"BAM4168","BAM4496",-0.24781356185487
"BAM4234","BAM4496",-0.251465931589095
"BAM4254","BAM4496",-0.256312549261539
"BAM4477","BAM4496",0.236105305686096
"BAM4496","BAM4496",1.36868423534857
"BAM4510","BAM4496",-0.293236461012307
"BAM4521","BAM4496",-0.339403411695507
"BAM4534","BAM4496",0.0692581424879722
"BAM4797","BAM4496",0.0667368190033951
"BAM491","BAM4496",0.149225603789952
"BAM4928","BAM4496",-0.337966899265712
"BAM5110","BAM4496",-0.286834298679
"BAM56","BAM4496",-0.347856674100545
"BAM5779","BAM4496",-0.34001625265824
"BAM5850","BAM4496",0.0745160213469489
"BAM6921","BAM4496",0.0738469513843898
"BAM712","BAM4496",-0.353206316450925
"BAM742","BAM4496",-0.342072533758705
"BAM7429","BAM4496",0.321416621140789
"BAM7449","BAM4496",0.0800380514674656
"BAM747","BAM4496",-0.342574633018394
"BAM759","BAM4496",0.0819050068750949
"BAM766","BAM4496",-0.336843221560341
"BAM807","BAM4496",-0.326166786657142
"BAM811","BAM4496",0.246976324897377
"BAM812","BAM4496",-0.138450302463419
"BAM819","BAM4496",-0.18251870623848
"BAM8296","BAM4496",0.159239525529605
"BAM8305","BAM4496",0.0931428509937828
"BAM8315","BAM4496",-0.332625471674987
"BAM8364","BAM4496",-0.236642438045659
"BAMAWPYAN","BAM4496",-0.321231440745891
"BENAMURI","BAM4496",0.112767140601933
"BLACKGORA","BAM4496",-0.210811802215457
"CGR1656","BAM4496",0.497860207721817
"CGR1679","BAM4496",-0.0538260776462837
"CGR2012","BAM4496",-0.01506506694281
"CO18","BAM4496",-0.0447934380134223
"CRDHAN-204","BAM4496",-0.238673105753114
"CR143-2-2","BAM4496",0.0967245135902303
"CR262-4","BAM4496",0.0914528488312239
"CROSSA","BAM4496",-0.0246975458342311
"DULAR","BAM4496",0.00402591069549788
"EYPO","BAM4496",0.149045535809052
"EYPO-2","BAM4496",-0.193814476675324
"FULKATI","BAM4496",0.0815145464275694
"Ghanteswari","BAM4496",0.325396076894258
"GHATIKAMMANANGARHAR","BAM4496",-0.21551866148318
"GotrabiDhan","BAM4496",0.215410518679493
"GP-145-37","BAM4496",-0.0186061297417012
"GP-145-51","BAM4496",0.33326050638421
"HARBHOONDI","BAM4496",-0.266253136584418
"HongZuiEr","BAM4496",0.206848475737394
"IndrabaruniDhan","BAM4496",0.204456106818324
"IR74371-54-1-1","BAM4496",0.132418307059305
"IR77298-14-1-2-10","BAM4496",0.0990052814332429
"IR77298-5-6-18","BAM4496",0.0866710013589927
"IR83383-B-B-129-4","BAM4496",0.0522610570459409
"IR83388-B-B108-3","BAM4496",0.112016242915885
"IR87707-445-B-B","BAM4496",0.110282700575324
"IR87707-446-B-B","BAM4496",0.130862574372696
"IRROEPYO","BAM4496",-0.309226794477317
"KALINGA-1","BAM4496",0.182762387333672
"KANGRO","BAM4496",-0.0709044981455974
"KHAODAWTAI","BAM4496",-0.194893336885183
"MANDRIRAVINA","BAM4496",-0.042880927192938
"MAUDAMANI","BAM4496",-0.190886281817959
"MOROBEREKAN","BAM4496",-0.0217579696604365
"MTU1010","BAM4496",0.0975105237847814
"MTU9","BAM4496",-0.0776813434337411
"NERICA-L-26","BAM4496",0.0876197834183785
"NERICA-L-42","BAM4496",0.107211841621082
"NERICA-L-44","BAM4496",0.116315417471955
"PARIJAT","BAM4496",0.140467892910774
"Patchaiperumal","BAM4496",0.399988231755308
"PEH-KUH-TSAO-TU","BAM4496",-0.0672993768810282
"PMK-2","BAM4496",0.161580994939037
"PRASAD-1","BAM4496",-0.22486625970849
"PUSASUGANDH5","BAM4496",0.0892654599319674
"PUSA1121","BAM4496",0.037932945378935
"Pusa1121-SN12","BAM4496",0.050271670398295
"PUSA44","BAM4496",0.120463198998577
"PUSABASMATI6","BAM4496",-0.29063590896361
"PUSASUGANDH2","BAM4496",-0.127839508430184
"RASI","BAM4496",0.17438286933867
"RKVY-104","BAM4496",0.0230601195998707
"RKVY-143","BAM4496",0.343498862093598
"RKVY-28","BAM4496",0.0318631152292863
"R-RF-44","BAM4496",0.139722206393259
"RRF-78","BAM4496",0.12139257830268
"Sadabahar","BAM4496",-0.0151034926152905
"SAFRI-17","BAM4496",-0.234100791221207
"SAHBHAGIDHAN","BAM4496",0.123635370937238
"SATABHAMA","BAM4496",-0.25339711596361
"SERATOES","BAM4496",0.028513198262895
"SERETY","BAM4496",-0.0974219128740482
"SHAKU","BAM4496",-0.208632835492457
"SR1-3-1","BAM4496",-0.243480552889609
"SUWEON","BAM4496",-0.210336570699888
"SWARNA","BAM4496",0.207815231895504
"VANAPRAVA","BAM4496",0.0539826243334322
"VANDANA","BAM4496",0.0937911399467767
"Wayrarem","BAM4496",0.127358224166194
"281785","BAM4510",0.016112296653787
"282803","BAM4510",-0.420205970292928
"299554","BAM4510",-0.382255629292374
"356457","BAM4510",-0.38568720635802
"376579","BAM4510",0.103046476761213
"376851","BAM4510",0.109076712747489
"377448","BAM4510",-0.315012383493896
"377705","BAM4510",-0.397637517451451
"384190","BAM4510",0.688646298907947
"426049","BAM4510",-0.38708584165571
"438644","BAM4510",-0.423495115951802
"ADAYSEL","BAM4510",0.0202877575734712
"AbhayaXDagadesi","BAM4510",-0.416986467947048
"ABHISEK","BAM4510",0.0553190481631751
"ABOR-A-1","BAM4510",-0.372604653628207
"ANJALI","BAM4510",0.0314268165313174
"Annada","BAM4510",0.238127539717104
"Apo","BAM4510",-0.336275803596419
"ARC10319","BAM4510",-0.318417640151889
"ARC12071","BAM4510",0.0960506355934513
"ARNAPURNA","BAM4510",0.0501167725221674
"ASD16","BAM4510",0.0239738453164568
"AUS257","BAM4510",0.0840104783270718
"BAKAL","BAM4510",0.236299509186047
"BAM1057","BAM4510",0.572574728344448
"BAM1098","BAM4510",0.151809755746288
"BAM1659","BAM4510",0.0807475187427327
"BAM1689","BAM4510",0.143647186275092
"BAM1708","BAM4510",0.234282904198701
"BAM1812","BAM4510",-0.362486870564016
"BAM2096","BAM4510",0.169457440486116
"BAM2166","BAM4510",0.534546684561453
"BAM247","BAM4510",-0.398378383448367
"BAM2574","BAM4510",0.093719980699578
"BAM2680","BAM4510",0.029248520523746
"BAM3154","BAM4510",-0.359003444916912
"BAM3181","BAM4510",0.0949731744489174
"BAM326","BAM4510",0.128870589764416
"BAM328","BAM4510",-0.22004258633624
"BAM350","BAM4510",0.0871393250926275
"BAM3690","BAM4510",-0.355287766445315
"BAM4009","BAM4510",0.369961943685105
"BAM4054","BAM4510",-0.0105778419748409
"BAM4138","BAM4510",1.11967001418912
"BAM4168","BAM4510",0.525902625225665
"BAM4234","BAM4510",0.0717095172729874
"BAM4254","BAM4510",0.0630757483724182
"BAM4477","BAM4510",-0.355857685025835
"BAM4496","BAM4510",-0.293236461012307
"BAM4510","BAM4510",1.76578304292378
"BAM4521","BAM4510",0.753100032621759
"BAM4534","BAM4510",0.586208450197752
"BAM4797","BAM4510",0.175844391549341
"BAM491","BAM4510",-0.0657048642401736
"BAM4928","BAM4510",0.577920777521988
"BAM5110","BAM4510",-0.0157045870278708
"BAM56","BAM4510",0.715346338436008
"BAM5779","BAM4510",0.215042890566397
"BAM5850","BAM4510",0.601185485430262
"BAM6921","BAM4510",-0.391582703949494
"BAM712","BAM4510",0.239933633780846
"BAM742","BAM4510",0.214355652174756
"BAM7429","BAM4510",-0.312917873500376
"BAM7449","BAM4510",0.632721738978709
"BAM747","BAM4510",0.242938628364729
"BAM759","BAM4510",-0.0561974800984086
"BAM766","BAM4510",0.230146442732353
"BAM807","BAM4510",0.23379620940183
"BAM811","BAM4510",-0.344265581288672
"BAM812","BAM4510",0.0485592767361622
"BAM819","BAM4510",0.024080269373008
"BAM8296","BAM4510",-0.43575922698663
"BAM8305","BAM4510",-0.419999638566638
"BAM8315","BAM4510",0.403517538131913
"BAM8364","BAM4510",0.12022099061997
"BAMAWPYAN","BAM4510",0.871620926086758
"BENAMURI","BAM4510",0.0931138041376073
"BLACKGORA","BAM4510",0.0378386457994155
"CGR1656","BAM4510",-0.319971007940911
"CGR1679","BAM4510",0.0876798908730706
"CGR2012","BAM4510",0.0746788989977226
"CO18","BAM4510",0.120291975947215
"CRDHAN-204","BAM4510",0.00117452396123559
"CR143-2-2","BAM4510",-0.384144671375163
"CR262-4","BAM4510",-0.382344671888075
"CROSSA","BAM4510",0.094682281499445
"DULAR","BAM4510",0.497475271613855
"EYPO","BAM4510",-0.205223431225233
"EYPO-2","BAM4510",0.0323388870272595
"FULKATI","BAM4510",0.597717240541465
"Ghanteswari","BAM4510",-0.401029194582964
"GHATIKAMMANANGARHAR","BAM4510",0.00724751985988817
"GotrabiDhan","BAM4510",-0.397266043767505
"GP-145-37","BAM4510",0.126875037997014
"GP-145-51","BAM4510",-0.329973285094421
"HARBHOONDI","BAM4510",0.0235240842067201
"HongZuiEr","BAM4510",-0.356031774392901
"IndrabaruniDhan","BAM4510",-0.391553006342022
"IR74371-54-1-1","BAM4510",-0.379615093574078
"IR77298-14-1-2-10","BAM4510",-0.384341289078358
"IR77298-5-6-18","BAM4510",-0.362356764237067
"IR83383-B-B-129-4","BAM4510",-0.394709974040589
"IR83388-B-B108-3","BAM4510",-0.406764271238256
"IR87707-445-B-B","BAM4510",-0.406443932979397
"IR87707-446-B-B","BAM4510",-0.418488415526286
"IRROEPYO","BAM4510",0.844950528488635
"KALINGA-1","BAM4510",-0.445287071217532
"KANGRO","BAM4510",0.0853096362649939
"KHAODAWTAI","BAM4510",-0.00452577868741737
"MANDRIRAVINA","BAM4510",0.101449632165055
"MAUDAMANI","BAM4510",-0.00416405274654452
"MOROBEREKAN","BAM4510",-0.104210192949807
"MTU1010","BAM4510",-0.408663925204804
"MTU9","BAM4510",0.0987568495422194
"NERICA-L-26","BAM4510",-0.421996270474382
"NERICA-L-42","BAM4510",-0.419672397955368
"NERICA-L-44","BAM4510",-0.416932215803872
"PARIJAT","BAM4510",-0.346845018461283
"Patchaiperumal","BAM4510",-0.275193655175267
"PEH-KUH-TSAO-TU","BAM4510",0.0951278530334785
"PMK-2","BAM4510",-0.363209947590093
"PRASAD-1","BAM4510",0.0679341222606508
"PUSASUGANDH5","BAM4510",-0.364920318538275
"PUSA1121","BAM4510",-0.0358538076861776
"Pusa1121-SN12","BAM4510",-0.0859696304085459
"PUSA44","BAM4510",-0.432579383400012
"PUSABASMATI6","BAM4510",0.161007120015381
"PUSASUGANDH2","BAM4510",-0.0116935846586096
"RASI","BAM4510",-0.361522463756276
"RKVY-104","BAM4510",0.359769041012643
"RKVY-143","BAM4510",-0.312101773955235
"RKVY-28","BAM4510",0.419455426681431
"R-RF-44","BAM4510",-0.388906194389556
"RRF-78","BAM4510",-0.153407295068019
"Sadabahar","BAM4510",0.13949966748026
"SAFRI-17","BAM4510",0.0604975988388734
"SAHBHAGIDHAN","BAM4510",-0.336864875307499
"SATABHAMA","BAM4510",0.00334900865965041
"SERATOES","BAM4510",0.781080477463717
"SERETY","BAM4510",0.0759970883183255
"SHAKU","BAM4510",0.0813798171563296
"SR1-3-1","BAM4510",0.024896999300765
"SUWEON","BAM4510",0.190506048876796
"SWARNA","BAM4510",-0.36020671082934
"VANAPRAVA","BAM4510",0.570310885918919
"VANDANA","BAM4510",0.0842750555091959
"Wayrarem","BAM4510",-0.335128802305602
"281785","BAM4521",0.0529718444940577
"282803","BAM4521",-0.386076685453146
"299554","BAM4521",-0.395691305110273
"356457","BAM4521",-0.402961368610768
"376579","BAM4521",0.104924778112108
"376851","BAM4521",0.105569393377935
"377448","BAM4521",-0.369570068407678
"377705","BAM4521",-0.411058474766852
"384190","BAM4521",1.04774143842291
"426049","BAM4521",-0.404806705819011
"438644","BAM4521",-0.388540383630452
"ADAYSEL","BAM4521",0.102114710606427
"AbhayaXDagadesi","BAM4521",-0.387204678642326
"ABHISEK","BAM4521",0.0909153653780032
"ABOR-A-1","BAM4521",-0.39763451929451
"ANJALI","BAM4521",-0.0112972115922549
"Annada","BAM4521",0.345508162206104
"Apo","BAM4521",-0.355461782854694
"ARC10319","BAM4521",-0.339887105127716
"ARC12071","BAM4521",0.117577030993012
"ARNAPURNA","BAM4521",0.0417008235155925
"ASD16","BAM4521",-0.00525317412195595
"AUS257","BAM4521",0.0507783925679514
"BAKAL","BAM4521",0.489822589281534
"BAM1057","BAM4521",0.30867385083908
"BAM1098","BAM4521",0.378902254129141
"BAM1659","BAM4521",0.0867016237139026
"BAM1689","BAM4521",0.334950712532989
"BAM1708","BAM4521",0.401014712355504
"BAM1812","BAM4521",-0.300277582710455
"BAM2096","BAM4521",0.171091006259865
"BAM2166","BAM4521",0.764402451519619
"BAM247","BAM4521",-0.393999974762532
"BAM2574","BAM4521",0.118628081218938
"BAM2680","BAM4521",0.0143986055369404
"BAM3154","BAM4521",-0.365571040134845
"BAM3181","BAM4521",0.103928510846306
"BAM326","BAM4521",0.0684908851942804
"BAM328","BAM4521",-0.328967942329582
"BAM350","BAM4521",-0.0347814903708307
"BAM3690","BAM4521",-0.382826502173649
"BAM4009","BAM4521",0.401757691731337
"BAM4054","BAM4521",-0.0154173313782741
"BAM4138","BAM4521",0.733629682999213
"BAM4168","BAM4521",0.489795246377328
"BAM4234","BAM4521",0.0478764157925282
"BAM4254","BAM4521",0.038593554167407
"BAM4477","BAM4521",-0.382197266304783
"BAM4496","BAM4521",-0.339403411695507
"BAM4510","BAM4521",0.753100032621759
"BAM4521","BAM4521",1.71530052428829
"BAM4534","BAM4521",0.337864000373374
"BAM4797","BAM4521",0.165496952208813
"BAM491","BAM4521",-0.00591230431564782
"BAM4928","BAM4521",0.772747582378186
"BAM5110","BAM4521",-0.0189309938662919
"BAM56","BAM4521",0.90291092371696
"BAM5779","BAM4521",0.388440837268508
"BAM5850","BAM4521",0.343407337120034
"BAM6921","BAM4521",-0.407829867459497
"BAM712","BAM4521",0.338579727550104
"BAM742","BAM4521",0.326289758876996
"BAM7429","BAM4521",-0.336606652568488
"BAM7449","BAM4521",0.380009407791047
"BAM747","BAM4521",0.339747832111582
"BAM759","BAM4521",0.0406586148711793
"BAM766","BAM4521",0.318418436603137
"BAM807","BAM4521",0.386179192244718
"BAM811","BAM4521",-0.299356406027503
"BAM812","BAM4521",0.130132984857073
"BAM819","BAM4521",-0.0191607250143145
"BAM8296","BAM4521",-0.393473980147337
"BAM8305","BAM4521",-0.385274649733265
"BAM8315","BAM4521",0.506008256760195
"BAM8364","BAM4521",0.126142234282258
"BAMAWPYAN","BAM4521",0.88634884846642
"BENAMURI","BAM4521",0.0888020520635792
"BLACKGORA","BAM4521",0.0838733069494923
"CGR1656","BAM4521",-0.336465406574824
"CGR1679","BAM4521",0.0676657888014656
"CGR2012","BAM4521",0.0576628006741922
"CO18","BAM4521",0.0868519921322951
"CRDHAN-204","BAM4521",0.0218985526513671
"CR143-2-2","BAM4521",-0.347318759774297
"CR262-4","BAM4521",-0.342044207198404
"CROSSA","BAM4521",0.094534051150143
"DULAR","BAM4521",0.52048310381713
"EYPO","BAM4521",-0.168289342652211
"EYPO-2","BAM4521",0.0200155719794467
"FULKATI","BAM4521",0.350337921810552
"Ghanteswari","BAM4521",-0.402365205799852
"GHATIKAMMANANGARHAR","BAM4521",0.0615495137045448
"GotrabiDhan","BAM4521",-0.394056999272987
"GP-145-37","BAM4521",0.0712315641129078
"GP-145-51","BAM4521",-0.359471804129575
"HARBHOONDI","BAM4521",0.0525123393022468
"HongZuiEr","BAM4521",-0.383247750666076
"IndrabaruniDhan","BAM4521",-0.445076142469728
"IR74371-54-1-1","BAM4521",-0.368544956144852
"IR77298-14-1-2-10","BAM4521",-0.415684061204259
"IR77298-5-6-18","BAM4521",-0.38124128127658
"IR83383-B-B-129-4","BAM4521",-0.379048959107095
"IR83388-B-B108-3","BAM4521",-0.395689318474669
"IR87707-445-B-B","BAM4521",-0.370972913746721
"IR87707-446-B-B","BAM4521",-0.390374561487998
"IRROEPYO","BAM4521",0.595510888179302
"KALINGA-1","BAM4521",-0.444886673907503
"KANGRO","BAM4521",0.099384828232679
"KHAODAWTAI","BAM4521",0.0045530108162368
"MANDRIRAVINA","BAM4521",0.0852494196504578
"MAUDAMANI","BAM4521",0.00445594362224763
"MOROBEREKAN","BAM4521",-0.0436637911703185
"MTU1010","BAM4521",-0.418093801248437
"MTU9","BAM4521",0.109573836887766
"NERICA-L-26","BAM4521",-0.421054538508275
"NERICA-L-42","BAM4521",-0.419725995782615
"NERICA-L-44","BAM4521",-0.453916452738829
"PARIJAT","BAM4521",-0.370499683082509
"Patchaiperumal","BAM4521",-0.311535495835876
"PEH-KUH-TSAO-TU","BAM4521",0.0888223744427606
"PMK-2","BAM4521",-0.397520169573896
"PRASAD-1","BAM4521",0.0896949652584495
"PUSASUGANDH5","BAM4521",-0.344252280559185
"PUSA1121","BAM4521",-0.0464602096897803
"Pusa1121-SN12","BAM4521",-0.071354829932584
"PUSA44","BAM4521",-0.439654776714927
"PUSABASMATI6","BAM4521",0.18808926467696
"PUSASUGANDH2","BAM4521",-0.0364433320571327
"RASI","BAM4521",-0.359659905413168
"RKVY-104","BAM4521",0.450613000422838
"RKVY-143","BAM4521",-0.34092745586613
"RKVY-28","BAM4521",0.389301640426161
"R-RF-44","BAM4521",-0.392294999846502
"RRF-78","BAM4521",-0.0990882106599491
"Sadabahar","BAM4521",0.122421804575207
"SAFRI-17","BAM4521",0.0295940365593096
"SAHBHAGIDHAN","BAM4521",-0.364125564971223
"SATABHAMA","BAM4521",0.0636945865724148
"SERATOES","BAM4521",0.307078989872681
"SERETY","BAM4521",0.105435050506048
"SHAKU","BAM4521",0.124468986124983
"SR1-3-1","BAM4521",-0.00408799741463865
"SUWEON","BAM4521",0.27622124908075
"SWARNA","BAM4521",-0.452686574072276
"VANAPRAVA","BAM4521",0.308210617209965
"VANDANA","BAM4521",-0.00987541667633674
"Wayrarem","BAM4521",-0.363919920552931
"281785","BAM4534",-0.387043299620646
"282803","BAM4534",-0.106019004495104
"299554","BAM4534",-0.0521980267851496
"356457","BAM4534",-0.0919199720633352
"376579","BAM4534",-0.27090393430598
"376851","BAM4534",-0.280344830482997
"377448","BAM4534",0.0367534904014208
"377705","BAM4534",-0.068082040031731
"384190","BAM4534",0.325357235580061
"426049","BAM4534",-0.0943851779689495
"438644","BAM4534",-0.0900607569573007
"ADAYSEL","BAM4534",0.410273012565941
"AbhayaXDagadesi","BAM4534",-0.0415518605432803
"ABHISEK","BAM4534",-0.360462575876223
"ABOR-A-1","BAM4534",-0.0508706578186334
"ANJALI","BAM4534",-0.396483881003348
"Annada","BAM4534",-0.0658650013140723
"Apo","BAM4534",-0.00397417943252227
"ARC10319","BAM4534",-0.00394383562819881
"ARC12071","BAM4534",-0.337541330347705
"ARNAPURNA","BAM4534",-0.351905838639501
"ASD16","BAM4534",-0.410440837443142
"AUS257","BAM4534",-0.336081373404284
"BAKAL","BAM4534",0.638622388389164
"BAM1057","BAM4534",0.814598547949472
"BAM1098","BAM4534",0.573073734474326
"BAM1659","BAM4534",-0.334663061468025
"BAM1689","BAM4534",0.522319440580874
"BAM1708","BAM4534",0.578261438451226
"BAM1812","BAM4534",0.0114248161465265
"BAM2096","BAM4534",-0.212910279329882
"BAM2166","BAM4534",0.127986254218374
"BAM247","BAM4534",-0.0323676320413056
"BAM2574","BAM4534",-0.345239546102342
"BAM2680","BAM4534",-0.389310120296923
"BAM3154","BAM4534",-0.000978885162366485
"BAM3181","BAM4534",-0.314616589100603
"BAM326","BAM4534",-0.294125672470198
"BAM328","BAM4534",0.138248618680865
"BAM350","BAM4534",0.389219957798843
"BAM3690","BAM4534",0.0290556827252883
"BAM4009","BAM4534",0.642295008537116
"BAM4054","BAM4534",-0.418205638698828
"BAM4138","BAM4534",0.485972969002341
"BAM4168","BAM4534",0.0914014380006932
"BAM4234","BAM4534",-0.333237765937986
"BAM4254","BAM4534",-0.331281090573109
"BAM4477","BAM4534",0.0135801831366673
"BAM4496","BAM4534",0.0692581424879722
"BAM4510","BAM4534",0.586208450197752
"BAM4521","BAM4534",0.337864000373374
"BAM4534","BAM4534",1.77552276184617
"BAM4797","BAM4534",-0.23987851634722
"BAM491","BAM4534",0.314668232299859
"BAM4928","BAM4534",0.112008729698892
"BAM5110","BAM4534",-0.410951017100919
"BAM56","BAM4534",0.29365192770244
"BAM5779","BAM4534",-0.0950302375029186
"BAM5850","BAM4534",1.01108752966697
"BAM6921","BAM4534",-0.0794899918873239
"BAM712","BAM4534",-0.0617768448977863
"BAM742","BAM4534",-0.0557994863176073
"BAM7429","BAM4534",0.0122892846494027
"BAM7449","BAM4534",1.11482801058794
"BAM747","BAM4534",-0.0535051732814237
"BAM759","BAM4534",0.334219175468022
"BAM766","BAM4534",-0.064737044163512
"BAM807","BAM4534",-0.0911398038097031
"BAM811","BAM4534",0.0287242754127505
"BAM812","BAM4534",-0.30418799269001
"BAM819","BAM4534",-0.339680249379502
"BAM8296","BAM4534",-0.076837831247284
"BAM8305","BAM4534",-0.0558797331722688
"BAM8315","BAM4534",0.0599237747617381
"BAM8364","BAM4534",-0.312838251333571
"BAMAWPYAN","BAM4534",0.351748126508872
"BENAMURI","BAM4534",-0.306968449280632
"BLACKGORA","BAM4534",-0.345724765970479
"CGR1656","BAM4534",0.0197303660197313
"CGR1679","BAM4534",-0.312441095834881
"CGR2012","BAM4534",-0.317524700386796
"CO18","BAM4534",-0.342892228907436
"CRDHAN-204","BAM4534",-0.402401432549433
"CR143-2-2","BAM4534",-0.0369622783000721
"CR262-4","BAM4534",-0.0618863796501607
"CROSSA","BAM4534",-0.323089127083832
"DULAR","BAM4534",1.05785722915967
"EYPO","BAM4534",0.152614444227666
"EYPO-2","BAM4534",-0.389094476049453
"FULKATI","BAM4534",1.07209179885682
"Ghanteswari","BAM4534",-0.0483361172169104
"GHATIKAMMANANGARHAR","BAM4534",-0.373364974639599
"GotrabiDhan","BAM4534",-0.0488879285493678
"GP-145-37","BAM4534",-0.278370645318871
"GP-145-51","BAM4534",0.0151213414672662
"HARBHOONDI","BAM4534",-0.371175746836973
"HongZuiEr","BAM4534",-0.00304633426579684
"IndrabaruniDhan","BAM4534",-0.0677559593069028
"IR74371-54-1-1","BAM4534",-0.0551594563820522
"IR77298-14-1-2-10","BAM4534",-0.0335348393001666
"IR77298-5-6-18","BAM4534",-0.00829230184396914
"IR83383-B-B-129-4","BAM4534",-0.034677697934547
"IR83388-B-B108-3","BAM4534",-0.0420449631257111
"IR87707-445-B-B","BAM4534",-0.0447138533890115
"IR87707-446-B-B","BAM4534",-0.0240977316289744
"IRROEPYO","BAM4534",0.238567745204475
"KALINGA-1","BAM4534",-0.093440491022171
"KANGRO","BAM4534",-0.351890620454252
"KHAODAWTAI","BAM4534",-0.380078965619697
"MANDRIRAVINA","BAM4534",-0.339111044294462
"MAUDAMANI","BAM4534",-0.381780542043232
"MOROBEREKAN","BAM4534",0.257297883728967
"MTU1010","BAM4534",-0.0733438689052656
"MTU9","BAM4534",-0.349708335406692
"NERICA-L-26","BAM4534",-0.0562122277074525
"NERICA-L-42","BAM4534",-0.0485237995433609
"NERICA-L-44","BAM4534",-0.0547148107809478
"PARIJAT","BAM4534",-0.00716020424537375
"Patchaiperumal","BAM4534",0.0248693157768528
"PEH-KUH-TSAO-TU","BAM4534",-0.347526036185654
"PMK-2","BAM4534",-0.0537095115527501
"PRASAD-1","BAM4534",-0.365428812724883
"PUSASUGANDH5","BAM4534",-0.0391837716441601
"PUSA1121","BAM4534",0.312171354286045
"Pusa1121-SN12","BAM4534",0.273385164135957
"PUSA44","BAM4534",-0.0893930934957759
"PUSABASMATI6","BAM4534",-0.209597191305684
"PUSASUGANDH2","BAM4534",-0.397317259385089
"RASI","BAM4534",-0.0265677956971266
"RKVY-104","BAM4534",0.716235735469941
"RKVY-143","BAM4534",0.0320964650769595
"RKVY-28","BAM4534",0.72709164507301
"R-RF-44","BAM4534",-0.0612553556534112
"RRF-78","BAM4534",0.185259427569567
"Sadabahar","BAM4534",-0.244975456433131
"SAFRI-17","BAM4534",-0.36404657906004
"SAHBHAGIDHAN","BAM4534",-0.0117677255837476
"SATABHAMA","BAM4534",-0.405228236547747
"SERATOES","BAM4534",0.95592289191814
"SERETY","BAM4534",-0.34558631286467
"SHAKU","BAM4534",-0.307641050473353
"SR1-3-1","BAM4534",-0.391328795949659
"SUWEON","BAM4534",-0.230767433467399
"SWARNA","BAM4534",0.0323522472780891
"VANAPRAVA","BAM4534",0.800165726078897
"VANDANA","BAM4534",0.357106763363209
"Wayrarem","BAM4534",-0.00203063921665593
"281785","BAM4797",0.123579901496818
"282803","BAM4797",-0.322599721644676
"299554","BAM4797",-0.268920625861792
"356457","BAM4797",-0.222454434754255
"376579","BAM4797",0.486668736435901
"376851","BAM4797",0.3889888102909
"377448","BAM4797",-0.0127653403109438
"377705","BAM4797",-0.198663990117331
"384190","BAM4797",0.150576795817376
"426049","BAM4797",-0.223317583198691
"438644","BAM4797",-0.292902046650678
"ADAYSEL","BAM4797",-0.246341159289577
"AbhayaXDagadesi","BAM4797",-0.286729395175521
"ABHISEK","BAM4797",0.200943511320865
"ABOR-A-1","BAM4797",-0.24791517367574
"ANJALI","BAM4797",0.104870733292885
"Annada","BAM4797",0.0408853909225145
"Apo","BAM4797",-0.258946764227496
"ARC10319","BAM4797",-0.0959257162643522
"ARC12071","BAM4797",0.325317312994106
"ARNAPURNA","BAM4797",0.445741739467554
"ASD16","BAM4797",0.214911775210678
"AUS257","BAM4797",0.149953402314961
"BAKAL","BAM4797",-0.259013136450557
"BAM1057","BAM4797",-0.216024798276494
"BAM1098","BAM4797",-0.249933402569414
"BAM1659","BAM4797",0.29661386116073
"BAM1689","BAM4797",-0.235077784547964
"BAM1708","BAM4797",-0.228742760643057
"BAM1812","BAM4797",0.0267192219089527
"BAM2096","BAM4797",0.395347767005966
"BAM2166","BAM4797",0.184431475209347
"BAM247","BAM4797",-0.195682262983413
"BAM2574","BAM4797",0.454507274491069
"BAM2680","BAM4797",0.202491421084639
"BAM3154","BAM4797",-0.168254311001095
"BAM3181","BAM4797",0.460808045564307
"BAM326","BAM4797",0.429274247091548
"BAM328","BAM4797",-0.0672710012397293
"BAM350","BAM4797",-0.0776982096896042
"BAM3690","BAM4797",-0.178892206709645
"BAM4009","BAM4797",-0.222294374450145
"BAM4054","BAM4797",0.167911803666806
"BAM4138","BAM4797",0.172612670328126
"BAM4168","BAM4797",0.1425946363795
"BAM4234","BAM4797",0.0882273486675703
"BAM4254","BAM4797",0.0826938174176281
"BAM4477","BAM4797",-0.1677883322557
"BAM4496","BAM4797",0.0667368190033951
"BAM4510","BAM4797",0.175844391549341
"BAM4521","BAM4797",0.165496952208813
"BAM4534","BAM4797",-0.23987851634722
"BAM4797","BAM4797",1.3316950234775
"BAM491","BAM4797",-0.0890606773731858
"BAM4928","BAM4797",0.177888561553602
"BAM5110","BAM4797",0.1318450982532
"BAM56","BAM4797",0.182795247197184
"BAM5779","BAM4797",0.109687626223442
"BAM5850","BAM4797",-0.172689829114687
"BAM6921","BAM4797",-0.294171525280514
"BAM712","BAM4797",0.034728915921842
"BAM742","BAM4797",0.040643694752706
"BAM7429","BAM4797",0.0335479327091954
"BAM7449","BAM4797",-0.264120091409659
"BAM747","BAM4797",0.0439501239816278
"BAM759","BAM4797",-0.25007266647281
"BAM766","BAM4797",0.0333419815684545
"BAM807","BAM4797",0.104066743392388
"BAM811","BAM4797",-0.101000001455899
"BAM812","BAM4797",0.324394691539792
"BAM819","BAM4797",0.21801457078446
"BAM8296","BAM4797",-0.26151010691945
"BAM8305","BAM4797",-0.343945754553852
"BAM8315","BAM4797",0.0920496252624364
"BAM8364","BAM4797",0.11847621372841
"BAMAWPYAN","BAM4797",0.159301076270818
"BENAMURI","BAM4797",0.466613351519623
"BLACKGORA","BAM4797",0.216741096947307
"CGR1656","BAM4797",0.052530583598334
"CGR1679","BAM4797",0.466053812178657
"CGR2012","BAM4797",0.531460769668028
"CO18","BAM4797",0.311601838773786
"CRDHAN-204","BAM4797",0.15227820949406
"CR143-2-2","BAM4797",-0.29335825617477
"CR262-4","BAM4797",-0.280463209804996
"CROSSA","BAM4797",0.526815666466636
"DULAR","BAM4797",-0.246508393687045
"EYPO","BAM4797",-0.168514922489893
"EYPO-2","BAM4797",0.169137526155177
"FULKATI","BAM4797",-0.234573250743711
"Ghanteswari","BAM4797",-0.166549579348383
"GHATIKAMMANANGARHAR","BAM4797",0.153210481403799
"GotrabiDhan","BAM4797",-0.195317016267847
"GP-145-37","BAM4797",0.47271818648031
"GP-145-51","BAM4797",0.0407516378408315
"HARBHOONDI","BAM4797",0.128729633233238
"HongZuiEr","BAM4797",-0.202665017457007
"IndrabaruniDhan","BAM4797",-0.182981790790951
"IR74371-54-1-1","BAM4797",-0.267766600620633
"IR77298-14-1-2-10","BAM4797",-0.283518437864495
"IR77298-5-6-18","BAM4797",-0.318547378322571
"IR83383-B-B-129-4","BAM4797",-0.343215206238728
"IR83388-B-B108-3","BAM4797",-0.315123930965651
"IR87707-445-B-B","BAM4797",-0.308416370048806
"IR87707-446-B-B","BAM4797",-0.303333417186615
"IRROEPYO","BAM4797",0.162478061248321
"KALINGA-1","BAM4797",-0.203637055274125
"KANGRO","BAM4797",0.317228276185076
"KHAODAWTAI","BAM4797",0.243312111083446
"MANDRIRAVINA","BAM4797",0.314912613167178
"MAUDAMANI","BAM4797",0.214161266396401
"MOROBEREKAN","BAM4797",-0.299765932074686
"MTU1010","BAM4797",-0.348549893308593
"MTU9","BAM4797",0.30998063972255
"NERICA-L-26","BAM4797",-0.305067126979848
"NERICA-L-42","BAM4797",-0.310600885055862
"NERICA-L-44","BAM4797",-0.243241263024597
"PARIJAT","BAM4797",-0.240331077715539
"Patchaiperumal","BAM4797",-0.0729251554763502
"PEH-KUH-TSAO-TU","BAM4797",0.31278877997334
"PMK-2","BAM4797",-0.23706727517493
"PRASAD-1","BAM4797",0.168862486504064
"PUSASUGANDH5","BAM4797",-0.264583909907243
"PUSA1121","BAM4797",-0.249263056414636
"Pusa1121-SN12","BAM4797",-0.283646338943258
"PUSA44","BAM4797",-0.266630890612036
"PUSABASMATI6","BAM4797",0.152365559029654
"PUSASUGANDH2","BAM4797",0.251453192068196
"RASI","BAM4797",-0.24606322719762
"RKVY-104","BAM4797",-0.254906363827874
"RKVY-143","BAM4797",0.00290345848192255
"RKVY-28","BAM4797",-0.198334129139602
"R-RF-44","BAM4797",-0.224901731600132
"RRF-78","BAM4797",-0.321946117725442
"Sadabahar","BAM4797",0.372175052336667
"SAFRI-17","BAM4797",0.172317316694694
"SAHBHAGIDHAN","BAM4797",-0.228032358262386
"SATABHAMA","BAM4797",0.152133167819495
"SERATOES","BAM4797",-0.211864496399321
"SERETY","BAM4797",0.312450538841832
"SHAKU","BAM4797",0.184069349568784
"SR1-3-1","BAM4797",0.0915155501802514
"SUWEON","BAM4797",0.198445883193741
"SWARNA","BAM4797",-0.206082090267718
"VANAPRAVA","BAM4797",-0.22505901131444
"VANDANA","BAM4797",-0.237403058515834
"Wayrarem","BAM4797",-0.266847374820893
"281785","BAM491",-0.26250158688068
"282803","BAM491",0.0380462258371615
"299554","BAM491",0.0613428872465963
"356457","BAM491",0.0625615156847272
"376579","BAM491",-0.0752549843794289
"376851","BAM491",-0.137023695667152
"377448","BAM491",0.264027717976191
"377705","BAM491",0.0392704544801997
"384190","BAM491",-0.00112395283227607
"426049","BAM491",0.0588507697495856
"438644","BAM491",0.0482216525300911
"ADAYSEL","BAM491",0.215266666232845
"AbhayaXDagadesi","BAM491",0.045729739534414
"ABHISEK","BAM491",-0.287705799144718
"ABOR-A-1","BAM491",0.06846312000825
"ANJALI","BAM491",-0.36277053833309
"Annada","BAM491",-0.219885589112459
"Apo","BAM491",0.0352441238462016
"ARC10319","BAM491",0.170908931109277
"ARC12071","BAM491",-0.175084713131887
"ARNAPURNA","BAM491",-0.171833857146351
"ASD16","BAM491",-0.306057570828475
"AUS257","BAM491",-0.30053784721482
"BAKAL","BAM491",0.283313609040973
"BAM1057","BAM491",0.391781593930045
"BAM1098","BAM491",0.295080585898443
"BAM1659","BAM491",-0.181144087633669
"BAM1689","BAM491",0.306582741364948
"BAM1708","BAM491",0.373819870622794
"BAM1812","BAM491",0.518248976755484
"BAM2096","BAM491",-0.112168509398467
"BAM2166","BAM491",-0.122002012008523
"BAM247","BAM491",0.0961106260155763
"BAM2574","BAM491",-0.0994943856163176
"BAM2680","BAM491",-0.330781103422155
"BAM3154","BAM491",0.155700377348618
"BAM3181","BAM491",-0.153373140332355
"BAM326","BAM491",-0.0773099505895355
"BAM328","BAM491",0.217152284530349
"BAM350","BAM491",0.363564817304653
"BAM3690","BAM491",0.11962600815892
"BAM4009","BAM491",0.329089510241284
"BAM4054","BAM491",-0.29282764797765
"BAM4138","BAM491",-0.0675457627412884
"BAM4168","BAM491",-0.0990307625708545
"BAM4234","BAM491",-0.300389065667451
"BAM4254","BAM491",-0.296703897899635
"BAM4477","BAM491",0.133571623636941
"BAM4496","BAM491",0.149225603789952
"BAM4510","BAM491",-0.0657048642401736
"BAM4521","BAM491",-0.00591230431564782
"BAM4534","BAM491",0.314668232299859
"BAM4797","BAM491",-0.0890606773731858
"BAM491","BAM491",1.45570929758529
"BAM4928","BAM491",-0.0978715748277733
"BAM5110","BAM491",-0.305558190397831
"BAM56","BAM491",-0.0163938251391071
"BAM5779","BAM491",-0.185804843205432
"BAM5850","BAM491",0.382680849285189
"BAM6921","BAM491",0.0453486889358602
"BAM712","BAM491",-0.228211491353277
"BAM742","BAM491",-0.220860737987684
"BAM7429","BAM491",0.27188695868983
"BAM7449","BAM491",0.310939111918581
"BAM747","BAM491",-0.20869022533595
"BAM759","BAM491",0.215148128318988
"BAM766","BAM491",-0.221430754876117
"BAM807","BAM491",-0.18424926782354
"BAM811","BAM491",0.147628574824518
"BAM812","BAM491",-0.211683960113144
"BAM819","BAM491",-0.278946380896968
"BAM8296","BAM491",0.0410522904575991
"BAM8305","BAM491",0.0619301214409174
"BAM8315","BAM491",-0.168661898372556
"BAM8364","BAM491",-0.315413686031399
"BAMAWPYAN","BAM491",-0.0267514247557309
"BENAMURI","BAM491",-0.136689231658598
"BLACKGORA","BAM491",-0.310075648641649
"CGR1656","BAM491",0.229736416119337
"CGR1679","BAM491",-0.0530929087926516
"CGR2012","BAM491",-0.0286269620040862
"CO18","BAM491",-0.170789203803302
"CRDHAN-204","BAM491",-0.319077364687314
"CR143-2-2","BAM491",0.0507488769308654
"CR262-4","BAM491",0.049794931597437
"CROSSA","BAM491",-0.00622377551239429
"DULAR","BAM491",0.329856252240755
"EYPO","BAM491",0.236219782901425
"EYPO-2","BAM491",-0.269340243333501
"FULKATI","BAM491",0.299669722908659
"Ghanteswari","BAM491",0.0671920410575085
"GHATIKAMMANANGARHAR","BAM491",-0.262987489150049
"GotrabiDhan","BAM491",0.07732576800013
"GP-145-37","BAM491",-0.115422996411246
"GP-145-51","BAM491",0.316945268136767
"HARBHOONDI","BAM491",-0.303179965296591
"HongZuiEr","BAM491",0.0863965692783058
"IndrabaruniDhan","BAM491",0.038618695016085
"IR74371-54-1-1","BAM491",0.0315444579107128
"IR77298-14-1-2-10","BAM491",0.0302909672822528
"IR77298-5-6-18","BAM491",0.0290625726482515
"IR83383-B-B-129-4","BAM491",0.00655847238681176
"IR83388-B-B108-3","BAM491",0.029083899190773
"IR87707-445-B-B","BAM491",0.0194248151329309
"IR87707-446-B-B","BAM491",0.0559400096652247
"IRROEPYO","BAM491",-0.0651760480412478
"KALINGA-1","BAM491",0.0722090360076779
"KANGRO","BAM491",-0.16945088719802
"KHAODAWTAI","BAM491",-0.272600268757507
"MANDRIRAVINA","BAM491",-0.161680693117588
"MAUDAMANI","BAM491",-0.277253124192439
"MOROBEREKAN","BAM491",0.100728239815629
"MTU1010","BAM491",0.0167426494568992
"MTU9","BAM491",-0.176932783744919
"NERICA-L-26","BAM491",0.0338866638901314
"NERICA-L-42","BAM491",0.01781383645329
"NERICA-L-44","BAM491",0.0581869447308938
"PARIJAT","BAM491",0.066323056720373
"Patchaiperumal","BAM491",0.235182001097655
"PEH-KUH-TSAO-TU","BAM491",-0.173088643703577
"PMK-2","BAM491",0.067852496101142
"PRASAD-1","BAM491",-0.297820005010756
"PUSASUGANDH5","BAM491",0.0302957004915202
"PUSA1121","BAM491",0.133675127888275
"Pusa1121-SN12","BAM491",0.118406884445149
"PUSA44","BAM491",-0.00278053917248873
"PUSABASMATI6","BAM491",-0.289607104734429
"PUSASUGANDH2","BAM491",-0.299084487206751
"RASI","BAM491",0.0666010661339133
"RKVY-104","BAM491",0.427985735580404
"RKVY-143","BAM491",0.300766462076653
"RKVY-28","BAM491",0.312859713236309
"R-RF-44","BAM491",0.0405627317531475
"RRF-78","BAM491",0.0946877218053587
"Sadabahar","BAM491",-0.166063104971699
"SAFRI-17","BAM491",-0.2932089886679
"SAHBHAGIDHAN","BAM491",0.0572751778043111
"SATABHAMA","BAM491",-0.294795637094312
"SERATOES","BAM491",0.312704656802987
"SERETY","BAM491",-0.185725919351637
"SHAKU","BAM491",-0.275114042687689
"SR1-3-1","BAM491",-0.308621781803748
"SUWEON","BAM491",-0.321293814997877
"SWARNA","BAM491",0.0987415880217508
"VANAPRAVA","BAM491",0.382951590863235
"VANDANA","BAM491",0.136084781753809
"Wayrarem","BAM491",0.0325455103781962
"281785","BAM4928",0.0603738473419441
"282803","BAM4928",-0.406545353211772
"299554","BAM4928",-0.347255909833205
"356457","BAM4928",-0.332899177321755
"376579","BAM4928",0.155204428149807
"376851","BAM4928",0.148822288861962
"377448","BAM4928",-0.281519882490261
"377705","BAM4928",-0.324559058217921
"384190","BAM4928",0.76723686068034
"426049","BAM4928",-0.333347737574598
"438644","BAM4928",-0.398235809753708
"ADAYSEL","BAM4928",0.0845149885249298
"AbhayaXDagadesi","BAM4928",-0.383219375247784
"ABHISEK","BAM4928",0.147515485246263
"ABOR-A-1","BAM4928",-0.341639633567888
"ANJALI","BAM4928",0.0190154192208215
"Annada","BAM4928",0.344345590348928
"Apo","BAM4928",-0.282517731871409
"ARC10319","BAM4928",-0.293439576778689
"ARC12071","BAM4928",0.119008645701235
"ARNAPURNA","BAM4928",0.0893288411086604
"ASD16","BAM4928",0.029622391172664
"AUS257","BAM4928",0.0995942691091989
"BAKAL","BAM4928",0.409019286955347
"BAM1057","BAM4928",0.209163005475017
"BAM1098","BAM4928",0.445674556062762
"BAM1659","BAM4928",0.0686519517661882
"BAM1689","BAM4928",0.372697030651342
"BAM1708","BAM4928",0.383752433403051
"BAM1812","BAM4928",-0.334829307544455
"BAM2096","BAM4928",0.106966163476982
"BAM2166","BAM4928",0.870657195504669
"BAM247","BAM4928",-0.372274791821908
"BAM2574","BAM4928",0.155148326537958
"BAM2680","BAM4928",0.103168253166091
"BAM3154","BAM4928",-0.316914021335414
"BAM3181","BAM4928",0.101412957678918
"BAM326","BAM4928",0.100249416626655
"BAM328","BAM4928",-0.31482604406324
"BAM350","BAM4928",-0.0786603415939705
"BAM3690","BAM4928",-0.324040409294143
"BAM4009","BAM4928",0.301623997142977
"BAM4054","BAM4928",0.0654562429979531
"BAM4138","BAM4928",0.541262336277246
"BAM4168","BAM4928",0.313758146581098
"BAM4234","BAM4928",0.0779615058905441
"BAM4254","BAM4928",0.0779200692799586
"BAM4477","BAM4928",-0.32653550950574
"BAM4496","BAM4928",-0.337966899265712
"BAM4510","BAM4928",0.577920777521988
"BAM4521","BAM4928",0.772747582378186
"BAM4534","BAM4928",0.112008729698892
"BAM4797","BAM4928",0.177888561553602
"BAM491","BAM4928",-0.0978715748277733
"BAM4928","BAM4928",1.63840157925553
"BAM5110","BAM4928",0.00597916665075133
"BAM56","BAM4928",0.753359289394304
"BAM5779","BAM4928",0.508414239352229
"BAM5850","BAM4928",0.169217790303899
"BAM6921","BAM4928",-0.344695904544087
"BAM712","BAM4928",0.350768093638379
"BAM742","BAM4928",0.360640367105442
"BAM7429","BAM4928",-0.359585039958874
"BAM7449","BAM4928",0.16062607458091
"BAM747","BAM4928",0.386832356618242
"BAM759","BAM4928",0.0664971342438109
"BAM766","BAM4928",0.353821207158218
"BAM807","BAM4928",0.510338230149373
"BAM811","BAM4928",-0.259535392049765
"BAM812","BAM4928",0.155091268784803
"BAM819","BAM4928",0.068226718043985
"BAM8296","BAM4928",-0.334988804086002
"BAM8305","BAM4928",-0.385002300197872
"BAM8315","BAM4928",0.475468397510046
"BAM8364","BAM4928",0.146908065337189
"BAMAWPYAN","BAM4928",0.678873951069745
"BENAMURI","BAM4928",0.0732056991541651
"BLACKGORA","BAM4928",0.0627873972359432
"CGR1656","BAM4928",-0.336732198622003
"CGR1679","BAM4928",0.0884064980714672
"CGR2012","BAM4928",0.0657726532950923
"CO18","BAM4928",0.125923863921973
"CRDHAN-204","BAM4928",0.085736828951598
"CR143-2-2","BAM4928",-0.3315836717372
"CR262-4","BAM4928",-0.322635229246419
"CROSSA","BAM4928",0.0832545758461519
"DULAR","BAM4928",0.225080750991916
"EYPO","BAM4928",-0.0765583286446176
"EYPO-2","BAM4928",0.0649616642576606
"FULKATI","BAM4928",0.103545445033384
"Ghanteswari","BAM4928",-0.330161076283058
"GHATIKAMMANANGARHAR","BAM4928",0.0565416138232238
"GotrabiDhan","BAM4928",-0.372951585171006
"GP-145-37","BAM4928",0.0937800134874998
"GP-145-51","BAM4928",-0.360817816330442
"HARBHOONDI","BAM4928",0.0917492898285857
"HongZuiEr","BAM4928",-0.306399314253307
"IndrabaruniDhan","BAM4928",-0.388419464579572
"IR74371-54-1-1","BAM4928",-0.323043627327698
"IR77298-14-1-2-10","BAM4928",-0.326692814740331
"IR77298-5-6-18","BAM4928",-0.362682096036401
"IR83383-B-B-129-4","BAM4928",-0.381051673384239
"IR83388-B-B108-3","BAM4928",-0.347329430210029
"IR87707-445-B-B","BAM4928",-0.38403376362167
"IR87707-446-B-B","BAM4928",-0.401088168388746
"IRROEPYO","BAM4928",0.446888307684443
"KALINGA-1","BAM4928",-0.380059874087512
"KANGRO","BAM4928",0.110717589081777
"KHAODAWTAI","BAM4928",0.0831210735227312
"MANDRIRAVINA","BAM4928",0.142785721621553
"MAUDAMANI","BAM4928",0.0658402904686148
"MOROBEREKAN","BAM4928",0.0289890341391739
"MTU1010","BAM4928",-0.412511013649104
"MTU9","BAM4928",0.127000082606539
"NERICA-L-26","BAM4928",-0.413569079839088
"NERICA-L-42","BAM4928",-0.408667498709899
"NERICA-L-44","BAM4928",-0.407744176785051
"PARIJAT","BAM4928",-0.389008019451607
"Patchaiperumal","BAM4928",-0.305121953738019
"PEH-KUH-TSAO-TU","BAM4928",0.104013306955038
"PMK-2","BAM4928",-0.337057042148515
"PRASAD-1","BAM4928",0.0821421176761255
"PUSASUGANDH5","BAM4928",-0.269423301200432
"PUSA1121","BAM4928",-0.0457671900170679
"Pusa1121-SN12","BAM4928",-0.0616210880747037
"PUSA44","BAM4928",-0.403264476491974
"PUSABASMATI6","BAM4928",0.248947348661398
"PUSASUGANDH2","BAM4928",-0.000458879487608154
"RASI","BAM4928",-0.319926824648144
"RKVY-104","BAM4928",0.273430756385302
"RKVY-143","BAM4928",-0.323073162376495
"RKVY-28","BAM4928",0.184819817634422
"R-RF-44","BAM4928",-0.406535492319377
"RRF-78","BAM4928",-0.148361043376803
"Sadabahar","BAM4928",0.105385519950241
"SAFRI-17","BAM4928",0.0523030823117741
"SAHBHAGIDHAN","BAM4928",-0.387295439901951
"SATABHAMA","BAM4928",0.0376401310767177
"SERATOES","BAM4928",0.101865739306967
"SERETY","BAM4928",0.141361019620688
"SHAKU","BAM4928",0.144924256750672
"SR1-3-1","BAM4928",0.0819293313348365
"SUWEON","BAM4928",0.279228757208884
"SWARNA","BAM4928",-0.372041053157359
"VANAPRAVA","BAM4928",0.205780283653184
"VANDANA","BAM4928",-0.0873125666824967
"Wayrarem","BAM4928",-0.290090664871567
"281785","BAM5110",0.291385147800984
"282803","BAM5110",-0.12241688241711
"299554","BAM5110",0.167315530206308
"356457","BAM5110",-0.191491829522878
"376579","BAM5110",0.177324126943423
"376851","BAM5110",0.212349303950948
"377448","BAM5110",-0.219413973724712
"377705","BAM5110",-0.126970483033365
"384190","BAM5110",-0.0524685852852359
"426049","BAM5110",-0.185112670664659
"438644","BAM5110",-0.107488451096437
"ADAYSEL","BAM5110",-0.232271173347494
"AbhayaXDagadesi","BAM5110",-0.0172628239482513
"ABHISEK","BAM5110",0.33820956615034
"ABOR-A-1","BAM5110",-0.173129959750358
"ANJALI","BAM5110",0.418731091669373
"Annada","BAM5110",0.030805460630706
"Apo","BAM5110",-0.0632102623820981
"ARC10319","BAM5110",-0.259687375464911
"ARC12071","BAM5110",0.106622011042616
"ARNAPURNA","BAM5110",0.214749411668351
"ASD16","BAM5110",0.429027467794693
"AUS257","BAM5110",0.369465294656961
"BAKAL","BAM5110",-0.398615389999999
"BAM1057","BAM5110",-0.422251249586398
"BAM1098","BAM5110",-0.407132730940482
"BAM1659","BAM5110",0.22698949334795
"BAM1689","BAM5110",-0.388491482140012
"BAM1708","BAM5110",-0.411325548267671
"BAM1812","BAM5110",-0.227990961497674
"BAM2096","BAM5110",0.173965279755857
"BAM2166","BAM5110",-0.00178121748554137
"BAM247","BAM5110",-0.167867769561875
"BAM2574","BAM5110",0.229341488215279
"BAM2680","BAM5110",0.322833128808776
"BAM3154","BAM5110",-0.139578808598159
"BAM3181","BAM5110",0.132328481731834
"BAM326","BAM5110",0.190212806363203
"BAM328","BAM5110",-0.24880652949178
"BAM350","BAM5110",-0.328078914191387
"BAM3690","BAM5110",-0.221704494970543
"BAM4009","BAM5110",-0.413491603937259
"BAM4054","BAM5110",0.348183252851134
"BAM4138","BAM5110",-0.047831767908798
"BAM4168","BAM5110",0.130375834837987
"BAM4234","BAM5110",0.332627566456106
"BAM4254","BAM5110",0.337672255586037
"BAM4477","BAM5110",-0.217927847643977
"BAM4496","BAM5110",-0.286834298679
"BAM4510","BAM5110",-0.0157045870278708
"BAM4521","BAM5110",-0.0189309938662919
"BAM4534","BAM5110",-0.410951017100919
"BAM4797","BAM5110",0.1318450982532
"BAM491","BAM5110",-0.305558190397831
"BAM4928","BAM5110",0.00597916665075133
"BAM5110","BAM5110",1.24183724871237
"BAM56","BAM5110",0.00928057527812307
"BAM5779","BAM5110",0.139220466711173
"BAM5850","BAM5110",-0.451466639580216
"BAM6921","BAM5110",-0.0525339299358043
"BAM712","BAM5110",0.0263591231219757
"BAM742","BAM5110",0.0206370333579035
"BAM7429","BAM5110",-0.224383491013723
"BAM7449","BAM5110",-0.430283583819193
"BAM747","BAM5110",0.0206961542183741
"BAM759","BAM5110",-0.270034162907874
"BAM766","BAM5110",0.015261236464318
"BAM807","BAM5110",0.126951654761664
"BAM811","BAM5110",-0.189674550858469
"BAM812","BAM5110",0.226959699188108
"BAM819","BAM5110",0.236867431443805
"BAM8296","BAM5110",-0.0376540605543901
"BAM8305","BAM5110",-0.123754849069813
"BAM8315","BAM5110",0.0121280858912949
"BAM8364","BAM5110",0.260915828626102
"BAMAWPYAN","BAM5110",-0.0347865732981277
"BENAMURI","BAM5110",0.142697116145912
"BLACKGORA","BAM5110",0.358107343819171
"CGR1656","BAM5110",-0.276639888690429
"CGR1679","BAM5110",0.201948252429989
"CGR2012","BAM5110",0.1932947476982
"CO18","BAM5110",0.0962782159958834
"CRDHAN-204","BAM5110",0.763322419515153
"CR143-2-2","BAM5110",-0.0105705208730164
"CR262-4","BAM5110",4.89081123231223e-05
"CROSSA","BAM5110",0.186515954208503
"DULAR","BAM5110",-0.42606997633397
"EYPO","BAM5110",-0.272379717472534
"EYPO-2","BAM5110",0.242421748316885
"FULKATI","BAM5110",-0.388389280701458
"Ghanteswari","BAM5110",-0.161779598579044
"GHATIKAMMANANGARHAR","BAM5110",0.378355818769696
"GotrabiDhan","BAM5110",-0.10930620027163
"GP-145-37","BAM5110",0.195467085573846
"GP-145-51","BAM5110",-0.2307049901649
"HARBHOONDI","BAM5110",0.59411528497955
"HongZuiEr","BAM5110",-0.164249176426981
"IndrabaruniDhan","BAM5110",0.0172858984982624
"IR74371-54-1-1","BAM5110",-0.0449815388347057
"IR77298-14-1-2-10","BAM5110",0.0289794237590715
"IR77298-5-6-18","BAM5110",-0.089970352797837
"IR83383-B-B-129-4","BAM5110",-0.0980250806973552
"IR83388-B-B108-3","BAM5110",-0.0519722374872377
"IR87707-445-B-B","BAM5110",-0.0641536168806149
"IR87707-446-B-B","BAM5110",-0.0449590304197385
"IRROEPYO","BAM5110",0.0451670188687515
"KALINGA-1","BAM5110",-0.0511680133333273
"KANGRO","BAM5110",0.0972168867586759
"KHAODAWTAI","BAM5110",0.329901166318818
"MANDRIRAVINA","BAM5110",0.0896135268533238
"MAUDAMANI","BAM5110",0.394808341396293
"MOROBEREKAN","BAM5110",-0.341615740661579
"MTU1010","BAM5110",-0.0547368949370009
"MTU9","BAM5110",0.0953548409216697
"NERICA-L-26","BAM5110",0.0629483724245922
"NERICA-L-42","BAM5110",0.051561404905006
"NERICA-L-44","BAM5110",0.00880075533147858
"PARIJAT","BAM5110",-0.173345978500398
"Patchaiperumal","BAM5110",-0.21628637606186
"PEH-KUH-TSAO-TU","BAM5110",0.0985823706750868
"PMK-2","BAM5110",-0.170927987763826
"PRASAD-1","BAM5110",0.291846227166985
"PUSASUGANDH5","BAM5110",-0.0951424461519651
"PUSA1121","BAM5110",-0.27663026763878
"Pusa1121-SN12","BAM5110",-0.283451134984352
"PUSA44","BAM5110",-0.0125353764343659
"PUSABASMATI6","BAM5110",0.197924577358508
"PUSASUGANDH2","BAM5110",0.403671384838881
"RASI","BAM5110",-0.119632562356046
"RKVY-104","BAM5110",-0.443626953549847
"RKVY-143","BAM5110",-0.238013647519164
"RKVY-28","BAM5110",-0.410646079880147
"R-RF-44","BAM5110",0.0179169109248684
"RRF-78","BAM5110",-0.19964231987063
"Sadabahar","BAM5110",0.197174762245762
"SAFRI-17","BAM5110",0.468493166660035
"SAHBHAGIDHAN","BAM5110",-0.160289742002183
"SATABHAMA","BAM5110",0.378076747228044
"SERATOES","BAM5110",-0.441749874606366
"SERETY","BAM5110",0.113293610190408
"SHAKU","BAM5110",0.367543274553452
"SR1-3-1","BAM5110",0.347735093882461
"SUWEON","BAM5110",0.221964256113788
"SWARNA","BAM5110",-0.0193352388560548
"VANAPRAVA","BAM5110",-0.424676770555984
"VANDANA","BAM5110",-0.193683415406952
"Wayrarem","BAM5110",-0.0645920820903234
"281785","BAM56",0.0678832648789434
"282803","BAM56",-0.383791809500337
"299554","BAM56",-0.394949370876255
"356457","BAM56",-0.394223765755543
"376579","BAM56",0.117648072968492
"376851","BAM56",0.139854608033532
"377448","BAM56",-0.27981215291983
"377705","BAM56",-0.375091593849941
"384190","BAM56",0.791502477305163
"426049","BAM56",-0.392544099099611
"438644","BAM56",-0.383969317839293
"ADAYSEL","BAM56",0.0740763343576162
"AbhayaXDagadesi","BAM56",-0.356678307559263
"ABHISEK","BAM56",0.11245953958716
"ABOR-A-1","BAM56",-0.360896146665662
"ANJALI","BAM56",-0.00118183292425967
"Annada","BAM56",0.296652818814805
"Apo","BAM56",-0.309210581269172
"ARC10319","BAM56",-0.318789099610168
"ARC12071","BAM56",0.0876055450445343
"ARNAPURNA","BAM56",0.0234113203345569
"ASD16","BAM56",0.0151828027356194
"AUS257","BAM56",0.045448703885768
"BAKAL","BAM56",0.595429095207942
"BAM1057","BAM56",0.392261256206259
"BAM1098","BAM56",0.321689545723501
"BAM1659","BAM56",0.0588081628936738
"BAM1689","BAM56",0.396274380578605
"BAM1708","BAM56",0.441491835196676
"BAM1812","BAM56",-0.301337173360571
"BAM2096","BAM56",0.117463698129405
"BAM2166","BAM56",0.65690913618996
"BAM247","BAM56",-0.39223739424012
"BAM2574","BAM56",0.127487816436547
"BAM2680","BAM56",-0.00403715046587517
"BAM3154","BAM56",-0.339295790756152
"BAM3181","BAM56",0.0674093760833291
"BAM326","BAM56",0.0836708139073014
"BAM328","BAM56",-0.2796954093465
"BAM350","BAM56",0.02211021518313
"BAM3690","BAM56",-0.345481507159295
"BAM4009","BAM56",0.327474659258259
"BAM4054","BAM56",0.0068891696298129
"BAM4138","BAM56",0.695469056397685
"BAM4168","BAM56",0.440140569328442
"BAM4234","BAM56",0.0574856799019278
"BAM4254","BAM56",0.073724122359525
"BAM4477","BAM56",-0.359621329261885
"BAM4496","BAM56",-0.347856674100545
"BAM4510","BAM56",0.715346338436008
"BAM4521","BAM56",0.90291092371696
"BAM4534","BAM56",0.29365192770244
"BAM4797","BAM56",0.182795247197184
"BAM491","BAM56",-0.0163938251391071
"BAM4928","BAM56",0.753359289394304
"BAM5110","BAM56",0.00928057527812307
"BAM56","BAM56",1.67743981939028
"BAM5779","BAM56",0.431735565097263
"BAM5850","BAM56",0.313111227214932
"BAM6921","BAM56",-0.339517462905522
"BAM712","BAM56",0.299489284520046
"BAM742","BAM56",0.278784969267089
"BAM7429","BAM56",-0.302066534696106
"BAM7449","BAM56",0.306773968701676
"BAM747","BAM56",0.305966163028668
"BAM759","BAM56",0.0437202348738302
"BAM766","BAM56",0.294003825793947
"BAM807","BAM56",0.430405077560088
"BAM811","BAM56",-0.250030491206719
"BAM812","BAM56",0.168692867279106
"BAM819","BAM56",0.0109841676179873
"BAM8296","BAM56",-0.399993160009384
"BAM8305","BAM56",-0.354345319744834
"BAM8315","BAM56",0.494346405661537
"BAM8364","BAM56",0.125841956773136
"BAMAWPYAN","BAM56",0.698257891374597
"BENAMURI","BAM56",0.0367710814600206
"BLACKGORA","BAM56",0.0663985471566083
"CGR1656","BAM56",-0.374657325989904
"CGR1679","BAM56",0.036127646579669
"CGR2012","BAM56",0.0899767592867616
"CO18","BAM56",0.0859137189725941
"CRDHAN-204","BAM56",0.0140877764003062
"CR143-2-2","BAM56",-0.38332544159837
"CR262-4","BAM56",-0.380312266287698
"CROSSA","BAM56",0.0793968875805984
"DULAR","BAM56",0.419529967219542
"EYPO","BAM56",-0.144610002230029
"EYPO-2","BAM56",0.038731164957047
"FULKATI","BAM56",0.289346625581392
"Ghanteswari","BAM56",-0.392619697732763
"GHATIKAMMANANGARHAR","BAM56",0.0719413110618195
"GotrabiDhan","BAM56",-0.396270970348368
"GP-145-37","BAM56",0.0979230551967431
"GP-145-51","BAM56",-0.377676043340795
"HARBHOONDI","BAM56",0.038761897569174
"HongZuiEr","BAM56",-0.352377963227841
"IndrabaruniDhan","BAM56",-0.409176822708186
"IR74371-54-1-1","BAM56",-0.367609483496366
"IR77298-14-1-2-10","BAM56",-0.38423494598455
"IR77298-5-6-18","BAM56",-0.372744129776409
"IR83383-B-B-129-4","BAM56",-0.379432509971887
"IR83388-B-B108-3","BAM56",-0.367932621004608
"IR87707-445-B-B","BAM56",-0.36263909127472
"IR87707-446-B-B","BAM56",-0.397109297483099
"IRROEPYO","BAM56",0.567284466358694
"KALINGA-1","BAM56",-0.419876095299331
"KANGRO","BAM56",0.0785640536894689
"KHAODAWTAI","BAM56",0.0434234441918074
"MANDRIRAVINA","BAM56",0.0787453290380346
"MAUDAMANI","BAM56",0.0542632617230798
"MOROBEREKAN","BAM56",-0.0415894846374091
"MTU1010","BAM56",-0.423471233818549
"MTU9","BAM56",0.0991927159872277
"NERICA-L-26","BAM56",-0.37751946450705
"NERICA-L-42","BAM56",-0.373832975625811
"NERICA-L-44","BAM56",-0.413766213283542
"PARIJAT","BAM56",-0.347822980093722
"Patchaiperumal","BAM56",-0.312549800452821
"PEH-KUH-TSAO-TU","BAM56",0.0728039104912031
"PMK-2","BAM56",-0.361333402499895
"PRASAD-1","BAM56",0.100813938788934
"PUSASUGANDH5","BAM56",-0.302501892155249
"PUSA1121","BAM56",-0.0406729984513792
"Pusa1121-SN12","BAM56",-0.0631930572785149
"PUSA44","BAM56",-0.380159527860624
"PUSABASMATI6","BAM56",0.226297945652864
"PUSASUGANDH2","BAM56",-0.0105632004388288
"RASI","BAM56",-0.359975410816593
"RKVY-104","BAM56",0.36555791196314
"RKVY-143","BAM56",-0.320117595895954
"RKVY-28","BAM56",0.356205182184839
"R-RF-44","BAM56",-0.41908905975967
"RRF-78","BAM56",-0.100721596222484
"Sadabahar","BAM56",0.122797072051488
"SAFRI-17","BAM56",0.020977937165105
"SAHBHAGIDHAN","BAM56",-0.345108851209863
"SATABHAMA","BAM56",-0.0126819162196228
"SERATOES","BAM56",0.242855266463193
"SERETY","BAM56",0.100252129117591
"SHAKU","BAM56",0.120105721600994
"SR1-3-1","BAM56",0.0439119499646949
"SUWEON","BAM56",0.275280580756006
"SWARNA","BAM56",-0.414280508254267
"VANAPRAVA","BAM56",0.387625337966001
"VANDANA","BAM56",-0.071265141811879
"Wayrarem","BAM56",-0.311195115705154
"281785","BAM5779",0.110938919811305
"282803","BAM5779",-0.370982266721951
"299554","BAM5779",-0.232304899977485
"356457","BAM5779",-0.262334930829461
"376579","BAM5779",0.12385815943453
"376851","BAM5779",0.121696394409646
"377448","BAM5779",-0.307132240782513
"377705","BAM5779",-0.31219404008598
"384190","BAM5779",0.385097321392072
"426049","BAM5779",-0.255912118541577
"438644","BAM5779",-0.36524075563254
"ADAYSEL","BAM5779",-0.118242626860665
"AbhayaXDagadesi","BAM5779",-0.315444276307017
"ABHISEK","BAM5779",0.143361255076429
"ABOR-A-1","BAM5779",-0.332141881726818
"ANJALI","BAM5779",0.14270211628053
"Annada","BAM5779",0.877371033697363
"Apo","BAM5779",-0.180120063209159
"ARC10319","BAM5779",-0.280745074358599
"ARC12071","BAM5779",0.0144784617326104
"ARNAPURNA","BAM5779",0.0775714010501921
"ASD16","BAM5779",0.119861410202844
"AUS257","BAM5779",0.20004067638517
"BAKAL","BAM5779",0.027098658956407
"BAM1057","BAM5779",-0.14514112205551
"BAM1098","BAM5779",0.0622341020236298
"BAM1659","BAM5779",0.0766167455706875
"BAM1689","BAM5779",-0.0450137585238969
"BAM1708","BAM5779",-0.0155301695506931
"BAM1812","BAM5779",-0.30806992220321
"BAM2096","BAM5779",0.0458656616613703
"BAM2166","BAM5779",0.436559593140009
"BAM247","BAM5779",-0.3348757718694
"BAM2574","BAM5779",0.148879761825972
"BAM2680","BAM5779",0.101924958777964
"BAM3154","BAM5779",-0.307339325001416
"BAM3181","BAM5779",0.117576949026909
"BAM326","BAM5779",0.0552097110413857
"BAM328","BAM5779",-0.36258747630453
"BAM350","BAM5779",-0.255174616251457
"BAM3690","BAM5779",-0.24565917483582
"BAM4009","BAM5779",-0.0210341917758337
"BAM4054","BAM5779",0.0775624201024688
"BAM4138","BAM5779",0.257176213158903
"BAM4168","BAM5779",0.250774273586635
"BAM4234","BAM5779",0.140731542423915
"BAM4254","BAM5779",0.167975407588633
"BAM4477","BAM5779",-0.228540967603354
"BAM4496","BAM5779",-0.34001625265824
"BAM4510","BAM5779",0.215042890566397
"BAM4521","BAM5779",0.388440837268508
"BAM4534","BAM5779",-0.0950302375029186
"BAM4797","BAM5779",0.109687626223442
"BAM491","BAM5779",-0.185804843205432
"BAM4928","BAM5779",0.508414239352229
"BAM5110","BAM5779",0.139220466711173
"BAM56","BAM5779",0.431735565097263
"BAM5779","BAM5779",1.81776545625587
"BAM5850","BAM5779",-0.131923071039747
"BAM6921","BAM5779",-0.287528582368431
"BAM712","BAM5779",0.871823073610233
"BAM742","BAM5779",0.87839584166107
"BAM7429","BAM5779",-0.336160948875106
"BAM7449","BAM5779",-0.170859435666821
"BAM747","BAM5779",0.92026246896499
"BAM759","BAM5779",-0.162883820136843
"BAM766","BAM5779",0.893111861450775
"BAM807","BAM5779",1.75804588874298
"BAM811","BAM5779",-0.189124370678929
"BAM812","BAM5779",0.239572613638862
"BAM819","BAM5779",0.044988028403333
"BAM8296","BAM5779",-0.259230879859624
"BAM8305","BAM5779",-0.314365530447823
"BAM8315","BAM5779",0.547056224261704
"BAM8364","BAM5779",0.0817330236352042
"BAMAWPYAN","BAM5779",0.298064018497024
"BENAMURI","BAM5779",0.0815975015685378
"BLACKGORA","BAM5779",0.101064353809885
"CGR1656","BAM5779",-0.308691543749378
"CGR1679","BAM5779",0.0676691053006181
"CGR2012","BAM5779",0.111754579667158
"CO18","BAM5779",0.0282856042254012
"CRDHAN-204","BAM5779",0.171930790696913
"CR143-2-2","BAM5779",-0.140358172774664
"CR262-4","BAM5779",-0.130469733802386
"CROSSA","BAM5779",0.0701113450841217
"DULAR","BAM5779",-0.0345653464663517
"EYPO","BAM5779",-0.268412913033429
"EYPO-2","BAM5779",0.0706568558143601
"FULKATI","BAM5779",-0.154806884569919
"Ghanteswari","BAM5779",-0.337706354686115
"GHATIKAMMANANGARHAR","BAM5779",0.0672315863895668
"GotrabiDhan","BAM5779",-0.345063805019656
"GP-145-37","BAM5779",0.111411995029174
"GP-145-51","BAM5779",-0.340196924346037
"HARBHOONDI","BAM5779",0.176785079165301
"HongZuiEr","BAM5779",-0.2755634867413
"IndrabaruniDhan","BAM5779",-0.287095533097378
"IR74371-54-1-1","BAM5779",-0.17587362773448
"IR77298-14-1-2-10","BAM5779",-0.301525867475642
"IR77298-5-6-18","BAM5779",-0.287979076658597
"IR83383-B-B-129-4","BAM5779",-0.29125208935932
"IR83388-B-B108-3","BAM5779",-0.299167773508699
"IR87707-445-B-B","BAM5779",-0.322517198809372
"IR87707-446-B-B","BAM5779",-0.236820151604579
"IRROEPYO","BAM5779",0.201234531202627
"KALINGA-1","BAM5779",-0.389086001355996
"KANGRO","BAM5779",0.0087963710198609
"KHAODAWTAI","BAM5779",0.0768425015277158
"MANDRIRAVINA","BAM5779",0.0323994525534627
"MAUDAMANI","BAM5779",0.128028649958545
"MOROBEREKAN","BAM5779",0.543584820209781
"MTU1010","BAM5779",-0.322364669419468
"MTU9","BAM5779",0.0201598163317072
"NERICA-L-26","BAM5779",-0.185451903819681
"NERICA-L-42","BAM5779",-0.177477940804047
"NERICA-L-44","BAM5779",-0.313128736640437
"PARIJAT","BAM5779",-0.267801404956246
"Patchaiperumal","BAM5779",-0.289982058770477
"PEH-KUH-TSAO-TU","BAM5779",0.0241416799731834
"PMK-2","BAM5779",-0.330234616398259
"PRASAD-1","BAM5779",0.0580051557930977
"PUSASUGANDH5","BAM5779",-0.264159461793885
"PUSA1121","BAM5779",-0.0762591268756584
"Pusa1121-SN12","BAM5779",-0.0973127986469986
"PUSA44","BAM5779",-0.315612397969507
"PUSABASMATI6","BAM5779",0.257123419341029
"PUSASUGANDH2","BAM5779",0.0970705663573458
"RASI","BAM5779",-0.274088636716073
"RKVY-104","BAM5779",0.0307645866839609
"RKVY-143","BAM5779",-0.328324194339453
"RKVY-28","BAM5779",-0.108307741475942
"R-RF-44","BAM5779",-0.310719437622408
"RRF-78","BAM5779",-0.268431407934487
"Sadabahar","BAM5779",0.054657296683363
"SAFRI-17","BAM5779",0.104963022283264
"SAHBHAGIDHAN","BAM5779",-0.273285226227245
"SATABHAMA","BAM5779",0.219466788706398
"SERATOES","BAM5779",-0.162940902872807
"SERETY","BAM5779",0.047539522360926
"SHAKU","BAM5779",0.346084927095227
"SR1-3-1","BAM5779",0.119215203827256
"SUWEON","BAM5779",0.219024572943502
"SWARNA","BAM5779",-0.316997818096262
"VANAPRAVA","BAM5779",-0.139373462696524
"VANDANA","BAM5779",-0.1114911293792
"Wayrarem","BAM5779",-0.175674531315955
"281785","BAM5850",-0.385825296857283
"282803","BAM5850",-0.094335118784159
"299554","BAM5850",-0.0351057514149112
"356457","BAM5850",-0.101067863249045
"376579","BAM5850",-0.26764790142725
"376851","BAM5850",-0.305275660664158
"377448","BAM5850",0.0790028893952755
"377705","BAM5850",-0.105129797813847
"384190","BAM5850",0.321071632841962
"426049","BAM5850",-0.105908047438658
"438644","BAM5850",-0.100111035858296
"ADAYSEL","BAM5850",0.461648459189351
"AbhayaXDagadesi","BAM5850",-0.0482233088925253
"ABHISEK","BAM5850",-0.371343736636317
"ABOR-A-1","BAM5850",-0.0890946830704542
"ANJALI","BAM5850",-0.419095271830147
"Annada","BAM5850",-0.0431965450410223
"Apo","BAM5850",-0.0532463756931252
"ARC10319","BAM5850",0.00378815269313716
"ARC12071","BAM5850",-0.332617001391065
"ARNAPURNA","BAM5850",-0.380026530462186
"ASD16","BAM5850",-0.421414705807044
"AUS257","BAM5850",-0.362025745698477
"BAKAL","BAM5850",0.608515754969915
"BAM1057","BAM5850",0.85708763217214
"BAM1098","BAM5850",0.508677302316417
"BAM1659","BAM5850",-0.318000179098689
"BAM1689","BAM5850",0.510887380104686
"BAM1708","BAM5850",0.642917559943617
"BAM1812","BAM5850",0.0612334109277216
"BAM2096","BAM5850",-0.199149771094726
"BAM2166","BAM5850",0.14954900199701
"BAM247","BAM5850",-0.053862212549749
"BAM2574","BAM5850",-0.290002621715324
"BAM2680","BAM5850",-0.425801715725059
"BAM3154","BAM5850",-0.0238395161199354
"BAM3181","BAM5850",-0.306889207362032
"BAM326","BAM5850",-0.305133758805556
"BAM328","BAM5850",0.17968241914945
"BAM350","BAM5850",0.425095250115287
"BAM3690","BAM5850",-0.0264212866667915
"BAM4009","BAM5850",0.712656308704067
"BAM4054","BAM5850",-0.419272053677259
"BAM4138","BAM5850",0.576742356612989
"BAM4168","BAM5850",0.219694926110971
"BAM4234","BAM5850",-0.31411144461664
"BAM4254","BAM5850",-0.318262380305103
"BAM4477","BAM5850",-0.0424118402527624
"BAM4496","BAM5850",0.0745160213469489
"BAM4510","BAM5850",0.601185485430262
"BAM4521","BAM5850",0.343407337120034
"BAM4534","BAM5850",1.01108752966697
"BAM4797","BAM5850",-0.172689829114687
"BAM491","BAM5850",0.382680849285189
"BAM4928","BAM5850",0.169217790303899
"BAM5110","BAM5850",-0.451466639580216
"BAM56","BAM5850",0.313111227214932
"BAM5779","BAM5850",-0.131923071039747
"BAM5850","BAM5850",1.8817327967966
"BAM6921","BAM5850",-0.0781055162405467
"BAM712","BAM5850",-0.0468674014419423
"BAM742","BAM5850",-0.0559518429705811
"BAM7429","BAM5850",0.00217359452786066
"BAM7449","BAM5850",0.999548604967925
"BAM747","BAM5850",-0.0472811518934944
"BAM759","BAM5850",0.335208518211907
"BAM766","BAM5850",-0.0565938831402256
"BAM807","BAM5850",-0.122542957095486
"BAM811","BAM5850",0.0259509036399172
"BAM812","BAM5850",-0.299102003349588
"BAM819","BAM5850",-0.371209449236963
"BAM8296","BAM5850",-0.0837216381649893
"BAM8305","BAM5850",-0.0655939874921424
"BAM8315","BAM5850",0.113003944238001
"BAM8364","BAM5850",-0.309910841454445
"BAMAWPYAN","BAM5850",0.44762882905446
"BENAMURI","BAM5850",-0.314539390677215
"BLACKGORA","BAM5850",-0.352684657581238
"CGR1656","BAM5850",0.0195310522451661
"CGR1679","BAM5850",-0.322972459278713
"CGR2012","BAM5850",-0.273299718898717
"CO18","BAM5850",-0.294186554650015
"CRDHAN-204","BAM5850",-0.39782216337313
"CR143-2-2","BAM5850",-0.0423988159952998
"CR262-4","BAM5850",-0.05981130504117
"CROSSA","BAM5850",-0.274179391219695
"DULAR","BAM5850",0.882680118714144
"EYPO","BAM5850",0.0985048062691682
"EYPO-2","BAM5850",-0.385287653514792
"FULKATI","BAM5850",0.92448525773667
"Ghanteswari","BAM5850",-0.115132619076209
"GHATIKAMMANANGARHAR","BAM5850",-0.374355268809415
"GotrabiDhan","BAM5850",-0.0737225589898402
"GP-145-37","BAM5850",-0.281261226477807
"GP-145-51","BAM5850",-0.00813882158620598
"HARBHOONDI","BAM5850",-0.36952338709529
"HongZuiEr","BAM5850",-0.0429369363608965
"IndrabaruniDhan","BAM5850",-0.0857091409481603
"IR74371-54-1-1","BAM5850",-0.0858525005906599
"IR77298-14-1-2-10","BAM5850",-0.0529208217099956
"IR77298-5-6-18","BAM5850",-0.0281795312340425
"IR83383-B-B-129-4","BAM5850",-0.0689487939187299
"IR83388-B-B108-3","BAM5850",-0.0734487685785534
"IR87707-445-B-B","BAM5850",-0.0432254094493942
"IR87707-446-B-B","BAM5850",-0.0832796864944115
"IRROEPYO","BAM5850",0.29861313828099
"KALINGA-1","BAM5850",-0.138889256159968
"KANGRO","BAM5850",-0.332855597448539
"KHAODAWTAI","BAM5850",-0.369218521291919
"MANDRIRAVINA","BAM5850",-0.292219253215998
"MAUDAMANI","BAM5850",-0.391766568779599
"MOROBEREKAN","BAM5850",0.268252135119475
"MTU1010","BAM5850",-0.107525308476479
"MTU9","BAM5850",-0.338806707630286
"NERICA-L-26","BAM5850",-0.0895449612960939
"NERICA-L-42","BAM5850",-0.0809760757109484
"NERICA-L-44","BAM5850",-0.102829943603902
"PARIJAT","BAM5850",-0.0710560563824242
"Patchaiperumal","BAM5850",0.0158304648976744
"PEH-KUH-TSAO-TU","BAM5850",-0.337646117634066
"PMK-2","BAM5850",-0.076796849976044
"PRASAD-1","BAM5850",-0.372053383429568
"PUSASUGANDH5","BAM5850",-0.0317238753165541
"PUSA1121","BAM5850",0.292523910382662
"Pusa1121-SN12","BAM5850",0.305423048714081
"PUSA44","BAM5850",-0.0929569961440481
"PUSABASMATI6","BAM5850",-0.207412557342405
"PUSASUGANDH2","BAM5850",-0.393031857667059
"RASI","BAM5850",-0.0390953887128523
"RKVY-104","BAM5850",0.802198452668458
"RKVY-143","BAM5850",0.00953953751650641
"RKVY-28","BAM5850",0.85655419888308
"R-RF-44","BAM5850",-0.0706771202255
"RRF-78","BAM5850",0.220562774999601
"Sadabahar","BAM5850",-0.219760781417411
"SAFRI-17","BAM5850",-0.354389119691864
"SAHBHAGIDHAN","BAM5850",-0.0769972473361092
"SATABHAMA","BAM5850",-0.384995624260056
"SERATOES","BAM5850",1.03820906838338
"SERETY","BAM5850",-0.338552559916266
"SHAKU","BAM5850",-0.297699973409765
"SR1-3-1","BAM5850",-0.392721771362745
"SUWEON","BAM5850",-0.256191014707833
"SWARNA","BAM5850",-0.00175048109895253
"VANAPRAVA","BAM5850",0.851484451386553
"VANDANA","BAM5850",0.366500714823777
"Wayrarem","BAM5850",-0.0429714390253612
"281785","BAM6921",-0.184210808612703
"282803","BAM6921",0.240266618603031
"299554","BAM6921",0.284080631517073
"356457","BAM6921",0.202066886651434
"376579","BAM6921",-0.263780091124412
"376851","BAM6921",-0.285061222638545
"377448","BAM6921",0.11642759888858
"377705","BAM6921",0.155364745860545
"384190","BAM6921",-0.374124114982374
"426049","BAM6921",0.199062144644342
"438644","BAM6921",0.205395795314132
"ADAYSEL","BAM6921",0.0679305153650265
"AbhayaXDagadesi","BAM6921",0.316745467672585
"ABHISEK","BAM6921",-0.0723479290969459
"ABOR-A-1","BAM6921",0.143004829688028
"ANJALI","BAM6921",0.081799339631673
"Annada","BAM6921",-0.259216357669235
"Apo","BAM6921",0.377492099353143
"ARC10319","BAM6921",0.11428503112462
"ARC12071","BAM6921",-0.286627839260448
"ARNAPURNA","BAM6921",-0.230471849814293
"ASD16","BAM6921",-0.158686116345487
"AUS257","BAM6921",-0.0163173927756133
"BAKAL","BAM6921",-0.0348727902476214
"BAM1057","BAM6921",-0.0502831206838598
"BAM1098","BAM6921",-0.0096487583558191
"BAM1659","BAM6921",-0.227949272551695
"BAM1689","BAM6921",-0.0531412079590289
"BAM1708","BAM6921",-0.000468417513595501
"BAM1812","BAM6921",0.0787372215797679
"BAM2096","BAM6921",-0.275598052256384
"BAM2166","BAM6921",-0.385755809651376
"BAM247","BAM6921",0.203566419661168
"BAM2574","BAM6921",-0.267098953459277
"BAM2680","BAM6921",-0.19463097410485
"BAM3154","BAM6921",0.480384429957425
"BAM3181","BAM6921",-0.299931101892457
"BAM326","BAM6921",-0.264063086359599
"BAM328","BAM6921",0.131390471983817
"BAM350","BAM6921",0.0343624476571465
"BAM3690","BAM6921",0.120800183058611
"BAM4009","BAM6921",-0.0642936447676898
"BAM4054","BAM6921",-0.101006275532526
"BAM4138","BAM6921",-0.417371061875533
"BAM4168","BAM6921",-0.268916131351367
"BAM4234","BAM6921",-0.07674887150729
"BAM4254","BAM6921",-0.0873969500187528
"BAM4477","BAM6921",0.117799406966433
"BAM4496","BAM6921",0.0738469513843898
"BAM4510","BAM6921",-0.391582703949494
"BAM4521","BAM6921",-0.407829867459497
"BAM4534","BAM6921",-0.0794899918873239
"BAM4797","BAM6921",-0.294171525280514
"BAM491","BAM6921",0.0453486889358602
"BAM4928","BAM6921",-0.344695904544087
"BAM5110","BAM6921",-0.0525339299358043
"BAM56","BAM6921",-0.339517462905522
"BAM5779","BAM6921",-0.287528582368431
"BAM5850","BAM6921",-0.0781055162405467
"BAM6921","BAM6921",1.26524079273049
"BAM712","BAM6921",-0.264441969028286
"BAM742","BAM6921",-0.250272711924668
"BAM7429","BAM6921",0.0718935050152133
"BAM7449","BAM6921",-0.0666973898693288
"BAM747","BAM6921",-0.26163022599446
"BAM759","BAM6921",0.136508011622726
"BAM766","BAM6921",-0.26215048548739
"BAM807","BAM6921",-0.286372215455664
"BAM811","BAM6921",0.184010623752565
"BAM812","BAM6921",-0.183881760950954
"BAM819","BAM6921",-0.141201813776909
"BAM8296","BAM6921",0.321859255570492
"BAM8305","BAM6921",0.23768051004364
"BAM8315","BAM6921",-0.323916148009597
"BAM8364","BAM6921",-0.177147583169398
"BAMAWPYAN","BAM6921",-0.351703759875024
"BENAMURI","BAM6921",-0.257039133593726
"BLACKGORA","BAM6921",-0.101349795135392
"CGR1656","BAM6921",0.106261221253234
"CGR1679","BAM6921",-0.296316412247396
"CGR2012","BAM6921",-0.286550132024946
"CO18","BAM6921",-0.277422671889816
"CRDHAN-204","BAM6921",-0.0323452954646623
"CR143-2-2","BAM6921",0.336694695044942
"CR262-4","BAM6921",0.336174587044844
"CROSSA","BAM6921",-0.30590400377829
"DULAR","BAM6921",-0.0824314658323381
"EYPO","BAM6921",0.114950899147694
"EYPO-2","BAM6921",-0.211207014706465
"FULKATI","BAM6921",-0.0421348841078339
"Ghanteswari","BAM6921",0.184285742096029
"GHATIKAMMANANGARHAR","BAM6921",-0.101687914237373
"GotrabiDhan","BAM6921",0.228985613727422
"GP-145-37","BAM6921",-0.281035877339267
"GP-145-51","BAM6921",0.0742693150244839
"HARBHOONDI","BAM6921",0.0266755555575844
"HongZuiEr","BAM6921",0.147568129977043
"IndrabaruniDhan","BAM6921",0.278742983271285
"IR74371-54-1-1","BAM6921",0.421182778439845
"IR77298-14-1-2-10","BAM6921",0.363540576932603
"IR77298-5-6-18","BAM6921",0.269019100897092
"IR83383-B-B-129-4","BAM6921",0.245596926933454
"IR83388-B-B108-3","BAM6921",0.365152645543529
"IR87707-445-B-B","BAM6921",0.287656647854494
"IR87707-446-B-B","BAM6921",0.333225679613525
"IRROEPYO","BAM6921",-0.34047646798526
"KALINGA-1","BAM6921",0.196652558100002
"KANGRO","BAM6921",-0.284609857557117
"KHAODAWTAI","BAM6921",-0.116659575028992
"MANDRIRAVINA","BAM6921",-0.274821019615408
"MAUDAMANI","BAM6921",-0.145777777671128
"MOROBEREKAN","BAM6921",0.0565285744402374
"MTU1010","BAM6921",0.224280066234392
"MTU9","BAM6921",-0.292056989287916
"NERICA-L-26","BAM6921",0.610484275042724
"NERICA-L-42","BAM6921",0.622939460988319
"NERICA-L-44","BAM6921",0.425400281376123
"PARIJAT","BAM6921",0.291554669906609
"Patchaiperumal","BAM6921",0.121347004141227
"PEH-KUH-TSAO-TU","BAM6921",-0.282851489079588
"PMK-2","BAM6921",0.14074193736077
"PRASAD-1","BAM6921",-0.14551905397218
"PUSASUGANDH5","BAM6921",0.250276421832599
"PUSA1121","BAM6921",0.118298648360776
"Pusa1121-SN12","BAM6921",0.118206287263325
"PUSA44","BAM6921",0.319659526379796
"PUSABASMATI6","BAM6921",-0.156198415061564
"PUSASUGANDH2","BAM6921",-0.0691500837238386
"RASI","BAM6921",0.204036331106167
"RKVY-104","BAM6921",-0.0172922459253195
"RKVY-143","BAM6921",0.0678308989098186
"RKVY-28","BAM6921",-0.0555446504850073
"R-RF-44","BAM6921",0.296429649967612
"RRF-78","BAM6921",0.133267681905331
"Sadabahar","BAM6921",-0.265741337010944
"SAFRI-17","BAM6921",-0.084226730072012
"SAHBHAGIDHAN","BAM6921",0.290480820247475
"SATABHAMA","BAM6921",-0.0406831271720905
"SERATOES","BAM6921",-0.0562349541596956
"SERETY","BAM6921",-0.281005908404327
"SHAKU","BAM6921",-0.0838167126109186
"SR1-3-1","BAM6921",-0.0368373054504713
"SUWEON","BAM6921",-0.173346717357303
"SWARNA","BAM6921",0.275301622529652
"VANAPRAVA","BAM6921",-0.0427721265316909
"VANDANA","BAM6921",0.242682290439575
"Wayrarem","BAM6921",0.375685748969277
"281785","BAM712",0.0121354746121971
"282803","BAM712",-0.356030919519436
"299554","BAM712",-0.266582467578842
"356457","BAM712",-0.331634121292726
"376579","BAM712",0.0524098008574968
"376851","BAM712",0.0411039797185521
"377448","BAM712",-0.370902253539182
"377705","BAM712",-0.328669671426035
"384190","BAM712",0.322113578174781
"426049","BAM712",-0.33134763067487
"438644","BAM712",-0.350949415417742
"ADAYSEL","BAM712",-0.189731660856633
"AbhayaXDagadesi","BAM712",-0.301356258145671
"ABHISEK","BAM712",0.042170016967631
"ABOR-A-1","BAM712",-0.318716716638575
"ANJALI","BAM712",0.0246061820329258
"Annada","BAM712",1.96913327126184
"Apo","BAM712",-0.163488259225301
"ARC10319","BAM712",-0.298676142368133
"ARC12071","BAM712",-0.0408723606704923
"ARNAPURNA","BAM712",-0.0350156048533814
"ASD16","BAM712",-0.00728846569416301
"AUS257","BAM712",0.0320351165175698
"BAKAL","BAM712",-0.0487431382340483
"BAM1057","BAM712",-0.09915267478686
"BAM1098","BAM712",0.0964988754230712
"BAM1659","BAM712",0.00992647142246536
"BAM1689","BAM712",-0.0187828711240455
"BAM1708","BAM712",-0.0502407048657705
"BAM1812","BAM712",-0.319139524583754
"BAM2096","BAM712",-0.0195956330924901
"BAM2166","BAM712",0.417264392490118
"BAM247","BAM712",-0.38146153792574
"BAM2574","BAM712",0.0325717602976331
"BAM2680","BAM712",0.0103464954746991
"BAM3154","BAM712",-0.350491898617764
"BAM3181","BAM712",0.0551654677844847
"BAM326","BAM712",-0.0111122192391482
"BAM328","BAM712",-0.341546172605627
"BAM350","BAM712",-0.292661493692429
"BAM3690","BAM712",-0.331843304654707
"BAM4009","BAM712",0.102850506483968
"BAM4054","BAM712",-0.0265990797684368
"BAM4138","BAM712",0.373451974081205
"BAM4168","BAM712",0.296717920421429
"BAM4234","BAM712",0.101875546646726
"BAM4254","BAM712",0.106154286947683
"BAM4477","BAM712",-0.340456716730656
"BAM4496","BAM712",-0.353206316450925
"BAM4510","BAM712",0.239933633780846
"BAM4521","BAM712",0.338579727550104
"BAM4534","BAM712",-0.0617768448977863
"BAM4797","BAM712",0.034728915921842
"BAM491","BAM712",-0.228211491353277
"BAM4928","BAM712",0.350768093638379
"BAM5110","BAM712",0.0263591231219757
"BAM56","BAM712",0.299489284520046
"BAM5779","BAM712",0.871823073610233
"BAM5850","BAM712",-0.0468674014419423
"BAM6921","BAM712",-0.264441969028286
"BAM712","BAM712",2.06994123861187
"BAM742","BAM712",1.94250175145483
"BAM7429","BAM712",-0.368079680559328
"BAM7449","BAM712",-0.0621112253277203
"BAM747","BAM712",1.92806741149904
"BAM759","BAM712",-0.168493646731869
"BAM766","BAM712",1.94668812589597
"BAM807","BAM712",0.842475291997655
"BAM811","BAM712",-0.235617542678964
"BAM812","BAM712",0.107242864996944
"BAM819","BAM712",-0.0221547645098266
"BAM8296","BAM712",-0.307950815281039
"BAM8305","BAM712",-0.327707891690954
"BAM8315","BAM712",0.963510605378572
"BAM8364","BAM712",0.078298954058742
"BAMAWPYAN","BAM712",0.308413415386975
"BENAMURI","BAM712",0.0194299136203092
"BLACKGORA","BAM712",0.0310141290172315
"CGR1656","BAM712",-0.325132797926721
"CGR1679","BAM712",-0.0130605200653804
"CGR2012","BAM712",0.00717451121640592
"CO18","BAM712",-0.0654297745041589
"CRDHAN-204","BAM712",0.074872415036314
"CR143-2-2","BAM712",-0.253191065964329
"CR262-4","BAM712",-0.236937247239464
"CROSSA","BAM712",0.00838935056127144
"DULAR","BAM712",-0.0637655856449646
"EYPO","BAM712",-0.265979752114092
"EYPO-2","BAM712",0.0252312109840987
"FULKATI","BAM712",-0.0851913210512045
"Ghanteswari","BAM712",-0.330022704898773
"GHATIKAMMANANGARHAR","BAM712",-0.0327358729471202
"GotrabiDhan","BAM712",-0.368468903695835
"GP-145-37","BAM712",-0.0126085097421194
"GP-145-51","BAM712",-0.353258145913557
"HARBHOONDI","BAM712",0.0940756952122259
"HongZuiEr","BAM712",-0.280367942346745
"IndrabaruniDhan","BAM712",-0.353255970488397
"IR74371-54-1-1","BAM712",-0.256433708881129
"IR77298-14-1-2-10","BAM712",-0.32363114693731
"IR77298-5-6-18","BAM712",-0.288675510573139
"IR83383-B-B-129-4","BAM712",-0.265394468182042
"IR83388-B-B108-3","BAM712",-0.295833865428082
"IR87707-445-B-B","BAM712",-0.280299563943355
"IR87707-446-B-B","BAM712",-0.361841278991607
"IRROEPYO","BAM712",0.207901868063125
"KALINGA-1","BAM712",-0.388880277962363
"KANGRO","BAM712",-0.0552471516521207
"KHAODAWTAI","BAM712",0.0809236277343476
"MANDRIRAVINA","BAM712",-0.0658159085753957
"MAUDAMANI","BAM712",0.0324484869457626
"MOROBEREKAN","BAM712",1.19049213732648
"MTU1010","BAM712",-0.357430049315249
"MTU9","BAM712",-0.0296923057750729
"NERICA-L-26","BAM712",-0.262782658363695
"NERICA-L-42","BAM712",-0.267092557797599
"NERICA-L-44","BAM712",-0.312581239076716
"PARIJAT","BAM712",-0.330003036457158
"Patchaiperumal","BAM712",-0.381485024736387
"PEH-KUH-TSAO-TU","BAM712",-0.0487421289476266
"PMK-2","BAM712",-0.320002526509429
"PRASAD-1","BAM712",0.0424744738422381
"PUSASUGANDH5","BAM712",-0.200379987340776
"PUSA1121","BAM712",0.221078055035469
"Pusa1121-SN12","BAM712",0.190979005579945
"PUSA44","BAM712",-0.382932492373767
"PUSABASMATI6","BAM712",0.418274462363325
"PUSASUGANDH2","BAM712",-0.0183361563854185
"RASI","BAM712",-0.311903376975957
"RKVY-104","BAM712",0.0821146801219784
"RKVY-143","BAM712",-0.351866396967368
"RKVY-28","BAM712",-0.100239451363508
"R-RF-44","BAM712",-0.293697633397785
"RRF-78","BAM712",-0.277593467737204
"Sadabahar","BAM712",0.00219519934929488
"SAFRI-17","BAM712",0.0282391953506221
"SAHBHAGIDHAN","BAM712",-0.341505789336872
"SATABHAMA","BAM712",0.0541725161618266
"SERATOES","BAM712",-0.0276784321646248
"SERETY","BAM712",-0.0163745771326173
"SHAKU","BAM712",0.302825795107369
"SR1-3-1","BAM712",0.0626587993908598
"SUWEON","BAM712",0.126481014341853
"SWARNA","BAM712",-0.372895139680741
"VANAPRAVA","BAM712",-0.0939109228584342
"VANDANA","BAM712",-0.106501269793388
"Wayrarem","BAM712",-0.157903585053292
"281785","BAM742",0.00108404139199802
"282803","BAM742",-0.357624661017464
"299554","BAM742",-0.272183725494951
"356457","BAM742",-0.330420616187946
"376579","BAM742",0.0588744441538804
"376851","BAM742",0.0574840609071725
"377448","BAM742",-0.370078935995332
"377705","BAM742",-0.32834097788416
"384190","BAM742",0.301043568404679
"426049","BAM742",-0.330859354730743
"438644","BAM742",-0.352194748566902
"ADAYSEL","BAM742",-0.176793260954205
"AbhayaXDagadesi","BAM742",-0.304124314627858
"ABHISEK","BAM742",0.0373997802516804
"ABOR-A-1","BAM742",-0.287684776302551
"ANJALI","BAM742",0.00592785884444269
"Annada","BAM742",1.95912241339908
"Apo","BAM742",-0.162181117803746
"ARC10319","BAM742",-0.294499530647506
"ARC12071","BAM742",-0.0208595585004829
"ARNAPURNA","BAM742",0.00100366980727284
"ASD16","BAM742",0.00963473977922446
"AUS257","BAM742",0.024411409246873
"BAKAL","BAM742",-0.0740605596029739
"BAM1057","BAM742",-0.103274683552222
"BAM1098","BAM742",0.0736498675333551
"BAM1659","BAM742",0.00812503284237386
"BAM1689","BAM742",-0.0416248039742559
"BAM1708","BAM742",-0.070887550019567
"BAM1812","BAM742",-0.302356509052257
"BAM2096","BAM742",0.000740710918047637
"BAM2166","BAM742",0.405087445938479
"BAM247","BAM742",-0.374065310265761
"BAM2574","BAM742",0.00277747906321171
"BAM2680","BAM742",0.0118548831835857
"BAM3154","BAM742",-0.344838913940511
"BAM3181","BAM742",0.0582573825408119
"BAM326","BAM742",-0.00648068708594672
"BAM328","BAM742",-0.324813945514817
"BAM350","BAM742",-0.286390484173324
"BAM3690","BAM742",-0.325614053031703
"BAM4009","BAM742",0.0679779731801612
"BAM4054","BAM742",-0.0240984302167851
"BAM4138","BAM742",0.34896224949203
"BAM4168","BAM742",0.311144417398333
"BAM4234","BAM742",0.102543423359318
"BAM4254","BAM742",0.116242867491285
"BAM4477","BAM742",-0.342453475577988
"BAM4496","BAM742",-0.342072533758705
"BAM4510","BAM742",0.214355652174756
"BAM4521","BAM742",0.326289758876996
"BAM4534","BAM742",-0.0557994863176073
"BAM4797","BAM742",0.040643694752706
"BAM491","BAM742",-0.220860737987684
"BAM4928","BAM742",0.360640367105442
"BAM5110","BAM742",0.0206370333579035
"BAM56","BAM742",0.278784969267089
"BAM5779","BAM742",0.87839584166107
"BAM5850","BAM742",-0.0559518429705811
"BAM6921","BAM742",-0.250272711924668
"BAM712","BAM742",1.94250175145483
"BAM742","BAM742",2.08513062042702
"BAM7429","BAM742",-0.353003838619079
"BAM7449","BAM742",-0.0706010190626476
"BAM747","BAM742",1.9584486781367
"BAM759","BAM742",-0.180104838851574
"BAM766","BAM742",2.00583014523572
"BAM807","BAM742",0.852341944055327
"BAM811","BAM742",-0.233582924520098
"BAM812","BAM742",0.0906854753323566
"BAM819","BAM742",-0.0369694619703045
"BAM8296","BAM742",-0.300880841867185
"BAM8305","BAM742",-0.320328470887415
"BAM8315","BAM742",0.948775285499
"BAM8364","BAM742",0.0644439259240513
"BAMAWPYAN","BAM742",0.305087065991496
"BENAMURI","BAM742",0.0157808148712076
"BLACKGORA","BAM742",-0.00324343389914372
"CGR1656","BAM742",-0.316198884310058
"CGR1679","BAM742",-0.0196596187280291
"CGR2012","BAM742",-0.00506367774743468
"CO18","BAM742",-0.0605997378740276
"CRDHAN-204","BAM742",0.0721042699170179
"CR143-2-2","BAM742",-0.254412104887791
"CR262-4","BAM742",-0.239457585555357
"CROSSA","BAM742",-0.0143916236590063
"DULAR","BAM742",-0.0593501133767703
"EYPO","BAM742",-0.255286986203532
"EYPO-2","BAM742",0.040234377635527
"FULKATI","BAM742",-0.091643138877977
"Ghanteswari","BAM742",-0.302275684598602
"GHATIKAMMANANGARHAR","BAM742",-0.0143317783193352
"GotrabiDhan","BAM742",-0.363921275140124
"GP-145-37","BAM742",-0.0112217509149272
"GP-145-51","BAM742",-0.361165317372991
"HARBHOONDI","BAM742",0.0869683020425914
"HongZuiEr","BAM742",-0.282662269035459
"IndrabaruniDhan","BAM742",-0.349588407570804
"IR74371-54-1-1","BAM742",-0.25237031035123
"IR77298-14-1-2-10","BAM742",-0.324634302184609
"IR77298-5-6-18","BAM742",-0.308714397626139
"IR83383-B-B-129-4","BAM742",-0.269212679204635
"IR83388-B-B108-3","BAM742",-0.287452318333547
"IR87707-445-B-B","BAM742",-0.290264181974106
"IR87707-446-B-B","BAM742",-0.349533491253409
"IRROEPYO","BAM742",0.19757892838612
"KALINGA-1","BAM742",-0.373283530982771
"KANGRO","BAM742",-0.0447924506437396
"KHAODAWTAI","BAM742",0.0577346621629069
"MANDRIRAVINA","BAM742",-0.0642853810392707
"MAUDAMANI","BAM742",0.036022230012976
"MOROBEREKAN","BAM742",1.19687213875159
"MTU1010","BAM742",-0.34993899641179
"MTU9","BAM742",-0.0307661333725022
"NERICA-L-26","BAM742",-0.263042097316519
"NERICA-L-42","BAM742",-0.265609329688064
"NERICA-L-44","BAM742",-0.312137439095334
"PARIJAT","BAM742",-0.323463509459077
"Patchaiperumal","BAM742",-0.383505225443973
"PEH-KUH-TSAO-TU","BAM742",-0.0480712554245531
"PMK-2","BAM742",-0.289301617974717
"PRASAD-1","BAM742",0.0486165320080458
"PUSASUGANDH5","BAM742",-0.182534762189754
"PUSA1121","BAM742",0.211473251671275
"Pusa1121-SN12","BAM742",0.186995125813813
"PUSA44","BAM742",-0.394039842029012
"PUSABASMATI6","BAM742",0.403402552993814
"PUSASUGANDH2","BAM742",-0.0145259969327441
"RASI","BAM742",-0.290946478033028
"RKVY-104","BAM742",0.0688913571103366
"RKVY-143","BAM742",-0.348417777338405
"RKVY-28","BAM742",-0.118998247882721
"R-RF-44","BAM742",-0.301449046079235
"RRF-78","BAM742",-0.276794459442994
"Sadabahar","BAM742",-0.00497261849194907
"SAFRI-17","BAM742",0.0231025774972971
"SAHBHAGIDHAN","BAM742",-0.337589565062426
"SATABHAMA","BAM742",0.0346910514840904
"SERATOES","BAM742",-0.0456137613338246
"SERETY","BAM742",-0.0179396382282068
"SHAKU","BAM742",0.310740305553969
"SR1-3-1","BAM742",0.0540002459838252
"SUWEON","BAM742",0.131000825421337
"SWARNA","BAM742",-0.377033611849041
"VANAPRAVA","BAM742",-0.0944645806123546
"VANDANA","BAM742",-0.116040343095211
"Wayrarem","BAM742",-0.156962660282366
"281785","BAM7429",-0.258452642881822
"282803","BAM7429",0.115676725616549
"299554","BAM7429",0.0746788036022165
"356457","BAM7429",0.102367955960959
"376579","BAM7429",0.258813850828711
"376851","BAM7429",0.112189544828648
"377448","BAM7429",0.527452391156246
"377705","BAM7429",0.15617335315529
"384190","BAM7429",-0.306101730441625
"426049","BAM7429",0.100148231190268
"438644","BAM7429",0.127971065527672
"ADAYSEL","BAM7429",0.0495723323830393
"AbhayaXDagadesi","BAM7429",0.0733702087519982
"ABHISEK","BAM7429",-0.23301284014023
"ABOR-A-1","BAM7429",0.151598848741839
"ANJALI","BAM7429",-0.253318487061531
"Annada","BAM7429",-0.367157953499568
"Apo","BAM7429",0.109135417885475
"ARC10319","BAM7429",0.215316547443868
"ARC12071","BAM7429",-0.109449289289644
"ARNAPURNA","BAM7429",-0.0479250384057643
"ASD16","BAM7429",-0.18174465921202
"AUS257","BAM7429",-0.202049969811223
"BAKAL","BAM7429",0.0204627919369155
"BAM1057","BAM7429",-0.01400752187722
"BAM1098","BAM7429",-0.0122086746075194
"BAM1659","BAM7429",-0.121734153164237
"BAM1689","BAM7429",0.0635686023607532
"BAM1708","BAM7429",-0.0254589287361287
"BAM1812","BAM7429",0.529915500270202
"BAM2096","BAM7429",0.0736680054923866
"BAM2166","BAM7429",-0.337262484277838
"BAM247","BAM7429",0.165931854176924
"BAM2574","BAM7429",0.102241670632
"BAM2680","BAM7429",-0.209049851576487
"BAM3154","BAM7429",0.353077748756479
"BAM3181","BAM7429",-0.0035163612043742
"BAM326","BAM7429",0.182551627709048
"BAM328","BAM7429",0.404113061260812
"BAM350","BAM7429",0.315428580215267
"BAM3690","BAM7429",0.209229089238673
"BAM4009","BAM7429",-0.0659836144490753
"BAM4054","BAM7429",-0.209612223713694
"BAM4138","BAM7429",-0.356912609773326
"BAM4168","BAM7429",-0.281948935651071
"BAM4234","BAM7429",-0.256433883719329
"BAM4254","BAM7429",-0.257826829532448
"BAM4477","BAM7429",0.240574472942619
"BAM4496","BAM7429",0.321416621140789
"BAM4510","BAM7429",-0.312917873500376
"BAM4521","BAM7429",-0.336606652568488
"BAM4534","BAM7429",0.0122892846494027
"BAM4797","BAM7429",0.0335479327091954
"BAM491","BAM7429",0.27188695868983
"BAM4928","BAM7429",-0.359585039958874
"BAM5110","BAM7429",-0.224383491013723
"BAM56","BAM7429",-0.302066534696106
"BAM5779","BAM7429",-0.336160948875106
"BAM5850","BAM7429",0.00217359452786066
"BAM6921","BAM7429",0.0718935050152133
"BAM712","BAM7429",-0.368079680559328
"BAM742","BAM7429",-0.353003838619079
"BAM7429","BAM7429",1.26419983507548
"BAM7449","BAM7429",0.000570006413324654
"BAM747","BAM7429",-0.363006116500771
"BAM759","BAM7429",0.0508590966921048
"BAM766","BAM7429",-0.3519896457551
"BAM807","BAM7429",-0.326323877081013
"BAM811","BAM7429",0.212465743501312
"BAM812","BAM7429",-0.142715020006795
"BAM819","BAM7429",-0.185006184808439
"BAM8296","BAM7429",0.0877735499363821
"BAM8305","BAM7429",0.0770376646082052
"BAM8315","BAM7429",-0.349036527275748
"BAM8364","BAM7429",-0.29278132977759
"BAMAWPYAN","BAM7429",-0.376951033507593
"BENAMURI","BAM7429",-0.0275618918819074
"BLACKGORA","BAM7429",-0.212370011677639
"CGR1656","BAM7429",0.365022526426011
"CGR1679","BAM7429",0.217682622771209
"CGR2012","BAM7429",0.228284266574528
"CO18","BAM7429",-0.118877650616976
"CRDHAN-204","BAM7429",-0.26559839879439
"CR143-2-2","BAM7429",0.0790951393562312
"CR262-4","BAM7429",0.0713173514266101
"CROSSA","BAM7429",0.209489324427933
"DULAR","BAM7429",0.00864506637609773
"EYPO","BAM7429",0.252795313545526
"EYPO-2","BAM7429",-0.219614917707699
"FULKATI","BAM7429",0.0280426027292048
"Ghanteswari","BAM7429",0.17628195734857
"GHATIKAMMANANGARHAR","BAM7429",-0.256708648990727
"GotrabiDhan","BAM7429",0.142277081165982
"GP-145-37","BAM7429",0.173502346791132
"GP-145-51","BAM7429",0.62622112342794
"HARBHOONDI","BAM7429",-0.265189676932052
"HongZuiEr","BAM7429",0.268103071430592
"IndrabaruniDhan","BAM7429",0.111788402973715
"IR74371-54-1-1","BAM7429",0.0913394565836049
"IR77298-14-1-2-10","BAM7429",0.065999684461625
"IR77298-5-6-18","BAM7429",0.0651021519552146
"IR83383-B-B-129-4","BAM7429",0.0477857821689929
"IR83388-B-B108-3","BAM7429",0.119705616084004
"IR87707-445-B-B","BAM7429",0.0516800265909429
"IR87707-446-B-B","BAM7429",0.089549747743308
"IRROEPYO","BAM7429",-0.332668048296142
"KALINGA-1","BAM7429",0.206246357288767
"KANGRO","BAM7429",-0.107155586906709
"KHAODAWTAI","BAM7429",-0.163850803847711
"MANDRIRAVINA","BAM7429",-0.117339258941526
"MAUDAMANI","BAM7429",-0.193010503710713
"MOROBEREKAN","BAM7429",-0.0502835878994179
"MTU1010","BAM7429",0.0928488959584255
"MTU9","BAM7429",-0.109693742197815
"NERICA-L-26","BAM7429",0.0941129839640058
"NERICA-L-42","BAM7429",0.0837723292824208
"NERICA-L-44","BAM7429",0.114975916885022
"PARIJAT","BAM7429",0.11292867550678
"Patchaiperumal","BAM7429",0.37436421895482
"PEH-KUH-TSAO-TU","BAM7429",-0.110966237842962
"PMK-2","BAM7429",0.150280041299918
"PRASAD-1","BAM7429",-0.24196445053867
"PUSASUGANDH5","BAM7429",0.0878313071558161
"PUSA1121","BAM7429",0.065587485895901
"Pusa1121-SN12","BAM7429",0.0479716029087562
"PUSA44","BAM7429",0.116812244473029
"PUSABASMATI6","BAM7429",-0.315016803517778
"PUSASUGANDH2","BAM7429",-0.220612543369948
"RASI","BAM7429",0.163664602593872
"RKVY-104","BAM7429",-0.0250818801621053
"RKVY-143","BAM7429",0.521204958328885
"RKVY-28","BAM7429",0.0623487251224868
"R-RF-44","BAM7429",0.116803441417716
"RRF-78","BAM7429",0.036783965150919
"Sadabahar","BAM7429",0.0810013603463137
"SAFRI-17","BAM7429",-0.195062611041419
"SAHBHAGIDHAN","BAM7429",0.116306456602379
"SATABHAMA","BAM7429",-0.288077349230538
"SERATOES","BAM7429",-0.00271366805092777
"SERETY","BAM7429",-0.11940730983652
"SHAKU","BAM7429",-0.203319560771426
"SR1-3-1","BAM7429",-0.212558252680271
"SUWEON","BAM7429",-0.27405290013721
"SWARNA","BAM7429",0.168855888172032
"VANAPRAVA","BAM7429",-0.0164692008786303
"VANDANA","BAM7429",0.0466395769756651
"Wayrarem","BAM7429",0.0917892432143597
"281785","BAM7449",-0.374198789414088
"282803","BAM7449",-0.0756551942089259
"299554","BAM7449",-0.0597048883523602
"356457","BAM7449",-0.0765684351951838
"376579","BAM7449",-0.26874372358732
"376851","BAM7449",-0.33232340604426
"377448","BAM7449",-0.0206149132094307
"377705","BAM7449",-0.0655505601229911
"384190","BAM7449",0.308230244585465
"426049","BAM7449",-0.0807082041973585
"438644","BAM7449",-0.0769984789848163
"ADAYSEL","BAM7449",0.388303502320895
"AbhayaXDagadesi","BAM7449",-0.0563132592686471
"ABHISEK","BAM7449",-0.343368960455212
"ABOR-A-1","BAM7449",-0.0624803484566771
"ANJALI","BAM7449",-0.368903696019172
"Annada","BAM7449",-0.0706147850351563
"Apo","BAM7449",0.00777324606525486
"ARC10319","BAM7449",0.0311865979020944
"ARC12071","BAM7449",-0.318826922391762
"ARNAPURNA","BAM7449",-0.348747983106398
"ASD16","BAM7449",-0.398770698934196
"AUS257","BAM7449",-0.343386003653755
"BAKAL","BAM7449",0.686888372649271
"BAM1057","BAM7449",0.858025714549588
"BAM1098","BAM7449",0.497674548658339
"BAM1659","BAM7449",-0.352217987332293
"BAM1689","BAM7449",0.578711743624229
"BAM1708","BAM7449",0.583719003606783
"BAM1812","BAM7449",0.00348144832386553
"BAM2096","BAM7449",-0.23177927371498
"BAM2166","BAM7449",0.114482087411927
"BAM247","BAM7449",-0.0615110871210469
"BAM2574","BAM7449",-0.335595850540845
"BAM2680","BAM7449",-0.395979071254755
"BAM3154","BAM7449",-0.02584292900502
"BAM3181","BAM7449",-0.276713041581417
"BAM326","BAM7449",-0.335694233788951
"BAM328","BAM7449",0.150142379373739
"BAM350","BAM7449",0.374844426486225
"BAM3690","BAM7449",0.0277578441852315
"BAM4009","BAM7449",0.664788672573467
"BAM4054","BAM7449",-0.422494744560888
"BAM4138","BAM7449",0.503954571325148
"BAM4168","BAM7449",0.187476122282966
"BAM4234","BAM7449",-0.335393596315278
"BAM4254","BAM7449",-0.346980642646703
"BAM4477","BAM7449",0.008912215673407
"BAM4496","BAM7449",0.0800380514674656
"BAM4510","BAM7449",0.632721738978709
"BAM4521","BAM7449",0.380009407791047
"BAM4534","BAM7449",1.11482801058794
"BAM4797","BAM7449",-0.264120091409659
"BAM491","BAM7449",0.310939111918581
"BAM4928","BAM7449",0.16062607458091
"BAM5110","BAM7449",-0.430283583819193
"BAM56","BAM7449",0.306773968701676
"BAM5779","BAM7449",-0.170859435666821
"BAM5850","BAM7449",0.999548604967925
"BAM6921","BAM7449",-0.0666973898693288
"BAM712","BAM7449",-0.0621112253277203
"BAM742","BAM7449",-0.0706010190626476
"BAM7429","BAM7449",0.000570006413324654
"BAM7449","BAM7449",1.75543365976725
"BAM747","BAM7449",-0.0653338665407051
"BAM759","BAM7449",0.318803961209341
"BAM766","BAM7449",-0.0780238864788293
"BAM807","BAM7449",-0.172377940659597
"BAM811","BAM7449",-0.018533195356233
"BAM812","BAM7449",-0.350460519750484
"BAM819","BAM7449",-0.373979412780684
"BAM8296","BAM7449",-0.0891424206686362
"BAM8305","BAM7449",-0.0618173614331111
"BAM8315","BAM7449",0.0772798577579578
"BAM8364","BAM7449",-0.295959595307662
"BAMAWPYAN","BAM7449",0.423809308182605
"BENAMURI","BAM7449",-0.315067254054328
"BLACKGORA","BAM7449",-0.366258076986807
"CGR1656","BAM7449",0.0244411534142483
"CGR1679","BAM7449",-0.337267058631641
"CGR2012","BAM7449",-0.354741851071815
"CO18","BAM7449",-0.295670032258541
"CRDHAN-204","BAM7449",-0.386299074580541
"CR143-2-2","BAM7449",-0.04371335539823
"CR262-4","BAM7449",-0.0561032391208609
"CROSSA","BAM7449",-0.350514501635177
"DULAR","BAM7449",0.994154093277877
"EYPO","BAM7449",0.111600478220122
"EYPO-2","BAM7449",-0.391852694092289
"FULKATI","BAM7449",1.10225150172349
"Ghanteswari","BAM7449",-0.0455112529073879
"GHATIKAMMANANGARHAR","BAM7449",-0.416511526491036
"GotrabiDhan","BAM7449",-0.0551034715570811
"GP-145-37","BAM7449",-0.327353034318327
"GP-145-51","BAM7449",0.00130350695265685
"HARBHOONDI","BAM7449",-0.370143535851702
"HongZuiEr","BAM7449",-0.00439019414999312
"IndrabaruniDhan","BAM7449",-0.0882727241338513
"IR74371-54-1-1","BAM7449",-0.0591557384452768
"IR77298-14-1-2-10","BAM7449",-0.035663521487952
"IR77298-5-6-18","BAM7449",-0.041064168455984
"IR83383-B-B-129-4","BAM7449",-0.0475798546815977
"IR83388-B-B108-3","BAM7449",-0.0267376717915966
"IR87707-445-B-B","BAM7449",-0.0445005705669835
"IR87707-446-B-B","BAM7449",-0.057469646725888
"IRROEPYO","BAM7449",0.304130943759421
"KALINGA-1","BAM7449",-0.106872227503453
"KANGRO","BAM7449",-0.318986566938278
"KHAODAWTAI","BAM7449",-0.365850880371565
"MANDRIRAVINA","BAM7449",-0.29481370764607
"MAUDAMANI","BAM7449",-0.410281660094569
"MOROBEREKAN","BAM7449",0.235604872744199
"MTU1010","BAM7449",-0.0529707243072388
"MTU9","BAM7449",-0.323960881305228
"NERICA-L-26","BAM7449",-0.0839838095913323
"NERICA-L-42","BAM7449",-0.0907826126695074
"NERICA-L-44","BAM7449",-0.0758400241306586
"PARIJAT","BAM7449",-0.0148001734513515
"Patchaiperumal","BAM7449",0.0406928088769486
"PEH-KUH-TSAO-TU","BAM7449",-0.320578364563846
"PMK-2","BAM7449",-0.0611063598937635
"PRASAD-1","BAM7449",-0.357163976050576
"PUSASUGANDH5","BAM7449",0.013618419559934
"PUSA1121","BAM7449",0.346025754099834
"Pusa1121-SN12","BAM7449",0.308774890716912
"PUSA44","BAM7449",-0.0837775367093384
"PUSABASMATI6","BAM7449",-0.170785380436856
"PUSASUGANDH2","BAM7449",-0.418019584944832
"RASI","BAM7449",-0.0230274596367121
"RKVY-104","BAM7449",0.701856782180515
"RKVY-143","BAM7449",-0.0123457775065416
"RKVY-28","BAM7449",0.743528835750171
"R-RF-44","BAM7449",-0.0723694940531897
"RRF-78","BAM7449",0.199734795009884
"Sadabahar","BAM7449",-0.23953027067368
"SAFRI-17","BAM7449",-0.397600106198409
"SAHBHAGIDHAN","BAM7449",-0.0195372243572268
"SATABHAMA","BAM7449",-0.393314401292122
"SERATOES","BAM7449",0.995017885773205
"SERETY","BAM7449",-0.322685902203785
"SHAKU","BAM7449",-0.297653826721206
"SR1-3-1","BAM7449",-0.340471841685705
"SUWEON","BAM7449",-0.235582660001795
"SWARNA","BAM7449",-0.0338012424272992
"VANAPRAVA","BAM7449",0.860626587812888
"VANDANA","BAM7449",0.456903737773474
"Wayrarem","BAM7449",0.00577113876454391
"281785","BAM747",0.0288193720477922
"282803","BAM747",-0.366962408250418
"299554","BAM747",-0.254701170118592
"356457","BAM747",-0.326680247485676
"376579","BAM747",0.0599749230336429
"376851","BAM747",0.0532561507829887
"377448","BAM747",-0.375902976362391
"377705","BAM747",-0.352128913868499
"384190","BAM747",0.325326992096784
"426049","BAM747",-0.330811048538446
"438644","BAM747",-0.357681245957045
"ADAYSEL","BAM747",-0.187371024859539
"AbhayaXDagadesi","BAM747",-0.343734980547489
"ABHISEK","BAM747",0.0608995373104688
"ABOR-A-1","BAM747",-0.329603171224847
"ANJALI","BAM747",0.00413172549118597
"Annada","BAM747",1.92786854361657
"Apo","BAM747",-0.173564677350114
"ARC10319","BAM747",-0.277895974132627
"ARC12071","BAM747",-0.0390452292153348
"ARNAPURNA","BAM747",0.00810734163520458
"ASD16","BAM747",0.0233138941588446
"AUS257","BAM747",0.0313777080930869
"BAKAL","BAM747",-0.065195398590183
"BAM1057","BAM747",-0.105894225839198
"BAM1098","BAM747",0.0886823022818226
"BAM1659","BAM747",0.0236266273401416
"BAM1689","BAM747",-0.0211810581213796
"BAM1708","BAM747",-0.054160385940091
"BAM1812","BAM747",-0.316498199212229
"BAM2096","BAM747",-0.0125535104366932
"BAM2166","BAM747",0.435065858128332
"BAM247","BAM747",-0.394449125103572
"BAM2574","BAM747",0.0123275520083963
"BAM2680","BAM747",0.0091306555443004
"BAM3154","BAM747",-0.348225593926308
"BAM3181","BAM747",0.047629909958936
"BAM326","BAM747",-0.0107370042779818
"BAM328","BAM747",-0.350485550421576
"BAM350","BAM747",-0.298766849131724
"BAM3690","BAM747",-0.329549770468256
"BAM4009","BAM747",0.0919638034760956
"BAM4054","BAM747",-0.0394953585353226
"BAM4138","BAM747",0.383063794546368
"BAM4168","BAM747",0.318694330589894
"BAM4234","BAM747",0.0811308330094475
"BAM4254","BAM747",0.0986289750842716
"BAM4477","BAM747",-0.35007270730875
"BAM4496","BAM747",-0.342574633018394
"BAM4510","BAM747",0.242938628364729
"BAM4521","BAM747",0.339747832111582
"BAM4534","BAM747",-0.0535051732814237
"BAM4797","BAM747",0.0439501239816278
"BAM491","BAM747",-0.20869022533595
"BAM4928","BAM747",0.386832356618242
"BAM5110","BAM747",0.0206961542183741
"BAM56","BAM747",0.305966163028668
"BAM5779","BAM747",0.92026246896499
"BAM5850","BAM747",-0.0472811518934944
"BAM6921","BAM747",-0.26163022599446
"BAM712","BAM747",1.92806741149904
"BAM742","BAM747",1.9584486781367
"BAM7429","BAM747",-0.363006116500771
"BAM7449","BAM747",-0.0653338665407051
"BAM747","BAM747",2.07465564211822
"BAM759","BAM747",-0.166833111440593
"BAM766","BAM747",1.94235997228502
"BAM807","BAM747",0.899137751147243
"BAM811","BAM747",-0.231073963264676
"BAM812","BAM747",0.124511975668095
"BAM819","BAM747",-0.025484953513353
"BAM8296","BAM747",-0.316468205021369
"BAM8305","BAM747",-0.315779025323048
"BAM8315","BAM747",0.947344672347514
"BAM8364","BAM747",0.0699071737566806
"BAMAWPYAN","BAM747",0.310341698030188
"BENAMURI","BAM747",0.0315732228397872
"BLACKGORA","BAM747",0.0060806003885454
"CGR1656","BAM747",-0.310615263113908
"CGR1679","BAM747",-0.0163927942829045
"CGR2012","BAM747",0.00443613529390958
"CO18","BAM747",-0.0498065837599701
"CRDHAN-204","BAM747",0.0725861068520291
"CR143-2-2","BAM747",-0.269587703173106
"CR262-4","BAM747",-0.251860827457101
"CROSSA","BAM747",0.00143338485409141
"DULAR","BAM747",-0.0513134160100152
"EYPO","BAM747",-0.266122415613823
"EYPO-2","BAM747",0.0147355066837473
"FULKATI","BAM747",-0.092249213475156
"Ghanteswari","BAM747",-0.3248386206906
"GHATIKAMMANANGARHAR","BAM747",-0.0194888553312654
"GotrabiDhan","BAM747",-0.386687963585567
"GP-145-37","BAM747",-0.0106141498728051
"GP-145-51","BAM747",-0.365806357621858
"HARBHOONDI","BAM747",0.105231046270667
"HongZuiEr","BAM747",-0.306308180406257
"IndrabaruniDhan","BAM747",-0.364269857204517
"IR74371-54-1-1","BAM747",-0.265843529541593
"IR77298-14-1-2-10","BAM747",-0.342323135411567
"IR77298-5-6-18","BAM747",-0.297405321616497
"IR83383-B-B-129-4","BAM747",-0.273784083773794
"IR83388-B-B108-3","BAM747",-0.307027240659565
"IR87707-445-B-B","BAM747",-0.29212278377683
"IR87707-446-B-B","BAM747",-0.357133864631195
"IRROEPYO","BAM747",0.221368365477921
"KALINGA-1","BAM747",-0.382296214394175
"KANGRO","BAM747",-0.0436812355778647
"KHAODAWTAI","BAM747",0.03463666270635
"MANDRIRAVINA","BAM747",-0.0461288088815185
"MAUDAMANI","BAM747",0.0236222778963069
"MOROBEREKAN","BAM747",1.19921569097129
"MTU1010","BAM747",-0.356061583334619
"MTU9","BAM747",-0.0256634080234853
"NERICA-L-26","BAM747",-0.268604298465778
"NERICA-L-42","BAM747",-0.273414897369564
"NERICA-L-44","BAM747",-0.322261108935474
"PARIJAT","BAM747",-0.333019152322936
"Patchaiperumal","BAM747",-0.384119778546681
"PEH-KUH-TSAO-TU","BAM747",-0.0424290700343405
"PMK-2","BAM747",-0.328273206941869
"PRASAD-1","BAM747",0.0493417272306867
"PUSASUGANDH5","BAM747",-0.19117999971798
"PUSA1121","BAM747",0.226321462027999
"Pusa1121-SN12","BAM747",0.198125908875557
"PUSA44","BAM747",-0.387821520377794
"PUSABASMATI6","BAM747",0.417627410023659
"PUSASUGANDH2","BAM747",-0.0238520368796745
"RASI","BAM747",-0.293841850613189
"RKVY-104","BAM747",0.0865246639632069
"RKVY-143","BAM747",-0.346588854551288
"RKVY-28","BAM747",-0.112596239243471
"R-RF-44","BAM747",-0.309425520368583
"RRF-78","BAM747",-0.296473852060385
"Sadabahar","BAM747",0.00425540133253401
"SAFRI-17","BAM747",0.033010895635511
"SAHBHAGIDHAN","BAM747",-0.342189750293414
"SATABHAMA","BAM747",0.0426805262248562
"SERATOES","BAM747",-0.0259039638710079
"SERETY","BAM747",-0.019872474897224
"SHAKU","BAM747",0.340262755272481
"SR1-3-1","BAM747",0.0673721034820214
"SUWEON","BAM747",0.143909286120442
"SWARNA","BAM747",-0.384877657674022
"VANAPRAVA","BAM747",-0.0975716560094166
"VANDANA","BAM747",-0.127111014322959
"Wayrarem","BAM747",-0.169068227690837
"281785","BAM759",-0.252049367445648
"282803","BAM759",0.121815284623565
"299554","BAM759",0.0519504560522381
"356457","BAM759",0.139528732056732
"376579","BAM759",-0.276601181196431
"376851","BAM759",-0.281066779639864
"377448","BAM759",0.0717402596390631
"377705","BAM759",0.159100774117546
"384190","BAM759",0.0650204940461334
"426049","BAM759",0.140945419531569
"438644","BAM759",0.0918377837565003
"ADAYSEL","BAM759",0.247447335709226
"AbhayaXDagadesi","BAM759",0.0815643320719929
"ABHISEK","BAM759",-0.262594976923549
"ABOR-A-1","BAM759",0.168683626253625
"ANJALI","BAM759",-0.256054918595153
"Annada","BAM759",-0.163799448693227
"Apo","BAM759",0.0964030666935288
"ARC10319","BAM759",0.0880001007893492
"ARC12071","BAM759",-0.294564980984813
"ARNAPURNA","BAM759",-0.348850203512556
"ASD16","BAM759",-0.269091506452375
"AUS257","BAM759",-0.2370269355826
"BAKAL","BAM759",0.479514064581304
"BAM1057","BAM759",0.329775979773615
"BAM1098","BAM759",0.488204563059473
"BAM1659","BAM759",-0.300829335454172
"BAM1689","BAM759",0.505419116156088
"BAM1708","BAM759",0.724073282765517
"BAM1812","BAM759",0.091530584373254
"BAM2096","BAM759",-0.28937359117218
"BAM2166","BAM759",0.104682415947969
"BAM247","BAM759",0.116894091032298
"BAM2574","BAM759",-0.306602195381482
"BAM2680","BAM759",-0.22438039993651
"BAM3154","BAM759",0.0990688733913174
"BAM3181","BAM759",-0.302593157958921
"BAM326","BAM759",-0.298581048302079
"BAM328","BAM759",0.0483707467983777
"BAM350","BAM759",0.266689670099108
"BAM3690","BAM759",0.171701413353958
"BAM4009","BAM759",0.431607612824671
"BAM4054","BAM759",-0.285012717564897
"BAM4138","BAM759",-0.0793274823241042
"BAM4168","BAM759",-0.156104701278324
"BAM4234","BAM759",-0.273347011917825
"BAM4254","BAM759",-0.280428426917445
"BAM4477","BAM759",0.131954886742577
"BAM4496","BAM759",0.0819050068750949
"BAM4510","BAM759",-0.0561974800984086
"BAM4521","BAM759",0.0406586148711793
"BAM4534","BAM759",0.334219175468022
"BAM4797","BAM759",-0.25007266647281
"BAM491","BAM759",0.215148128318988
"BAM4928","BAM759",0.0664971342438109
"BAM5110","BAM759",-0.270034162907874
"BAM56","BAM759",0.0437202348738302
"BAM5779","BAM759",-0.162883820136843
"BAM5850","BAM759",0.335208518211907
"BAM6921","BAM759",0.136508011622726
"BAM712","BAM759",-0.168493646731869
"BAM742","BAM759",-0.180104838851574
"BAM7429","BAM759",0.0508590966921048
"BAM7449","BAM759",0.318803961209341
"BAM747","BAM759",-0.166833111440593
"BAM759","BAM759",1.01657840854769
"BAM766","BAM759",-0.169940269851248
"BAM807","BAM759",-0.168674025179575
"BAM811","BAM759",0.122260265742666
"BAM812","BAM759",-0.248568945038455
"BAM819","BAM759",-0.223410856215079
"BAM8296","BAM759",0.132099358202507
"BAM8305","BAM759",0.179190555164775
"BAM8315","BAM759",-0.0872062049103725
"BAM8364","BAM759",0.0193159501812561
"BAMAWPYAN","BAM759",0.0322261759191426
"BENAMURI","BAM759",-0.332642513812035
"BLACKGORA","BAM759",-0.248743858640018
"CGR1656","BAM759",0.0399911636824481
"CGR1679","BAM759",-0.28988823943784
"CGR2012","BAM759",-0.277526615705302
"CO18","BAM759",-0.29697538143687
"CRDHAN-204","BAM759",-0.305290444247723
"CR143-2-2","BAM759",0.0520466691920415
"CR262-4","BAM759",0.0385045023841761
"CROSSA","BAM759",-0.292301673681819
"DULAR","BAM759",0.410689896338795
"EYPO","BAM759",0.183680597631009
"EYPO-2","BAM759",-0.211956079754985
"FULKATI","BAM759",0.275914300155799
"Ghanteswari","BAM759",0.155067650099942
"GHATIKAMMANANGARHAR","BAM759",-0.230164855257179
"GotrabiDhan","BAM759",0.123584485025168
"GP-145-37","BAM759",-0.282903397973856
"GP-145-51","BAM759",0.0941472561201475
"HARBHOONDI","BAM759",-0.296818272530014
"HongZuiEr","BAM759",0.126534483099437
"IndrabaruniDhan","BAM759",0.0513449474832127
"IR74371-54-1-1","BAM759",0.068492643586134
"IR77298-14-1-2-10","BAM759",0.0963480361850792
"IR77298-5-6-18","BAM759",0.08003024764325
"IR83383-B-B-129-4","BAM759",0.112141545322082
"IR83388-B-B108-3","BAM759",0.0777309256164543
"IR87707-445-B-B","BAM759",0.102908490888848
"IR87707-446-B-B","BAM759",0.0460993232466004
"IRROEPYO","BAM759",-0.0939812588576531
"KALINGA-1","BAM759",0.154479235500803
"KANGRO","BAM759",-0.289569722123974
"KHAODAWTAI","BAM759",-0.219715446091597
"MANDRIRAVINA","BAM759",-0.298520209806679
"MAUDAMANI","BAM759",-0.269506614102272
"MOROBEREKAN","BAM759",0.215886818242561
"MTU1010","BAM759",0.130873423570145
"MTU9","BAM759",-0.296862527962723
"NERICA-L-26","BAM759",0.0637533416820771
"NERICA-L-42","BAM759",0.0814826825246005
"NERICA-L-44","BAM759",0.0495521776219578
"PARIJAT","BAM759",0.1017053734051
"Patchaiperumal","BAM759",0.0882441212756862
"PEH-KUH-TSAO-TU","BAM759",-0.290626108014261
"PMK-2","BAM759",0.151728479431158
"PRASAD-1","BAM759",-0.236302608561793
"PUSASUGANDH5","BAM759",0.159823239660935
"PUSA1121","BAM759",0.218825885374896
"Pusa1121-SN12","BAM759",0.211091048617276
"PUSA44","BAM759",0.149095485682782
"PUSABASMATI6","BAM759",-0.168522301407543
"PUSASUGANDH2","BAM759",-0.307578317138896
"RASI","BAM759",0.115416201353
"RKVY-104","BAM759",0.411361480076237
"RKVY-143","BAM759",0.0759809390608758
"RKVY-28","BAM759",0.39605725270944
"R-RF-44","BAM759",0.0707667069894238
"RRF-78","BAM759",0.242775355206348
"Sadabahar","BAM759",-0.265731936715888
"SAFRI-17","BAM759",-0.256322354387858
"SAHBHAGIDHAN","BAM759",0.0995263922176963
"SATABHAMA","BAM759",-0.30634750736451
"SERATOES","BAM759",0.291015252550852
"SERETY","BAM759",-0.28700544932189
"SHAKU","BAM759",-0.24078443920354
"SR1-3-1","BAM759",-0.234543340069617
"SUWEON","BAM759",-0.145990338671472
"SWARNA","BAM759",0.0817165644790233
"VANAPRAVA","BAM759",0.327764327278495
"VANDANA","BAM759",0.152967280483516
"Wayrarem","BAM759",0.0922818435832408
"281785","BAM766",0.00917005930114066
"282803","BAM766",-0.363707420274829
"299554","BAM766",-0.283905348246945
"356457","BAM766",-0.32512591307025
"376579","BAM766",0.0638696658495675
"376851","BAM766",0.0499199221704091
"377448","BAM766",-0.371507911297868
"377705","BAM766",-0.327356857064118
"384190","BAM766",0.315973764256616
"426049","BAM766",-0.327853032575513
"438644","BAM766",-0.357891357592311
"ADAYSEL","BAM766",-0.173013079312722
"AbhayaXDagadesi","BAM766",-0.316644883363677
"ABHISEK","BAM766",0.0575134134452146
"ABOR-A-1","BAM766",-0.291924606095787
"ANJALI","BAM766",0.0202274123271774
"Annada","BAM766",1.9619673279506
"Apo","BAM766",-0.170610851939564
"ARC10319","BAM766",-0.286917687006408
"ARC12071","BAM766",-0.0385129444306262
"ARNAPURNA","BAM766",-0.0147645461994232
"ASD16","BAM766",0.0101694567115852
"AUS257","BAM766",0.0397319773761593
"BAKAL","BAM766",-0.0675149249884068
"BAM1057","BAM766",-0.0970907250230174
"BAM1098","BAM766",0.0691482802486798
"BAM1659","BAM766",0.0180831543677727
"BAM1689","BAM766",-0.0335248865085559
"BAM1708","BAM766",-0.072473402970961
"BAM1812","BAM766",-0.299636339664494
"BAM2096","BAM766",-0.00716250875918576
"BAM2166","BAM766",0.40521464721155
"BAM247","BAM766",-0.378825545528775
"BAM2574","BAM766",0.0110563010593032
"BAM2680","BAM766",0.0106944512078691
"BAM3154","BAM766",-0.346322522337079
"BAM3181","BAM766",0.065423207154751
"BAM326","BAM766",-0.0142894080317801
"BAM328","BAM766",-0.325060737563107
"BAM350","BAM766",-0.281105565826612
"BAM3690","BAM766",-0.330333076589962
"BAM4009","BAM766",0.0756181174856114
"BAM4054","BAM766",-0.0176225139141677
"BAM4138","BAM766",0.35962524779678
"BAM4168","BAM766",0.295083330412446
"BAM4234","BAM766",0.100502498079144
"BAM4254","BAM766",0.123063027196314
"BAM4477","BAM766",-0.342468972849067
"BAM4496","BAM766",-0.336843221560341
"BAM4510","BAM766",0.230146442732353
"BAM4521","BAM766",0.318418436603137
"BAM4534","BAM766",-0.064737044163512
"BAM4797","BAM766",0.0333419815684545
"BAM491","BAM766",-0.221430754876117
"BAM4928","BAM766",0.353821207158218
"BAM5110","BAM766",0.015261236464318
"BAM56","BAM766",0.294003825793947
"BAM5779","BAM766",0.893111861450775
"BAM5850","BAM766",-0.0565938831402256
"BAM6921","BAM766",-0.26215048548739
"BAM712","BAM766",1.94668812589597
"BAM742","BAM766",2.00583014523572
"BAM7429","BAM766",-0.3519896457551
"BAM7449","BAM766",-0.0780238864788293
"BAM747","BAM766",1.94235997228502
"BAM759","BAM766",-0.169940269851248
"BAM766","BAM766",2.06984453898662
"BAM807","BAM766",0.851664822977913
"BAM811","BAM766",-0.234470825861302
"BAM812","BAM766",0.109972510310757
"BAM819","BAM766",-0.0371032941536342
"BAM8296","BAM766",-0.30884435922639
"BAM8305","BAM766",-0.329728642167765
"BAM8315","BAM766",0.926517494314488
"BAM8364","BAM766",0.0834406495441451
"BAMAWPYAN","BAM766",0.314484173523123
"BENAMURI","BAM766",0.0239520090096359
"BLACKGORA","BAM766",0.00721366816681679
"CGR1656","BAM766",-0.30847357338107
"CGR1679","BAM766",-0.0149411694282878
"CGR2012","BAM766",0.0048605996510142
"CO18","BAM766",-0.0557447535822398
"CRDHAN-204","BAM766",0.0651693293289705
"CR143-2-2","BAM766",-0.262081657657328
"CR262-4","BAM766",-0.24691216121231
"CROSSA","BAM766",-0.0126737555797606
"DULAR","BAM766",-0.0530356644081041
"EYPO","BAM766",-0.252206868594292
"EYPO-2","BAM766",0.0507445045918508
"FULKATI","BAM766",-0.0857583813737635
"Ghanteswari","BAM766",-0.306645792303903
"GHATIKAMMANANGARHAR","BAM766",-0.0154851681209273
"GotrabiDhan","BAM766",-0.363911446728459
"GP-145-37","BAM766",-0.0146818354029513
"GP-145-51","BAM766",-0.36425334609429
"HARBHOONDI","BAM766",0.102548856226938
"HongZuiEr","BAM766",-0.277596166847815
"IndrabaruniDhan","BAM766",-0.353042008399166
"IR74371-54-1-1","BAM766",-0.259379091555565
"IR77298-14-1-2-10","BAM766",-0.337551056674975
"IR77298-5-6-18","BAM766",-0.32514377452364
"IR83383-B-B-129-4","BAM766",-0.286598463422932
"IR83388-B-B108-3","BAM766",-0.308199024722066
"IR87707-445-B-B","BAM766",-0.298694398899072
"IR87707-446-B-B","BAM766",-0.350149341888805
"IRROEPYO","BAM766",0.2061944131671
"KALINGA-1","BAM766",-0.376552812883066
"KANGRO","BAM766",-0.0426633737925906
"KHAODAWTAI","BAM766",0.0700647035464724
"MANDRIRAVINA","BAM766",-0.0559459886558409
"MAUDAMANI","BAM766",0.0550957090996545
"MOROBEREKAN","BAM766",1.18556628942862
"MTU1010","BAM766",-0.367784522725821
"MTU9","BAM766",-0.0183452357932098
"NERICA-L-26","BAM766",-0.273578379181899
"NERICA-L-42","BAM766",-0.283013416047733
"NERICA-L-44","BAM766",-0.311849216308197
"PARIJAT","BAM766",-0.332055440499528
"Patchaiperumal","BAM766",-0.378523546066135
"PEH-KUH-TSAO-TU","BAM766",-0.0414584311945998
"PMK-2","BAM766",-0.290303300426277
"PRASAD-1","BAM766",0.0309954884871734
"PUSASUGANDH5","BAM766",-0.19491923591701
"PUSA1121","BAM766",0.202465886183342
"Pusa1121-SN12","BAM766",0.177549942597938
"PUSA44","BAM766",-0.388937575004408
"PUSABASMATI6","BAM766",0.374457431016886
"PUSASUGANDH2","BAM766",-0.0101121135348624
"RASI","BAM766",-0.28196983716469
"RKVY-104","BAM766",0.0752347709676073
"RKVY-143","BAM766",-0.347184800996125
"RKVY-28","BAM766",-0.111268693260269
"R-RF-44","BAM766",-0.310367109991357
"RRF-78","BAM766",-0.291081528431772
"Sadabahar","BAM766",-0.00230846778229235
"SAFRI-17","BAM766",0.02979278209882
"SAHBHAGIDHAN","BAM766",-0.34385256180436
"SATABHAMA","BAM766",0.046645193043228
"SERATOES","BAM766",-0.0386502583628767
"SERETY","BAM766",-0.0105196518152413
"SHAKU","BAM766",0.315835832195367
"SR1-3-1","BAM766",0.0658224037537584
"SUWEON","BAM766",0.142874706405815
"SWARNA","BAM766",-0.367956736614389
"VANAPRAVA","BAM766",-0.0916157501296046
"VANDANA","BAM766",-0.122018888991943
"Wayrarem","BAM766",-0.166579057518544
"281785","BAM807",0.112638086242095
"282803","BAM807",-0.368892858553233
"299554","BAM807",-0.22126808031043
"356457","BAM807",-0.2716746983653
"376579","BAM807",0.120633399961445
"376851","BAM807",0.125073548871106
"377448","BAM807",-0.299747183951302
"377705","BAM807",-0.321425473532258
"384190","BAM807",0.38387139968804
"426049","BAM807",-0.267661117957561
"438644","BAM807",-0.352425636032513
"ADAYSEL","BAM807",-0.105711286822753
"AbhayaXDagadesi","BAM807",-0.307728137845467
"ABHISEK","BAM807",0.137835678855554
"ABOR-A-1","BAM807",-0.331083746462101
"ANJALI","BAM807",0.132411817966014
"Annada","BAM807",0.842900076086897
"Apo","BAM807",-0.18122814549939
"ARC10319","BAM807",-0.28629777371881
"ARC12071","BAM807",0.00742348742936369
"ARNAPURNA","BAM807",0.0788723221489767
"ASD16","BAM807",0.111838181946769
"AUS257","BAM807",0.220707421833945
"BAKAL","BAM807",0.024541005477556
"BAM1057","BAM807",-0.141818982988389
"BAM1098","BAM807",0.0821693068451889
"BAM1659","BAM807",0.0698987189007858
"BAM1689","BAM807",-0.0540816393555407
"BAM1708","BAM807",-0.0165929159702006
"BAM1812","BAM807",-0.299483339850283
"BAM2096","BAM807",0.0523925300126426
"BAM2166","BAM807",0.448857966510463
"BAM247","BAM807",-0.331595484446396
"BAM2574","BAM807",0.155166790612345
"BAM2680","BAM807",0.102713322659967
"BAM3154","BAM807",-0.307442000673838
"BAM3181","BAM807",0.122270541471885
"BAM326","BAM807",0.0378186297279821
"BAM328","BAM807",-0.36125092784644
"BAM350","BAM807",-0.258974373991047
"BAM3690","BAM807",-0.248475129282643
"BAM4009","BAM807",-0.0256262185388431
"BAM4054","BAM807",0.0671774036330904
"BAM4138","BAM807",0.254305692615077
"BAM4168","BAM807",0.238879890621839
"BAM4234","BAM807",0.156145164149292
"BAM4254","BAM807",0.157361450716498
"BAM4477","BAM807",-0.22228297551205
"BAM4496","BAM807",-0.326166786657142
"BAM4510","BAM807",0.23379620940183
"BAM4521","BAM807",0.386179192244718
"BAM4534","BAM807",-0.0911398038097031
"BAM4797","BAM807",0.104066743392388
"BAM491","BAM807",-0.18424926782354
"BAM4928","BAM807",0.510338230149373
"BAM5110","BAM807",0.126951654761664
"BAM56","BAM807",0.430405077560088
"BAM5779","BAM807",1.75804588874298
"BAM5850","BAM807",-0.122542957095486
"BAM6921","BAM807",-0.286372215455664
"BAM712","BAM807",0.842475291997655
"BAM742","BAM807",0.852341944055327
"BAM7429","BAM807",-0.326323877081013
"BAM7449","BAM807",-0.172377940659597
"BAM747","BAM807",0.899137751147243
"BAM759","BAM807",-0.168674025179575
"BAM766","BAM807",0.851664822977913
"BAM807","BAM807",1.83411474746339
"BAM811","BAM807",-0.188114983685898
"BAM812","BAM807",0.235088797648615
"BAM819","BAM807",0.0513223439800412
"BAM8296","BAM807",-0.249970815566813
"BAM8305","BAM807",-0.315646574904924
"BAM8315","BAM807",0.545828493654279
"BAM8364","BAM807",0.0697417233038314
"BAMAWPYAN","BAM807",0.299835456755839
"BENAMURI","BAM807",0.0876174457078526
"BLACKGORA","BAM807",0.0817210123961359
"CGR1656","BAM807",-0.307528563647473
"CGR1679","BAM807",0.0649341882532891
"CGR2012","BAM807",0.112105955136094
"CO18","BAM807",0.0389685000884066
"CRDHAN-204","BAM807",0.155074546958696
"CR143-2-2","BAM807",-0.138118934668875
"CR262-4","BAM807",-0.127813018183566
"CROSSA","BAM807",0.0750173052017582
"DULAR","BAM807",-0.0391745879909475
"EYPO","BAM807",-0.258617695068511
"EYPO-2","BAM807",0.0754791775299387
"FULKATI","BAM807",-0.151420681469639
"Ghanteswari","BAM807",-0.337200723368737
"GHATIKAMMANANGARHAR","BAM807",0.0761819516194208
"GotrabiDhan","BAM807",-0.34244238790305
"GP-145-37","BAM807",0.107938595415969
"GP-145-51","BAM807",-0.339713844354817
"HARBHOONDI","BAM807",0.17267898590676
"HongZuiEr","BAM807",-0.285529735297446
"IndrabaruniDhan","BAM807",-0.278012658709494
"IR74371-54-1-1","BAM807",-0.168990008023643
"IR77298-14-1-2-10","BAM807",-0.2912948522925
"IR77298-5-6-18","BAM807",-0.277378431404701
"IR83383-B-B-129-4","BAM807",-0.28062013532365
"IR83388-B-B108-3","BAM807",-0.296222753315833
"IR87707-445-B-B","BAM807",-0.314963605176945
"IR87707-446-B-B","BAM807",-0.239108936447879
"IRROEPYO","BAM807",0.204898307829519
"KALINGA-1","BAM807",-0.384943928009723
"KANGRO","BAM807",0.0123304008881216
"KHAODAWTAI","BAM807",0.0664228496495967
"MANDRIRAVINA","BAM807",0.0165728153118027
"MAUDAMANI","BAM807",0.109273019604675
"MOROBEREKAN","BAM807",0.547310015906181
"MTU1010","BAM807",-0.315448113473519
"MTU9","BAM807",0.0255199118169241
"NERICA-L-26","BAM807",-0.17352936632831
"NERICA-L-42","BAM807",-0.172518117197124
"NERICA-L-44","BAM807",-0.314631869679796
"PARIJAT","BAM807",-0.266735822089878
"Patchaiperumal","BAM807",-0.2855542152535
"PEH-KUH-TSAO-TU","BAM807",0.0160814590906814
"PMK-2","BAM807",-0.32700070285399
"PRASAD-1","BAM807",0.0722334892138805
"PUSASUGANDH5","BAM807",-0.252510819449826
"PUSA1121","BAM807",-0.0632101021480617
"Pusa1121-SN12","BAM807",-0.0780841973721444
"PUSA44","BAM807",-0.297525225739623
"PUSABASMATI6","BAM807",0.279576814174632
"PUSASUGANDH2","BAM807",0.104020938491817
"RASI","BAM807",-0.268657520119916
"RKVY-104","BAM807",0.0169744192654038
"RKVY-143","BAM807",-0.321702458964624
"RKVY-28","BAM807",-0.105981700464144
"R-RF-44","BAM807",-0.308909220542827
"RRF-78","BAM807",-0.273651327452497
"Sadabahar","BAM807",0.0580123892543317
"SAFRI-17","BAM807",0.0970107846557398
"SAHBHAGIDHAN","BAM807",-0.267003713934668
"SATABHAMA","BAM807",0.211603544415904
"SERATOES","BAM807",-0.163991972037445
"SERETY","BAM807",0.0272694228657926
"SHAKU","BAM807",0.337748871794217
"SR1-3-1","BAM807",0.120455054814058
"SUWEON","BAM807",0.20328825629774
"SWARNA","BAM807",-0.310939487156599
"VANAPRAVA","BAM807",-0.139617587682058
"VANDANA","BAM807",-0.116569213171087
"Wayrarem","BAM807",-0.179840539817438
"281785","BAM811",-0.209620340028592
"282803","BAM811",0.167038737482644
"299554","BAM811",0.222564933616784
"356457","BAM811",0.161462271027192
"376579","BAM811",-0.0891984533935796
"376851","BAM811",-0.129387351202012
"377448","BAM811",0.181935285369377
"377705","BAM811",0.235774171004798
"384190","BAM811",-0.26873343443558
"426049","BAM811",0.156660702061307
"438644","BAM811",0.151519525965022
"ADAYSEL","BAM811",0.0987441725731626
"AbhayaXDagadesi","BAM811",0.161442551488167
"ABHISEK","BAM811",-0.163125126576215
"ABOR-A-1","BAM811",0.187020059492972
"ANJALI","BAM811",-0.182438344663797
"Annada","BAM811",-0.242737534730617
"Apo","BAM811",0.150750729489136
"ARC10319","BAM811",0.150225829918906
"ARC12071","BAM811",-0.287754053510303
"ARNAPURNA","BAM811",-0.144804415361207
"ASD16","BAM811",-0.129148146060955
"AUS257","BAM811",-0.183816202383871
"BAKAL","BAM811",0.0943934549995119
"BAM1057","BAM811",-0.00117311343333172
"BAM1098","BAM811",0.112057389528826
"BAM1659","BAM811",-0.121744303759108
"BAM1689","BAM811",0.0768434976962046
"BAM1708","BAM811",0.0953838115534168
"BAM1812","BAM811",0.252405182653151
"BAM2096","BAM811",-0.154794696322314
"BAM2166","BAM811",-0.220108999511139
"BAM247","BAM811",0.220147251213567
"BAM2574","BAM811",-0.155548795036886
"BAM2680","BAM811",-0.16068150335503
"BAM3154","BAM811",0.244976598024504
"BAM3181","BAM811",-0.1557458514461
"BAM326","BAM811",-0.205600790952959
"BAM328","BAM811",0.179592314840148
"BAM350","BAM811",0.145990310626635
"BAM3690","BAM811",0.165081374983062
"BAM4009","BAM811",0.0204329092486212
"BAM4054","BAM811",-0.196154790284958
"BAM4138","BAM811",-0.372216008451679
"BAM4168","BAM811",-0.222083291145154
"BAM4234","BAM811",-0.173697276220134
"BAM4254","BAM811",-0.174232628991082
"BAM4477","BAM811",0.176450066329789
"BAM4496","BAM811",0.246976324897377
"BAM4510","BAM811",-0.344265581288672
"BAM4521","BAM811",-0.299356406027503
"BAM4534","BAM811",0.0287242754127505
"BAM4797","BAM811",-0.101000001455899
"BAM491","BAM811",0.147628574824518
"BAM4928","BAM811",-0.259535392049765
"BAM5110","BAM811",-0.189674550858469
"BAM56","BAM811",-0.250030491206719
"BAM5779","BAM811",-0.189124370678929
"BAM5850","BAM811",0.0259509036399172
"BAM6921","BAM811",0.184010623752565
"BAM712","BAM811",-0.235617542678964
"BAM742","BAM811",-0.233582924520098
"BAM7429","BAM811",0.212465743501312
"BAM7449","BAM811",-0.018533195356233
"BAM747","BAM811",-0.231073963264676
"BAM759","BAM811",0.122260265742666
"BAM766","BAM811",-0.234470825861302
"BAM807","BAM811",-0.188114983685898
"BAM811","BAM811",1.50678720424782
"BAM812","BAM811",1.00029314681984
"BAM819","BAM811",-0.180474850750678
"BAM8296","BAM811",0.18479526983123
"BAM8305","BAM811",0.152377287212808
"BAM8315","BAM811",-0.281203377736886
"BAM8364","BAM811",-0.20841402747273
"BAMAWPYAN","BAM811",-0.334975895477053
"BENAMURI","BAM811",-0.1189676083745
"BLACKGORA","BAM811",-0.144119856174492
"CGR1656","BAM811",0.262426840765411
"CGR1679","BAM811",-0.194218653046227
"CGR2012","BAM811",-0.164463442277162
"CO18","BAM811",-0.291103117429492
"CRDHAN-204","BAM811",-0.148714836623536
"CR143-2-2","BAM811",0.121099137043841
"CR262-4","BAM811",0.110208821039328
"CROSSA","BAM811",-0.156119438009284
"DULAR","BAM811",0.0506562331843366
"EYPO","BAM811",0.127078473637726
"EYPO-2","BAM811",-0.170122195752455
"FULKATI","BAM811",0.0709123636652834
"Ghanteswari","BAM811",0.191320724998882
"GHATIKAMMANANGARHAR","BAM811",-0.154998900136511
"GotrabiDhan","BAM811",0.193425597025594
"GP-145-37","BAM811",-0.113068218072012
"GP-145-51","BAM811",0.193734464940834
"HARBHOONDI","BAM811",-0.233482402300779
"HongZuiEr","BAM811",0.158505055382873
"IndrabaruniDhan","BAM811",0.184425385846053
"IR74371-54-1-1","BAM811",0.147769500519098
"IR77298-14-1-2-10","BAM811",0.241011478818037
"IR77298-5-6-18","BAM811",0.148402637444257
"IR83383-B-B-129-4","BAM811",0.154105308020552
"IR83388-B-B108-3","BAM811",0.211189369445011
"IR87707-445-B-B","BAM811",0.155271261661346
"IR87707-446-B-B","BAM811",0.151148376322304
"IRROEPYO","BAM811",-0.311631927779849
"KALINGA-1","BAM811",0.143986606867068
"KANGRO","BAM811",-0.297324318936567
"KHAODAWTAI","BAM811",-0.113943154937258
"MANDRIRAVINA","BAM811",-0.285676463995118
"MAUDAMANI","BAM811",-0.0877641928088163
"MOROBEREKAN","BAM811",0.127054185874038
"MTU1010","BAM811",0.123802421947005
"MTU9","BAM811",-0.301451542248856
"NERICA-L-26","BAM811",0.158707999272959
"NERICA-L-42","BAM811",0.17287592210442
"NERICA-L-44","BAM811",0.0730905136633089
"PARIJAT","BAM811",0.282111853195648
"Patchaiperumal","BAM811",0.139589355609364
"PEH-KUH-TSAO-TU","BAM811",-0.29202776379512
"PMK-2","BAM811",0.190465140882521
"PRASAD-1","BAM811",-0.196888578995145
"PUSASUGANDH5","BAM811",0.150752600902387
"PUSA1121","BAM811",0.0744612335753908
"Pusa1121-SN12","BAM811",0.076235458592489
"PUSA44","BAM811",0.165721091369018
"PUSABASMATI6","BAM811",-0.256178133259282
"PUSASUGANDH2","BAM811",-0.171698762690879
"RASI","BAM811",0.211409493948904
"RKVY-104","BAM811",-0.00431973531484298
"RKVY-143","BAM811",0.125337881072574
"RKVY-28","BAM811",0.0566165982590727
"R-RF-44","BAM811",0.159531269003256
"RRF-78","BAM811",0.070791008979936
"Sadabahar","BAM811",-0.197027351056959
"SAFRI-17","BAM811",-0.214437986518621
"SAHBHAGIDHAN","BAM811",0.27105082534984
"SATABHAMA","BAM811",-0.231075635874936
"SERATOES","BAM811",0.00348270408262873
"SERETY","BAM811",-0.301238215108694
"SHAKU","BAM811",-0.157137841144838
"SR1-3-1","BAM811",-0.151694710425704
"SUWEON","BAM811",-0.196159123406471
"SWARNA","BAM811",0.237515383924887
"VANAPRAVA","BAM811",-0.00146034122010833
"VANDANA","BAM811",0.0756759943206147
"Wayrarem","BAM811",0.15845150039392
"281785","BAM812",0.231630104112882
"282803","BAM812",-0.211540637150402
"299554","BAM812",-0.164321995558342
"356457","BAM812",-0.203058101168948
"376579","BAM812",0.349183092353061
"376851","BAM812",0.299078871389587
"377448","BAM812",-0.207805518732505
"377705","BAM812",-0.143335678785443
"384190","BAM812",0.144094510287071
"426049","BAM812",-0.201077787759778
"438644","BAM812",-0.203745346033852
"ADAYSEL","BAM812",-0.241736852331313
"AbhayaXDagadesi","BAM812",-0.185875144659545
"ABHISEK","BAM812",0.252348848214863
"ABOR-A-1","BAM812",-0.177320584888862
"ANJALI","BAM812",0.246937268142463
"Annada","BAM812",0.0918711796956786
"Apo","BAM812",-0.20836915061148
"ARC10319","BAM812",-0.235749018221591
"ARC12071","BAM812",0.141761618387987
"ARNAPURNA","BAM812",0.281240152030402
"ASD16","BAM812",0.309269717771928
"AUS257","BAM812",0.246063833599893
"BAKAL","BAM812",-0.233715067167793
"BAM1057","BAM812",-0.333087100024735
"BAM1098","BAM812",-0.215024469912724
"BAM1659","BAM812",0.301484256403932
"BAM1689","BAM812",-0.262525996599141
"BAM1708","BAM812",-0.248278076786526
"BAM1812","BAM812",-0.135832100542238
"BAM2096","BAM812",0.271737913419926
"BAM2166","BAM812",0.182028808607475
"BAM247","BAM812",-0.142472901141787
"BAM2574","BAM812",0.260325840934577
"BAM2680","BAM812",0.290083786689612
"BAM3154","BAM812",-0.148319420489305
"BAM3181","BAM812",0.283249252407803
"BAM326","BAM812",0.200776386918335
"BAM328","BAM812",-0.17822931558903
"BAM350","BAM812",-0.235817100046776
"BAM3690","BAM812",-0.222479041076844
"BAM4009","BAM812",-0.297464590659541
"BAM4054","BAM812",0.22722517624721
"BAM4138","BAM812",0.0528705014104505
"BAM4168","BAM812",0.206498911538147
"BAM4234","BAM812",0.247360824609372
"BAM4254","BAM812",0.266194860619561
"BAM4477","BAM812",-0.201792374271433
"BAM4496","BAM812",-0.138450302463419
"BAM4510","BAM812",0.0485592767361622
"BAM4521","BAM812",0.130132984857073
"BAM4534","BAM812",-0.30418799269001
"BAM4797","BAM812",0.324394691539792
"BAM491","BAM812",-0.211683960113144
"BAM4928","BAM812",0.155091268784803
"BAM5110","BAM812",0.226959699188108
"BAM56","BAM812",0.168692867279106
"BAM5779","BAM812",0.239572613638862
"BAM5850","BAM812",-0.299102003349588
"BAM6921","BAM812",-0.183881760950954
"BAM712","BAM812",0.107242864996944
"BAM742","BAM812",0.0906854753323566
"BAM7429","BAM812",-0.142715020006795
"BAM7449","BAM812",-0.350460519750484
"BAM747","BAM812",0.124511975668095
"BAM759","BAM812",-0.248568945038455
"BAM766","BAM812",0.109972510310757
"BAM807","BAM812",0.235088797648615
"BAM811","BAM812",1.00029314681984
"BAM812","BAM812",1.494793258606
"BAM819","BAM812",0.249628337490162
"BAM8296","BAM812",-0.186474243639587
"BAM8305","BAM812",-0.203609336753516
"BAM8315","BAM812",0.0873950275164321
"BAM8364","BAM812",0.228058761073642
"BAMAWPYAN","BAM812",0.0823243405006072
"BENAMURI","BAM812",0.304684868700101
"BLACKGORA","BAM812",0.278987488362678
"CGR1656","BAM812",-0.123559733934299
"CGR1679","BAM812",0.23592668521286
"CGR2012","BAM812",0.258532988419399
"CO18","BAM812",0.140559777045989
"CRDHAN-204","BAM812",0.266841296723488
"CR143-2-2","BAM812",-0.250355140176244
"CR262-4","BAM812",-0.23685409142747
"CROSSA","BAM812",0.256158892511896
"DULAR","BAM812",-0.281794675410383
"EYPO","BAM812",-0.251312138650601
"EYPO-2","BAM812",0.250575356351322
"FULKATI","BAM812",-0.273567571482841
"Ghanteswari","BAM812",-0.146778674600257
"GHATIKAMMANANGARHAR","BAM812",0.270386073805354
"GotrabiDhan","BAM812",-0.155306067071754
"GP-145-37","BAM812",0.317656735598538
"GP-145-51","BAM812",-0.192847891816244
"HARBHOONDI","BAM812",0.200495595533174
"HongZuiEr","BAM812",-0.205464617812009
"IndrabaruniDhan","BAM812",-0.167041231663678
"IR74371-54-1-1","BAM812",-0.213791207754757
"IR77298-14-1-2-10","BAM812",-0.15359472860591
"IR77298-5-6-18","BAM812",-0.212712240750749
"IR83383-B-B-129-4","BAM812",-0.21140261777155
"IR83388-B-B108-3","BAM812",-0.182528876936018
"IR87707-445-B-B","BAM812",-0.221785912722825
"IR87707-446-B-B","BAM812",-0.247047643278482
"IRROEPYO","BAM812",0.107583488904879
"KALINGA-1","BAM812",-0.204849359529466
"KANGRO","BAM812",0.136450972280436
"KHAODAWTAI","BAM812",0.320606946527272
"MANDRIRAVINA","BAM812",0.145007162515289
"MAUDAMANI","BAM812",0.361098673137211
"MOROBEREKAN","BAM812",-0.246851897728565
"MTU1010","BAM812",-0.222093681337472
"MTU9","BAM812",0.150365630731791
"NERICA-L-26","BAM812",-0.201335627857546
"NERICA-L-42","BAM812",-0.207522979625202
"NERICA-L-44","BAM812",-0.280888593519744
"PARIJAT","BAM812",-0.0813828794760447
"Patchaiperumal","BAM812",-0.217758578429639
"PEH-KUH-TSAO-TU","BAM812",0.139359850499966
"PMK-2","BAM812",-0.167435189697478
"PRASAD-1","BAM812",0.225657878091729
"PUSASUGANDH5","BAM812",-0.217734622194208
"PUSA1121","BAM812",-0.267347375055751
"Pusa1121-SN12","BAM812",-0.285919249089802
"PUSA44","BAM812",-0.197869643425428
"PUSABASMATI6","BAM812",0.138356581681703
"PUSASUGANDH2","BAM812",0.25978797131919
"RASI","BAM812",-0.155389155493873
"RKVY-104","BAM812",-0.340524206225781
"RKVY-143","BAM812",-0.238797478562386
"RKVY-28","BAM812",-0.317598984806226
"R-RF-44","BAM812",-0.20242457487393
"RRF-78","BAM812",-0.282308389185068
"Sadabahar","BAM812",0.230680294707159
"SAFRI-17","BAM812",0.206954314949926
"SAHBHAGIDHAN","BAM812",-0.0792044122915355
"SATABHAMA","BAM812",0.19986258553588
"SERATOES","BAM812",-0.333164486487523
"SERETY","BAM812",0.136993953606075
"SHAKU","BAM812",0.270894275633399
"SR1-3-1","BAM812",0.277111614114825
"SUWEON","BAM812",0.234825528805238
"SWARNA","BAM812",-0.132644706560132
"VANAPRAVA","BAM812",-0.329297143434679
"VANDANA","BAM812",-0.273589478411256
"Wayrarem","BAM812",-0.214003514094999
"281785","BAM819",0.462550622712606
"282803","BAM819",-0.0064815526229077
"299554","BAM819",-0.177246310462427
"356457","BAM819",-0.0877396299049519
"376579","BAM819",0.241689907441783
"376851","BAM819",0.166358523013913
"377448","BAM819",-0.177816317244442
"377705","BAM819",0.235776060660966
"384190","BAM819",-0.00592763772823761
"426049","BAM819",-0.0849553285219981
"438644","BAM819",-0.00219906981515195
"ADAYSEL","BAM819",-0.273056899725565
"AbhayaXDagadesi","BAM819",-0.0833652059244099
"ABHISEK","BAM819",0.259239681911809
"ABOR-A-1","BAM819",-0.115988040913516
"ANJALI","BAM819",0.303619767356638
"Annada","BAM819",-0.0212138208507725
"Apo","BAM819",-0.187327531088918
"ARC10319","BAM819",-0.254838917207939
"ARC12071","BAM819",0.201283768115081
"ARNAPURNA","BAM819",0.214105642061827
"ASD16","BAM819",0.403643423207398
"AUS257","BAM819",0.268826773232295
"BAKAL","BAM819",-0.370098966679748
"BAM1057","BAM819",-0.383844528107418
"BAM1098","BAM819",-0.366494829655184
"BAM1659","BAM819",0.227995540998027
"BAM1689","BAM819",-0.367634612969859
"BAM1708","BAM819",-0.355695439689756
"BAM1812","BAM819",-0.195991077621592
"BAM2096","BAM819",0.128862613475023
"BAM2166","BAM819",0.028748858969854
"BAM247","BAM819",-0.0114918461015225
"BAM2574","BAM819",0.233489552684974
"BAM2680","BAM819",0.684308535125962
"BAM3154","BAM819",-0.177824448195154
"BAM3181","BAM819",0.24709114796919
"BAM326","BAM819",0.208605334901251
"BAM328","BAM819",-0.242622809113666
"BAM350","BAM819",-0.302734127001507
"BAM3690","BAM819",0.163578062026908
"BAM4009","BAM819",-0.385500513061291
"BAM4054","BAM819",0.319265152860679
"BAM4138","BAM819",0.0284072689081253
"BAM4168","BAM819",0.114245716034489
"BAM4234","BAM819",0.307295214438586
"BAM4254","BAM819",0.305313897427863
"BAM4477","BAM819",0.182013573703594
"BAM4496","BAM819",-0.18251870623848
"BAM4510","BAM819",0.024080269373008
"BAM4521","BAM819",-0.0191607250143145
"BAM4534","BAM819",-0.339680249379502
"BAM4797","BAM819",0.21801457078446
"BAM491","BAM819",-0.278946380896968
"BAM4928","BAM819",0.068226718043985
"BAM5110","BAM819",0.236867431443805
"BAM56","BAM819",0.0109841676179873
"BAM5779","BAM819",0.044988028403333
"BAM5850","BAM819",-0.371209449236963
"BAM6921","BAM819",-0.141201813776909
"BAM712","BAM819",-0.0221547645098266
"BAM742","BAM819",-0.0369694619703045
"BAM7429","BAM819",-0.185006184808439
"BAM7449","BAM819",-0.373979412780684
"BAM747","BAM819",-0.025484953513353
"BAM759","BAM819",-0.223410856215079
"BAM766","BAM819",-0.0371032941536342
"BAM807","BAM819",0.0513223439800412
"BAM811","BAM819",-0.180474850750678
"BAM812","BAM819",0.249628337490162
"BAM819","BAM819",1.30177942626233
"BAM8296","BAM819",-0.0758763569478926
"BAM8305","BAM819",-0.0519703610058847
"BAM8315","BAM819",0.0041213240169918
"BAM8364","BAM819",0.304139849138646
"BAMAWPYAN","BAM819",-0.00898836341415786
"BENAMURI","BAM819",0.223181771228884
"BLACKGORA","BAM819",0.367720049384616
"CGR1656","BAM819",-0.198853819145696
"CGR1679","BAM819",0.270525121181615
"CGR2012","BAM819",0.184586113815721
"CO18","BAM819",0.232098355696131
"CRDHAN-204","BAM819",0.265511010334157
"CR143-2-2","BAM819",-0.257809706321012
"CR262-4","BAM819",-0.248309960113147
"CROSSA","BAM819",0.196466488318884
"DULAR","BAM819",-0.351109122629883
"EYPO","BAM819",-0.182979264981258
"EYPO-2","BAM819",0.305162843639077
"FULKATI","BAM819",-0.337635295819237
"Ghanteswari","BAM819",-0.112884410173706
"GHATIKAMMANANGARHAR","BAM819",0.309670540491909
"GotrabiDhan","BAM819",0.000416979132191107
"GP-145-37","BAM819",0.23018957467097
"GP-145-51","BAM819",-0.159464422522461
"HARBHOONDI","BAM819",0.237668029303981
"HongZuiEr","BAM819",0.0691869055484307
"IndrabaruniDhan","BAM819",-0.110508989289681
"IR74371-54-1-1","BAM819",-0.234460687702768
"IR77298-14-1-2-10","BAM819",-0.226607058536714
"IR77298-5-6-18","BAM819",-0.141600613216999
"IR83383-B-B-129-4","BAM819",-0.123169895284069
"IR83388-B-B108-3","BAM819",-0.198279290490159
"IR87707-445-B-B","BAM819",-0.15846587197355
"IR87707-446-B-B","BAM819",-0.173396844946041
"IRROEPYO","BAM819",0.0896036428808894
"KALINGA-1","BAM819",-0.11886145195497
"KANGRO","BAM819",0.206490857395605
"KHAODAWTAI","BAM819",0.366628183354742
"MANDRIRAVINA","BAM819",0.230480935195849
"MAUDAMANI","BAM819",0.331634864544581
"MOROBEREKAN","BAM819",-0.339855809734048
"MTU1010","BAM819",-0.0729888109040782
"MTU9","BAM819",0.21847691437041
"NERICA-L-26","BAM819",-0.21132891685079
"NERICA-L-42","BAM819",-0.218140317879617
"NERICA-L-44","BAM819",-0.174345461874018
"PARIJAT","BAM819",0.0203565593668494
"Patchaiperumal","BAM819",-0.206361235874866
"PEH-KUH-TSAO-TU","BAM819",0.206105440946049
"PMK-2","BAM819",-0.114236088333474
"PRASAD-1","BAM819",0.316297199363649
"PUSASUGANDH5","BAM819",-0.149850812654372
"PUSA1121","BAM819",-0.291218365407262
"Pusa1121-SN12","BAM819",-0.293212809063965
"PUSA44","BAM819",0.00806330515249933
"PUSABASMATI6","BAM819",0.193177000122837
"PUSASUGANDH2","BAM819",0.297481145925494
"RASI","BAM819",-0.175222862133304
"RKVY-104","BAM819",-0.414948243617594
"RKVY-143","BAM819",-0.192863546080536
"RKVY-28","BAM819",-0.384095101216658
"R-RF-44","BAM819",-0.0961031356830334
"RRF-78","BAM819",-0.29306953662828
"Sadabahar","BAM819",0.180977618458894
"SAFRI-17","BAM819",0.285564368120657
"SAHBHAGIDHAN","BAM819",0.0147795559250611
"SATABHAMA","BAM819",0.216738366341213
"SERATOES","BAM819",-0.378646557735049
"SERETY","BAM819",0.216864853499314
"SHAKU","BAM819",0.227613924468391
"SR1-3-1","BAM819",0.315131255590087
"SUWEON","BAM819",0.225249372577545
"SWARNA","BAM819",-0.214872518056491
"VANAPRAVA","BAM819",-0.386312471790674
"VANDANA","BAM819",-0.33031814209093
"Wayrarem","BAM819",-0.197255454427669
"281785","BAM8296",-0.134358169583437
"282803","BAM8296",0.314666298311563
"299554","BAM8296",0.271313930538541
"356457","BAM8296",0.233766440654342
"376579","BAM8296",-0.266164439956155
"376851","BAM8296",-0.271657842361059
"377448","BAM8296",0.110958934224736
"377705","BAM8296",0.256737553353198
"384190","BAM8296",-0.375590820425729
"426049","BAM8296",0.23543643798019
"438644","BAM8296",0.294406492165687
"ADAYSEL","BAM8296",0.0809540797812336
"AbhayaXDagadesi","BAM8296",0.30737984797582
"ABHISEK","BAM8296",-0.150236855180291
"ABOR-A-1","BAM8296",0.222045124099023
"ANJALI","BAM8296",-0.116638061052192
"Annada","BAM8296",-0.308427449447676
"Apo","BAM8296",0.192073401517345
"ARC10319","BAM8296",0.136663242374904
"ARC12071","BAM8296",-0.301711059733647
"ARNAPURNA","BAM8296",-0.241218450715715
"ASD16","BAM8296",-0.0331979409662509
"AUS257","BAM8296",-0.0963064902860413
"BAKAL","BAM8296",-0.0290915002267856
"BAM1057","BAM8296",-0.0864366753951633
"BAM1098","BAM8296",-0.0706336115746168
"BAM1659","BAM8296",-0.182851321223303
"BAM1689","BAM8296",-0.0570981581395404
"BAM1708","BAM8296",-0.0095747511472588
"BAM1812","BAM8296",0.0905693794443498
"BAM2096","BAM8296",-0.262593448241346
"BAM2166","BAM8296",-0.373794658686669
"BAM247","BAM8296",0.207525539603374
"BAM2574","BAM8296",-0.222112166535562
"BAM2680","BAM8296",-0.103585409150471
"BAM3154","BAM8296",0.221053206420869
"BAM3181","BAM8296",-0.291875496094697
"BAM326","BAM8296",-0.245462175053826
"BAM328","BAM8296",0.101175651319122
"BAM350","BAM8296",0.0170746821750446
"BAM3690","BAM8296",0.206282149168758
"BAM4009","BAM8296",-0.0752856602767061
"BAM4054","BAM8296",-0.0601418653137442
"BAM4138","BAM8296",-0.457498730532438
"BAM4168","BAM8296",-0.299850300328863
"BAM4234","BAM8296",-0.106697235781774
"BAM4254","BAM8296",-0.123986783460877
"BAM4477","BAM8296",0.164049557294749
"BAM4496","BAM8296",0.159239525529605
"BAM4510","BAM8296",-0.43575922698663
"BAM4521","BAM8296",-0.393473980147337
"BAM4534","BAM8296",-0.076837831247284
"BAM4797","BAM8296",-0.26151010691945
"BAM491","BAM8296",0.0410522904575991
"BAM4928","BAM8296",-0.334988804086002
"BAM5110","BAM8296",-0.0376540605543901
"BAM56","BAM8296",-0.399993160009384
"BAM5779","BAM8296",-0.259230879859624
"BAM5850","BAM8296",-0.0837216381649893
"BAM6921","BAM8296",0.321859255570492
"BAM712","BAM8296",-0.307950815281039
"BAM742","BAM8296",-0.300880841867185
"BAM7429","BAM8296",0.0877735499363821
"BAM7449","BAM8296",-0.0891424206686362
"BAM747","BAM8296",-0.316468205021369
"BAM759","BAM8296",0.132099358202507
"BAM766","BAM8296",-0.30884435922639
"BAM807","BAM8296",-0.249970815566813
"BAM811","BAM8296",0.18479526983123
"BAM812","BAM8296",-0.186474243639587
"BAM819","BAM8296",-0.0758763569478926
"BAM8296","BAM8296",1.20928355311768
"BAM8305","BAM8296",0.349715960962409
"BAM8315","BAM8296",-0.358114787097184
"BAM8364","BAM8296",-0.0581564171177582
"BAMAWPYAN","BAM8296",-0.413631087542015
"BENAMURI","BAM8296",-0.270133378686761
"BLACKGORA","BAM8296",-0.00232697180232918
"CGR1656","BAM8296",0.0954246067936885
"CGR1679","BAM8296",-0.259906403749809
"CGR2012","BAM8296",-0.261097360396242
"CO18","BAM8296",-0.289391637911815
"CRDHAN-204","BAM8296",-0.14598705969808
"CR143-2-2","BAM8296",0.314959269872079
"CR262-4","BAM8296",0.310397057317095
"CROSSA","BAM8296",-0.255547279360525
"DULAR","BAM8296",-0.0591637825206138
"EYPO","BAM8296",0.132771073621945
"EYPO-2","BAM8296",-0.147369558033193
"FULKATI","BAM8296",-0.0810766026508982
"Ghanteswari","BAM8296",0.271950058523387
"GHATIKAMMANANGARHAR","BAM8296",-0.00665608926451112
"GotrabiDhan","BAM8296",0.246240375582485
"GP-145-37","BAM8296",-0.248772122004942
"GP-145-51","BAM8296",0.0976762356788799
"HARBHOONDI","BAM8296",-0.105377246608639
"HongZuiEr","BAM8296",0.206261823703805
"IndrabaruniDhan","BAM8296",0.285917715856273
"IR74371-54-1-1","BAM8296",0.313548691779848
"IR77298-14-1-2-10","BAM8296",0.365676686108315
"IR77298-5-6-18","BAM8296",0.325248801517465
"IR83383-B-B-129-4","BAM8296",0.355559280078515
"IR83388-B-B108-3","BAM8296",0.37934271738912
"IR87707-445-B-B","BAM8296",0.341266192687376
"IR87707-446-B-B","BAM8296",0.338357042004409
"IRROEPYO","BAM8296",-0.361905553699225
"KALINGA-1","BAM8296",0.292330482935722
"KANGRO","BAM8296",-0.28941732881542
"KHAODAWTAI","BAM8296",-0.130981831049534
"MANDRIRAVINA","BAM8296",-0.296590942890585
"MAUDAMANI","BAM8296",-0.11416777858709
"MOROBEREKAN","BAM8296",0.0448852566993078
"MTU1010","BAM8296",0.334162507281406
"MTU9","BAM8296",-0.303408694743892
"NERICA-L-26","BAM8296",0.391707415268102
"NERICA-L-42","BAM8296",0.382107384049545
"NERICA-L-44","BAM8296",0.376379598010325
"PARIJAT","BAM8296",0.331310617929114
"Patchaiperumal","BAM8296",0.12750223584747
"PEH-KUH-TSAO-TU","BAM8296",-0.29415860553639
"PMK-2","BAM8296",0.221261518469953
"PRASAD-1","BAM8296",-0.0393984173627309
"PUSASUGANDH5","BAM8296",0.319908370310461
"PUSA1121","BAM8296",0.108829056886262
"Pusa1121-SN12","BAM8296",0.109287004654739
"PUSA44","BAM8296",0.524868077693073
"PUSABASMATI6","BAM8296",-0.145770384486531
"PUSASUGANDH2","BAM8296",-0.0952388774980168
"RASI","BAM8296",0.183264194813826
"RKVY-104","BAM8296",-0.0736979909240643
"RKVY-143","BAM8296",0.101304422057711
"RKVY-28","BAM8296",-0.0873390571832628
"R-RF-44","BAM8296",0.336848531328305
"RRF-78","BAM8296",0.219366179245348
"Sadabahar","BAM8296",-0.257054187713322
"SAFRI-17","BAM8296",-0.00245631649620313
"SAHBHAGIDHAN","BAM8296",0.329391032354483
"SATABHAMA","BAM8296",-0.0328959324112092
"SERATOES","BAM8296",-0.117978920320616
"SERETY","BAM8296",-0.268210007505043
"SHAKU","BAM8296",-0.188772897572082
"SR1-3-1","BAM8296",-0.00692868654130673
"SUWEON","BAM8296",-0.242641516027544
"SWARNA","BAM8296",0.277556078063839
"VANAPRAVA","BAM8296",-0.080441528775735
"VANDANA","BAM8296",0.0412551669224338
"Wayrarem","BAM8296",0.213494370564844
"281785","BAM8305",0.208305176501494
"282803","BAM8305",0.573387181242553
"299554","BAM8305",0.270597532654753
"356457","BAM8305",0.373844890567406
"376579","BAM8305",-0.32970216541874
"376851","BAM8305",-0.300778825892374
"377448","BAM8305",0.127728747444941
"377705","BAM8305",0.237922225149854
"384190","BAM8305",-0.401110625008738
"426049","BAM8305",0.373350858717946
"438644","BAM8305",0.558891774088155
"ADAYSEL","BAM8305",0.0867215248857166
"AbhayaXDagadesi","BAM8305",0.383987989976609
"ABHISEK","BAM8305",-0.0819006173060676
"ABOR-A-1","BAM8305",0.223642272494459
"ANJALI","BAM8305",-0.0297000372933693
"Annada","BAM8305",-0.32375342684015
"Apo","BAM8305",0.163018286614718
"ARC10319","BAM8305",0.125493228852249
"ARC12071","BAM8305",-0.179255066805795
"ARNAPURNA","BAM8305",-0.221160749539879
"ASD16","BAM8305",-0.100075871440097
"AUS257","BAM8305",-0.202869255435105
"BAKAL","BAM8305",-0.0166925878114337
"BAM1057","BAM8305",-0.0970271926912865
"BAM1098","BAM8305",-0.0597367159256008
"BAM1659","BAM8305",-0.184724114370702
"BAM1689","BAM8305",-0.0345740050204435
"BAM1708","BAM8305",-0.0247855527237617
"BAM1812","BAM8305",0.0841477483309456
"BAM2096","BAM8305",-0.292717066390518
"BAM2166","BAM8305",-0.397033837345388
"BAM247","BAM8305",0.307091125545658
"BAM2574","BAM8305",-0.298191794191147
"BAM2680","BAM8305",-0.115717937068844
"BAM3154","BAM8305",0.108902179844512
"BAM3181","BAM8305",-0.276878080061329
"BAM326","BAM8305",-0.279455530491991
"BAM328","BAM8305",0.0607363239829647
"BAM350","BAM8305",0.0262373958601089
"BAM3690","BAM8305",0.211107461140904
"BAM4009","BAM8305",-0.0764352182664284
"BAM4054","BAM8305",-0.0548909656104595
"BAM4138","BAM8305",-0.405365112904245
"BAM4168","BAM8305",-0.288185175434309
"BAM4234","BAM8305",-0.0908128755893863
"BAM4254","BAM8305",-0.0915955175360652
"BAM4477","BAM8305",0.21895701160592
"BAM4496","BAM8305",0.0931428509937828
"BAM4510","BAM8305",-0.419999638566638
"BAM4521","BAM8305",-0.385274649733265
"BAM4534","BAM8305",-0.0558797331722688
"BAM4797","BAM8305",-0.343945754553852
"BAM491","BAM8305",0.0619301214409174
"BAM4928","BAM8305",-0.385002300197872
"BAM5110","BAM8305",-0.123754849069813
"BAM56","BAM8305",-0.354345319744834
"BAM5779","BAM8305",-0.314365530447823
"BAM5850","BAM8305",-0.0655939874921424
"BAM6921","BAM8305",0.23768051004364
"BAM712","BAM8305",-0.327707891690954
"BAM742","BAM8305",-0.320328470887415
"BAM7429","BAM8305",0.0770376646082052
"BAM7449","BAM8305",-0.0618173614331111
"BAM747","BAM8305",-0.315779025323048
"BAM759","BAM8305",0.179190555164775
"BAM766","BAM8305",-0.329728642167765
"BAM807","BAM8305",-0.315646574904924
"BAM811","BAM8305",0.152377287212808
"BAM812","BAM8305",-0.203609336753516
"BAM819","BAM8305",-0.0519703610058847
"BAM8296","BAM8305",0.349715960962409
"BAM8305","BAM8305",1.31911167227715
"BAM8315","BAM8305",-0.340346338572221
"BAM8364","BAM8305",-0.0933359975021838
"BAMAWPYAN","BAM8305",-0.380248794769872
"BENAMURI","BAM8305",-0.27440160116657
"BLACKGORA","BAM8305",-0.102387749913151
"CGR1656","BAM8305",0.0773226452482497
"CGR1679","BAM8305",-0.28816472928149
"CGR2012","BAM8305",-0.317204312245764
"CO18","BAM8305",-0.174451726798635
"CRDHAN-204","BAM8305",-0.147576732371981
"CR143-2-2","BAM8305",0.139914121478373
"CR262-4","BAM8305",0.130852267549824
"CROSSA","BAM8305",-0.297557721041726
"DULAR","BAM8305",-0.0314310820285703
"EYPO","BAM8305",0.117755535410966
"EYPO-2","BAM8305",-0.161015554850031
"FULKATI","BAM8305",-0.0693509117247033
"Ghanteswari","BAM8305",0.316379240201234
"GHATIKAMMANANGARHAR","BAM8305",0.105315887589939
"GotrabiDhan","BAM8305",0.249597408383917
"GP-145-37","BAM8305",-0.279504305869014
"GP-145-51","BAM8305",0.0692820623256515
"HARBHOONDI","BAM8305",-0.165316034701266
"HongZuiEr","BAM8305",0.159951654628635
"IndrabaruniDhan","BAM8305",0.202245714536984
"IR74371-54-1-1","BAM8305",0.157503184678929
"IR77298-14-1-2-10","BAM8305",0.231854997651996
"IR77298-5-6-18","BAM8305",0.479035788442959
"IR83383-B-B-129-4","BAM8305",0.458478218809661
"IR83388-B-B108-3","BAM8305",0.313430317405532
"IR87707-445-B-B","BAM8305",0.482997202702773
"IR87707-446-B-B","BAM8305",0.451039906217684
"IRROEPYO","BAM8305",-0.264540007134904
"KALINGA-1","BAM8305",0.384893654803345
"KANGRO","BAM8305",-0.168635108174794
"KHAODAWTAI","BAM8305",-0.097515548543471
"MANDRIRAVINA","BAM8305",-0.175335850269713
"MAUDAMANI","BAM8305",-0.0965584611937524
"MOROBEREKAN","BAM8305",0.043828626129012
"MTU1010","BAM8305",0.483145877132578
"MTU9","BAM8305",-0.187804818916104
"NERICA-L-26","BAM8305",0.155029127974747
"NERICA-L-42","BAM8305",0.166483570879908
"NERICA-L-44","BAM8305",0.346005484048721
"PARIJAT","BAM8305",0.250758376592074
"Patchaiperumal","BAM8305",0.105780374953264
"PEH-KUH-TSAO-TU","BAM8305",-0.168982553562434
"PMK-2","BAM8305",0.210892668393438
"PRASAD-1","BAM8305",0.0183019089842124
"PUSASUGANDH5","BAM8305",0.254185611778752
"PUSA1121","BAM8305",0.0368551511086052
"Pusa1121-SN12","BAM8305",0.087611434805257
"PUSA44","BAM8305",0.36176800906659
"PUSABASMATI6","BAM8305",-0.204344797826216
"PUSASUGANDH2","BAM8305",-0.175420895559435
"RASI","BAM8305",0.244394293537026
"RKVY-104","BAM8305",-0.0466517731589257
"RKVY-143","BAM8305",0.0446509286805584
"RKVY-28","BAM8305",-0.0386480268625024
"R-RF-44","BAM8305",0.307219678073417
"RRF-78","BAM8305",0.286045793311631
"Sadabahar","BAM8305",-0.265990954201731
"SAFRI-17","BAM8305",-0.147606759245743
"SAHBHAGIDHAN","BAM8305",0.220050536222418
"SATABHAMA","BAM8305",-0.130603985864795
"SERATOES","BAM8305",-0.0930777613274967
"SERETY","BAM8305",-0.199993677128527
"SHAKU","BAM8305",-0.234874215788229
"SR1-3-1","BAM8305",-0.0567189212972435
"SUWEON","BAM8305",-0.175492750413867
"SWARNA","BAM8305",0.191555032948201
"VANAPRAVA","BAM8305",-0.0954687109510189
"VANDANA","BAM8305",0.0032853703948121
"Wayrarem","BAM8305",0.15759684175681
"281785","BAM8315",0.0583910055988217
"282803","BAM8315",-0.372586871166858
"299554","BAM8315",-0.352335807720753
"356457","BAM8315",-0.382444571967425
"376579","BAM8315",0.0456047312225038
"376851","BAM8315",0.067396177404458
"377448","BAM8315",-0.350933750287246
"377705","BAM8315",-0.342616485771261
"384190","BAM8315",0.464364737362126
"426049","BAM8315",-0.373581903648076
"438644","BAM8315",-0.388576210592323
"ADAYSEL","BAM8315",-0.0849292667427976
"AbhayaXDagadesi","BAM8315",-0.353382973425475
"ABHISEK","BAM8315",0.0758472005224577
"ABOR-A-1","BAM8315",-0.335013582315563
"ANJALI","BAM8315",-0.0230842987291899
"Annada","BAM8315",0.943406144535327
"Apo","BAM8315",-0.272663671560176
"ARC10319","BAM8315",-0.30341031041935
"ARC12071","BAM8315",0.0585708096232978
"ARNAPURNA","BAM8315",0.0260949227948014
"ASD16","BAM8315",0.00910596465899122
"AUS257","BAM8315",0.0761708172945568
"BAKAL","BAM8315",0.0822162047613648
"BAM1057","BAM8315",0.0379067671314954
"BAM1098","BAM8315",0.160883509142093
"BAM1659","BAM8315",0.0822693488320628
"BAM1689","BAM8315",0.071935556075932
"BAM1708","BAM8315",0.109521280174586
"BAM1812","BAM8315",-0.303267784602554
"BAM2096","BAM8315",0.0851458946960971
"BAM2166","BAM8315",0.519046299242598
"BAM247","BAM8315",-0.388127271751894
"BAM2574","BAM8315",0.0791560026974452
"BAM2680","BAM8315",0.0469308334227159
"BAM3154","BAM8315",-0.353410263855496
"BAM3181","BAM8315",0.0961876793001088
"BAM326","BAM8315",0.0117642563475783
"BAM328","BAM8315",-0.300289228159754
"BAM350","BAM8315",-0.205264557305292
"BAM3690","BAM8315",-0.297205136716694
"BAM4009","BAM8315",0.16004815457436
"BAM4054","BAM8315",0.0108426426738974
"BAM4138","BAM8315",0.513261679857274
"BAM4168","BAM8315",0.388980604775432
"BAM4234","BAM8315",0.0573905636503623
"BAM4254","BAM8315",0.0508013498419752
"BAM4477","BAM8315",-0.285436297127261
"BAM4496","BAM8315",-0.332625471674987
"BAM4510","BAM8315",0.403517538131913
"BAM4521","BAM8315",0.506008256760195
"BAM4534","BAM8315",0.0599237747617381
"BAM4797","BAM8315",0.0920496252624364
"BAM491","BAM8315",-0.168661898372556
"BAM4928","BAM8315",0.475468397510046
"BAM5110","BAM8315",0.0121280858912949
"BAM56","BAM8315",0.494346405661537
"BAM5779","BAM8315",0.547056224261704
"BAM5850","BAM8315",0.113003944238001
"BAM6921","BAM8315",-0.323916148009597
"BAM712","BAM8315",0.963510605378572
"BAM742","BAM8315",0.948775285499
"BAM7429","BAM8315",-0.349036527275748
"BAM7449","BAM8315",0.0772798577579578
"BAM747","BAM8315",0.947344672347514
"BAM759","BAM8315",-0.0872062049103725
"BAM766","BAM8315",0.926517494314488
"BAM807","BAM8315",0.545828493654279
"BAM811","BAM8315",-0.281203377736886
"BAM812","BAM8315",0.0873950275164321
"BAM819","BAM8315",0.0041213240169918
"BAM8296","BAM8315",-0.358114787097184
"BAM8305","BAM8315",-0.340346338572221
"BAM8315","BAM8315",1.89130767691984
"BAM8364","BAM8315",0.146520371380245
"BAMAWPYAN","BAM8315",0.469467504201956
"BENAMURI","BAM8315",0.0725392903838232
"BLACKGORA","BAM8315",0.102290491979648
"CGR1656","BAM8315",-0.317944876750567
"CGR1679","BAM8315",0.0237326145802892
"CGR2012","BAM8315",0.0574070554658256
"CO18","BAM8315",0.0358129825350941
"CRDHAN-204","BAM8315",0.034801293283881
"CR143-2-2","BAM8315",-0.267790789911879
"CR262-4","BAM8315",-0.261972607362495
"CROSSA","BAM8315",0.0314320972962263
"DULAR","BAM8315",0.113713019763864
"EYPO","BAM8315",-0.231301431284362
"EYPO-2","BAM8315",0.0518955910662236
"FULKATI","BAM8315",0.0461137297613607
"Ghanteswari","BAM8315",-0.351239609171164
"GHATIKAMMANANGARHAR","BAM8315",0.0581363868879018
"GotrabiDhan","BAM8315",-0.380568930868312
"GP-145-37","BAM8315",0.0299726191003045
"GP-145-51","BAM8315",-0.357106674379875
"HARBHOONDI","BAM8315",0.1055994137255
"HongZuiEr","BAM8315",-0.266386205907146
"IndrabaruniDhan","BAM8315",-0.386932608945596
"IR74371-54-1-1","BAM8315",-0.297898952973329
"IR77298-14-1-2-10","BAM8315",-0.359421169080159
"IR77298-5-6-18","BAM8315",-0.336862870495289
"IR83383-B-B-129-4","BAM8315",-0.309138600088801
"IR83388-B-B108-3","BAM8315",-0.359271450306851
"IR87707-445-B-B","BAM8315",-0.33310496447982
"IR87707-446-B-B","BAM8315",-0.41173100511354
"IRROEPYO","BAM8315",0.278288657520787
"KALINGA-1","BAM8315",-0.395157698264147
"KANGRO","BAM8315",0.0516712652214603
"KHAODAWTAI","BAM8315",0.0605013916548679
"MANDRIRAVINA","BAM8315",0.0388489754970456
"MAUDAMANI","BAM8315",0.0321437120633944
"MOROBEREKAN","BAM8315",0.529800956642766
"MTU1010","BAM8315",-0.381224581117072
"MTU9","BAM8315",0.0670730897894472
"NERICA-L-26","BAM8315",-0.295929692264587
"NERICA-L-42","BAM8315",-0.302697690940427
"NERICA-L-44","BAM8315",-0.344282517193785
"PARIJAT","BAM8315",-0.301875243209956
"Patchaiperumal","BAM8315",-0.383895979355174
"PEH-KUH-TSAO-TU","BAM8315",0.0417886985576485
"PMK-2","BAM8315",-0.33556904388479
"PRASAD-1","BAM8315",0.190685624435871
"PUSASUGANDH5","BAM8315",-0.0949399662875776
"PUSA1121","BAM8315",0.633084728287332
"Pusa1121-SN12","BAM8315",0.561608586066561
"PUSA44","BAM8315",-0.385590498305983
"PUSABASMATI6","BAM8315",0.644817165194597
"PUSASUGANDH2","BAM8315",-0.0180034535635927
"RASI","BAM8315",-0.35682914741613
"RKVY-104","BAM8315",0.173955192930895
"RKVY-143","BAM8315",-0.346361544829234
"RKVY-28","BAM8315",0.0453314480764113
"R-RF-44","BAM8315",-0.357651129204748
"RRF-78","BAM8315",-0.212564065102584
"Sadabahar","BAM8315",0.0684293006772698
"SAFRI-17","BAM8315",0.0852183066244469
"SAHBHAGIDHAN","BAM8315",-0.299547130024781
"SATABHAMA","BAM8315",0.0605698192622487
"SERATOES","BAM8315",0.0564909043150969
"SERETY","BAM8315",0.0505457367784728
"SHAKU","BAM8315",0.260672421750598
"SR1-3-1","BAM8315",0.0287171650873542
"SUWEON","BAM8315",0.282021848482457
"SWARNA","BAM8315",-0.373394174806594
"VANAPRAVA","BAM8315",0.0426136922953365
"VANDANA","BAM8315",-0.123324304472113
"Wayrarem","BAM8315",-0.268575119152782
"281785","BAM8364",0.29832396641513
"282803","BAM8364",-0.0759354633682356
"299554","BAM8364",-0.226996282332022
"356457","BAM8364",-0.0796067319204182
"376579","BAM8364",0.161621951453971
"376851","BAM8364",0.170126624156147
"377448","BAM8364",-0.294740212385963
"377705","BAM8364",0.000749502768636133
"384190","BAM8364",0.128019630067209
"426049","BAM8364",-0.0724551944027958
"438644","BAM8364",-0.0918359573127909
"ADAYSEL","BAM8364",-0.260959617389768
"AbhayaXDagadesi","BAM8364",-0.0687640629103587
"ABHISEK","BAM8364",0.238874799463226
"ABOR-A-1","BAM8364",-0.0541146015558032
"ANJALI","BAM8364",0.289627462328213
"Annada","BAM8364",0.0918521195025952
"Apo","BAM8364",-0.203539373245872
"ARC10319","BAM8364",-0.249882743109007
"ARC12071","BAM8364",0.195703743265949
"ARNAPURNA","BAM8364",0.13350475745153
"ASD16","BAM8364",0.274141071994954
"AUS257","BAM8364",0.250073314515866
"BAKAL","BAM8364",-0.270853896414078
"BAM1057","BAM8364",-0.305628325412057
"BAM1098","BAM8364",-0.269574275503644
"BAM1659","BAM8364",0.221410416056063
"BAM1689","BAM8364",-0.277301551171123
"BAM1708","BAM8364",-0.256325200678198
"BAM1812","BAM8364",-0.282246527437593
"BAM2096","BAM8364",0.181700412772625
"BAM2166","BAM8364",0.161382791035535
"BAM247","BAM8364",-0.187837165852526
"BAM2574","BAM8364",0.138098830374125
"BAM2680","BAM8364",0.412042148530872
"BAM3154","BAM8364",-0.222521233483237
"BAM3181","BAM8364",0.176290390686357
"BAM326","BAM8364",0.171627583724159
"BAM328","BAM8364",-0.2395116631905
"BAM350","BAM8364",-0.289731375464502
"BAM3690","BAM8364",-0.0591700059679702
"BAM4009","BAM8364",-0.325197410690691
"BAM4054","BAM8364",0.346004325496893
"BAM4138","BAM8364",0.102477175567102
"BAM4168","BAM8364",0.209710279804954
"BAM4234","BAM8364",0.238836131898509
"BAM4254","BAM8364",0.242264695442163
"BAM4477","BAM8364",-0.0947714984210038
"BAM4496","BAM8364",-0.236642438045659
"BAM4510","BAM8364",0.12022099061997
"BAM4521","BAM8364",0.126142234282258
"BAM4534","BAM8364",-0.312838251333571
"BAM4797","BAM8364",0.11847621372841
"BAM491","BAM8364",-0.315413686031399
"BAM4928","BAM8364",0.146908065337189
"BAM5110","BAM8364",0.260915828626102
"BAM56","BAM8364",0.125841956773136
"BAM5779","BAM8364",0.0817330236352042
"BAM5850","BAM8364",-0.309910841454445
"BAM6921","BAM8364",-0.177147583169398
"BAM712","BAM8364",0.078298954058742
"BAM742","BAM8364",0.0644439259240513
"BAM7429","BAM8364",-0.29278132977759
"BAM7449","BAM8364",-0.295959595307662
"BAM747","BAM8364",0.0699071737566806
"BAM759","BAM8364",0.0193159501812561
"BAM766","BAM8364",0.0834406495441451
"BAM807","BAM8364",0.0697417233038314
"BAM811","BAM8364",-0.20841402747273
"BAM812","BAM8364",0.228058761073642
"BAM819","BAM8364",0.304139849138646
"BAM8296","BAM8364",-0.0581564171177582
"BAM8305","BAM8364",-0.0933359975021838
"BAM8315","BAM8364",0.146520371380245
"BAM8364","BAM8364",1.22927505614919
"BAMAWPYAN","BAM8364",0.173327289047864
"BENAMURI","BAM8364",0.177863449910762
"BLACKGORA","BAM8364",0.311165640851473
"CGR1656","BAM8364",-0.264923772054428
"CGR1679","BAM8364",0.150782438997595
"CGR2012","BAM8364",0.163065147874096
"CO18","BAM8364",0.160018537450165
"CRDHAN-204","BAM8364",0.184764291918302
"CR143-2-2","BAM8364",-0.206666090561781
"CR262-4","BAM8364",-0.195748951794621
"CROSSA","BAM8364",0.17006212214293
"DULAR","BAM8364",-0.249827849115213
"EYPO","BAM8364",-0.198540276962258
"EYPO-2","BAM8364",0.369353495577101
"FULKATI","BAM8364",-0.281146702769397
"Ghanteswari","BAM8364",-0.0299238573907791
"GHATIKAMMANANGARHAR","BAM8364",0.332243717197197
"GotrabiDhan","BAM8364",-0.154356856587392
"GP-145-37","BAM8364",0.148751145000723
"GP-145-51","BAM8364",-0.278300420708716
"HARBHOONDI","BAM8364",0.227775477664098
"HongZuiEr","BAM8364",-0.0632644538393597
"IndrabaruniDhan","BAM8364",-0.187132651585016
"IR74371-54-1-1","BAM8364",-0.189622677770409
"IR77298-14-1-2-10","BAM8364",-0.167740696848844
"IR77298-5-6-18","BAM8364",-0.121930877430713
"IR83383-B-B-129-4","BAM8364",-0.0754890490111545
"IR83388-B-B108-3","BAM8364",-0.138422223164233
"IR87707-445-B-B","BAM8364",-0.130360385213362
"IR87707-446-B-B","BAM8364",-0.18631557442297
"IRROEPYO","BAM8364",0.154419597575108
"KALINGA-1","BAM8364",-0.0593023174122018
"KANGRO","BAM8364",0.186014051597358
"KHAODAWTAI","BAM8364",0.390912621138583
"MANDRIRAVINA","BAM8364",0.166472803925763
"MAUDAMANI","BAM8364",0.245801569969124
"MOROBEREKAN","BAM8364",-0.300355209755249
"MTU1010","BAM8364",-0.113372071738496
"MTU9","BAM8364",0.183543362501181
"NERICA-L-26","BAM8364",-0.185641381484119
"NERICA-L-42","BAM8364",-0.197385515408925
"NERICA-L-44","BAM8364",-0.160244044805494
"PARIJAT","BAM8364",-0.135683613864035
"Patchaiperumal","BAM8364",-0.245212167372603
"PEH-KUH-TSAO-TU","BAM8364",0.185646820227024
"PMK-2","BAM8364",-0.0537598132396579
"PRASAD-1","BAM8364",0.337565130215109
"PUSASUGANDH5","BAM8364",-0.104329235297156
"PUSA1121","BAM8364",-0.209135993859868
"Pusa1121-SN12","BAM8364",-0.216350267271313
"PUSA44","BAM8364",-0.0413523496462559
"PUSABASMATI6","BAM8364",0.27631935900781
"PUSASUGANDH2","BAM8364",0.222725325410981
"RASI","BAM8364",-0.131141293697804
"RKVY-104","BAM8364",-0.299619889491899
"RKVY-143","BAM8364",-0.236935738641311
"RKVY-28","BAM8364",-0.30712941165321
"R-RF-44","BAM8364",-0.181864483371251
"RRF-78","BAM8364",-0.11100014709962
"Sadabahar","BAM8364",0.182086427795673
"SAFRI-17","BAM8364",0.330250584412048
"SAHBHAGIDHAN","BAM8364",-0.128183137188786
"SATABHAMA","BAM8364",0.265615874147022
"SERATOES","BAM8364",-0.340147971807665
"SERETY","BAM8364",0.214489245927418
"SHAKU","BAM8364",0.171028324713131
"SR1-3-1","BAM8364",0.344203815510901
"SUWEON","BAM8364",0.273991477717012
"SWARNA","BAM8364",-0.249390081929277
"VANAPRAVA","BAM8364",-0.29674594383181
"VANDANA","BAM8364",-0.213845800077452
"Wayrarem","BAM8364",-0.209341496589372
"281785","BAMAWPYAN",0.0341312457061753
"282803","BAMAWPYAN",-0.39441013776659
"299554","BAMAWPYAN",-0.372759175747932
"356457","BAMAWPYAN",-0.390080785006766
"376579","BAMAWPYAN",0.093116702747429
"376851","BAMAWPYAN",0.107844925525218
"377448","BAMAWPYAN",-0.327503685612261
"377705","BAMAWPYAN",-0.396999874112433
"384190","BAMAWPYAN",0.944044613684317
"426049","BAMAWPYAN",-0.388226825587644
"438644","BAMAWPYAN",-0.392014669056614
"ADAYSEL","BAMAWPYAN",0.117216887620418
"AbhayaXDagadesi","BAMAWPYAN",-0.390074847828963
"ABHISEK","BAMAWPYAN",0.0570434758144309
"ABOR-A-1","BAMAWPYAN",-0.375309217418391
"ANJALI","BAMAWPYAN",0.0446484643632501
"Annada","BAMAWPYAN",0.303000172279557
"Apo","BAMAWPYAN",-0.340129757190272
"ARC10319","BAMAWPYAN",-0.325576980661799
"ARC12071","BAMAWPYAN",0.0766156000558785
"ARNAPURNA","BAMAWPYAN",0.0222980811277572
"ASD16","BAMAWPYAN",0.0488740009878962
"AUS257","BAMAWPYAN",0.0926514296735938
"BAKAL","BAMAWPYAN",0.384324782004396
"BAM1057","BAMAWPYAN",0.350658968353556
"BAM1098","BAMAWPYAN",0.278065751042774
"BAM1659","BAMAWPYAN",0.067833803856166
"BAM1689","BAMAWPYAN",0.299619302891899
"BAM1708","BAMAWPYAN",0.31435803787024
"BAM1812","BAMAWPYAN",-0.339264500049011
"BAM2096","BAMAWPYAN",0.18384181084025
"BAM2166","BAMAWPYAN",0.662818964137739
"BAM247","BAMAWPYAN",-0.396081891609616
"BAM2574","BAMAWPYAN",0.105863134471026
"BAM2680","BAMAWPYAN",0.0686099739707755
"BAM3154","BAMAWPYAN",-0.364950407220731
"BAM3181","BAMAWPYAN",0.106690739140859
"BAM326","BAMAWPYAN",0.0982830627237858
"BAM328","BAMAWPYAN",-0.273949925195045
"BAM350","BAMAWPYAN",-0.0354121930549512
"BAM3690","BAMAWPYAN",-0.339008291944953
"BAM4009","BAMAWPYAN",0.453650449529418
"BAM4054","BAMAWPYAN",0.00274600176881674
"BAM4138","BAMAWPYAN",0.820726272157996
"BAM4168","BAMAWPYAN",0.497377655834557
"BAM4234","BAMAWPYAN",0.0678003258721384
"BAM4254","BAMAWPYAN",0.066569979371129
"BAM4477","BAMAWPYAN",-0.343419280248906
"BAM4496","BAMAWPYAN",-0.321231440745891
"BAM4510","BAMAWPYAN",0.871620926086758
"BAM4521","BAMAWPYAN",0.88634884846642
"BAM4534","BAMAWPYAN",0.351748126508872
"BAM4797","BAMAWPYAN",0.159301076270818
"BAM491","BAMAWPYAN",-0.0267514247557309
"BAM4928","BAMAWPYAN",0.678873951069745
"BAM5110","BAMAWPYAN",-0.0347865732981277
"BAM56","BAMAWPYAN",0.698257891374597
"BAM5779","BAMAWPYAN",0.298064018497024
"BAM5850","BAMAWPYAN",0.44762882905446
"BAM6921","BAMAWPYAN",-0.351703759875024
"BAM712","BAMAWPYAN",0.308413415386975
"BAM742","BAMAWPYAN",0.305087065991496
"BAM7429","BAMAWPYAN",-0.376951033507593
"BAM7449","BAMAWPYAN",0.423809308182605
"BAM747","BAMAWPYAN",0.310341698030188
"BAM759","BAMAWPYAN",0.0322261759191426
"BAM766","BAMAWPYAN",0.314484173523123
"BAM807","BAMAWPYAN",0.299835456755839
"BAM811","BAMAWPYAN",-0.334975895477053
"BAM812","BAMAWPYAN",0.0823243405006072
"BAM819","BAMAWPYAN",-0.00898836341415786
"BAM8296","BAMAWPYAN",-0.413631087542015
"BAM8305","BAMAWPYAN",-0.380248794769872
"BAM8315","BAMAWPYAN",0.469467504201956
"BAM8364","BAMAWPYAN",0.173327289047864
"BAMAWPYAN","BAMAWPYAN",1.66269310104202
"BENAMURI","BAMAWPYAN",0.0859146634726398
"BLACKGORA","BAMAWPYAN",0.0858887848039386
"CGR1656","BAMAWPYAN",-0.340979973699312
"CGR1679","BAMAWPYAN",0.112532137437734
"CGR2012","BAMAWPYAN",0.0753848510181759
"CO18","BAMAWPYAN",0.0953669714536608
"CRDHAN-204","BAMAWPYAN",0.00552122690144046
"CR143-2-2","BAMAWPYAN",-0.362360938187897
"CR262-4","BAMAWPYAN",-0.361070849749648
"CROSSA","BAMAWPYAN",0.0871022812094983
"DULAR","BAMAWPYAN",0.397855164769306
"EYPO","BAMAWPYAN",-0.172335170832488
"EYPO-2","BAMAWPYAN",0.0360339312660266
"FULKATI","BAMAWPYAN",0.399732222951093
"Ghanteswari","BAMAWPYAN",-0.405052637107525
"GHATIKAMMANANGARHAR","BAMAWPYAN",0.0330277820812915
"GotrabiDhan","BAMAWPYAN",-0.407767346804697
"GP-145-37","BAMAWPYAN",0.0718179934655497
"GP-145-51","BAMAWPYAN",-0.328593027578982
"HARBHOONDI","BAMAWPYAN",0.0407740818444998
"HongZuiEr","BAMAWPYAN",-0.356412964515476
"IndrabaruniDhan","BAMAWPYAN",-0.427521222489145
"IR74371-54-1-1","BAMAWPYAN",-0.365017296559662
"IR77298-14-1-2-10","BAMAWPYAN",-0.381416014268533
"IR77298-5-6-18","BAMAWPYAN",-0.403988109113101
"IR83383-B-B-129-4","BAMAWPYAN",-0.40035398843894
"IR83388-B-B108-3","BAMAWPYAN",-0.405309460305642
"IR87707-445-B-B","BAMAWPYAN",-0.402574019460798
"IR87707-446-B-B","BAMAWPYAN",-0.414878605167989
"IRROEPYO","BAMAWPYAN",0.64907479396349
"KALINGA-1","BAMAWPYAN",-0.444149788367309
"KANGRO","BAMAWPYAN",0.0779069531577682
"KHAODAWTAI","BAMAWPYAN",0.00783741227742676
"MANDRIRAVINA","BAMAWPYAN",0.0931561614361006
"MAUDAMANI","BAMAWPYAN",0.0233571768369154
"MOROBEREKAN","BAMAWPYAN",-0.0711405492913451
"MTU1010","BAMAWPYAN",-0.414161627824948
"MTU9","BAMAWPYAN",0.100614107533372
"NERICA-L-26","BAMAWPYAN",-0.399367512452468
"NERICA-L-42","BAMAWPYAN",-0.397805523756023
"NERICA-L-44","BAMAWPYAN",-0.397104585761541
"PARIJAT","BAMAWPYAN",-0.376498248902189
"Patchaiperumal","BAMAWPYAN",-0.319200900881954
"PEH-KUH-TSAO-TU","BAMAWPYAN",0.0781017722181586
"PMK-2","BAMAWPYAN",-0.370147744768407
"PRASAD-1","BAMAWPYAN",0.064347447950172
"PUSASUGANDH5","BAMAWPYAN",-0.311963903294361
"PUSA1121","BAMAWPYAN",-0.00829225471619962
"Pusa1121-SN12","BAMAWPYAN",-0.0485139685942289
"PUSA44","BAMAWPYAN",-0.430616044647799
"PUSABASMATI6","BAMAWPYAN",0.224387336222343
"PUSASUGANDH2","BAMAWPYAN",-0.0281500245249251
"RASI","BAMAWPYAN",-0.357612662959637
"RKVY-104","BAMAWPYAN",0.430589073453336
"RKVY-143","BAMAWPYAN",-0.336762449699557
"RKVY-28","BAMAWPYAN",0.3802559086156
"R-RF-44","BAMAWPYAN",-0.425550685673069
"RRF-78","BAMAWPYAN",-0.0766822003359779
"Sadabahar","BAMAWPYAN",0.127049180596536
"SAFRI-17","BAMAWPYAN",0.0282170731918566
"SAHBHAGIDHAN","BAMAWPYAN",-0.370732381158449
"SATABHAMA","BAMAWPYAN",0.061553870363725
"SERATOES","BAMAWPYAN",0.41774865931736
"SERETY","BAMAWPYAN",0.0997938953026267
"SHAKU","BAMAWPYAN",0.144042846086805
"SR1-3-1","BAMAWPYAN",0.0750979273543785
"SUWEON","BAMAWPYAN",0.217769264015073
"SWARNA","BAMAWPYAN",-0.405854448395165
"VANAPRAVA","BAMAWPYAN",0.363299696318655
"VANDANA","BAMAWPYAN",0.0110473207483713
"Wayrarem","BAMAWPYAN",-0.339692396941993
"281785","BENAMURI",0.188201876194528
"282803","BENAMURI",-0.260297599579339
"299554","BENAMURI",-0.290217412118993
"356457","BENAMURI",-0.215921195721114
"376579","BENAMURI",0.387057721604008
"376851","BENAMURI",0.416369549518819
"377448","BENAMURI",-0.0796059846847035
"377705","BENAMURI",-0.179718278514798
"384190","BENAMURI",0.0226618833829056
"426049","BENAMURI",-0.212126126915605
"438644","BENAMURI",-0.244461400370307
"ADAYSEL","BENAMURI",-0.27379326987467
"AbhayaXDagadesi","BENAMURI",-0.20363190315794
"ABHISEK","BENAMURI",0.178267837378279
"ABOR-A-1","BENAMURI",-0.147494969751051
"ANJALI","BENAMURI",0.188429196306799
"Annada","BENAMURI",0.0184232620430454
"Apo","BENAMURI",-0.222698699820845
"ARC10319","BENAMURI",-0.0152739620740656
"ARC12071","BENAMURI",0.336420853585995
"ARNAPURNA","BENAMURI",0.680108637502015
"ASD16","BENAMURI",0.2470508384563
"AUS257","BENAMURI",0.210468995104375
"BAKAL","BENAMURI",-0.362496513301427
"BAM1057","BENAMURI",-0.309326439991815
"BAM1098","BENAMURI",-0.357899065979553
"BAM1659","BENAMURI",0.359071224765164
"BAM1689","BENAMURI",-0.288565218384558
"BAM1708","BENAMURI",-0.3547391167045
"BAM1812","BENAMURI",-0.0169106348127466
"BAM2096","BENAMURI",0.366158518640336
"BAM2166","BENAMURI",0.058085990160065
"BAM247","BENAMURI",-0.161935560807496
"BAM2574","BENAMURI",0.370134394497617
"BAM2680","BENAMURI",0.245595568705218
"BAM3154","BENAMURI",-0.188665861776089
"BAM3181","BENAMURI",0.621826727291522
"BAM326","BENAMURI",0.368202507164426
"BAM328","BENAMURI",-0.0404542675976124
"BAM350","BENAMURI",-0.145635021389593
"BAM3690","BENAMURI",-0.180621860477241
"BAM4009","BENAMURI",-0.346906211075397
"BAM4054","BENAMURI",0.197991430615373
"BAM4138","BENAMURI",0.117709017279152
"BAM4168","BENAMURI",0.153239352433668
"BAM4234","BENAMURI",0.175565178642268
"BAM4254","BENAMURI",0.180204759299334
"BAM4477","BENAMURI",-0.151970237572362
"BAM4496","BENAMURI",0.112767140601933
"BAM4510","BENAMURI",0.0931138041376073
"BAM4521","BENAMURI",0.0888020520635792
"BAM4534","BENAMURI",-0.306968449280632
"BAM4797","BENAMURI",0.466613351519623
"BAM491","BENAMURI",-0.136689231658598
"BAM4928","BENAMURI",0.0732056991541651
"BAM5110","BENAMURI",0.142697116145912
"BAM56","BENAMURI",0.0367710814600206
"BAM5779","BENAMURI",0.0815975015685378
"BAM5850","BENAMURI",-0.314539390677215
"BAM6921","BENAMURI",-0.257039133593726
"BAM712","BENAMURI",0.0194299136203092
"BAM742","BENAMURI",0.0157808148712076
"BAM7429","BENAMURI",-0.0275618918819074
"BAM7449","BENAMURI",-0.315067254054328
"BAM747","BENAMURI",0.0315732228397872
"BAM759","BENAMURI",-0.332642513812035
"BAM766","BENAMURI",0.0239520090096359
"BAM807","BENAMURI",0.0876174457078526
"BAM811","BENAMURI",-0.1189676083745
"BAM812","BENAMURI",0.304684868700101
"BAM819","BENAMURI",0.223181771228884
"BAM8296","BENAMURI",-0.270133378686761
"BAM8305","BENAMURI",-0.27440160116657
"BAM8315","BENAMURI",0.0725392903838232
"BAM8364","BENAMURI",0.177863449910762
"BAMAWPYAN","BENAMURI",0.0859146634726398
"BENAMURI","BENAMURI",1.30170773318673
"BLACKGORA","BENAMURI",0.222318123852234
"CGR1656","BENAMURI",0.802265239028669
"CGR1679","BENAMURI",0.417729918544373
"CGR2012","BENAMURI",0.436700205828042
"CO18","BENAMURI",0.33316885057624
"CRDHAN-204","BENAMURI",0.133876982304494
"CR143-2-2","BENAMURI",-0.274682378930774
"CR262-4","BENAMURI",-0.264303931743396
"CROSSA","BENAMURI",0.433966433291531
"DULAR","BENAMURI",-0.349998338007961
"EYPO","BENAMURI",-0.161547719405414
"EYPO-2","BENAMURI",0.290690532519762
"FULKATI","BENAMURI",-0.284358093214617
"Ghanteswari","BENAMURI",0.0349411338419846
"GHATIKAMMANANGARHAR","BENAMURI",0.216600046793912
"GotrabiDhan","BENAMURI",-0.154995089983428
"GP-145-37","BENAMURI",0.35871453664695
"GP-145-51","BENAMURI",-0.0171437655651384
"HARBHOONDI","BENAMURI",0.151166640552802
"HongZuiEr","BENAMURI",-0.18110158565256
"IndrabaruniDhan","BENAMURI",-0.232024362207495
"IR74371-54-1-1","BENAMURI",-0.232157519382975
"IR77298-14-1-2-10","BENAMURI",-0.257521327635828
"IR77298-5-6-18","BENAMURI",-0.308047020527796
"IR83383-B-B-129-4","BENAMURI",-0.324618740528817
"IR83388-B-B108-3","BENAMURI",-0.26685800240006
"IR87707-445-B-B","BENAMURI",-0.282835148073336
"IR87707-446-B-B","BENAMURI",-0.253792209173864
"IRROEPYO","BENAMURI",0.0847024679812859
"KALINGA-1","BENAMURI",-0.130131026984539
"KANGRO","BENAMURI",0.335086139259039
"KHAODAWTAI","BENAMURI",0.239593625143586
"MANDRIRAVINA","BENAMURI",0.323218487225695
"MAUDAMANI","BENAMURI",0.188649027259054
"MOROBEREKAN","BENAMURI",-0.376092625659394
"MTU1010","BENAMURI",-0.307058424478918
"MTU9","BENAMURI",0.337531320808352
"NERICA-L-26","BENAMURI",-0.318358497740831
"NERICA-L-42","BENAMURI",-0.320523768608335
"NERICA-L-44","BENAMURI",-0.212943094810128
"PARIJAT","BENAMURI",-0.210809783835414
"Patchaiperumal","BENAMURI",-0.00198689878391509
"PEH-KUH-TSAO-TU","BENAMURI",0.332786025434866
"PMK-2","BENAMURI",-0.14178800355803
"PRASAD-1","BENAMURI",0.221537656737109
"PUSASUGANDH5","BENAMURI",-0.248535843964471
"PUSA1121","BENAMURI",-0.329547380616245
"Pusa1121-SN12","BENAMURI",-0.33833960880534
"PUSA44","BENAMURI",-0.28285573674506
"PUSABASMATI6","BENAMURI",0.105998037417102
"PUSASUGANDH2","BENAMURI",0.178468484795115
"RASI","BENAMURI",-0.192046838922342
"RKVY-104","BENAMURI",-0.317196843819851
"RKVY-143","BENAMURI",-0.0334628907866719
"RKVY-28","BENAMURI",-0.318216950052421
"R-RF-44","BENAMURI",-0.235005501132984
"RRF-78","BENAMURI",-0.302608277826925
"Sadabahar","BENAMURI",0.40424301070773
"SAFRI-17","BENAMURI",0.189832807336993
"SAHBHAGIDHAN","BENAMURI",-0.204041952992333
"SATABHAMA","BENAMURI",0.169584030998077
"SERATOES","BENAMURI",-0.299972416563301
"SERETY","BENAMURI",0.3118324935946
"SHAKU","BENAMURI",0.29011867382056
"SR1-3-1","BENAMURI",0.144370892771883
"SUWEON","BENAMURI",0.202048478873459
"SWARNA","BENAMURI",-0.1569643530512
"VANAPRAVA","BENAMURI",-0.307467169338065
"VANDANA","BENAMURI",-0.301370530908949
"Wayrarem","BENAMURI",-0.232303932415272
"281785","BLACKGORA",0.289568480800445
"282803","BLACKGORA",-0.131002126852938
"299554","BLACKGORA",-0.148495694451837
"356457","BLACKGORA",-0.136370326593702
"376579","BLACKGORA",0.202547691084642
"376851","BLACKGORA",0.256813763962604
"377448","BLACKGORA",-0.175909812285381
"377705","BLACKGORA",-0.169458953128869
"384190","BLACKGORA",0.00841521163294024
"426049","BLACKGORA",-0.137246580135953
"438644","BLACKGORA",-0.127921429407375
"ADAYSEL","BLACKGORA",-0.267959975323786
"AbhayaXDagadesi","BLACKGORA",-0.0993614965703492
"ABHISEK","BLACKGORA",0.367538298790954
"ABOR-A-1","BLACKGORA",-0.221128634636149
"ANJALI","BLACKGORA",0.396524572483932
"Annada","BLACKGORA",0.0249593814730338
"Apo","BLACKGORA",-0.159485371595959
"ARC10319","BLACKGORA",-0.255546226651991
"ARC12071","BLACKGORA",0.144888549855595
"ARNAPURNA","BLACKGORA",0.269156482002039
"ASD16","BLACKGORA",0.381406242268519
"AUS257","BLACKGORA",0.280318118984264
"BAKAL","BLACKGORA",-0.346806980889724
"BAM1057","BLACKGORA",-0.380330493358423
"BAM1098","BLACKGORA",-0.342573001589755
"BAM1659","BLACKGORA",0.207432493309773
"BAM1689","BLACKGORA",-0.357241211014064
"BAM1708","BLACKGORA",-0.394454760163994
"BAM1812","BLACKGORA",-0.222589890307177
"BAM2096","BLACKGORA",0.282779110041856
"BAM2166","BLACKGORA",0.0680306175113404
"BAM247","BLACKGORA",-0.132742871495698
"BAM2574","BLACKGORA",0.234756404216033
"BAM2680","BLACKGORA",0.298088090264336
"BAM3154","BLACKGORA",-0.159897987141304
"BAM3181","BLACKGORA",0.161704471907816
"BAM326","BLACKGORA",0.195806902116379
"BAM328","BLACKGORA",-0.116325704314832
"BAM350","BLACKGORA",-0.31085231350885
"BAM3690","BLACKGORA",-0.131903830772723
"BAM4009","BLACKGORA",-0.3737720522116
"BAM4054","BLACKGORA",0.326132383566468
"BAM4138","BLACKGORA",0.0523368488098305
"BAM4168","BLACKGORA",0.105186368395254
"BAM4234","BLACKGORA",0.321648276741215
"BAM4254","BLACKGORA",0.324148712528019
"BAM4477","BLACKGORA",-0.12904309132088
"BAM4496","BLACKGORA",-0.210811802215457
"BAM4510","BLACKGORA",0.0378386457994155
"BAM4521","BLACKGORA",0.0838733069494923
"BAM4534","BLACKGORA",-0.345724765970479
"BAM4797","BLACKGORA",0.216741096947307
"BAM491","BLACKGORA",-0.310075648641649
"BAM4928","BLACKGORA",0.0627873972359432
"BAM5110","BLACKGORA",0.358107343819171
"BAM56","BLACKGORA",0.0663985471566083
"BAM5779","BLACKGORA",0.101064353809885
"BAM5850","BLACKGORA",-0.352684657581238
"BAM6921","BLACKGORA",-0.101349795135392
"BAM712","BLACKGORA",0.0310141290172315
"BAM742","BLACKGORA",-0.00324343389914372
"BAM7429","BLACKGORA",-0.212370011677639
"BAM7449","BLACKGORA",-0.366258076986807
"BAM747","BLACKGORA",0.0060806003885454
"BAM759","BLACKGORA",-0.248743858640018
"BAM766","BLACKGORA",0.00721366816681679
"BAM807","BLACKGORA",0.0817210123961359
"BAM811","BLACKGORA",-0.144119856174492
"BAM812","BLACKGORA",0.278987488362678
"BAM819","BLACKGORA",0.367720049384616
"BAM8296","BLACKGORA",-0.00232697180232918
"BAM8305","BLACKGORA",-0.102387749913151
"BAM8315","BLACKGORA",0.102290491979648
"BAM8364","BLACKGORA",0.311165640851473
"BAMAWPYAN","BLACKGORA",0.0858887848039386
"BENAMURI","BLACKGORA",0.222318123852234
"BLACKGORA","BLACKGORA",1.27044770112505
"CGR1656","BLACKGORA",-0.196185839560218
"CGR1679","BLACKGORA",0.229661563192547
"CGR2012","BLACKGORA",0.218679592749002
"CO18","BLACKGORA",0.1660131265789
"CRDHAN-204","BLACKGORA",0.307675244284591
"CR143-2-2","BLACKGORA",-0.16845042737045
"CR262-4","BLACKGORA",-0.161705585487679
"CROSSA","BLACKGORA",0.244860345180782
"DULAR","BLACKGORA",-0.36785299548976
"EYPO","BLACKGORA",-0.222384286377651
"EYPO-2","BLACKGORA",0.193665425322657
"FULKATI","BLACKGORA",-0.348607979147564
"Ghanteswari","BLACKGORA",-0.164801862219433
"GHATIKAMMANANGARHAR","BLACKGORA",0.430017704377234
"GotrabiDhan","BLACKGORA",-0.0855055351721011
"GP-145-37","BLACKGORA",0.220663216420858
"GP-145-51","BLACKGORA",-0.196867023682106
"HARBHOONDI","BLACKGORA",0.248065891046331
"HongZuiEr","BLACKGORA",-0.114450906523494
"IndrabaruniDhan","BLACKGORA",-0.125068050929877
"IR74371-54-1-1","BLACKGORA",-0.185393939403076
"IR77298-14-1-2-10","BLACKGORA",-0.106765124333708
"IR77298-5-6-18","BLACKGORA",-0.132571915703646
"IR83383-B-B-129-4","BLACKGORA",-0.0963040347701089
"IR83388-B-B108-3","BLACKGORA",-0.10519627714295
"IR87707-445-B-B","BLACKGORA",-0.125614744948585
"IR87707-446-B-B","BLACKGORA",-0.141938180703795
"IRROEPYO","BLACKGORA",0.120493985900201
"KALINGA-1","BLACKGORA",-0.0928596396984398
"KANGRO","BLACKGORA",0.135386021134954
"KHAODAWTAI","BLACKGORA",0.30457470789202
"MANDRIRAVINA","BLACKGORA",0.160730607347266
"MAUDAMANI","BLACKGORA",0.325677312369659
"MOROBEREKAN","BLACKGORA",-0.366368124542034
"MTU1010","BLACKGORA",-0.0815304766690994
"MTU9","BLACKGORA",0.13894237361717
"NERICA-L-26","BLACKGORA",-0.0842860772137612
"NERICA-L-42","BLACKGORA",-0.0858537097090538
"NERICA-L-44","BLACKGORA",-0.0339943958891533
"PARIJAT","BLACKGORA",-0.146828197845737
"Patchaiperumal","BLACKGORA",-0.22358518902129
"PEH-KUH-TSAO-TU","BLACKGORA",0.147893949378554
"PMK-2","BLACKGORA",-0.216785882869928
"PRASAD-1","BLACKGORA",0.406481302857434
"PUSASUGANDH5","BLACKGORA",-0.0617932618651764
"PUSA1121","BLACKGORA",-0.209645294000219
"Pusa1121-SN12","BLACKGORA",-0.224957044572909
"PUSA44","BLACKGORA",0.0648539357431833
"PUSABASMATI6","BLACKGORA",0.321464068507292
"PUSASUGANDH2","BLACKGORA",0.303874362663641
"RASI","BLACKGORA",-0.165339626523522
"RKVY-104","BLACKGORA",-0.380907150939335
"RKVY-143","BLACKGORA",-0.218944969434953
"RKVY-28","BLACKGORA",-0.353068453503739
"R-RF-44","BLACKGORA",-0.0895798244611048
"RRF-78","BLACKGORA",-0.182536245330295
"Sadabahar","BLACKGORA",0.255281279867122
"SAFRI-17","BLACKGORA",0.432108911144242
"SAHBHAGIDHAN","BLACKGORA",-0.133710683441005
"SATABHAMA","BLACKGORA",0.297550540773457
"SERATOES","BLACKGORA",-0.376037355386446
"SERETY","BLACKGORA",0.168277262867579
"SHAKU","BLACKGORA",0.19199494302197
"SR1-3-1","BLACKGORA",0.36411706483755
"SUWEON","BLACKGORA",0.221185383545206
"SWARNA","BLACKGORA",-0.18985977457087
"VANAPRAVA","BLACKGORA",-0.390562115834785
"VANDANA","BLACKGORA",-0.297800007233032
"Wayrarem","BLACKGORA",-0.161001729248738
"281785","CGR1656",-0.260085866938569
"282803","CGR1656",0.104516372902852
"299554","CGR1656",0.0815898156849914
"356457","CGR1656",0.148637456959082
"376579","CGR1656",-0.0344235069932773
"376851","CGR1656",-0.0201542872294451
"377448","CGR1656",0.30362564607317
"377705","CGR1656",0.192990955884859
"384190","CGR1656",-0.382906644154778
"426049","CGR1656",0.145979062537334
"438644","CGR1656",0.115485686441744
"ADAYSEL","CGR1656",0.0626139592000354
"AbhayaXDagadesi","CGR1656",0.144194325012708
"ABHISEK","CGR1656",-0.256348622213253
"ABOR-A-1","CGR1656",0.219723802754426
"ANJALI","CGR1656",-0.249791839558967
"Annada","CGR1656",-0.318565641611706
"Apo","CGR1656",0.125786752062168
"ARC10319","CGR1656",0.384178187753326
"ARC12071","CGR1656",-0.0938620506773683
"ARNAPURNA","CGR1656",0.246470258335662
"ASD16","CGR1656",-0.179934554529573
"AUS257","CGR1656",-0.224898098652541
"BAKAL","CGR1656",-0.0240115471360788
"BAM1057","CGR1656",0.0202960725655799
"BAM1098","CGR1656",-0.0235827395844473
"BAM1659","CGR1656",-0.0873292888743722
"BAM1689","CGR1656",0.0607639153795687
"BAM1708","CGR1656",-0.0168887281757665
"BAM1812","CGR1656",0.39814969784304
"BAM2096","CGR1656",-0.0847301961190322
"BAM2166","CGR1656",-0.342374610800511
"BAM247","CGR1656",0.208241202359754
"BAM2574","CGR1656",-0.0660284468267112
"BAM2680","CGR1656",-0.194440041927266
"BAM3154","CGR1656",0.181319888804419
"BAM3181","CGR1656",0.188736698284745
"BAM326","CGR1656",-0.0494392703083004
"BAM328","CGR1656",0.332207095676026
"BAM350","CGR1656",0.251797950558977
"BAM3690","CGR1656",0.217778485259752
"BAM4009","CGR1656",-0.0224012096507612
"BAM4054","CGR1656",-0.219387196478781
"BAM4138","CGR1656",-0.319897597551554
"BAM4168","CGR1656",-0.260713663580795
"BAM4234","CGR1656",-0.24199599307157
"BAM4254","CGR1656",-0.240386582182098
"BAM4477","CGR1656",0.243178164618768
"BAM4496","CGR1656",0.497860207721817
"BAM4510","CGR1656",-0.319971007940911
"BAM4521","CGR1656",-0.336465406574824
"BAM4534","CGR1656",0.0197303660197313
"BAM4797","CGR1656",0.052530583598334
"BAM491","CGR1656",0.229736416119337
"BAM4928","CGR1656",-0.336732198622003
"BAM5110","CGR1656",-0.276639888690429
"BAM56","CGR1656",-0.374657325989904
"BAM5779","CGR1656",-0.308691543749378
"BAM5850","CGR1656",0.0195310522451661
"BAM6921","CGR1656",0.106261221253234
"BAM712","CGR1656",-0.325132797926721
"BAM742","CGR1656",-0.316198884310058
"BAM7429","CGR1656",0.365022526426011
"BAM7449","CGR1656",0.0244411534142483
"BAM747","CGR1656",-0.310615263113908
"BAM759","CGR1656",0.0399911636824481
"BAM766","CGR1656",-0.30847357338107
"BAM807","CGR1656",-0.307528563647473
"BAM811","CGR1656",0.262426840765411
"BAM812","CGR1656",-0.123559733934299
"BAM819","CGR1656",-0.198853819145696
"BAM8296","CGR1656",0.0954246067936885
"BAM8305","CGR1656",0.0773226452482497
"BAM8315","CGR1656",-0.317944876750567
"BAM8364","CGR1656",-0.264923772054428
"BAMAWPYAN","CGR1656",-0.340979973699312
"BENAMURI","CGR1656",0.802265239028669
"BLACKGORA","CGR1656",-0.196185839560218
"CGR1656","CGR1656",1.29324512544683
"CGR1679","CGR1656",-0.0213382178924941
"CGR2012","CGR1656",0.0215178865790592
"CO18","CGR1656",-0.101031832044232
"CRDHAN-204","CGR1656",-0.279151876315582
"CR143-2-2","CGR1656",0.0768465827869656
"CR262-4","CGR1656",0.0680020119877329
"CROSSA","CGR1656",0.0126287255433177
"DULAR","CGR1656",-0.0152695461345537
"EYPO","CGR1656",0.21913229650407
"EYPO-2","CGR1656",-0.151817019824437
"FULKATI","CGR1656",0.0425140091187242
"Ghanteswari","CGR1656",0.415066524193193
"GHATIKAMMANANGARHAR","CGR1656",-0.215581277663098
"GotrabiDhan","CGR1656",0.21401028872887
"GP-145-37","CGR1656",-0.0720138884902766
"GP-145-51","CGR1656",0.380308145066927
"HARBHOONDI","CGR1656",-0.264858155686893
"HongZuiEr","CGR1656",0.215355643529165
"IndrabaruniDhan","CGR1656",0.128373656520621
"IR74371-54-1-1","CGR1656",0.1124694234798
"IR77298-14-1-2-10","CGR1656",0.106936261742913
"IR77298-5-6-18","CGR1656",0.0559287656945408
"IR83383-B-B-129-4","CGR1656",0.0260180873693803
"IR83388-B-B108-3","CGR1656",0.102602048461658
"IR87707-445-B-B","CGR1656",0.0865220623177109
"IR87707-446-B-B","CGR1656",0.115568960278322
"IRROEPYO","CGR1656",-0.346739926121301
"KALINGA-1","CGR1656",0.229303821087483
"KANGRO","CGR1656",-0.0887058521944712
"KHAODAWTAI","CGR1656",-0.189414640952164
"MANDRIRAVINA","CGR1656",-0.0930518411386759
"MAUDAMANI","CGR1656",-0.240568417150483
"MOROBEREKAN","CGR1656",-0.012433274493409
"MTU1010","CGR1656",0.0423227225373222
"MTU9","CGR1656",-0.0951212318707084
"NERICA-L-26","CGR1656",0.0357217526536878
"NERICA-L-42","CGR1656",0.0369147641463364
"NERICA-L-44","CGR1656",0.152494493805316
"PARIJAT","CGR1656",0.139919872806823
"Patchaiperumal","CGR1656",0.366318598120296
"PEH-KUH-TSAO-TU","CGR1656",-0.0917904710121101
"PMK-2","CGR1656",0.21856760697777
"PRASAD-1","CGR1656",-0.226840257404372
"PUSASUGANDH5","CGR1656",0.106114846243335
"PUSA1121","CGR1656",0.0244377741599729
"Pusa1121-SN12","CGR1656",0.0319207884474161
"PUSA44","CGR1656",0.0943475675901398
"PUSABASMATI6","CGR1656",-0.299743064360108
"PUSASUGANDH2","CGR1656",-0.235505032964652
"RASI","CGR1656",0.171925542536067
"RKVY-104","CGR1656",0.0381703794752588
"RKVY-143","CGR1656",0.351515460922172
"RKVY-28","CGR1656",0.0389964229321894
"R-RF-44","CGR1656",0.124416511133818
"RRF-78","CGR1656",0.0535137807220953
"Sadabahar","CGR1656",-0.0296212559484379
"SAFRI-17","CGR1656",-0.24615905555147
"SAHBHAGIDHAN","CGR1656",0.14051783641345
"SATABHAMA","CGR1656",-0.259822759130288
"SERATOES","CGR1656",0.0227603963803426
"SERETY","CGR1656",-0.121144470737861
"SHAKU","CGR1656",-0.1517132441367
"SR1-3-1","CGR1656",-0.279615000232999
"SUWEON","CGR1656",-0.228565202028591
"SWARNA","CGR1656",0.196752022448192
"VANAPRAVA","CGR1656",0.0188938058530876
"VANDANA","CGR1656",0.0446134490626518
"Wayrarem","CGR1656",0.11584547524149
"281785","CGR1679",0.192813439732228
"282803","CGR1679",-0.249467935605983
"299554","CGR1679",-0.260828124622252
"356457","CGR1679",-0.218528813005256
"376579","CGR1679",0.55062244409357
"376851","CGR1679",0.561018936010372
"377448","CGR1679",0.0741066191117882
"377705","CGR1679",-0.174566633424322
"384190","CGR1679",0.092261637094874
"426049","CGR1679",-0.219649037264667
"438644","CGR1679",-0.238385021521164
"ADAYSEL","CGR1679",-0.231408122106974
"AbhayaXDagadesi","CGR1679",-0.304974338979646
"ABHISEK","CGR1679",0.166202232007466
"ABOR-A-1","CGR1679",-0.205155806622221
"ANJALI","CGR1679",0.165443995226809
"Annada","CGR1679",-0.0274468912818007
"Apo","CGR1679",-0.257190204946192
"ARC10319","CGR1679",-0.149895879967424
"ARC12071","CGR1679",0.303848986667719
"ARNAPURNA","CGR1679",0.417033902146579
"ASD16","CGR1679",0.255690122005882
"AUS257","CGR1679",0.187995429203921
"BAKAL","CGR1679",-0.29290714324848
"BAM1057","CGR1679",-0.339668481590934
"BAM1098","CGR1679",-0.356326400441259
"BAM1659","CGR1679",0.353850609047972
"BAM1689","CGR1679",-0.286744378310334
"BAM1708","CGR1679",-0.36854408869175
"BAM1812","CGR1679",0.115757126916577
"BAM2096","CGR1679",0.448473647751282
"BAM2166","CGR1679",0.062041662438292
"BAM247","CGR1679",-0.217265188233091
"BAM2574","CGR1679",0.552675704966695
"BAM2680","CGR1679",0.239875785198531
"BAM3154","CGR1679",-0.0928187388280751
"BAM3181","CGR1679",0.421839838866702
"BAM326","CGR1679",0.632908303973159
"BAM328","CGR1679",-0.0439791265714058
"BAM350","CGR1679",-0.10019616739184
"BAM3690","CGR1679",-0.162695065173335
"BAM4009","CGR1679",-0.365033232893909
"BAM4054","CGR1679",0.196797551376817
"BAM4138","CGR1679",0.0741876667731164
"BAM4168","CGR1679",0.116487426831906
"BAM4234","CGR1679",0.112668157331487
"BAM4254","CGR1679",0.120796077916897
"BAM4477","CGR1679",-0.146301574846588
"BAM4496","CGR1679",-0.0538260776462837
"BAM4510","CGR1679",0.0876798908730706
"BAM4521","CGR1679",0.0676657888014656
"BAM4534","CGR1679",-0.312441095834881
"BAM4797","CGR1679",0.466053812178657
"BAM491","CGR1679",-0.0530929087926516
"BAM4928","CGR1679",0.0884064980714672
"BAM5110","CGR1679",0.201948252429989
"BAM56","CGR1679",0.036127646579669
"BAM5779","CGR1679",0.0676691053006181
"BAM5850","CGR1679",-0.322972459278713
"BAM6921","CGR1679",-0.296316412247396
"BAM712","CGR1679",-0.0130605200653804
"BAM742","CGR1679",-0.0196596187280291
"BAM7429","CGR1679",0.217682622771209
"BAM7449","CGR1679",-0.337267058631641
"BAM747","CGR1679",-0.0163927942829045
"BAM759","CGR1679",-0.28988823943784
"BAM766","CGR1679",-0.0149411694282878
"BAM807","CGR1679",0.0649341882532891
"BAM811","CGR1679",-0.194218653046227
"BAM812","CGR1679",0.23592668521286
"BAM819","CGR1679",0.270525121181615
"BAM8296","CGR1679",-0.259906403749809
"BAM8305","CGR1679",-0.28816472928149
"BAM8315","CGR1679",0.0237326145802892
"BAM8364","CGR1679",0.150782438997595
"BAMAWPYAN","CGR1679",0.112532137437734
"BENAMURI","CGR1679",0.417729918544373
"BLACKGORA","CGR1679",0.229661563192547
"CGR1656","CGR1679",-0.0213382178924941
"CGR1679","CGR1679",1.2675972827433
"CGR2012","CGR1679",0.666109051899016
"CO18","CGR1679",0.280069502974282
"CRDHAN-204","CGR1679",0.170281027833691
"CR143-2-2","CGR1679",-0.261006559267941
"CR262-4","CGR1679",-0.249966081717327
"CROSSA","CGR1679",0.65092630089489
"DULAR","CGR1679",-0.32060352135274
"EYPO","CGR1679",-0.143696985834659
"EYPO-2","CGR1679",0.219738562236325
"FULKATI","CGR1679",-0.292593798125191
"Ghanteswari","CGR1679",-0.198254640986201
"GHATIKAMMANANGARHAR","CGR1679",0.173319378347317
"GotrabiDhan","CGR1679",-0.219474065040401
"GP-145-37","CGR1679",0.598608322572906
"GP-145-51","CGR1679",0.774061914384723
"HARBHOONDI","CGR1679",0.134136494346362
"HongZuiEr","CGR1679",-0.1088969070629
"IndrabaruniDhan","CGR1679",-0.144484620126532
"IR74371-54-1-1","CGR1679",-0.258009370288222
"IR77298-14-1-2-10","CGR1679",-0.278669617384467
"IR77298-5-6-18","CGR1679",-0.344054990317426
"IR83383-B-B-129-4","CGR1679",-0.334162527762931
"IR83388-B-B108-3","CGR1679",-0.306999282770467
"IR87707-445-B-B","CGR1679",-0.336729260465406
"IR87707-446-B-B","CGR1679",-0.264485745167423
"IRROEPYO","CGR1679",0.130345014368805
"KALINGA-1","CGR1679",-0.202152469211769
"KANGRO","CGR1679",0.304725198108469
"KHAODAWTAI","CGR1679",0.241970261035897
"MANDRIRAVINA","CGR1679",0.28162405472448
"MAUDAMANI","CGR1679",0.217081024013726
"MOROBEREKAN","CGR1679",-0.402178346340674
"MTU1010","CGR1679",-0.310482674990878
"MTU9","CGR1679",0.302618832421751
"NERICA-L-26","CGR1679",-0.257036854538589
"NERICA-L-42","CGR1679",-0.269149307923699
"NERICA-L-44","CGR1679",-0.240097398049464
"PARIJAT","CGR1679",-0.21081618905545
"Patchaiperumal","CGR1679",-0.0131777914995595
"PEH-KUH-TSAO-TU","CGR1679",0.302269996541033
"PMK-2","CGR1679",-0.201465836664866
"PRASAD-1","CGR1679",0.158586270303651
"PUSASUGANDH5","CGR1679",-0.281701170113009
"PUSA1121","CGR1679",-0.312092920536281
"Pusa1121-SN12","CGR1679",-0.33864336460741
"PUSA44","CGR1679",-0.299641789998221
"PUSABASMATI6","CGR1679",0.0856869984219336
"PUSASUGANDH2","CGR1679",0.280171640684649
"RASI","CGR1679",-0.226367764842108
"RKVY-104","CGR1679",-0.363211892810407
"RKVY-143","CGR1679",0.167522232334762
"RKVY-28","CGR1679",-0.270633881751764
"R-RF-44","CGR1679",-0.303692860271328
"RRF-78","CGR1679",-0.327823649029881
"Sadabahar","CGR1679",0.45191872865639
"SAFRI-17","CGR1679",0.175570086459864
"SAHBHAGIDHAN","CGR1679",-0.206535475126669
"SATABHAMA","CGR1679",0.135454473016408
"SERATOES","CGR1679",-0.319308339767098
"SERETY","CGR1679",0.316134726607577
"SHAKU","CGR1679",0.16106437555505
"SR1-3-1","CGR1679",0.145072969324398
"SUWEON","CGR1679",0.146778505861972
"SWARNA","CGR1679",-0.122472912540144
"VANAPRAVA","CGR1679",-0.341169644878179
"VANDANA","CGR1679",-0.30529899738544
"Wayrarem","CGR1679",-0.259624155712761
"281785","CGR2012",0.171818517004623
"282803","CGR2012",-0.268940920517789
"299554","CGR2012",-0.288344541731772
"356457","CGR2012",-0.211316331575617
"376579","CGR2012",0.589581846003514
"376851","CGR2012",0.578232064734513
"377448","CGR2012",0.0682250973125605
"377705","CGR2012",-0.246066243940284
"384190","CGR2012",0.0483044346121052
"426049","CGR2012",-0.211064943222556
"438644","CGR2012",-0.245066390363922
"ADAYSEL","CGR2012",-0.296419810886066
"AbhayaXDagadesi","CGR2012",-0.255410480422195
"ABHISEK","CGR2012",0.187202112839548
"ABOR-A-1","CGR2012",-0.205498103727199
"ANJALI","CGR2012",0.181416276181652
"Annada","CGR2012",0.00584289080878818
"Apo","CGR2012",-0.273958386428582
"ARC10319","CGR2012",-0.107505705100881
"ARC12071","CGR2012",0.259331091954908
"ARNAPURNA","CGR2012",0.408229975504623
"ASD16","CGR2012",0.241699155361972
"AUS257","CGR2012",0.168800847285605
"BAKAL","CGR2012",-0.310674390728135
"BAM1057","CGR2012",-0.302715702828438
"BAM1098","CGR2012",-0.347185127367718
"BAM1659","CGR2012",0.296646429520173
"BAM1689","CGR2012",-0.223736683927574
"BAM1708","CGR2012",-0.307907110144871
"BAM1812","CGR2012",0.240259861914016
"BAM2096","CGR2012",0.438221904024784
"BAM2166","CGR2012",0.0543387130636765
"BAM247","CGR2012",-0.209035402609543
"BAM2574","CGR2012",0.510710136637848
"BAM2680","CGR2012",0.178967679335335
"BAM3154","CGR2012",-0.0903072320067326
"BAM3181","CGR2012",0.395467271567342
"BAM326","CGR2012",0.583251657138178
"BAM328","CGR2012",0.00900416468207609
"BAM350","CGR2012",-0.0645745551073112
"BAM3690","CGR2012",-0.20927733273371
"BAM4009","CGR2012",-0.32302399801332
"BAM4054","CGR2012",0.214364069553616
"BAM4138","CGR2012",0.038433691799561
"BAM4168","CGR2012",0.105401042564018
"BAM4234","CGR2012",0.100260056644382
"BAM4254","CGR2012",0.108543151031119
"BAM4477","CGR2012",-0.206202581291996
"BAM4496","CGR2012",-0.01506506694281
"BAM4510","CGR2012",0.0746788989977226
"BAM4521","CGR2012",0.0576628006741922
"BAM4534","CGR2012",-0.317524700386796
"BAM4797","CGR2012",0.531460769668028
"BAM491","CGR2012",-0.0286269620040862
"BAM4928","CGR2012",0.0657726532950923
"BAM5110","CGR2012",0.1932947476982
"BAM56","CGR2012",0.0899767592867616
"BAM5779","CGR2012",0.111754579667158
"BAM5850","CGR2012",-0.273299718898717
"BAM6921","CGR2012",-0.286550132024946
"BAM712","CGR2012",0.00717451121640592
"BAM742","CGR2012",-0.00506367774743468
"BAM7429","CGR2012",0.228284266574528
"BAM7449","CGR2012",-0.354741851071815
"BAM747","CGR2012",0.00443613529390958
"BAM759","CGR2012",-0.277526615705302
"BAM766","CGR2012",0.0048605996510142
"BAM807","CGR2012",0.112105955136094
"BAM811","CGR2012",-0.164463442277162
"BAM812","CGR2012",0.258532988419399
"BAM819","CGR2012",0.184586113815721
"BAM8296","CGR2012",-0.261097360396242
"BAM8305","CGR2012",-0.317204312245764
"BAM8315","CGR2012",0.0574070554658256
"BAM8364","CGR2012",0.163065147874096
"BAMAWPYAN","CGR2012",0.0753848510181759
"BENAMURI","CGR2012",0.436700205828042
"BLACKGORA","CGR2012",0.218679592749002
"CGR1656","CGR2012",0.0215178865790592
"CGR1679","CGR2012",0.666109051899016
"CGR2012","CGR2012",1.23504001151259
"CO18","CGR2012",0.299017469394015
"CRDHAN-204","CGR2012",0.170813714068705
"CR143-2-2","CGR2012",-0.241257693097981
"CR262-4","CGR2012",-0.231799156120888
"CROSSA","CGR2012",0.928698398129171
"DULAR","CGR2012",-0.35269863218021
"EYPO","CGR2012",-0.137261956906866
"EYPO-2","CGR2012",0.20863339762863
"FULKATI","CGR2012",-0.336152800204331
"Ghanteswari","CGR2012",-0.185610122596268
"GHATIKAMMANANGARHAR","CGR2012",0.187587069693133
"GotrabiDhan","CGR2012",-0.220250410229068
"GP-145-37","CGR2012",0.640539221603462
"GP-145-51","CGR2012",0.233134245529246
"HARBHOONDI","CGR2012",0.144651927552777
"HongZuiEr","CGR2012",-0.164467436996129
"IndrabaruniDhan","CGR2012",-0.204272541688408
"IR74371-54-1-1","CGR2012",-0.246543376932227
"IR77298-14-1-2-10","CGR2012",-0.238911172451714
"IR77298-5-6-18","CGR2012",-0.321320696821349
"IR83383-B-B-129-4","CGR2012",-0.328525819735851
"IR83388-B-B108-3","CGR2012",-0.260034646814523
"IR87707-445-B-B","CGR2012",-0.328410252446209
"IR87707-446-B-B","CGR2012",-0.285385087524492
"IRROEPYO","CGR2012",0.0942085592195264
"KALINGA-1","CGR2012",-0.188667566790749
"KANGRO","CGR2012",0.263051046640844
"KHAODAWTAI","CGR2012",0.241552099273843
"MANDRIRAVINA","CGR2012",0.305020895269243
"MAUDAMANI","CGR2012",0.230179814251749
"MOROBEREKAN","CGR2012",-0.397530270793568
"MTU1010","CGR2012",-0.298301322328702
"MTU9","CGR2012",0.262227542726759
"NERICA-L-26","CGR2012",-0.225041149431772
"NERICA-L-42","CGR2012",-0.23684745141016
"NERICA-L-44","CGR2012",-0.210760449626292
"PARIJAT","CGR2012",-0.254105007721917
"Patchaiperumal","CGR2012",0.00756869714326285
"PEH-KUH-TSAO-TU","CGR2012",0.25932939012983
"PMK-2","CGR2012",-0.203042970220232
"PRASAD-1","CGR2012",0.211349217787952
"PUSASUGANDH5","CGR2012",-0.28241464000949
"PUSA1121","CGR2012",-0.308292575290331
"Pusa1121-SN12","CGR2012",-0.331717893816239
"PUSA44","CGR2012",-0.277011033836481
"PUSABASMATI6","CGR2012",0.0686479134293353
"PUSASUGANDH2","CGR2012",0.217495026953266
"RASI","CGR2012",-0.19648015320956
"RKVY-104","CGR2012",-0.357342509413168
"RKVY-143","CGR2012",0.173851673725288
"RKVY-28","CGR2012",-0.298409608237454
"R-RF-44","CGR2012",-0.248882756198142
"RRF-78","CGR2012",-0.326948258904264
"Sadabahar","CGR2012",0.469529068944866
"SAFRI-17","CGR2012",0.207211047868225
"SAHBHAGIDHAN","CGR2012",-0.246015868768497
"SATABHAMA","CGR2012",0.175660732573692
"SERATOES","CGR2012",-0.318265872524916
"SERETY","CGR2012",0.259752565975953
"SHAKU","CGR2012",0.172776833118726
"SR1-3-1","CGR2012",0.154974534017358
"SUWEON","CGR2012",0.182019479460218
"SWARNA","CGR2012",-0.193262094257676
"VANAPRAVA","CGR2012",-0.3125521842511
"VANDANA","CGR2012",-0.320608833622504
"Wayrarem","CGR2012",-0.282761996672328
"281785","CO18",0.249607709424641
"282803","CO18",-0.198199836903304
"299554","CO18",-0.300094754063249
"356457","CO18",-0.0718137690114898
"376579","CO18",0.239065275476957
"376851","CO18",0.273683616257104
"377448","CO18",-0.144731870869034
"377705","CO18",-0.276556885437617
"384190","CO18",0.0815338067512696
"426049","CO18",-0.0678265483252238
"438644","CO18",-0.177839007476338
"ADAYSEL","CO18",-0.269992980218084
"AbhayaXDagadesi","CO18",-0.277933657338987
"ABHISEK","CO18",0.216741883244699
"ABOR-A-1","CO18",-0.0566634580777196
"ANJALI","CO18",0.150330336330595
"Annada","CO18",-0.051321631437609
"Apo","CO18",-0.320672439137168
"ARC10319","CO18",0.142275218532317
"ARC12071","CO18",0.973052513155067
"ARNAPURNA","CO18",0.417062824155237
"ASD16","CO18",0.261635394838259
"AUS257","CO18",0.141350185267974
"BAKAL","CO18",-0.318395913510095
"BAM1057","CO18",-0.299727258863509
"BAM1098","CO18",-0.369532065810838
"BAM1659","CO18",0.493376414261823
"BAM1689","CO18",-0.286245812122575
"BAM1708","CO18",-0.275183316229039
"BAM1812","CO18",-0.139450832289325
"BAM2096","CO18",0.287713087432394
"BAM2166","CO18",0.0725803337128019
"BAM247","CO18",-0.177759943161956
"BAM2574","CO18",0.269508225706065
"BAM2680","CO18",0.156046542233355
"BAM3154","CO18",-0.226686873001116
"BAM3181","CO18",0.391460578351238
"BAM326","CO18",0.340075450707368
"BAM328","CO18",-0.139656744086047
"BAM350","CO18",-0.206568427407449
"BAM3690","CO18",-0.235630699989996
"BAM4009","CO18",-0.285733794393229
"BAM4054","CO18",0.224578628833037
"BAM4138","CO18",0.123103952314026
"BAM4168","CO18",0.103788386784103
"BAM4234","CO18",0.155081517060597
"BAM4254","CO18",0.158002495105302
"BAM4477","CO18",-0.227728209761691
"BAM4496","CO18",-0.0447934380134223
"BAM4510","CO18",0.120291975947215
"BAM4521","CO18",0.0868519921322951
"BAM4534","CO18",-0.342892228907436
"BAM4797","CO18",0.311601838773786
"BAM491","CO18",-0.170789203803302
"BAM4928","CO18",0.125923863921973
"BAM5110","CO18",0.0962782159958834
"BAM56","CO18",0.0859137189725941
"BAM5779","CO18",0.0282856042254012
"BAM5850","CO18",-0.294186554650015
"BAM6921","CO18",-0.277422671889816
"BAM712","CO18",-0.0654297745041589
"BAM742","CO18",-0.0605997378740276
"BAM7429","CO18",-0.118877650616976
"BAM7449","CO18",-0.295670032258541
"BAM747","CO18",-0.0498065837599701
"BAM759","CO18",-0.29697538143687
"BAM766","CO18",-0.0557447535822398
"BAM807","CO18",0.0389685000884066
"BAM811","CO18",-0.291103117429492
"BAM812","CO18",0.140559777045989
"BAM819","CO18",0.232098355696131
"BAM8296","CO18",-0.289391637911815
"BAM8305","CO18",-0.174451726798635
"BAM8315","CO18",0.0358129825350941
"BAM8364","CO18",0.160018537450165
"BAMAWPYAN","CO18",0.0953669714536608
"BENAMURI","CO18",0.33316885057624
"BLACKGORA","CO18",0.1660131265789
"CGR1656","CO18",-0.101031832044232
"CGR1679","CO18",0.280069502974282
"CGR2012","CO18",0.299017469394015
"CO18","CO18",1.17996965089261
"CRDHAN-204","CO18",0.0931241996148237
"CR143-2-2","CO18",-0.292535013918247
"CR262-4","CO18",-0.279360057650421
"CROSSA","CO18",0.323635082472098
"DULAR","CO18",-0.353048235139153
"EYPO","CO18",-0.181793039328999
"EYPO-2","CO18",0.377378552917271
"FULKATI","CO18",-0.310498711068189
"Ghanteswari","CO18",-0.1519307279258
"GHATIKAMMANANGARHAR","CO18",0.211933519908821
"GotrabiDhan","CO18",-0.174182280624819
"GP-145-37","CO18",0.262257644606929
"GP-145-51","CO18",-0.157790971425224
"HARBHOONDI","CO18",0.0795020705377747
"HongZuiEr","CO18",-0.214284365130028
"IndrabaruniDhan","CO18",-0.152897113417219
"IR74371-54-1-1","CO18",-0.292206509078257
"IR77298-14-1-2-10","CO18",-0.280012380980348
"IR77298-5-6-18","CO18",-0.226860874794814
"IR83383-B-B-129-4","CO18",-0.213489452129505
"IR83388-B-B108-3","CO18",-0.209118007963763
"IR87707-445-B-B","CO18",-0.242944173826667
"IR87707-446-B-B","CO18",-0.291408823429521
"IRROEPYO","CO18",0.155968389453564
"KALINGA-1","CO18",-0.129237929591412
"KANGRO","CO18",0.985099194428123
"KHAODAWTAI","CO18",0.157952191622923
"MANDRIRAVINA","CO18",1.14456346998748
"MAUDAMANI","CO18",0.15259637575765
"MOROBEREKAN","CO18",-0.425920420210592
"MTU1010","CO18",-0.144464350569385
"MTU9","CO18",0.985185338568069
"NERICA-L-26","CO18",-0.329180538923518
"NERICA-L-42","CO18",-0.33957151937413
"NERICA-L-44","CO18",-0.250270247332545
"PARIJAT","CO18",-0.264426150488511
"Patchaiperumal","CO18",0.0328654399601995
"PEH-KUH-TSAO-TU","CO18",0.986662104250107
"PMK-2","CO18",-0.0493514299387537
"PRASAD-1","CO18",0.310538689540802
"PUSASUGANDH5","CO18",-0.264226427338053
"PUSA1121","CO18",-0.306975557226039
"Pusa1121-SN12","CO18",-0.300470503280589
"PUSA44","CO18",-0.275890702373732
"PUSABASMATI6","CO18",0.151921971225116
"PUSASUGANDH2","CO18",0.274249612156348
"RASI","CO18",-0.195964413399205
"RKVY-104","CO18",-0.353242722451526
"RKVY-143","CO18",-0.0711738511832134
"RKVY-28","CO18",-0.274320437157839
"R-RF-44","CO18",-0.205112084690267
"RRF-78","CO18",-0.249968683662189
"Sadabahar","CO18",0.257978442073931
"SAFRI-17","CO18",0.218566917354114
"SAHBHAGIDHAN","CO18",-0.254190922329896
"SATABHAMA","CO18",0.141120322621611
"SERATOES","CO18",-0.297723820327515
"SERETY","CO18",0.903705386074574
"SHAKU","CO18",0.100498661858806
"SR1-3-1","CO18",0.135252897920958
"SUWEON","CO18",0.184261052360757
"SWARNA","CO18",-0.243544112563602
"VANAPRAVA","CO18",-0.298135259789827
"VANDANA","CO18",-0.34080072832611
"Wayrarem","CO18",-0.326280446150833
"281785","CRDHAN-204",0.252558191240628
"282803","CRDHAN-204",-0.172056891843911
"299554","CRDHAN-204",0.486367453528112
"356457","CRDHAN-204",-0.202634887168714
"376579","CRDHAN-204",0.167784383649395
"376851","CRDHAN-204",0.173122712985979
"377448","CRDHAN-204",-0.239837346097561
"377705","CRDHAN-204",-0.22112529685779
"384190","CRDHAN-204",-0.00300727567317882
"426049","CRDHAN-204",-0.1974768893685
"438644","CRDHAN-204",-0.169586682566813
"ADAYSEL","CRDHAN-204",-0.256451578554079
"AbhayaXDagadesi","CRDHAN-204",-0.0603240389124859
"ABHISEK","CRDHAN-204",0.403810630679461
"ABOR-A-1","CRDHAN-204",-0.28238333839242
"ANJALI","CRDHAN-204",0.450163916351027
"Annada","CRDHAN-204",0.0687637411015287
"Apo","CRDHAN-204",0.0240960997748439
"ARC10319","CRDHAN-204",-0.252392368223945
"ARC12071","CRDHAN-204",0.0847732940231005
"ARNAPURNA","CRDHAN-204",0.212254187269125
"ASD16","CRDHAN-204",0.354017484230018
"AUS257","CRDHAN-204",0.362935894286137
"BAKAL","CRDHAN-204",-0.363656628695123
"BAM1057","CRDHAN-204",-0.382382411961162
"BAM1098","CRDHAN-204",-0.398848462653505
"BAM1659","CRDHAN-204",0.232534967582591
"BAM1689","CRDHAN-204",-0.332143394245906
"BAM1708","CRDHAN-204",-0.367964063056233
"BAM1812","CRDHAN-204",-0.255100607505427
"BAM2096","CRDHAN-204",0.137560319033031
"BAM2166","CRDHAN-204",0.000279608644779633
"BAM247","CRDHAN-204",-0.165339211511477
"BAM2574","CRDHAN-204",0.190162720431095
"BAM2680","CRDHAN-204",0.202577327482139
"BAM3154","CRDHAN-204",-0.145661438800895
"BAM3181","CRDHAN-204",0.147648811458491
"BAM326","CRDHAN-204",0.148127976344442
"BAM328","CRDHAN-204",-0.250872760691359
"BAM350","CRDHAN-204",-0.329342521427261
"BAM3690","CRDHAN-204",-0.249145161862954
"BAM4009","CRDHAN-204",-0.351438620075375
"BAM4054","CRDHAN-204",0.317544777775444
"BAM4138","CRDHAN-204",-0.0119414868979073
"BAM4168","CRDHAN-204",0.0960941307160433
"BAM4234","CRDHAN-204",0.361516284739369
"BAM4254","CRDHAN-204",0.37844561301262
"BAM4477","CRDHAN-204",-0.233958937470593
"BAM4496","CRDHAN-204",-0.238673105753114
"BAM4510","CRDHAN-204",0.00117452396123559
"BAM4521","CRDHAN-204",0.0218985526513671
"BAM4534","CRDHAN-204",-0.402401432549433
"BAM4797","CRDHAN-204",0.15227820949406
"BAM491","CRDHAN-204",-0.319077364687314
"BAM4928","CRDHAN-204",0.085736828951598
"BAM5110","CRDHAN-204",0.763322419515153
"BAM56","CRDHAN-204",0.0140877764003062
"BAM5779","CRDHAN-204",0.171930790696913
"BAM5850","CRDHAN-204",-0.39782216337313
"BAM6921","CRDHAN-204",-0.0323452954646623
"BAM712","CRDHAN-204",0.074872415036314
"BAM742","CRDHAN-204",0.0721042699170179
"BAM7429","CRDHAN-204",-0.26559839879439
"BAM7449","CRDHAN-204",-0.386299074580541
"BAM747","CRDHAN-204",0.0725861068520291
"BAM759","CRDHAN-204",-0.305290444247723
"BAM766","CRDHAN-204",0.0651693293289705
"BAM807","CRDHAN-204",0.155074546958696
"BAM811","CRDHAN-204",-0.148714836623536
"BAM812","CRDHAN-204",0.266841296723488
"BAM819","CRDHAN-204",0.265511010334157
"BAM8296","CRDHAN-204",-0.14598705969808
"BAM8305","CRDHAN-204",-0.147576732371981
"BAM8315","CRDHAN-204",0.034801293283881
"BAM8364","CRDHAN-204",0.184764291918302
"BAMAWPYAN","CRDHAN-204",0.00552122690144046
"BENAMURI","CRDHAN-204",0.133876982304494
"BLACKGORA","CRDHAN-204",0.307675244284591
"CGR1656","CRDHAN-204",-0.279151876315582
"CGR1679","CRDHAN-204",0.170281027833691
"CGR2012","CRDHAN-204",0.170813714068705
"CO18","CRDHAN-204",0.0931241996148237
"CRDHAN-204","CRDHAN-204",1.31238628253927
"CR143-2-2","CRDHAN-204",0.00147970706007075
"CR262-4","CRDHAN-204",0.0137972648347353
"CROSSA","CRDHAN-204",0.132907060400778
"DULAR","CRDHAN-204",-0.392007598581474
"EYPO","CRDHAN-204",-0.299060680277576
"EYPO-2","CRDHAN-204",0.127733901221246
"FULKATI","CRDHAN-204",-0.359817515235005
"Ghanteswari","CRDHAN-204",-0.233599057735514
"GHATIKAMMANANGARHAR","CRDHAN-204",0.275555975123111
"GotrabiDhan","CRDHAN-204",-0.110733044940601
"GP-145-37","CRDHAN-204",0.145906344397642
"GP-145-51","CRDHAN-204",-0.261306108023832
"HARBHOONDI","CRDHAN-204",0.791405020293319
"HongZuiEr","CRDHAN-204",-0.222690590869096
"IndrabaruniDhan","CRDHAN-204",-0.0105186961603773
"IR74371-54-1-1","CRDHAN-204",0.00495037286138603
"IR77298-14-1-2-10","CRDHAN-204",-0.00751367321640789
"IR77298-5-6-18","CRDHAN-204",-0.0921292437085886
"IR83383-B-B-129-4","CRDHAN-204",-0.140937301958368
"IR83388-B-B108-3","CRDHAN-204",-0.0611260763628936
"IR87707-445-B-B","CRDHAN-204",-0.106562012729238
"IR87707-446-B-B","CRDHAN-204",-0.00797890652455157
"IRROEPYO","CRDHAN-204",0.0743883885788293
"KALINGA-1","CRDHAN-204",-0.193954037543824
"KANGRO","CRDHAN-204",0.0936302197433107
"KHAODAWTAI","CRDHAN-204",0.297920384883481
"MANDRIRAVINA","CRDHAN-204",0.091516075361319
"MAUDAMANI","CRDHAN-204",0.392031126045302
"MOROBEREKAN","CRDHAN-204",-0.291413957019832
"MTU1010","CRDHAN-204",-0.0851609217535668
"MTU9","CRDHAN-204",0.0925858601196362
"NERICA-L-26","CRDHAN-204",0.00944166309664683
"NERICA-L-42","CRDHAN-204",0.0187294386757746
"NERICA-L-44","CRDHAN-204",-0.0120579508331712
"PARIJAT","CRDHAN-204",-0.0958419783280543
"Patchaiperumal","CRDHAN-204",-0.244301789528775
"PEH-KUH-TSAO-TU","CRDHAN-204",0.0928568960679635
"PMK-2","CRDHAN-204",-0.279856444168387
"PRASAD-1","CRDHAN-204",0.267032704739371
"PUSASUGANDH5","CRDHAN-204",-0.125501602815096
"PUSA1121","CRDHAN-204",-0.279471022337667
"Pusa1121-SN12","CRDHAN-204",-0.287296486349163
"PUSA44","CRDHAN-204",-0.0813143360297569
"PUSABASMATI6","CRDHAN-204",0.206489880209909
"PUSASUGANDH2","CRDHAN-204",0.395503809330665
"RASI","CRDHAN-204",-0.101336296667436
"RKVY-104","CRDHAN-204",-0.393219488412879
"RKVY-143","CRDHAN-204",-0.277102231650596
"RKVY-28","CRDHAN-204",-0.392523263526027
"R-RF-44","CRDHAN-204",0.104198687161467
"RRF-78","CRDHAN-204",-0.247385891203271
"Sadabahar","CRDHAN-204",0.152609824301176
"SAFRI-17","CRDHAN-204",0.312999558436338
"SAHBHAGIDHAN","CRDHAN-204",-0.0806525501223811
"SATABHAMA","CRDHAN-204",0.411249561712751
"SERATOES","CRDHAN-204",-0.393429598632125
"SERETY","CRDHAN-204",0.0938395838242015
"SHAKU","CRDHAN-204",0.442798266264083
"SR1-3-1","CRDHAN-204",0.31662170906632
"SUWEON","CRDHAN-204",0.25714514194446
"SWARNA","CRDHAN-204",-0.0726186703998243
"VANAPRAVA","CRDHAN-204",-0.381523357095056
"VANDANA","CRDHAN-204",-0.0219103331255044
"Wayrarem","CRDHAN-204",0.0288329824905531
"281785","CR143-2-2",-0.229880432827551
"282803","CR143-2-2",0.192651377612918
"299554","CR143-2-2",0.381681401925484
"356457","CR143-2-2",0.115561606749179
"376579","CR143-2-2",-0.307339360712024
"376851","CR143-2-2",-0.265240758357862
"377448","CR143-2-2",0.103719414805652
"377705","CR143-2-2",0.117968630391519
"384190","CR143-2-2",-0.320780105682189
"426049","CR143-2-2",0.116990251462062
"438644","CR143-2-2",0.179877923897632
"ADAYSEL","CR143-2-2",0.0652329060716895
"AbhayaXDagadesi","CR143-2-2",0.243746896445506
"ABHISEK","CR143-2-2",-0.116302897623808
"ABOR-A-1","CR143-2-2",0.129050304365355
"ANJALI","CR143-2-2",-0.165130224494741
"Annada","CR143-2-2",-0.262244310318294
"Apo","CR143-2-2",0.489378073760963
"ARC10319","CR143-2-2",0.121088794314813
"ARC12071","CR143-2-2",-0.28705297394541
"ARNAPURNA","CR143-2-2",-0.288786083268074
"ASD16","CR143-2-2",-0.172705176265552
"AUS257","CR143-2-2",0.0774724925411697
"BAKAL","CR143-2-2",-0.00720283045082267
"BAM1057","CR143-2-2",-0.0483049526980415
"BAM1098","CR143-2-2",-0.0209632867020216
"BAM1659","CR143-2-2",-0.219256071284508
"BAM1689","CR143-2-2",-0.0336882262636439
"BAM1708","CR143-2-2",-0.0126032694763151
"BAM1812","CR143-2-2",0.0939586421728119
"BAM2096","CR143-2-2",-0.236529003746045
"BAM2166","CR143-2-2",-0.354489538046003
"BAM247","CR143-2-2",0.0981828680736748
"BAM2574","CR143-2-2",-0.257202727640295
"BAM2680","CR143-2-2",-0.224760941816989
"BAM3154","CR143-2-2",0.293346178753025
"BAM3181","CR143-2-2",-0.294059622711456
"BAM326","CR143-2-2",-0.27040398526375
"BAM328","CR143-2-2",0.10763362846307
"BAM350","CR143-2-2",0.0440173137599006
"BAM3690","CR143-2-2",0.108773216969084
"BAM4009","CR143-2-2",-0.0439596916098788
"BAM4054","CR143-2-2",-0.152465621315283
"BAM4138","CR143-2-2",-0.394710961722404
"BAM4168","CR143-2-2",-0.263846693564011
"BAM4234","CR143-2-2",-0.21054760896017
"BAM4254","CR143-2-2",-0.221261635398753
"BAM4477","CR143-2-2",0.100749877412383
"BAM4496","CR143-2-2",0.0967245135902303
"BAM4510","CR143-2-2",-0.384144671375163
"BAM4521","CR143-2-2",-0.347318759774297
"BAM4534","CR143-2-2",-0.0369622783000721
"BAM4797","CR143-2-2",-0.29335825617477
"BAM491","CR143-2-2",0.0507488769308654
"BAM4928","CR143-2-2",-0.3315836717372
"BAM5110","CR143-2-2",-0.0105705208730164
"BAM56","CR143-2-2",-0.38332544159837
"BAM5779","CR143-2-2",-0.140358172774664
"BAM5850","CR143-2-2",-0.0423988159952998
"BAM6921","CR143-2-2",0.336694695044942
"BAM712","CR143-2-2",-0.253191065964329
"BAM742","CR143-2-2",-0.254412104887791
"BAM7429","CR143-2-2",0.0790951393562312
"BAM7449","CR143-2-2",-0.04371335539823
"BAM747","CR143-2-2",-0.269587703173106
"BAM759","CR143-2-2",0.0520466691920415
"BAM766","CR143-2-2",-0.262081657657328
"BAM807","CR143-2-2",-0.138118934668875
"BAM811","CR143-2-2",0.121099137043841
"BAM812","CR143-2-2",-0.250355140176244
"BAM819","CR143-2-2",-0.257809706321012
"BAM8296","CR143-2-2",0.314959269872079
"BAM8305","CR143-2-2",0.139914121478373
"BAM8315","CR143-2-2",-0.267790789911879
"BAM8364","CR143-2-2",-0.206666090561781
"BAMAWPYAN","CR143-2-2",-0.362360938187897
"BENAMURI","CR143-2-2",-0.274682378930774
"BLACKGORA","CR143-2-2",-0.16845042737045
"CGR1656","CR143-2-2",0.0768465827869656
"CGR1679","CR143-2-2",-0.261006559267941
"CGR2012","CR143-2-2",-0.241257693097981
"CO18","CR143-2-2",-0.292535013918247
"CRDHAN-204","CR143-2-2",0.00147970706007075
"CR143-2-2","CR143-2-2",1.2512738432641
"CR262-4","CR143-2-2",1.22051802321199
"CROSSA","CR143-2-2",-0.256540304002876
"DULAR","CR143-2-2",-0.0693987205392361
"EYPO","CR143-2-2",0.0358630561955504
"EYPO-2","CR143-2-2",-0.220842232504936
"FULKATI","CR143-2-2",0.00372343984685409
"Ghanteswari","CR143-2-2",0.102790512840381
"GHATIKAMMANANGARHAR","CR143-2-2",-0.13779403824851
"GotrabiDhan","CR143-2-2",0.131442683771141
"GP-145-37","CR143-2-2",-0.242416963876093
"GP-145-51","CR143-2-2",0.0947682415748119
"HARBHOONDI","CR143-2-2",0.394728169426675
"HongZuiEr","CR143-2-2",0.149724972374268
"IndrabaruniDhan","CR143-2-2",0.264412892244596
"IR74371-54-1-1","CR143-2-2",0.798831623497995
"IR77298-14-1-2-10","CR143-2-2",0.331751989156548
"IR77298-5-6-18","CR143-2-2",0.198575105557973
"IR83383-B-B-129-4","CR143-2-2",0.181811749703717
"IR83388-B-B108-3","CR143-2-2",0.306513797659694
"IR87707-445-B-B","CR143-2-2",0.204194818978097
"IR87707-446-B-B","CR143-2-2",0.421627731626448
"IRROEPYO","CR143-2-2",-0.349848897858537
"KALINGA-1","CR143-2-2",0.141977531853704
"KANGRO","CR143-2-2",-0.288369688550383
"KHAODAWTAI","CR143-2-2",-0.186753523420915
"MANDRIRAVINA","CR143-2-2",-0.29313651856161
"MAUDAMANI","CR143-2-2",-0.152683930791056
"MOROBEREKAN","CR143-2-2",0.0877105886141271
"MTU1010","CR143-2-2",0.204319220919799
"MTU9","CR143-2-2",-0.298012414382594
"NERICA-L-26","CR143-2-2",0.588700426953047
"NERICA-L-42","CR143-2-2",0.591008857684011
"NERICA-L-44","CR143-2-2",0.220019050707193
"PARIJAT","CR143-2-2",0.187101025799029
"Patchaiperumal","CR143-2-2",0.0617709563830982
"PEH-KUH-TSAO-TU","CR143-2-2",-0.286858670457746
"PMK-2","CR143-2-2",0.122963174379219
"PRASAD-1","CR143-2-2",-0.203276656552123
"PUSASUGANDH5","CR143-2-2",0.191415474683858
"PUSA1121","CR143-2-2",0.109369524387129
"Pusa1121-SN12","CR143-2-2",0.107738160245933
"PUSA44","CR143-2-2",0.223977224718393
"PUSABASMATI6","CR143-2-2",-0.224452681713142
"PUSASUGANDH2","CR143-2-2",-0.0858450173585061
"RASI","CR143-2-2",0.227696006231167
"RKVY-104","CR143-2-2",-0.0524545642743918
"RKVY-143","CR143-2-2",0.0779557283950833
"RKVY-28","CR143-2-2",-0.0364293025559921
"R-RF-44","CR143-2-2",0.239942055483914
"RRF-78","CR143-2-2",0.142054944844905
"Sadabahar","CR143-2-2",-0.255215093657303
"SAFRI-17","CR143-2-2",-0.140711283876708
"SAHBHAGIDHAN","CR143-2-2",0.184815419988984
"SATABHAMA","CR143-2-2",0.45506036842368
"SERATOES","CR143-2-2",-0.0645618618297486
"SERETY","CR143-2-2",-0.268333992285939
"SHAKU","CR143-2-2",-0.00691773591966339
"SR1-3-1","CR143-2-2",-0.117872725915085
"SUWEON","CR143-2-2",-0.163867458730778
"SWARNA","CR143-2-2",0.246185136281757
"VANAPRAVA","CR143-2-2",-0.0483615738623441
"VANDANA","CR143-2-2",0.390001351016961
"Wayrarem","CR143-2-2",0.499992558558354
"281785","CR262-4",-0.221498637574269
"282803","CR262-4",0.184056222052527
"299554","CR262-4",0.364364191360381
"356457","CR262-4",0.108937477930975
"376579","CR262-4",-0.293989231157063
"376851","CR262-4",-0.254361967272736
"377448","CR262-4",0.0955664906949917
"377705","CR262-4",0.105288594612232
"384190","CR262-4",-0.311009609026557
"426049","CR262-4",0.110789403214705
"438644","CR262-4",0.172704063351289
"ADAYSEL","CR262-4",0.0559297893608386
"AbhayaXDagadesi","CR262-4",0.232650105260388
"ABHISEK","CR262-4",-0.10670319748461
"ABOR-A-1","CR262-4",0.116603816655963
"ANJALI","CR262-4",-0.157013171492
"Annada","CR262-4",-0.243208367317713
"Apo","CR262-4",0.491947359033049
"ARC10319","CR262-4",0.107824845094366
"ARC12071","CR262-4",-0.273066554470674
"ARNAPURNA","CR262-4",-0.278676117095644
"ASD16","CR262-4",-0.161994743432042
"AUS257","CR262-4",0.0918128987501678
"BAKAL","CR262-4",-0.0246398524606241
"BAM1057","CR262-4",-0.0580888832714263
"BAM1098","CR262-4",-0.0237691396105118
"BAM1659","CR262-4",-0.208351278861132
"BAM1689","CR262-4",-0.0370904194881053
"BAM1708","CR262-4",-0.0167002868732379
"BAM1812","CR262-4",0.0871788842945373
"BAM2096","CR262-4",-0.224726936720707
"BAM2166","CR262-4",-0.346725370250359
"BAM247","CR262-4",0.0870466405510606
"BAM2574","CR262-4",-0.243417523699371
"BAM2680","CR262-4",-0.222267090069221
"BAM3154","CR262-4",0.282562668656785
"BAM3181","CR262-4",-0.286083505037094
"BAM326","CR262-4",-0.257322843415314
"BAM328","CR262-4",0.0964254545294426
"BAM350","CR262-4",0.0255160459237594
"BAM3690","CR262-4",0.092704070221871
"BAM4009","CR262-4",-0.0591629660279648
"BAM4054","CR262-4",-0.146809329874047
"BAM4138","CR262-4",-0.397062611558333
"BAM4168","CR262-4",-0.26211486094509
"BAM4234","CR262-4",-0.203649845688297
"BAM4254","CR262-4",-0.210999003578275
"BAM4477","CR262-4",0.0939706046628807
"BAM4496","CR262-4",0.0914528488312239
"BAM4510","CR262-4",-0.382344671888075
"BAM4521","CR262-4",-0.342044207198404
"BAM4534","CR262-4",-0.0618863796501607
"BAM4797","CR262-4",-0.280463209804996
"BAM491","CR262-4",0.049794931597437
"BAM4928","CR262-4",-0.322635229246419
"BAM5110","CR262-4",4.89081123231223e-05
"BAM56","CR262-4",-0.380312266287698
"BAM5779","CR262-4",-0.130469733802386
"BAM5850","CR262-4",-0.05981130504117
"BAM6921","CR262-4",0.336174587044844
"BAM712","CR262-4",-0.236937247239464
"BAM742","CR262-4",-0.239457585555357
"BAM7429","CR262-4",0.0713173514266101
"BAM7449","CR262-4",-0.0561032391208609
"BAM747","CR262-4",-0.251860827457101
"BAM759","CR262-4",0.0385045023841761
"BAM766","CR262-4",-0.24691216121231
"BAM807","CR262-4",-0.127813018183566
"BAM811","CR262-4",0.110208821039328
"BAM812","CR262-4",-0.23685409142747
"BAM819","CR262-4",-0.248309960113147
"BAM8296","CR262-4",0.310397057317095
"BAM8305","CR262-4",0.130852267549824
"BAM8315","CR262-4",-0.261972607362495
"BAM8364","CR262-4",-0.195748951794621
"BAMAWPYAN","CR262-4",-0.361070849749648
"BENAMURI","CR262-4",-0.264303931743396
"BLACKGORA","CR262-4",-0.161705585487679
"CGR1656","CR262-4",0.0680020119877329
"CGR1679","CR262-4",-0.249966081717327
"CGR2012","CR262-4",-0.231799156120888
"CO18","CR262-4",-0.279360057650421
"CRDHAN-204","CR262-4",0.0137972648347353
"CR143-2-2","CR262-4",1.22051802321199
"CR262-4","CR262-4",1.24185648682089
"CROSSA","CR262-4",-0.246597723931524
"DULAR","CR262-4",-0.0889481753548812
"EYPO","CR262-4",0.0303162906965757
"EYPO-2","CR262-4",-0.214661110761044
"FULKATI","CR262-4",-0.0272535396222654
"Ghanteswari","CR262-4",0.100491525028227
"GHATIKAMMANANGARHAR","CR262-4",-0.130323428294349
"GotrabiDhan","CR262-4",0.123149529018642
"GP-145-37","CR262-4",-0.229166234885827
"GP-145-51","CR262-4",0.0911971825942062
"HARBHOONDI","CR262-4",0.402378735613994
"HongZuiEr","CR262-4",0.140153317784071
"IndrabaruniDhan","CR262-4",0.257526411072966
"IR74371-54-1-1","CR262-4",0.805038252733344
"IR77298-14-1-2-10","CR262-4",0.324435733855377
"IR77298-5-6-18","CR262-4",0.184478022781507
"IR83383-B-B-129-4","CR262-4",0.174580568028262
"IR83388-B-B108-3","CR262-4",0.302974328120705
"IR87707-445-B-B","CR262-4",0.197846343472438
"IR87707-446-B-B","CR262-4",0.413016155735882
"IRROEPYO","CR262-4",-0.340431309511142
"KALINGA-1","CR262-4",0.134969124724059
"KANGRO","CR262-4",-0.273521389385674
"KHAODAWTAI","CR262-4",-0.174947455241701
"MANDRIRAVINA","CR262-4",-0.280650924153158
"MAUDAMANI","CR262-4",-0.136892051767669
"MOROBEREKAN","CR262-4",0.0831738338895938
"MTU1010","CR262-4",0.197451584727756
"MTU9","CR262-4",-0.28370957726459
"NERICA-L-26","CR262-4",0.585825130425795
"NERICA-L-42","CR262-4",0.586924720939694
"NERICA-L-44","CR262-4",0.211164440309531
"PARIJAT","CR262-4",0.17641245713779
"Patchaiperumal","CR262-4",0.0535716588868671
"PEH-KUH-TSAO-TU","CR262-4",-0.27226130286355
"PMK-2","CR262-4",0.114221690290672
"PRASAD-1","CR262-4",-0.200396947425134
"PUSASUGANDH5","CR262-4",0.190643438337316
"PUSA1121","CR262-4",0.0994071143422537
"Pusa1121-SN12","CR262-4",0.0993219604824832
"PUSA44","CR262-4",0.211139026978721
"PUSABASMATI6","CR262-4",-0.209470779914106
"PUSASUGANDH2","CR262-4",-0.0769832563582405
"RASI","CR262-4",0.214591784979941
"RKVY-104","CR262-4",-0.0639547141837636
"RKVY-143","CR262-4",0.0660371388781987
"RKVY-28","CR262-4",-0.0482112160900724
"R-RF-44","CR262-4",0.241262398754748
"RRF-78","CR262-4",0.127677127277526
"Sadabahar","CR262-4",-0.239339345667338
"SAFRI-17","CR262-4",-0.13141788676611
"SAHBHAGIDHAN","CR262-4",0.184859045109854
"SATABHAMA","CR262-4",0.471512618563929
"SERATOES","CR262-4",-0.0854116128478785
"SERETY","CR262-4",-0.253787760209704
"SHAKU","CR262-4",0.0090265052344562
"SR1-3-1","CR262-4",-0.104034049333939
"SUWEON","CR262-4",-0.160419816179391
"SWARNA","CR262-4",0.24327747421702
"VANAPRAVA","CR262-4",-0.0596226519408265
"VANDANA","CR262-4",0.379903368827889
"Wayrarem","CR262-4",0.495928685012905
"281785","CROSSA",0.183041362820832
"282803","CROSSA",-0.270821340242299
"299554","CROSSA",-0.288402377127554
"356457","CROSSA",-0.222317585121414
"376579","CROSSA",0.529627820912079
"376851","CROSSA",0.547337433140324
"377448","CROSSA",0.0540744105219807
"377705","CROSSA",-0.221111924674247
"384190","CROSSA",0.0639931763943394
"426049","CROSSA",-0.224384179554497
"438644","CROSSA",-0.251523329707278
"ADAYSEL","CROSSA",-0.295917898407934
"AbhayaXDagadesi","CROSSA",-0.234085922181038
"ABHISEK","CROSSA",0.199007893329839
"ABOR-A-1","CROSSA",-0.207319778314575
"ANJALI","CROSSA",0.196932360714781
"Annada","CROSSA",-0.0119285994513135
"Apo","CROSSA",-0.27428907179207
"ARC10319","CROSSA",-0.0996990665666849
"ARC12071","CROSSA",0.282007841030158
"ARNAPURNA","CROSSA",0.429391125260045
"ASD16","CROSSA",0.222208021424833
"AUS257","CROSSA",0.164286408785162
"BAKAL","CROSSA",-0.332068209477808
"BAM1057","CROSSA",-0.309712808582225
"BAM1098","CROSSA",-0.358340618769839
"BAM1659","CROSSA",0.317495601050541
"BAM1689","CROSSA",-0.234125796098789
"BAM1708","CROSSA",-0.333914004911236
"BAM1812","CROSSA",0.173029947638404
"BAM2096","CROSSA",0.432167588675979
"BAM2166","CROSSA",0.0605831482752253
"BAM247","CROSSA",-0.196703064269642
"BAM2574","CROSSA",0.519119029516494
"BAM2680","CROSSA",0.210581026897305
"BAM3154","CROSSA",-0.0946283266496449
"BAM3181","CROSSA",0.46438500726499
"BAM326","CROSSA",0.614664432979709
"BAM328","CROSSA",-0.0154135115422995
"BAM350","CROSSA",-0.0782571706142457
"BAM3690","CROSSA",-0.182555304263277
"BAM4009","CROSSA",-0.323576187681608
"BAM4054","CROSSA",0.218278764759137
"BAM4138","CROSSA",0.060324828787991
"BAM4168","CROSSA",0.131309380006728
"BAM4234","CROSSA",0.119712565570058
"BAM4254","CROSSA",0.118630034309141
"BAM4477","CROSSA",-0.189028931309051
"BAM4496","CROSSA",-0.0246975458342311
"BAM4510","CROSSA",0.094682281499445
"BAM4521","CROSSA",0.094534051150143
"BAM4534","CROSSA",-0.323089127083832
"BAM4797","CROSSA",0.526815666466636
"BAM491","CROSSA",-0.00622377551239429
"BAM4928","CROSSA",0.0832545758461519
"BAM5110","CROSSA",0.186515954208503
"BAM56","CROSSA",0.0793968875805984
"BAM5779","CROSSA",0.0701113450841217
"BAM5850","CROSSA",-0.274179391219695
"BAM6921","CROSSA",-0.30590400377829
"BAM712","CROSSA",0.00838935056127144
"BAM742","CROSSA",-0.0143916236590063
"BAM7429","CROSSA",0.209489324427933
"BAM7449","CROSSA",-0.350514501635177
"BAM747","CROSSA",0.00143338485409141
"BAM759","CROSSA",-0.292301673681819
"BAM766","CROSSA",-0.0126737555797606
"BAM807","CROSSA",0.0750173052017582
"BAM811","CROSSA",-0.156119438009284
"BAM812","CROSSA",0.256158892511896
"BAM819","CROSSA",0.196466488318884
"BAM8296","CROSSA",-0.255547279360525
"BAM8305","CROSSA",-0.297557721041726
"BAM8315","CROSSA",0.0314320972962263
"BAM8364","CROSSA",0.17006212214293
"BAMAWPYAN","CROSSA",0.0871022812094983
"BENAMURI","CROSSA",0.433966433291531
"BLACKGORA","CROSSA",0.244860345180782
"CGR1656","CROSSA",0.0126287255433177
"CGR1679","CROSSA",0.65092630089489
"CGR2012","CROSSA",0.928698398129171
"CO18","CROSSA",0.323635082472098
"CRDHAN-204","CROSSA",0.132907060400778
"CR143-2-2","CROSSA",-0.256540304002876
"CR262-4","CROSSA",-0.246597723931524
"CROSSA","CROSSA",1.24598615193893
"DULAR","CROSSA",-0.353805210453517
"EYPO","CROSSA",-0.126931508416648
"EYPO-2","CROSSA",0.219045226540298
"FULKATI","CROSSA",-0.311079235533768
"Ghanteswari","CROSSA",-0.191355858565853
"GHATIKAMMANANGARHAR","CROSSA",0.178494322590794
"GotrabiDhan","CROSSA",-0.234431147410796
"GP-145-37","CROSSA",0.59676324267054
"GP-145-51","CROSSA",0.21690494370556
"HARBHOONDI","CROSSA",0.119221283740337
"HongZuiEr","CROSSA",-0.123895327997181
"IndrabaruniDhan","CROSSA",-0.219416722614324
"IR74371-54-1-1","CROSSA",-0.239196519259578
"IR77298-14-1-2-10","CROSSA",-0.262756023550554
"IR77298-5-6-18","CROSSA",-0.300791081362259
"IR83383-B-B-129-4","CROSSA",-0.291284062975315
"IR83388-B-B108-3","CROSSA",-0.265370696638924
"IR87707-445-B-B","CROSSA",-0.322464722480094
"IR87707-446-B-B","CROSSA",-0.269358414269951
"IRROEPYO","CROSSA",0.11979079021676
"KALINGA-1","CROSSA",-0.160874893733751
"KANGRO","CROSSA",0.287899885399516
"KHAODAWTAI","CROSSA",0.242090406166238
"MANDRIRAVINA","CROSSA",0.321074302402694
"MAUDAMANI","CROSSA",0.204858981241004
"MOROBEREKAN","CROSSA",-0.419585361457706
"MTU1010","CROSSA",-0.266233185138576
"MTU9","CROSSA",0.287489336750669
"NERICA-L-26","CROSSA",-0.255151771925321
"NERICA-L-42","CROSSA",-0.268296279727657
"NERICA-L-44","CROSSA",-0.233325740649771
"PARIJAT","CROSSA",-0.250721973581225
"Patchaiperumal","CROSSA",0.028152792532422
"PEH-KUH-TSAO-TU","CROSSA",0.295930308023172
"PMK-2","CROSSA",-0.201361529299103
"PRASAD-1","CROSSA",0.207710742951406
"PUSASUGANDH5","CROSSA",-0.315598735528265
"PUSA1121","CROSSA",-0.309759798572761
"Pusa1121-SN12","CROSSA",-0.336543856291468
"PUSA44","CROSSA",-0.271174521172522
"PUSABASMATI6","CROSSA",0.0913820158920915
"PUSASUGANDH2","CROSSA",0.193392940586056
"RASI","CROSSA",-0.206229216225063
"RKVY-104","CROSSA",-0.330080547352083
"RKVY-143","CROSSA",0.153510873128491
"RKVY-28","CROSSA",-0.295943173302715
"R-RF-44","CROSSA",-0.273177514379555
"RRF-78","CROSSA",-0.318118698961111
"Sadabahar","CROSSA",0.430748065162847
"SAFRI-17","CROSSA",0.205039382374103
"SAHBHAGIDHAN","CROSSA",-0.239019505230563
"SATABHAMA","CROSSA",0.187443860442873
"SERATOES","CROSSA",-0.320443511080939
"SERETY","CROSSA",0.289355009079461
"SHAKU","CROSSA",0.169996632947713
"SR1-3-1","CROSSA",0.144141101914024
"SUWEON","CROSSA",0.157233486091517
"SWARNA","CROSSA",-0.191623947447518
"VANAPRAVA","CROSSA",-0.312598931681787
"VANDANA","CROSSA",-0.318280433810775
"Wayrarem","CROSSA",-0.277855205317599
"281785","DULAR",-0.388325984526702
"282803","DULAR",-0.0858411159536294
"299554","DULAR",-0.0812238753367264
"356457","DULAR",-0.0946448248991027
"376579","DULAR",-0.292631517607196
"376851","DULAR",-0.313149750938168
"377448","DULAR",0.0278551361066458
"377705","DULAR",-0.10937312841916
"384190","DULAR",0.482954616688592
"426049","DULAR",-0.0964659859764345
"438644","DULAR",-0.095905116971608
"ADAYSEL","DULAR",0.446143535513904
"AbhayaXDagadesi","DULAR",-0.0786971631609943
"ABHISEK","DULAR",-0.373132135415059
"ABOR-A-1","DULAR",-0.0781781523816252
"ANJALI","DULAR",-0.433459925229619
"Annada","DULAR",-0.0594598772583792
"Apo","DULAR",-0.0461052594624021
"ARC10319","DULAR",-0.0112335782789854
"ARC12071","DULAR",-0.343825799591782
"ARNAPURNA","DULAR",-0.413902793015477
"ASD16","DULAR",-0.402854475517187
"AUS257","DULAR",-0.374678247813071
"BAKAL","DULAR",0.731483354344335
"BAM1057","DULAR",0.801313528498959
"BAM1098","DULAR",0.722044834849158
"BAM1659","DULAR",-0.362300208505396
"BAM1689","DULAR",0.615288829678583
"BAM1708","DULAR",0.745534200886026
"BAM1812","DULAR",0.00515513266171623
"BAM2096","DULAR",-0.24492472194125
"BAM2166","DULAR",0.290571680099151
"BAM247","DULAR",-0.0450597315061165
"BAM2574","DULAR",-0.314658443321855
"BAM2680","DULAR",-0.428684198200468
"BAM3154","DULAR",-0.0351400338658008
"BAM3181","DULAR",-0.345193326345157
"BAM326","DULAR",-0.346803361965538
"BAM328","DULAR",0.153323474512686
"BAM350","DULAR",0.388948108627186
"BAM3690","DULAR",0.0329895140847175
"BAM4009","DULAR",0.773011782949076
"BAM4054","DULAR",-0.399449373693748
"BAM4138","DULAR",0.472655121554379
"BAM4168","DULAR",0.130117142735502
"BAM4234","DULAR",-0.341111863808241
"BAM4254","DULAR",-0.345012357268459
"BAM4477","DULAR",0.0326556904618304
"BAM4496","DULAR",0.00402591069549788
"BAM4510","DULAR",0.497475271613855
"BAM4521","DULAR",0.52048310381713
"BAM4534","DULAR",1.05785722915967
"BAM4797","DULAR",-0.246508393687045
"BAM491","DULAR",0.329856252240755
"BAM4928","DULAR",0.225080750991916
"BAM5110","DULAR",-0.42606997633397
"BAM56","DULAR",0.419529967219542
"BAM5779","DULAR",-0.0345653464663517
"BAM5850","DULAR",0.882680118714144
"BAM6921","DULAR",-0.0824314658323381
"BAM712","DULAR",-0.0637655856449646
"BAM742","DULAR",-0.0593501133767703
"BAM7429","DULAR",0.00864506637609773
"BAM7449","DULAR",0.994154093277877
"BAM747","DULAR",-0.0513134160100152
"BAM759","DULAR",0.410689896338795
"BAM766","DULAR",-0.0530356644081041
"BAM807","DULAR",-0.0391745879909475
"BAM811","DULAR",0.0506562331843366
"BAM812","DULAR",-0.281794675410383
"BAM819","DULAR",-0.351109122629883
"BAM8296","DULAR",-0.0591637825206138
"BAM8305","DULAR",-0.0314310820285703
"BAM8315","DULAR",0.113713019763864
"BAM8364","DULAR",-0.249827849115213
"BAMAWPYAN","DULAR",0.397855164769306
"BENAMURI","DULAR",-0.349998338007961
"BLACKGORA","DULAR",-0.36785299548976
"CGR1656","DULAR",-0.0152695461345537
"CGR1679","DULAR",-0.32060352135274
"CGR2012","DULAR",-0.35269863218021
"CO18","DULAR",-0.353048235139153
"CRDHAN-204","DULAR",-0.392007598581474
"CR143-2-2","DULAR",-0.0693987205392361
"CR262-4","DULAR",-0.0889481753548812
"CROSSA","DULAR",-0.353805210453517
"DULAR","DULAR",1.87799391243122
"EYPO","DULAR",0.170584914715504
"EYPO-2","DULAR",-0.399133962692072
"FULKATI","DULAR",0.896347346822321
"Ghanteswari","DULAR",-0.0679712807729109
"GHATIKAMMANANGARHAR","DULAR",-0.383724405008441
"GotrabiDhan","DULAR",-0.0484486883019119
"GP-145-37","DULAR",-0.339914256157598
"GP-145-51","DULAR",0.00115978080612519
"HARBHOONDI","DULAR",-0.378912944028334
"HongZuiEr","DULAR",0.0198312744237001
"IndrabaruniDhan","DULAR",-0.105762391150875
"IR74371-54-1-1","DULAR",-0.0649127618076871
"IR77298-14-1-2-10","DULAR",-0.0619335708564311
"IR77298-5-6-18","DULAR",-0.063266349605274
"IR83383-B-B-129-4","DULAR",-0.060983095995246
"IR83388-B-B108-3","DULAR",-0.0707455401510425
"IR87707-445-B-B","DULAR",-0.0767091678371662
"IR87707-446-B-B","DULAR",-0.0702541667415441
"IRROEPYO","DULAR",0.215584020340815
"KALINGA-1","DULAR",-0.120741883513713
"KANGRO","DULAR",-0.344946073699526
"KHAODAWTAI","DULAR",-0.396754549331513
"MANDRIRAVINA","DULAR",-0.342795455699191
"MAUDAMANI","DULAR",-0.384278383732142
"MOROBEREKAN","DULAR",0.269504848468533
"MTU1010","DULAR",-0.0998869131844743
"MTU9","DULAR",-0.348245527216528
"NERICA-L-26","DULAR",-0.130121395594356
"NERICA-L-42","DULAR",-0.132267405157488
"NERICA-L-44","DULAR",-0.103744317948051
"PARIJAT","DULAR",-0.00728030966025309
"Patchaiperumal","DULAR",0.0302556720270762
"PEH-KUH-TSAO-TU","DULAR",-0.347331875813247
"PMK-2","DULAR",-0.0835779242216327
"PRASAD-1","DULAR",-0.314982816158281
"PUSASUGANDH5","DULAR",-0.0121448077695495
"PUSA1121","DULAR",0.29024882841528
"Pusa1121-SN12","DULAR",0.264365268708572
"PUSA44","DULAR",-0.0798615791299949
"PUSABASMATI6","DULAR",-0.235961763775095
"PUSASUGANDH2","DULAR",-0.429922950735412
"RASI","DULAR",-0.0517901912706272
"RKVY-104","DULAR",0.853633031941535
"RKVY-143","DULAR",-0.0172380658809931
"RKVY-28","DULAR",0.765713763591877
"R-RF-44","DULAR",-0.0977093394484568
"RRF-78","DULAR",0.255065158515343
"Sadabahar","DULAR",-0.265208381648755
"SAFRI-17","DULAR",-0.389192874286489
"SAHBHAGIDHAN","DULAR",-0.0144476509363745
"SATABHAMA","DULAR",-0.400527208309352
"SERATOES","DULAR",0.888679632879171
"SERETY","DULAR",-0.35549349076177
"SHAKU","DULAR",-0.299793459882854
"SR1-3-1","DULAR",-0.357622678949814
"SUWEON","DULAR",-0.141630099736213
"SWARNA","DULAR",-0.0342688280700032
"VANAPRAVA","DULAR",0.799197467056675
"VANDANA","DULAR",0.416457617220745
"Wayrarem","DULAR",-0.0494739506291821
"281785","EYPO",-0.18907029040666
"282803","EYPO",0.214802813857239
"299554","EYPO",0.0862981058258412
"356457","EYPO",0.166801876077164
"376579","EYPO",-0.0659271062336916
"376851","EYPO",-0.0987725181822867
"377448","EYPO",0.260149310839617
"377705","EYPO",0.207892412265563
"384190","EYPO",-0.132087322273229
"426049","EYPO",0.158782578261091
"438644","EYPO",0.229177768079412
"ADAYSEL","EYPO",0.219370550785162
"AbhayaXDagadesi","EYPO",0.162372926191639
"ABHISEK","EYPO",-0.234668033284995
"ABOR-A-1","EYPO",0.114799836037798
"ANJALI","EYPO",-0.201532981127525
"Annada","EYPO",-0.256915277631168
"Apo","EYPO",0.0720437762228517
"ARC10319","EYPO",0.197593493378791
"ARC12071","EYPO",-0.161690492663758
"ARNAPURNA","EYPO",-0.192302242267359
"ASD16","EYPO",-0.232192086996294
"AUS257","EYPO",-0.296666872912964
"BAKAL","EYPO",0.235006254303107
"BAM1057","EYPO",0.147339979984595
"BAM1098","EYPO",0.24858146120883
"BAM1659","EYPO",-0.207239191190812
"BAM1689","EYPO",0.249465976986598
"BAM1708","EYPO",0.164668076066752
"BAM1812","EYPO",0.232356664979909
"BAM2096","EYPO",-0.141387957650686
"BAM2166","EYPO",-0.0777040963564969
"BAM247","EYPO",0.156161570806041
"BAM2574","EYPO",-0.159032600534344
"BAM2680","EYPO",-0.180536885642331
"BAM3154","EYPO",0.231973927575492
"BAM3181","EYPO",-0.158168006806713
"BAM326","EYPO",-0.0276926353489929
"BAM328","EYPO",0.206325537881939
"BAM350","EYPO",0.229586695016613
"BAM3690","EYPO",0.188077105509079
"BAM4009","EYPO",0.191146215094661
"BAM4054","EYPO",-0.206574427049696
"BAM4138","EYPO",-0.229323099863391
"BAM4168","EYPO",-0.237559973590454
"BAM4234","EYPO",-0.260708733741118
"BAM4254","EYPO",-0.262294286811753
"BAM4477","EYPO",0.197870255711506
"BAM4496","EYPO",0.149045535809052
"BAM4510","EYPO",-0.205223431225233
"BAM4521","EYPO",-0.168289342652211
"BAM4534","EYPO",0.152614444227666
"BAM4797","EYPO",-0.168514922489893
"BAM491","EYPO",0.236219782901425
"BAM4928","EYPO",-0.0765583286446176
"BAM5110","EYPO",-0.272379717472534
"BAM56","EYPO",-0.144610002230029
"BAM5779","EYPO",-0.268412913033429
"BAM5850","EYPO",0.0985048062691682
"BAM6921","EYPO",0.114950899147694
"BAM712","EYPO",-0.265979752114092
"BAM742","EYPO",-0.255286986203532
"BAM7429","EYPO",0.252795313545526
"BAM7449","EYPO",0.111600478220122
"BAM747","EYPO",-0.266122415613823
"BAM759","EYPO",0.183680597631009
"BAM766","EYPO",-0.252206868594292
"BAM807","EYPO",-0.258617695068511
"BAM811","EYPO",0.127078473637726
"BAM812","EYPO",-0.251312138650601
"BAM819","EYPO",-0.182979264981258
"BAM8296","EYPO",0.132771073621945
"BAM8305","EYPO",0.117755535410966
"BAM8315","EYPO",-0.231301431284362
"BAM8364","EYPO",-0.198540276962258
"BAMAWPYAN","EYPO",-0.172335170832488
"BENAMURI","EYPO",-0.161547719405414
"BLACKGORA","EYPO",-0.222384286377651
"CGR1656","EYPO",0.21913229650407
"CGR1679","EYPO",-0.143696985834659
"CGR2012","EYPO",-0.137261956906866
"CO18","EYPO",-0.181793039328999
"CRDHAN-204","EYPO",-0.299060680277576
"CR143-2-2","EYPO",0.0358630561955504
"CR262-4","EYPO",0.0303162906965757
"CROSSA","EYPO",-0.126931508416648
"DULAR","EYPO",0.170584914715504
"EYPO","EYPO",1.20339045506775
"EYPO-2","EYPO",-0.245335433024053
"FULKATI","EYPO",0.145132907066446
"Ghanteswari","EYPO",0.111111487096
"GHATIKAMMANANGARHAR","EYPO",-0.238838181193172
"GotrabiDhan","EYPO",0.158856227969158
"GP-145-37","EYPO",-0.139343353805482
"GP-145-51","EYPO",0.244715879607371
"HARBHOONDI","EYPO",-0.323488208855741
"HongZuiEr","EYPO",0.161024499913263
"IndrabaruniDhan","EYPO",0.152529554133459
"IR74371-54-1-1","EYPO",0.0655203233275564
"IR77298-14-1-2-10","EYPO",0.128819995533074
"IR77298-5-6-18","EYPO",0.138423743078063
"IR83383-B-B-129-4","EYPO",0.150804586472814
"IR83388-B-B108-3","EYPO",0.0980118783311889
"IR87707-445-B-B","EYPO",0.174886642751281
"IR87707-446-B-B","EYPO",0.122835971605223
"IRROEPYO","EYPO",-0.214714051236897
"KALINGA-1","EYPO",0.118369238948106
"KANGRO","EYPO",-0.153973190795623
"KHAODAWTAI","EYPO",-0.213124975670566
"MANDRIRAVINA","EYPO",-0.182398483033866
"MAUDAMANI","EYPO",-0.270814624096251
"MOROBEREKAN","EYPO",0.0811501261478373
"MTU1010","EYPO",0.104185236811017
"MTU9","EYPO",-0.168611635916605
"NERICA-L-26","EYPO",0.122111035355709
"NERICA-L-42","EYPO",0.112773817910855
"NERICA-L-44","EYPO",0.162299368853523
"PARIJAT","EYPO",0.130954731542232
"Patchaiperumal","EYPO",0.178307711153118
"PEH-KUH-TSAO-TU","EYPO",-0.161100250422477
"PMK-2","EYPO",0.118589974609843
"PRASAD-1","EYPO",-0.2249838514436
"PUSASUGANDH5","EYPO",0.184656208011043
"PUSA1121","EYPO",0.103942889356739
"Pusa1121-SN12","EYPO",0.108171277657056
"PUSA44","EYPO",0.0829507934100377
"PUSABASMATI6","EYPO",-0.191198403871529
"PUSASUGANDH2","EYPO",-0.234563451046513
"RASI","EYPO",0.105040982009973
"RKVY-104","EYPO",0.21924972104551
"RKVY-143","EYPO",0.516005531856824
"RKVY-28","EYPO",0.173304226219425
"R-RF-44","EYPO",0.0973505723216167
"RRF-78","EYPO",0.19966884319462
"Sadabahar","EYPO",-0.113037714771183
"SAFRI-17","EYPO",-0.249652874020036
"SAHBHAGIDHAN","EYPO",0.135570416223992
"SATABHAMA","EYPO",-0.288972231908605
"SERATOES","EYPO",0.127458102442265
"SERETY","EYPO",-0.167163547260111
"SHAKU","EYPO",-0.30507645233601
"SR1-3-1","EYPO",-0.230679251164999
"SUWEON","EYPO",-0.168345312910846
"SWARNA","EYPO",0.13987327771838
"VANAPRAVA","EYPO",0.136028368892968
"VANDANA","EYPO",0.0977014019862751
"Wayrarem","EYPO",0.0736025143928229
"281785","EYPO-2",0.290392324219339
"282803","EYPO-2",-0.111406877308707
"299554","EYPO-2",-0.277359100050871
"356457","EYPO-2",0.0185119241800788
"376579","EYPO-2",0.172524746107371
"376851","EYPO-2",0.213234595952814
"377448","EYPO-2",-0.292916826001052
"377705","EYPO-2",0.0216378469461868
"384190","EYPO-2",0.0151194131781671
"426049","EYPO-2",0.0297161722063281
"438644","EYPO-2",-0.107900207821674
"ADAYSEL","EYPO-2",-0.305696764885129
"AbhayaXDagadesi","EYPO-2",-0.118591485117574
"ABHISEK","EYPO-2",0.200462208109492
"ABOR-A-1","EYPO-2",0.793279975488651
"ANJALI","EYPO-2",0.202743747527037
"Annada","EYPO-2",0.0266196636675166
"Apo","EYPO-2",-0.264336961242485
"ARC10319","EYPO-2",-0.146371797208204
"ARC12071","EYPO-2",0.351440084373159
"ARNAPURNA","EYPO-2",0.251116648189559
"ASD16","EYPO-2",0.249614072837257
"AUS257","EYPO-2",0.21637601281385
"BAKAL","EYPO-2",-0.378468964937128
"BAM1057","EYPO-2",-0.358906731702989
"BAM1098","EYPO-2",-0.350689954276935
"BAM1659","EYPO-2",0.342605404240415
"BAM1689","EYPO-2",-0.338957639116413
"BAM1708","EYPO-2",-0.358546200853928
"BAM1812","EYPO-2",-0.227892363632291
"BAM2096","EYPO-2",0.189490993094731
"BAM2166","EYPO-2",0.0754333196167958
"BAM247","EYPO-2",-0.110391655756866
"BAM2574","EYPO-2",0.184485872625382
"BAM2680","EYPO-2",0.435498615501556
"BAM3154","EYPO-2",-0.227097202130226
"BAM3181","EYPO-2",0.242168933026839
"BAM326","EYPO-2",0.209861203448657
"BAM328","EYPO-2",-0.181057884115193
"BAM350","EYPO-2",-0.278976968479034
"BAM3690","EYPO-2",-0.130897055607038
"BAM4009","EYPO-2",-0.358183141996032
"BAM4054","EYPO-2",0.433565244816062
"BAM4138","EYPO-2",0.0250914923948668
"BAM4168","EYPO-2",0.186535128635666
"BAM4234","EYPO-2",0.183731788872696
"BAM4254","EYPO-2",0.178367960110827
"BAM4477","EYPO-2",-0.1068053632075
"BAM4496","EYPO-2",-0.193814476675324
"BAM4510","EYPO-2",0.0323388870272595
"BAM4521","EYPO-2",0.0200155719794467
"BAM4534","EYPO-2",-0.389094476049453
"BAM4797","EYPO-2",0.169137526155177
"BAM491","EYPO-2",-0.269340243333501
"BAM4928","EYPO-2",0.0649616642576606
"BAM5110","EYPO-2",0.242421748316885
"BAM56","EYPO-2",0.038731164957047
"BAM5779","EYPO-2",0.0706568558143601
"BAM5850","EYPO-2",-0.385287653514792
"BAM6921","EYPO-2",-0.211207014706465
"BAM712","EYPO-2",0.0252312109840987
"BAM742","EYPO-2",0.040234377635527
"BAM7429","EYPO-2",-0.219614917707699
"BAM7449","EYPO-2",-0.391852694092289
"BAM747","EYPO-2",0.0147355066837473
"BAM759","EYPO-2",-0.211956079754985
"BAM766","EYPO-2",0.0507445045918508
"BAM807","EYPO-2",0.0754791775299387
"BAM811","EYPO-2",-0.170122195752455
"BAM812","EYPO-2",0.250575356351322
"BAM819","EYPO-2",0.305162843639077
"BAM8296","EYPO-2",-0.147369558033193
"BAM8305","EYPO-2",-0.161015554850031
"BAM8315","EYPO-2",0.0518955910662236
"BAM8364","EYPO-2",0.369353495577101
"BAMAWPYAN","EYPO-2",0.0360339312660266
"BENAMURI","EYPO-2",0.290690532519762
"BLACKGORA","EYPO-2",0.193665425322657
"CGR1656","EYPO-2",-0.151817019824437
"CGR1679","EYPO-2",0.219738562236325
"CGR2012","EYPO-2",0.20863339762863
"CO18","EYPO-2",0.377378552917271
"CRDHAN-204","EYPO-2",0.127733901221246
"CR143-2-2","EYPO-2",-0.220842232504936
"CR262-4","EYPO-2",-0.214661110761044
"CROSSA","EYPO-2",0.219045226540298
"DULAR","EYPO-2",-0.399133962692072
"EYPO","EYPO-2",-0.245335433024053
"EYPO-2","EYPO-2",1.26794681098413
"FULKATI","EYPO-2",-0.384522445562673
"Ghanteswari","EYPO-2",0.144805586013729
"GHATIKAMMANANGARHAR","EYPO-2",0.297808680124221
"GotrabiDhan","EYPO-2",-0.092981196250825
"GP-145-37","EYPO-2",0.192711833669854
"GP-145-51","EYPO-2",-0.207403184122224
"HARBHOONDI","EYPO-2",0.134121443694365
"HongZuiEr","EYPO-2",-0.091732306092613
"IndrabaruniDhan","EYPO-2",-0.199662043987351
"IR74371-54-1-1","EYPO-2",-0.211307996158196
"IR77298-14-1-2-10","EYPO-2",-0.213610104788435
"IR77298-5-6-18","EYPO-2",-0.239874758142885
"IR83383-B-B-129-4","EYPO-2",-0.155247955639161
"IR83388-B-B108-3","EYPO-2",-0.156475889089533
"IR87707-445-B-B","EYPO-2",-0.20136333970318
"IR87707-446-B-B","EYPO-2",-0.229217089866872
"IRROEPYO","EYPO-2",0.116842650311161
"KALINGA-1","EYPO-2",-0.0019834070760135
"KANGRO","EYPO-2",0.36230635964675
"KHAODAWTAI","EYPO-2",0.427769253479817
"MANDRIRAVINA","EYPO-2",0.367184973617965
"MAUDAMANI","EYPO-2",0.214270940521565
"MOROBEREKAN","EYPO-2",-0.35921320505009
"MTU1010","EYPO-2",-0.133239120429584
"MTU9","EYPO-2",0.36831058230591
"NERICA-L-26","EYPO-2",-0.265829639843168
"NERICA-L-42","EYPO-2",-0.267953723641123
"NERICA-L-44","EYPO-2",-0.216505677922688
"PARIJAT","EYPO-2",-0.141443343427858
"Patchaiperumal","EYPO-2",-0.11701949050423
"PEH-KUH-TSAO-TU","EYPO-2",0.361996568470533
"PMK-2","EYPO-2",0.788819337221625
"PRASAD-1","EYPO-2",0.321232687209696
"PUSASUGANDH5","EYPO-2",-0.181019253114557
"PUSA1121","EYPO-2",-0.31649346995277
"Pusa1121-SN12","EYPO-2",-0.307043220938729
"PUSA44","EYPO-2",-0.172543224821921
"PUSABASMATI6","EYPO-2",0.115389822564337
"PUSASUGANDH2","EYPO-2",0.192840242676319
"RASI","EYPO-2",0.214197600053991
"RKVY-104","EYPO-2",-0.387005202486925
"RKVY-143","EYPO-2",-0.167216722399327
"RKVY-28","EYPO-2",-0.348229594329156
"R-RF-44","EYPO-2",-0.218566134450431
"RRF-78","EYPO-2",-0.230414182534024
"Sadabahar","EYPO-2",0.189175631462973
"SAFRI-17","EYPO-2",0.280576351104626
"SAHBHAGIDHAN","EYPO-2",-0.129822839362498
"SATABHAMA","EYPO-2",0.209364173333945
"SERATOES","EYPO-2",-0.39246021570209
"SERETY","EYPO-2",0.375060697772979
"SHAKU","EYPO-2",0.161452587580293
"SR1-3-1","EYPO-2",0.221378078786692
"SUWEON","EYPO-2",0.225816458368299
"SWARNA","EYPO-2",-0.210543216954859
"VANAPRAVA","EYPO-2",-0.354286424040243
"VANDANA","EYPO-2",-0.34817404712877
"Wayrarem","EYPO-2",-0.267742580999749
"281785","FULKATI",-0.388164932583124
"282803","FULKATI",-0.0575488093759259
"299554","FULKATI",-0.0265651911920957
"356457","FULKATI",-0.0953495786612014
"376579","FULKATI",-0.285014846384834
"376851","FULKATI",-0.259289863208002
"377448","FULKATI",0.0127853079990578
"377705","FULKATI",-0.0637597398549271
"384190","FULKATI",0.279694598777265
"426049","FULKATI",-0.100491101741248
"438644","FULKATI",-0.066936163220579
"ADAYSEL","FULKATI",0.353110202668021
"AbhayaXDagadesi","FULKATI",-0.00557248018812303
"ABHISEK","FULKATI",-0.357776379598763
"ABOR-A-1","FULKATI",-0.0665227868821804
"ANJALI","FULKATI",-0.378331485531436
"Annada","FULKATI",-0.0934059766596449
"Apo","FULKATI",0.020913366745584
"ARC10319","FULKATI",0.0287586957317219
"ARC12071","FULKATI",-0.33747356221933
"ARNAPURNA","FULKATI",-0.348637453226503
"ASD16","FULKATI",-0.347504363019709
"AUS257","FULKATI",-0.326089365198617
"BAKAL","FULKATI",0.622357856823642
"BAM1057","FULKATI",0.772524595410438
"BAM1098","FULKATI",0.49773648565489
"BAM1659","FULKATI",-0.34138034726617
"BAM1689","FULKATI",0.491920846186496
"BAM1708","FULKATI",0.539020534776827
"BAM1812","FULKATI",-0.00937086131410155
"BAM2096","FULKATI",-0.151245624278263
"BAM2166","FULKATI",0.125046253144417
"BAM247","FULKATI",-0.0679660298050197
"BAM2574","FULKATI",-0.309569434251556
"BAM2680","FULKATI",-0.382392490739607
"BAM3154","FULKATI",-0.00354599232747785
"BAM3181","FULKATI",-0.288782017957252
"BAM326","FULKATI",-0.293079938903623
"BAM328","FULKATI",0.131002581563383
"BAM350","FULKATI",0.351950597406121
"BAM3690","FULKATI",0.0376299147641617
"BAM4009","FULKATI",0.630113852265716
"BAM4054","FULKATI",-0.410771516089414
"BAM4138","FULKATI",0.501427744917099
"BAM4168","FULKATI",0.0885976612198718
"BAM4234","FULKATI",-0.34006394913254
"BAM4254","FULKATI",-0.345063892381336
"BAM4477","FULKATI",0.00830174299551818
"BAM4496","FULKATI",0.0815145464275694
"BAM4510","FULKATI",0.597717240541465
"BAM4521","FULKATI",0.350337921810552
"BAM4534","FULKATI",1.07209179885682
"BAM4797","FULKATI",-0.234573250743711
"BAM491","FULKATI",0.299669722908659
"BAM4928","FULKATI",0.103545445033384
"BAM5110","FULKATI",-0.388389280701458
"BAM56","FULKATI",0.289346625581392
"BAM5779","FULKATI",-0.154806884569919
"BAM5850","FULKATI",0.92448525773667
"BAM6921","FULKATI",-0.0421348841078339
"BAM712","FULKATI",-0.0851913210512045
"BAM742","FULKATI",-0.091643138877977
"BAM7429","FULKATI",0.0280426027292048
"BAM7449","FULKATI",1.10225150172349
"BAM747","FULKATI",-0.092249213475156
"BAM759","FULKATI",0.275914300155799
"BAM766","FULKATI",-0.0857583813737635
"BAM807","FULKATI",-0.151420681469639
"BAM811","FULKATI",0.0709123636652834
"BAM812","FULKATI",-0.273567571482841
"BAM819","FULKATI",-0.337635295819237
"BAM8296","FULKATI",-0.0810766026508982
"BAM8305","FULKATI",-0.0693509117247033
"BAM8315","FULKATI",0.0461137297613607
"BAM8364","FULKATI",-0.281146702769397
"BAMAWPYAN","FULKATI",0.399732222951093
"BENAMURI","FULKATI",-0.284358093214617
"BLACKGORA","FULKATI",-0.348607979147564
"CGR1656","FULKATI",0.0425140091187242
"CGR1679","FULKATI",-0.292593798125191
"CGR2012","FULKATI",-0.336152800204331
"CO18","FULKATI",-0.310498711068189
"CRDHAN-204","FULKATI",-0.359817515235005
"CR143-2-2","FULKATI",0.00372343984685409
"CR262-4","FULKATI",-0.0272535396222654
"CROSSA","FULKATI",-0.311079235533768
"DULAR","FULKATI",0.896347346822321
"EYPO","FULKATI",0.145132907066446
"EYPO-2","FULKATI",-0.384522445562673
"FULKATI","FULKATI",1.78771153877341
"Ghanteswari","FULKATI",-0.0646812573641717
"GHATIKAMMANANGARHAR","FULKATI",-0.3907944401439
"GotrabiDhan","FULKATI",-0.0597238915377255
"GP-145-37","FULKATI",-0.267958430982455
"GP-145-51","FULKATI",0.037106777878667
"HARBHOONDI","FULKATI",-0.340530754132456
"HongZuiEr","FULKATI",0.00215556919318159
"IndrabaruniDhan","FULKATI",-0.0785410188958173
"IR74371-54-1-1","FULKATI",-0.0487553523751895
"IR77298-14-1-2-10","FULKATI",-0.0274156276689237
"IR77298-5-6-18","FULKATI",-0.0302040468882361
"IR83383-B-B-129-4","FULKATI",-0.0674335265653075
"IR83388-B-B108-3","FULKATI",-0.0274404749732036
"IR87707-445-B-B","FULKATI",-0.0430570402727233
"IR87707-446-B-B","FULKATI",-0.046939839158232
"IRROEPYO","FULKATI",0.324801979700746
"KALINGA-1","FULKATI",-0.0894762284575238
"KANGRO","FULKATI",-0.341472832337628
"KHAODAWTAI","FULKATI",-0.367932892555356
"MANDRIRAVINA","FULKATI",-0.303221238932428
"MAUDAMANI","FULKATI",-0.369166974970201
"MOROBEREKAN","FULKATI",0.275115118111021
"MTU1010","FULKATI",-0.0954398384716509
"MTU9","FULKATI",-0.342293839993634
"NERICA-L-26","FULKATI",-0.0705591957134283
"NERICA-L-42","FULKATI",-0.0659364761314819
"NERICA-L-44","FULKATI",-0.0724582199933733
"PARIJAT","FULKATI",-0.0116581633309653
"Patchaiperumal","FULKATI",0.0517319495231412
"PEH-KUH-TSAO-TU","FULKATI",-0.334139164212968
"PMK-2","FULKATI",-0.0731312341763462
"PRASAD-1","FULKATI",-0.340216611991207
"PUSASUGANDH5","FULKATI",-0.0365754202897524
"PUSA1121","FULKATI",0.300498281206065
"Pusa1121-SN12","FULKATI",0.279344758388341
"PUSA44","FULKATI",-0.0669560331987524
"PUSABASMATI6","FULKATI",-0.222385074967944
"PUSASUGANDH2","FULKATI",-0.379900062827549
"RASI","FULKATI",-0.0314533398870004
"RKVY-104","FULKATI",0.646839771399945
"RKVY-143","FULKATI",0.013333877573108
"RKVY-28","FULKATI",0.711946842687526
"R-RF-44","FULKATI",-0.0600332128295034
"RRF-78","FULKATI",0.194454512423754
"Sadabahar","FULKATI",-0.148013286554196
"SAFRI-17","FULKATI",-0.370692885465496
"SAHBHAGIDHAN","FULKATI",-0.0257193801373798
"SATABHAMA","FULKATI",-0.375541073010274
"SERATOES","FULKATI",1.0138245776002
"SERETY","FULKATI",-0.323277518532906
"SHAKU","FULKATI",-0.273901171515896
"SR1-3-1","FULKATI",-0.357762737755174
"SUWEON","FULKATI",-0.225687841004298
"SWARNA","FULKATI",-0.0402000903412964
"VANAPRAVA","FULKATI",0.770084625377374
"VANDANA","FULKATI",0.313293371548011
"Wayrarem","FULKATI",0.0302268390098722
"281785","Ghanteswari",-0.196224784273701
"282803","Ghanteswari",0.250064297143685
"299554","Ghanteswari",0.106220770398636
"356457","Ghanteswari",0.443996013765987
"376579","Ghanteswari",-0.228160320524384
"376851","Ghanteswari",-0.19504198690639
"377448","Ghanteswari",0.186686357886333
"377705","Ghanteswari",0.444843384329887
"384190","Ghanteswari",-0.391398504305758
"426049","Ghanteswari",0.450726954703271
"438644","Ghanteswari",0.247552141779661
"ADAYSEL","Ghanteswari",0.0702636631906337
"AbhayaXDagadesi","Ghanteswari",0.238590292039085
"ABHISEK","Ghanteswari",-0.235089624668365
"ABOR-A-1","Ghanteswari",0.528444482636809
"ANJALI","Ghanteswari",-0.219626776619815
"Annada","Ghanteswari",-0.311086165205627
"Apo","Ghanteswari",0.0521053809878403
"ARC10319","Ghanteswari",0.32116933923844
"ARC12071","Ghanteswari",-0.132458849556205
"ARNAPURNA","Ghanteswari",0.0531525417108876
"ASD16","Ghanteswari",-0.0824302166366699
"AUS257","Ghanteswari",-0.160036099000614
"BAKAL","Ghanteswari",-0.0477716495052634
"BAM1057","Ghanteswari",-0.0562307222080843
"BAM1098","Ghanteswari",-0.0228315919666007
"BAM1659","Ghanteswari",-0.168669628634027
"BAM1689","Ghanteswari",-0.00706801845491527
"BAM1708","Ghanteswari",-0.0164635286033622
"BAM1812","Ghanteswari",0.212243211759742
"BAM2096","Ghanteswari",-0.234551195271082
"BAM2166","Ghanteswari",-0.350388415736733
"BAM247","Ghanteswari",0.267724809644331
"BAM2574","Ghanteswari",-0.187008997987252
"BAM2680","Ghanteswari",0.010255749538961
"BAM3154","Ghanteswari",0.115581822717877
"BAM3181","Ghanteswari",-0.0384312092159787
"BAM326","Ghanteswari",-0.181706345444133
"BAM328","Ghanteswari",0.179625237934651
"BAM350","Ghanteswari",0.131274921901945
"BAM3690","Ghanteswari",0.262057281113867
"BAM4009","Ghanteswari",-0.0767510383233972
"BAM4054","Ghanteswari",-0.00664138997190045
"BAM4138","Ghanteswari",-0.410972775757309
"BAM4168","Ghanteswari",-0.285422693721213
"BAM4234","Ghanteswari",-0.231234875377664
"BAM4254","Ghanteswari",-0.224512297523319
"BAM4477","Ghanteswari",0.27628613607719
"BAM4496","Ghanteswari",0.325396076894258
"BAM4510","Ghanteswari",-0.401029194582964
"BAM4521","Ghanteswari",-0.402365205799852
"BAM4534","Ghanteswari",-0.0483361172169104
"BAM4797","Ghanteswari",-0.166549579348383
"BAM491","Ghanteswari",0.0671920410575085
"BAM4928","Ghanteswari",-0.330161076283058
"BAM5110","Ghanteswari",-0.161779598579044
"BAM56","Ghanteswari",-0.392619697732763
"BAM5779","Ghanteswari",-0.337706354686115
"BAM5850","Ghanteswari",-0.115132619076209
"BAM6921","Ghanteswari",0.184285742096029
"BAM712","Ghanteswari",-0.330022704898773
"BAM742","Ghanteswari",-0.302275684598602
"BAM7429","Ghanteswari",0.17628195734857
"BAM7449","Ghanteswari",-0.0455112529073879
"BAM747","Ghanteswari",-0.3248386206906
"BAM759","Ghanteswari",0.155067650099942
"BAM766","Ghanteswari",-0.306645792303903
"BAM807","Ghanteswari",-0.337200723368737
"BAM811","Ghanteswari",0.191320724998882
"BAM812","Ghanteswari",-0.146778674600257
"BAM819","Ghanteswari",-0.112884410173706
"BAM8296","Ghanteswari",0.271950058523387
"BAM8305","Ghanteswari",0.316379240201234
"BAM8315","Ghanteswari",-0.351239609171164
"BAM8364","Ghanteswari",-0.0299238573907791
"BAMAWPYAN","Ghanteswari",-0.405052637107525
"BENAMURI","Ghanteswari",0.0349411338419846
"BLACKGORA","Ghanteswari",-0.164801862219433
"CGR1656","Ghanteswari",0.415066524193193
"CGR1679","Ghanteswari",-0.198254640986201
"CGR2012","Ghanteswari",-0.185610122596268
"CO18","Ghanteswari",-0.1519307279258
"CRDHAN-204","Ghanteswari",-0.233599057735514
"CR143-2-2","Ghanteswari",0.102790512840381
"CR262-4","Ghanteswari",0.100491525028227
"CROSSA","Ghanteswari",-0.191355858565853
"DULAR","Ghanteswari",-0.0679712807729109
"EYPO","Ghanteswari",0.111111487096
"EYPO-2","Ghanteswari",0.144805586013729
"FULKATI","Ghanteswari",-0.0646812573641717
"Ghanteswari","Ghanteswari",1.24219860393907
"GHATIKAMMANANGARHAR","Ghanteswari",-0.0825805564213959
"GotrabiDhan","Ghanteswari",0.268315481096055
"GP-145-37","Ghanteswari",-0.201496698536218
"GP-145-51","Ghanteswari",0.169138408527584
"HARBHOONDI","Ghanteswari",-0.225928448546016
"HongZuiEr","Ghanteswari",0.278791382295982
"IndrabaruniDhan","Ghanteswari",0.188962344703337
"IR74371-54-1-1","Ghanteswari",0.0968442576123603
"IR77298-14-1-2-10","Ghanteswari",0.142561641794151
"IR77298-5-6-18","Ghanteswari",0.175698942258818
"IR83383-B-B-129-4","Ghanteswari",0.158367372855979
"IR83388-B-B108-3","Ghanteswari",0.185564553023704
"IR87707-445-B-B","Ghanteswari",0.178290501954742
"IR87707-446-B-B","Ghanteswari",0.182160785219551
"IRROEPYO","Ghanteswari",-0.37080975085791
"KALINGA-1","Ghanteswari",0.461300047165273
"KANGRO","Ghanteswari",-0.125891379339264
"KHAODAWTAI","Ghanteswari",0.0646974409578378
"MANDRIRAVINA","Ghanteswari",-0.14497182969227
"MAUDAMANI","Ghanteswari",-0.168890114620289
"MOROBEREKAN","Ghanteswari",-0.0282848948244438
"MTU1010","Ghanteswari",0.188200149680372
"MTU9","Ghanteswari",-0.137997046576149
"NERICA-L-26","Ghanteswari",0.0689487054439008
"NERICA-L-42","Ghanteswari",0.065709043472181
"NERICA-L-44","Ghanteswari",0.189727876225589
"PARIJAT","Ghanteswari",0.213772369524052
"Patchaiperumal","Ghanteswari",0.294831658322387
"PEH-KUH-TSAO-TU","Ghanteswari",-0.124429759827944
"PMK-2","Ghanteswari",0.526960392069941
"PRASAD-1","Ghanteswari",-0.104315975047714
"PUSASUGANDH5","Ghanteswari",0.22199537075579
"PUSA1121","Ghanteswari",0.0547794176785607
"Pusa1121-SN12","Ghanteswari",0.0905234428423732
"PUSA44","Ghanteswari",0.281212013686085
"PUSABASMATI6","Ghanteswari",-0.285770444030164
"PUSASUGANDH2","Ghanteswari",-0.167772079874233
"RASI","Ghanteswari",0.301700880417723
"RKVY-104","Ghanteswari",-0.0644058401347357
"RKVY-143","Ghanteswari",0.189524652147414
"RKVY-28","Ghanteswari",-0.0497025596282426
"R-RF-44","Ghanteswari",0.128894730915128
"RRF-78","Ghanteswari",0.11146949285241
"Sadabahar","Ghanteswari",-0.198256016939532
"SAFRI-17","Ghanteswari",-0.168596957396416
"SAHBHAGIDHAN","Ghanteswari",0.209891829184518
"SATABHAMA","Ghanteswari",-0.253978845823029
"SERATOES","Ghanteswari",-0.0689519054148277
"SERETY","Ghanteswari",-0.142868875234717
"SHAKU","Ghanteswari",-0.218889585413827
"SR1-3-1","Ghanteswari",-0.171544182129779
"SUWEON","Ghanteswari",-0.102687695936217
"SWARNA","Ghanteswari",0.177953309875006
"VANAPRAVA","Ghanteswari",-0.0576139797680261
"VANDANA","Ghanteswari",-0.00486864374901574
"Wayrarem","Ghanteswari",0.0455958694312673
"281785","GHATIKAMMANANGARHAR",0.428537310207808
"282803","GHATIKAMMANANGARHAR",-0.0154077462529212
"299554","GHATIKAMMANANGARHAR",-0.130984125310271
"356457","GHATIKAMMANANGARHAR",-0.136971824736553
"376579","GHATIKAMMANANGARHAR",0.16043756422572
"376851","GHATIKAMMANANGARHAR",0.181317893155508
"377448","GHATIKAMMANANGARHAR",-0.198157317030812
"377705","GHATIKAMMANANGARHAR",-0.105656151667937
"384190","GHATIKAMMANANGARHAR",0.036769908543903
"426049","GHATIKAMMANANGARHAR",-0.128373934360666
"438644","GHATIKAMMANANGARHAR",0.0122834166509812
"ADAYSEL","GHATIKAMMANANGARHAR",-0.327969727220302
"AbhayaXDagadesi","GHATIKAMMANANGARHAR",0.0123197311484858
"ABHISEK","GHATIKAMMANANGARHAR",0.316306516529614
"ABOR-A-1","GHATIKAMMANANGARHAR",-0.131735204090619
"ANJALI","GHATIKAMMANANGARHAR",0.314958670708385
"Annada","GHATIKAMMANANGARHAR",-0.0306964551498453
"Apo","GHATIKAMMANANGARHAR",-0.213856472909176
"ARC10319","GHATIKAMMANANGARHAR",-0.214639158470741
"ARC12071","GHATIKAMMANANGARHAR",0.19913996794606
"ARNAPURNA","GHATIKAMMANANGARHAR",0.236840392109696
"ASD16","GHATIKAMMANANGARHAR",0.367915656358019
"AUS257","GHATIKAMMANANGARHAR",0.270642833695702
"BAKAL","GHATIKAMMANANGARHAR",-0.343694698134943
"BAM1057","GHATIKAMMANANGARHAR",-0.380125924289195
"BAM1098","GHATIKAMMANANGARHAR",-0.389563909085368
"BAM1659","GHATIKAMMANANGARHAR",0.244453623064817
"BAM1689","GHATIKAMMANANGARHAR",-0.360580239145462
"BAM1708","GHATIKAMMANANGARHAR",-0.358283247142512
"BAM1812","GHATIKAMMANANGARHAR",-0.2001156857833
"BAM2096","GHATIKAMMANANGARHAR",0.140514956603062
"BAM2166","GHATIKAMMANANGARHAR",0.0393915861212206
"BAM247","GHATIKAMMANANGARHAR",-0.113782947386844
"BAM2574","GHATIKAMMANANGARHAR",0.183173637876183
"BAM2680","GHATIKAMMANANGARHAR",0.329845737772664
"BAM3154","GHATIKAMMANANGARHAR",-0.158167349163696
"BAM3181","GHATIKAMMANANGARHAR",0.186904556621571
"BAM326","GHATIKAMMANANGARHAR",0.130478460854238
"BAM328","GHATIKAMMANANGARHAR",-0.224600802895787
"BAM350","GHATIKAMMANANGARHAR",-0.302976026410947
"BAM3690","GHATIKAMMANANGARHAR",-0.219726038377204
"BAM4009","GHATIKAMMANANGARHAR",-0.3710039789123
"BAM4054","GHATIKAMMANANGARHAR",0.382439850420805
"BAM4138","GHATIKAMMANANGARHAR",0.0458302010747484
"BAM4168","GHATIKAMMANANGARHAR",0.0742761837067592
"BAM4234","GHATIKAMMANANGARHAR",0.259411628753914
"BAM4254","GHATIKAMMANANGARHAR",0.2587557013698
"BAM4477","GHATIKAMMANANGARHAR",-0.214590025019055
"BAM4496","GHATIKAMMANANGARHAR",-0.21551866148318
"BAM4510","GHATIKAMMANANGARHAR",0.00724751985988817
"BAM4521","GHATIKAMMANANGARHAR",0.0615495137045448
"BAM4534","GHATIKAMMANANGARHAR",-0.373364974639599
"BAM4797","GHATIKAMMANANGARHAR",0.153210481403799
"BAM491","GHATIKAMMANANGARHAR",-0.262987489150049
"BAM4928","GHATIKAMMANANGARHAR",0.0565416138232238
"BAM5110","GHATIKAMMANANGARHAR",0.378355818769696
"BAM56","GHATIKAMMANANGARHAR",0.0719413110618195
"BAM5779","GHATIKAMMANANGARHAR",0.0672315863895668
"BAM5850","GHATIKAMMANANGARHAR",-0.374355268809415
"BAM6921","GHATIKAMMANANGARHAR",-0.101687914237373
"BAM712","GHATIKAMMANANGARHAR",-0.0327358729471202
"BAM742","GHATIKAMMANANGARHAR",-0.0143317783193352
"BAM7429","GHATIKAMMANANGARHAR",-0.256708648990727
"BAM7449","GHATIKAMMANANGARHAR",-0.416511526491036
"BAM747","GHATIKAMMANANGARHAR",-0.0194888553312654
"BAM759","GHATIKAMMANANGARHAR",-0.230164855257179
"BAM766","GHATIKAMMANANGARHAR",-0.0154851681209273
"BAM807","GHATIKAMMANANGARHAR",0.0761819516194208
"BAM811","GHATIKAMMANANGARHAR",-0.154998900136511
"BAM812","GHATIKAMMANANGARHAR",0.270386073805354
"BAM819","GHATIKAMMANANGARHAR",0.309670540491909
"BAM8296","GHATIKAMMANANGARHAR",-0.00665608926451112
"BAM8305","GHATIKAMMANANGARHAR",0.105315887589939
"BAM8315","GHATIKAMMANANGARHAR",0.0581363868879018
"BAM8364","GHATIKAMMANANGARHAR",0.332243717197197
"BAMAWPYAN","GHATIKAMMANANGARHAR",0.0330277820812915
"BENAMURI","GHATIKAMMANANGARHAR",0.216600046793912
"BLACKGORA","GHATIKAMMANANGARHAR",0.430017704377234
"CGR1656","GHATIKAMMANANGARHAR",-0.215581277663098
"CGR1679","GHATIKAMMANANGARHAR",0.173319378347317
"CGR2012","GHATIKAMMANANGARHAR",0.187587069693133
"CO18","GHATIKAMMANANGARHAR",0.211933519908821
"CRDHAN-204","GHATIKAMMANANGARHAR",0.275555975123111
"CR143-2-2","GHATIKAMMANANGARHAR",-0.13779403824851
"CR262-4","GHATIKAMMANANGARHAR",-0.130323428294349
"CROSSA","GHATIKAMMANANGARHAR",0.178494322590794
"DULAR","GHATIKAMMANANGARHAR",-0.383724405008441
"EYPO","GHATIKAMMANANGARHAR",-0.238838181193172
"EYPO-2","GHATIKAMMANANGARHAR",0.297808680124221
"FULKATI","GHATIKAMMANANGARHAR",-0.3907944401439
"Ghanteswari","GHATIKAMMANANGARHAR",-0.0825805564213959
"GHATIKAMMANANGARHAR","GHATIKAMMANANGARHAR",1.22234225454463
"GotrabiDhan","GHATIKAMMANANGARHAR",-0.0996171382135574
"GP-145-37","GHATIKAMMANANGARHAR",0.224045832676825
"GP-145-51","GHATIKAMMANANGARHAR",-0.249360300892062
"HARBHOONDI","GHATIKAMMANANGARHAR",0.272816271689883
"HongZuiEr","GHATIKAMMANANGARHAR",-0.181602656873875
"IndrabaruniDhan","GHATIKAMMANANGARHAR",-0.144991397116825
"IR74371-54-1-1","GHATIKAMMANANGARHAR",-0.163212781172669
"IR77298-14-1-2-10","GHATIKAMMANANGARHAR",-0.147299963787979
"IR77298-5-6-18","GHATIKAMMANANGARHAR",-0.0308250193445566
"IR83383-B-B-129-4","GHATIKAMMANANGARHAR",-0.0278332062327383
"IR83388-B-B108-3","GHATIKAMMANANGARHAR",-0.125937942734666
"IR87707-445-B-B","GHATIKAMMANANGARHAR",0.0113942688438138
"IR87707-446-B-B","GHATIKAMMANANGARHAR",-0.0589131896634012
"IRROEPYO","GHATIKAMMANANGARHAR",0.100088007300685
"KALINGA-1","GHATIKAMMANANGARHAR",0.0218513533020637
"KANGRO","GHATIKAMMANANGARHAR",0.202887186743474
"KHAODAWTAI","GHATIKAMMANANGARHAR",0.330323783895789
"MANDRIRAVINA","GHATIKAMMANANGARHAR",0.19542615243315
"MAUDAMANI","GHATIKAMMANANGARHAR",0.349898953745312
"MOROBEREKAN","GHATIKAMMANANGARHAR",-0.406964391425173
"MTU1010","GHATIKAMMANANGARHAR",-0.0139313480797154
"MTU9","GHATIKAMMANANGARHAR",0.212907525761874
"NERICA-L-26","GHATIKAMMANANGARHAR",-0.131516881439944
"NERICA-L-42","GHATIKAMMANANGARHAR",-0.143460299076977
"NERICA-L-44","GHATIKAMMANANGARHAR",0.0147321153794032
"PARIJAT","GHATIKAMMANANGARHAR",-0.121517721505843
"Patchaiperumal","GHATIKAMMANANGARHAR",-0.24310589509356
"PEH-KUH-TSAO-TU","GHATIKAMMANANGARHAR",0.200950477372134
"PMK-2","GHATIKAMMANANGARHAR",-0.122218040563338
"PRASAD-1","GHATIKAMMANANGARHAR",0.475310923188024
"PUSASUGANDH5","GHATIKAMMANANGARHAR",-0.101772106331449
"PUSA1121","GHATIKAMMANANGARHAR",-0.28174976535474
"Pusa1121-SN12","GHATIKAMMANANGARHAR",-0.266173810961996
"PUSA44","GHATIKAMMANANGARHAR",0.0796396993315725
"PUSABASMATI6","GHATIKAMMANANGARHAR",0.190450032514069
"PUSASUGANDH2","GHATIKAMMANANGARHAR",0.273794745606703
"RASI","GHATIKAMMANANGARHAR",-0.139786926211981
"RKVY-104","GHATIKAMMANANGARHAR",-0.361666828128143
"RKVY-143","GHATIKAMMANANGARHAR",-0.28424719060805
"RKVY-28","GHATIKAMMANANGARHAR",-0.351560258438644
"R-RF-44","GHATIKAMMANANGARHAR",-0.0583762091768083
"RRF-78","GHATIKAMMANANGARHAR",-0.15433108874255
"Sadabahar","GHATIKAMMANANGARHAR",0.24810571798068
"SAFRI-17","GHATIKAMMANANGARHAR",0.391947107152486
"SAHBHAGIDHAN","GHATIKAMMANANGARHAR",-0.105200526328531
"SATABHAMA","GHATIKAMMANANGARHAR",0.342140388008716
"SERATOES","GHATIKAMMANANGARHAR",-0.369384517085066
"SERETY","GHATIKAMMANANGARHAR",0.198772476614038
"SHAKU","GHATIKAMMANANGARHAR",0.20531257213511
"SR1-3-1","GHATIKAMMANANGARHAR",0.412506739142874
"SUWEON","GHATIKAMMANANGARHAR",0.21630281882803
"SWARNA","GHATIKAMMANANGARHAR",-0.165803109590193
"VANAPRAVA","GHATIKAMMANANGARHAR",-0.377154047934981
"VANDANA","GHATIKAMMANANGARHAR",-0.329042915448676
"Wayrarem","GHATIKAMMANANGARHAR",-0.212318367142161
"281785","GotrabiDhan",-0.0979072601309429
"282803","GotrabiDhan",0.25610416734612
"299554","GotrabiDhan",0.236765084942197
"356457","GotrabiDhan",0.332542909663431
"376579","GotrabiDhan",-0.240384213185164
"376851","GotrabiDhan",-0.215294508186689
"377448","GotrabiDhan",0.162729354267591
"377705","GotrabiDhan",0.353860156929712
"384190","GotrabiDhan",-0.434137614375139
"426049","GotrabiDhan",0.33519064193888
"438644","GotrabiDhan",0.242400150632086
"ADAYSEL","GotrabiDhan",0.0455934329729204
"AbhayaXDagadesi","GotrabiDhan",0.270162617782682
"ABHISEK","GotrabiDhan",-0.139701112843648
"ABOR-A-1","GotrabiDhan",0.284598039701061
"ANJALI","GotrabiDhan",-0.0903604462022322
"Annada","GotrabiDhan",-0.365188807971362
"Apo","GotrabiDhan",0.11164297058237
"ARC10319","GotrabiDhan",0.208091380553568
"ARC12071","GotrabiDhan",-0.169671468047932
"ARNAPURNA","GotrabiDhan",-0.0708627965412878
"ASD16","GotrabiDhan",-0.0977306459090855
"AUS257","GotrabiDhan",-0.208883418379514
"BAKAL","GotrabiDhan",-0.0413925905663226
"BAM1057","GotrabiDhan",-0.038332459813801
"BAM1098","GotrabiDhan",-0.0059371692669394
"BAM1659","GotrabiDhan",-0.178436353187767
"BAM1689","GotrabiDhan",-0.0576924762881019
"BAM1708","GotrabiDhan",-0.0361223330306597
"BAM1812","GotrabiDhan",0.120865286300685
"BAM2096","GotrabiDhan",-0.206117607577096
"BAM2166","GotrabiDhan",-0.357726380588335
"BAM247","GotrabiDhan",1.03263807024391
"BAM2574","GotrabiDhan",-0.225559286761808
"BAM2680","GotrabiDhan",-0.0220134159175442
"BAM3154","GotrabiDhan",0.219973052198645
"BAM3181","GotrabiDhan",-0.141667452254631
"BAM326","GotrabiDhan",-0.198662639981365
"BAM328","GotrabiDhan",0.171719257577557
"BAM350","GotrabiDhan",0.0824860145143595
"BAM3690","GotrabiDhan",0.286975086168683
"BAM4009","GotrabiDhan",-0.069928348001113
"BAM4054","GotrabiDhan",-0.0928746084219999
"BAM4138","GotrabiDhan",-0.416983821949333
"BAM4168","GotrabiDhan",-0.286006503422394
"BAM4234","GotrabiDhan",-0.108977433848166
"BAM4254","GotrabiDhan",-0.10889538621925
"BAM4477","GotrabiDhan",0.338006595082005
"BAM4496","GotrabiDhan",0.215410518679493
"BAM4510","GotrabiDhan",-0.397266043767505
"BAM4521","GotrabiDhan",-0.394056999272987
"BAM4534","GotrabiDhan",-0.0488879285493678
"BAM4797","GotrabiDhan",-0.195317016267847
"BAM491","GotrabiDhan",0.07732576800013
"BAM4928","GotrabiDhan",-0.372951585171006
"BAM5110","GotrabiDhan",-0.10930620027163
"BAM56","GotrabiDhan",-0.396270970348368
"BAM5779","GotrabiDhan",-0.345063805019656
"BAM5850","GotrabiDhan",-0.0737225589898402
"BAM6921","GotrabiDhan",0.228985613727422
"BAM712","GotrabiDhan",-0.368468903695835
"BAM742","GotrabiDhan",-0.363921275140124
"BAM7429","GotrabiDhan",0.142277081165982
"BAM7449","GotrabiDhan",-0.0551034715570811
"BAM747","GotrabiDhan",-0.386687963585567
"BAM759","GotrabiDhan",0.123584485025168
"BAM766","GotrabiDhan",-0.363911446728459
"BAM807","GotrabiDhan",-0.34244238790305
"BAM811","GotrabiDhan",0.193425597025594
"BAM812","GotrabiDhan",-0.155306067071754
"BAM819","GotrabiDhan",0.000416979132191107
"BAM8296","GotrabiDhan",0.246240375582485
"BAM8305","GotrabiDhan",0.249597408383917
"BAM8315","GotrabiDhan",-0.380568930868312
"BAM8364","GotrabiDhan",-0.154356856587392
"BAMAWPYAN","GotrabiDhan",-0.407767346804697
"BENAMURI","GotrabiDhan",-0.154995089983428
"BLACKGORA","GotrabiDhan",-0.0855055351721011
"CGR1656","GotrabiDhan",0.21401028872887
"CGR1679","GotrabiDhan",-0.219474065040401
"CGR2012","GotrabiDhan",-0.220250410229068
"CO18","GotrabiDhan",-0.174182280624819
"CRDHAN-204","GotrabiDhan",-0.110733044940601
"CR143-2-2","GotrabiDhan",0.131442683771141
"CR262-4","GotrabiDhan",0.123149529018642
"CROSSA","GotrabiDhan",-0.234431147410796
"DULAR","GotrabiDhan",-0.0484486883019119
"EYPO","GotrabiDhan",0.158856227969158
"EYPO-2","GotrabiDhan",-0.092981196250825
"FULKATI","GotrabiDhan",-0.0597238915377255
"Ghanteswari","GotrabiDhan",0.268315481096055
"GHATIKAMMANANGARHAR","GotrabiDhan",-0.0996171382135574
"GotrabiDhan","GotrabiDhan",1.21450133388164
"GP-145-37","GotrabiDhan",-0.214268833795762
"GP-145-51","GotrabiDhan",0.132688013687762
"HARBHOONDI","GotrabiDhan",-0.17795417722035
"HongZuiEr","GotrabiDhan",0.279553535134421
"IndrabaruniDhan","GotrabiDhan",0.287271596194973
"IR74371-54-1-1","GotrabiDhan",0.125318912649143
"IR77298-14-1-2-10","GotrabiDhan",0.187575857848655
"IR77298-5-6-18","GotrabiDhan",0.26734606935791
"IR83383-B-B-129-4","GotrabiDhan",0.276389629262193
"IR83388-B-B108-3","GotrabiDhan",0.195853011443715
"IR87707-445-B-B","GotrabiDhan",0.284046032494143
"IR87707-446-B-B","GotrabiDhan",0.274610651475634
"IRROEPYO","GotrabiDhan",-0.348653333551132
"KALINGA-1","GotrabiDhan",0.268581355872742
"KANGRO","GotrabiDhan",-0.166333892023348
"KHAODAWTAI","GotrabiDhan",-0.127195481731859
"MANDRIRAVINA","GotrabiDhan",-0.171583807967421
"MAUDAMANI","GotrabiDhan",-0.157288724682828
"MOROBEREKAN","GotrabiDhan",-0.0414610814473486
"MTU1010","GotrabiDhan",0.33132739585699
"MTU9","GotrabiDhan",-0.182078536419636
"NERICA-L-26","GotrabiDhan",0.181213603160629
"NERICA-L-42","GotrabiDhan",0.177649100050457
"NERICA-L-44","GotrabiDhan",0.267594201049627
"PARIJAT","GotrabiDhan",0.24289555094623
"Patchaiperumal","GotrabiDhan",0.139337473666068
"PEH-KUH-TSAO-TU","GotrabiDhan",-0.166622664029057
"PMK-2","GotrabiDhan",0.270961651201433
"PRASAD-1","GotrabiDhan",-0.065155931231617
"PUSASUGANDH5","GotrabiDhan",0.199158305655787
"PUSA1121","GotrabiDhan",0.00610075219294768
"Pusa1121-SN12","GotrabiDhan",0.0389335278351431
"PUSA44","GotrabiDhan",0.418407752402268
"PUSABASMATI6","GotrabiDhan",-0.20718535768558
"PUSASUGANDH2","GotrabiDhan",-0.0680701561018163
"RASI","GotrabiDhan",0.228239954974207
"RKVY-104","GotrabiDhan",-0.0718121896198815
"RKVY-143","GotrabiDhan",0.1645045676551
"RKVY-28","GotrabiDhan",-0.04542335516569
"R-RF-44","GotrabiDhan",0.260019674327441
"RRF-78","GotrabiDhan",0.221490063395414
"Sadabahar","GotrabiDhan",-0.189319057359714
"SAFRI-17","GotrabiDhan",-0.0853221645432575
"SAHBHAGIDHAN","GotrabiDhan",0.235987528171483
"SATABHAMA","GotrabiDhan",-0.175458609439815
"SERATOES","GotrabiDhan",-0.0667939829387731
"SERETY","GotrabiDhan",-0.171976889149008
"SHAKU","GotrabiDhan",-0.25568873329678
"SR1-3-1","GotrabiDhan",-0.177203864173424
"SUWEON","GotrabiDhan",-0.200879648658358
"SWARNA","GotrabiDhan",0.189279294078407
"VANAPRAVA","GotrabiDhan",-0.0391289323623582
"VANDANA","GotrabiDhan",0.0707981355645925
"Wayrarem","GotrabiDhan",0.122058844980941
"281785","GP-145-37",0.196229554153564
"282803","GP-145-37",-0.243699406481853
"299554","GP-145-37",-0.284559744487951
"356457","GP-145-37",-0.214252618515564
"376579","GP-145-37",0.594982586371249
"376851","GP-145-37",0.6169253108818
"377448","GP-145-37",0.128388893084286
"377705","GP-145-37",-0.175526565231467
"384190","GP-145-37",0.0677118752771102
"426049","GP-145-37",-0.210551416504398
"438644","GP-145-37",-0.22703129123672
"ADAYSEL","GP-145-37",-0.291002044467065
"AbhayaXDagadesi","GP-145-37",-0.270693097381118
"ABHISEK","GP-145-37",0.193594421035535
"ABOR-A-1","GP-145-37",-0.237461557578282
"ANJALI","GP-145-37",0.212584742295939
"Annada","GP-145-37",-0.0192709303373785
"Apo","GP-145-37",-0.24730302913192
"ARC10319","GP-145-37",-0.153901033008222
"ARC12071","GP-145-37",0.252393171189574
"ARNAPURNA","GP-145-37",0.320913786716418
"ASD16","GP-145-37",0.235026232440819
"AUS257","GP-145-37",0.174780314244055
"BAKAL","GP-145-37",-0.301960644431173
"BAM1057","GP-145-37",-0.292689896298718
"BAM1098","GP-145-37",-0.357223221922057
"BAM1659","GP-145-37",0.279329351109727
"BAM1689","GP-145-37",-0.312576951151978
"BAM1708","GP-145-37",-0.339858831853131
"BAM1812","GP-145-37",0.129533358315929
"BAM2096","GP-145-37",0.473955702757387
"BAM2166","GP-145-37",0.0765128548754597
"BAM247","GP-145-37",-0.188541697385931
"BAM2574","GP-145-37",0.539475256148561
"BAM2680","GP-145-37",0.253759822089534
"BAM3154","GP-145-37",-0.0737593470118374
"BAM3181","GP-145-37",0.415533344884351
"BAM326","GP-145-37",0.599811493771578
"BAM328","GP-145-37",0.0154019571935084
"BAM350","GP-145-37",-0.0569799772637186
"BAM3690","GP-145-37",-0.167456628987112
"BAM4009","GP-145-37",-0.386971799104327
"BAM4054","GP-145-37",0.25542013627012
"BAM4138","GP-145-37",0.0617466992579669
"BAM4168","GP-145-37",0.156898960320375
"BAM4234","GP-145-37",0.135808196634002
"BAM4254","GP-145-37",0.152196962062786
"BAM4477","GP-145-37",-0.167129253981643
"BAM4496","GP-145-37",-0.0186061297417012
"BAM4510","GP-145-37",0.126875037997014
"BAM4521","GP-145-37",0.0712315641129078
"BAM4534","GP-145-37",-0.278370645318871
"BAM4797","GP-145-37",0.47271818648031
"BAM491","GP-145-37",-0.115422996411246
"BAM4928","GP-145-37",0.0937800134874998
"BAM5110","GP-145-37",0.195467085573846
"BAM56","GP-145-37",0.0979230551967431
"BAM5779","GP-145-37",0.111411995029174
"BAM5850","GP-145-37",-0.281261226477807
"BAM6921","GP-145-37",-0.281035877339267
"BAM712","GP-145-37",-0.0126085097421194
"BAM742","GP-145-37",-0.0112217509149272
"BAM7429","GP-145-37",0.173502346791132
"BAM7449","GP-145-37",-0.327353034318327
"BAM747","GP-145-37",-0.0106141498728051
"BAM759","GP-145-37",-0.282903397973856
"BAM766","GP-145-37",-0.0146818354029513
"BAM807","GP-145-37",0.107938595415969
"BAM811","GP-145-37",-0.113068218072012
"BAM812","GP-145-37",0.317656735598538
"BAM819","GP-145-37",0.23018957467097
"BAM8296","GP-145-37",-0.248772122004942
"BAM8305","GP-145-37",-0.279504305869014
"BAM8315","GP-145-37",0.0299726191003045
"BAM8364","GP-145-37",0.148751145000723
"BAMAWPYAN","GP-145-37",0.0718179934655497
"BENAMURI","GP-145-37",0.35871453664695
"BLACKGORA","GP-145-37",0.220663216420858
"CGR1656","GP-145-37",-0.0720138884902766
"CGR1679","GP-145-37",0.598608322572906
"CGR2012","GP-145-37",0.640539221603462
"CO18","GP-145-37",0.262257644606929
"CRDHAN-204","GP-145-37",0.145906344397642
"CR143-2-2","GP-145-37",-0.242416963876093
"CR262-4","GP-145-37",-0.229166234885827
"CROSSA","GP-145-37",0.59676324267054
"DULAR","GP-145-37",-0.339914256157598
"EYPO","GP-145-37",-0.139343353805482
"EYPO-2","GP-145-37",0.192711833669854
"FULKATI","GP-145-37",-0.267958430982455
"Ghanteswari","GP-145-37",-0.201496698536218
"GHATIKAMMANANGARHAR","GP-145-37",0.224045832676825
"GotrabiDhan","GP-145-37",-0.214268833795762
"GP-145-37","GP-145-37",1.30103160482769
"GP-145-51","GP-145-37",0.165444939199522
"HARBHOONDI","GP-145-37",0.134753687122694
"HongZuiEr","GP-145-37",-0.108473991394932
"IndrabaruniDhan","GP-145-37",-0.15310449930323
"IR74371-54-1-1","GP-145-37",-0.233055718749559
"IR77298-14-1-2-10","GP-145-37",-0.257746089399784
"IR77298-5-6-18","GP-145-37",-0.337797010437008
"IR83383-B-B-129-4","GP-145-37",-0.315094530660795
"IR83388-B-B108-3","GP-145-37",-0.270248169114928
"IR87707-445-B-B","GP-145-37",-0.315105054128123
"IR87707-446-B-B","GP-145-37",-0.291608628920474
"IRROEPYO","GP-145-37",0.134261326153272
"KALINGA-1","GP-145-37",-0.181035757762481
"KANGRO","GP-145-37",0.262873649886122
"KHAODAWTAI","GP-145-37",0.249745772435089
"MANDRIRAVINA","GP-145-37",0.252319699835631
"MAUDAMANI","GP-145-37",0.233427404933518
"MOROBEREKAN","GP-145-37",-0.393565571023466
"MTU1010","GP-145-37",-0.291013057691564
"MTU9","GP-145-37",0.26835425065588
"NERICA-L-26","GP-145-37",-0.228729452348373
"NERICA-L-42","GP-145-37",-0.231504287282256
"NERICA-L-44","GP-145-37",-0.295558541201624
"PARIJAT","GP-145-37",-0.211043909914236
"Patchaiperumal","GP-145-37",-0.0308386714920667
"PEH-KUH-TSAO-TU","GP-145-37",0.268541603808881
"PMK-2","GP-145-37",-0.234847759457936
"PRASAD-1","GP-145-37",0.161491256357955
"PUSASUGANDH5","GP-145-37",-0.300193009880783
"PUSA1121","GP-145-37",-0.303759904196125
"Pusa1121-SN12","GP-145-37",-0.326333432133522
"PUSA44","GP-145-37",-0.259333597331472
"PUSABASMATI6","GP-145-37",0.042860507015099
"PUSASUGANDH2","GP-145-37",0.273212362797984
"RASI","GP-145-37",-0.176989981338042
"RKVY-104","GP-145-37",-0.380020590313143
"RKVY-143","GP-145-37",0.179562670161449
"RKVY-28","GP-145-37",-0.275879968310536
"R-RF-44","GP-145-37",-0.253614207188768
"RRF-78","GP-145-37",-0.309804209326923
"Sadabahar","GP-145-37",0.467082816327482
"SAFRI-17","GP-145-37",0.211856381066293
"SAHBHAGIDHAN","GP-145-37",-0.20298134380718
"SATABHAMA","GP-145-37",0.165114389622778
"SERATOES","GP-145-37",-0.311963492880316
"SERETY","GP-145-37",0.274346640997613
"SHAKU","GP-145-37",0.174164943357761
"SR1-3-1","GP-145-37",0.148144028844944
"SUWEON","GP-145-37",0.159846175809549
"SWARNA","GP-145-37",-0.175919169208301
"VANAPRAVA","GP-145-37",-0.295004884873041
"VANDANA","GP-145-37",-0.279531304109866
"Wayrarem","GP-145-37",-0.263823563167212
"281785","GP-145-51",-0.25327329114089
"282803","GP-145-51",0.1208070594574
"299554","GP-145-51",0.109085067537236
"356457","GP-145-51",0.148728973434119
"376579","GP-145-51",0.109228856313915
"376851","GP-145-51",0.127812288415744
"377448","GP-145-51",0.478781586904006
"377705","GP-145-51",0.199764714950239
"384190","GP-145-51",-0.33277592479976
"426049","GP-145-51",0.135656668500634
"438644","GP-145-51",0.124804485118675
"ADAYSEL","GP-145-51",0.0993880518448499
"AbhayaXDagadesi","GP-145-51",0.0526735457353162
"ABHISEK","GP-145-51",-0.275848688511444
"ABOR-A-1","GP-145-51",0.166375063517163
"ANJALI","GP-145-51",-0.272497955648995
"Annada","GP-145-51",-0.361170553833165
"Apo","GP-145-51",0.100773687192163
"ARC10319","GP-145-51",0.253172411254041
"ARC12071","GP-145-51",-0.132140227506688
"ARNAPURNA","GP-145-51",-0.0339998422962078
"ASD16","GP-145-51",-0.17891071623325
"AUS257","GP-145-51",-0.239924648386252
"BAKAL","GP-145-51",0.0323079898429835
"BAM1057","GP-145-51",-0.00708123204079642
"BAM1098","GP-145-51",-0.0204282724475609
"BAM1659","GP-145-51",-0.0979667958476403
"BAM1689","GP-145-51",0.0691158779279987
"BAM1708","GP-145-51",-0.0372456662916607
"BAM1812","GP-145-51",0.531829026926235
"BAM2096","GP-145-51",0.0102557742251856
"BAM2166","GP-145-51",-0.327984647294099
"BAM247","GP-145-51",0.148162508936116
"BAM2574","GP-145-51",0.102997434127653
"BAM2680","GP-145-51",-0.198365844689731
"BAM3154","GP-145-51",0.293807581526467
"BAM3181","GP-145-51",-0.0198600692689074
"BAM326","GP-145-51",0.199142422495717
"BAM328","GP-145-51",0.332849923548869
"BAM350","GP-145-51",0.299498686202429
"BAM3690","GP-145-51",0.237651686522759
"BAM4009","GP-145-51",-0.042836621326663
"BAM4054","GP-145-51",-0.233650384721398
"BAM4138","GP-145-51",-0.359266692121535
"BAM4168","GP-145-51",-0.314608847120749
"BAM4234","GP-145-51",-0.313298886304584
"BAM4254","GP-145-51",-0.315534973281772
"BAM4477","GP-145-51",0.244333938731325
"BAM4496","GP-145-51",0.33326050638421
"BAM4510","GP-145-51",-0.329973285094421
"BAM4521","GP-145-51",-0.359471804129575
"BAM4534","GP-145-51",0.0151213414672662
"BAM4797","GP-145-51",0.0407516378408315
"BAM491","GP-145-51",0.316945268136767
"BAM4928","GP-145-51",-0.360817816330442
"BAM5110","GP-145-51",-0.2307049901649
"BAM56","GP-145-51",-0.377676043340795
"BAM5779","GP-145-51",-0.340196924346037
"BAM5850","GP-145-51",-0.00813882158620598
"BAM6921","GP-145-51",0.0742693150244839
"BAM712","GP-145-51",-0.353258145913557
"BAM742","GP-145-51",-0.361165317372991
"BAM7429","GP-145-51",0.62622112342794
"BAM7449","GP-145-51",0.00130350695265685
"BAM747","GP-145-51",-0.365806357621858
"BAM759","GP-145-51",0.0941472561201475
"BAM766","GP-145-51",-0.36425334609429
"BAM807","GP-145-51",-0.339713844354817
"BAM811","GP-145-51",0.193734464940834
"BAM812","GP-145-51",-0.192847891816244
"BAM819","GP-145-51",-0.159464422522461
"BAM8296","GP-145-51",0.0976762356788799
"BAM8305","GP-145-51",0.0692820623256515
"BAM8315","GP-145-51",-0.357106674379875
"BAM8364","GP-145-51",-0.278300420708716
"BAMAWPYAN","GP-145-51",-0.328593027578982
"BENAMURI","GP-145-51",-0.0171437655651384
"BLACKGORA","GP-145-51",-0.196867023682106
"CGR1656","GP-145-51",0.380308145066927
"CGR1679","GP-145-51",0.774061914384723
"CGR2012","GP-145-51",0.233134245529246
"CO18","GP-145-51",-0.157790971425224
"CRDHAN-204","GP-145-51",-0.261306108023832
"CR143-2-2","GP-145-51",0.0947682415748119
"CR262-4","GP-145-51",0.0911971825942062
"CROSSA","GP-145-51",0.21690494370556
"DULAR","GP-145-51",0.00115978080612519
"EYPO","GP-145-51",0.244715879607371
"EYPO-2","GP-145-51",-0.207403184122224
"FULKATI","GP-145-51",0.037106777878667
"Ghanteswari","GP-145-51",0.169138408527584
"GHATIKAMMANANGARHAR","GP-145-51",-0.249360300892062
"GotrabiDhan","GP-145-51",0.132688013687762
"GP-145-37","GP-145-51",0.165444939199522
"GP-145-51","GP-145-51",1.29422564888392
"HARBHOONDI","GP-145-51",-0.290310182765035
"HongZuiEr","GP-145-51",0.273461693914447
"IndrabaruniDhan","GP-145-51",0.21381364736156
"IR74371-54-1-1","GP-145-51",0.103987321425672
"IR77298-14-1-2-10","GP-145-51",0.107670457885769
"IR77298-5-6-18","GP-145-51",0.00797183273643651
"IR83383-B-B-129-4","GP-145-51",0.0283512530210507
"IR83388-B-B108-3","GP-145-51",0.0662528047733043
"IR87707-445-B-B","GP-145-51",0.0460965279105856
"IR87707-446-B-B","GP-145-51",0.140578273827364
"IRROEPYO","GP-145-51",-0.314595807056864
"KALINGA-1","GP-145-51",0.155595505713055
"KANGRO","GP-145-51",-0.13061224294357
"KHAODAWTAI","GP-145-51",-0.186823524390503
"MANDRIRAVINA","GP-145-51",-0.147804643133789
"MAUDAMANI","GP-145-51",-0.235030840835281
"MOROBEREKAN","GP-145-51",-0.0526087836485397
"MTU1010","GP-145-51",0.0477986664848374
"MTU9","GP-145-51",-0.139667157757017
"NERICA-L-26","GP-145-51",0.099164049530075
"NERICA-L-42","GP-145-51",0.0938127531155171
"NERICA-L-44","GP-145-51",0.130893478304905
"PARIJAT","GP-145-51",0.149079549334079
"Patchaiperumal","GP-145-51",0.370857506292165
"PEH-KUH-TSAO-TU","GP-145-51",-0.130013408834384
"PMK-2","GP-145-51",0.173572314280042
"PRASAD-1","GP-145-51",-0.275074767516737
"PUSASUGANDH5","GP-145-51",0.0851005754790941
"PUSA1121","GP-145-51",0.0322706766932421
"Pusa1121-SN12","GP-145-51",0.0181587373720369
"PUSA44","GP-145-51",0.0584079705099539
"PUSABASMATI6","GP-145-51",-0.329458002231979
"PUSASUGANDH2","GP-145-51",-0.136924022751339
"RASI","GP-145-51",0.152297965188864
"RKVY-104","GP-145-51",-0.0245816265100628
"RKVY-143","GP-145-51",0.570167717041486
"RKVY-28","GP-145-51",0.0994163062220099
"R-RF-44","GP-145-51",0.0599550508573328
"RRF-78","GP-145-51",0.0333831556355533
"Sadabahar","GP-145-51",0.0278889634721597
"SAFRI-17","GP-145-51",-0.251059858853333
"SAHBHAGIDHAN","GP-145-51",0.136976692219084
"SATABHAMA","GP-145-51",-0.29128438019952
"SERATOES","GP-145-51",0.0465555924179532
"SERETY","GP-145-51",-0.128486579723609
"SHAKU","GP-145-51",-0.283050356008511
"SR1-3-1","GP-145-51",-0.270930221984433
"SUWEON","GP-145-51",-0.282632504563463
"SWARNA","GP-145-51",0.264354510342429
"VANAPRAVA","GP-145-51",0.0110712911192836
"VANDANA","GP-145-51",0.0400547286335639
"Wayrarem","GP-145-51",0.112522623768057
"281785","HARBHOONDI",0.21025594311778
"282803","HARBHOONDI",-0.182213882596225
"299554","HARBHOONDI",0.167753062109103
"356457","HARBHOONDI",-0.215894407335262
"376579","HARBHOONDI",0.120679601078261
"376851","HARBHOONDI",0.178171949259261
"377448","HARBHOONDI",-0.274192069661783
"377705","HARBHOONDI",-0.225588639564669
"384190","HARBHOONDI",0.0158491049558847
"426049","HARBHOONDI",-0.213064330416609
"438644","HARBHOONDI",-0.203881971187787
"ADAYSEL","HARBHOONDI",-0.285452977232796
"AbhayaXDagadesi","HARBHOONDI",-0.0726728260124178
"ABHISEK","HARBHOONDI",0.347032187711576
"ABOR-A-1","HARBHOONDI",-0.28014918327806
"ANJALI","HARBHOONDI",0.324522076631537
"Annada","HARBHOONDI",0.0958586240969721
"Apo","HARBHOONDI",0.117309693045887
"ARC10319","HARBHOONDI",-0.255722635043132
"ARC12071","HARBHOONDI",0.094109692210731
"ARNAPURNA","HARBHOONDI",0.168599739217825
"ASD16","HARBHOONDI",0.29451924205746
"AUS257","HARBHOONDI",0.465666472480733
"BAKAL","HARBHOONDI",-0.3642075877795
"BAM1057","HARBHOONDI",-0.378377909547346
"BAM1098","HARBHOONDI",-0.367525557273658
"BAM1659","HARBHOONDI",0.192675620969347
"BAM1689","HARBHOONDI",-0.325096325458555
"BAM1708","HARBHOONDI",-0.361777926019405
"BAM1812","HARBHOONDI",-0.257703061692833
"BAM2096","HARBHOONDI",0.164927953575934
"BAM2166","HARBHOONDI",0.0403245423553585
"BAM247","HARBHOONDI",-0.214447046828099
"BAM2574","HARBHOONDI",0.17358777819179
"BAM2680","HARBHOONDI",0.20503908254364
"BAM3154","HARBHOONDI",-0.117959013732109
"BAM3181","HARBHOONDI",0.121766085819384
"BAM326","HARBHOONDI",0.133779899600038
"BAM328","HARBHOONDI",-0.248073267093612
"BAM350","HARBHOONDI",-0.321382323434341
"BAM3690","HARBHOONDI",-0.251205637562719
"BAM4009","HARBHOONDI",-0.35373951936456
"BAM4054","HARBHOONDI",0.28890703668684
"BAM4138","HARBHOONDI",0.00492002863315305
"BAM4168","HARBHOONDI",0.145447754429531
"BAM4234","HARBHOONDI",0.256611304194549
"BAM4254","HARBHOONDI",0.269523176473464
"BAM4477","HARBHOONDI",-0.246217965722767
"BAM4496","HARBHOONDI",-0.266253136584418
"BAM4510","HARBHOONDI",0.0235240842067201
"BAM4521","HARBHOONDI",0.0525123393022468
"BAM4534","HARBHOONDI",-0.371175746836973
"BAM4797","HARBHOONDI",0.128729633233238
"BAM491","HARBHOONDI",-0.303179965296591
"BAM4928","HARBHOONDI",0.0917492898285857
"BAM5110","HARBHOONDI",0.59411528497955
"BAM56","HARBHOONDI",0.038761897569174
"BAM5779","HARBHOONDI",0.176785079165301
"BAM5850","HARBHOONDI",-0.36952338709529
"BAM6921","HARBHOONDI",0.0266755555575844
"BAM712","HARBHOONDI",0.0940756952122259
"BAM742","HARBHOONDI",0.0869683020425914
"BAM7429","HARBHOONDI",-0.265189676932052
"BAM7449","HARBHOONDI",-0.370143535851702
"BAM747","HARBHOONDI",0.105231046270667
"BAM759","HARBHOONDI",-0.296818272530014
"BAM766","HARBHOONDI",0.102548856226938
"BAM807","HARBHOONDI",0.17267898590676
"BAM811","HARBHOONDI",-0.233482402300779
"BAM812","HARBHOONDI",0.200495595533174
"BAM819","HARBHOONDI",0.237668029303981
"BAM8296","HARBHOONDI",-0.105377246608639
"BAM8305","HARBHOONDI",-0.165316034701266
"BAM8315","HARBHOONDI",0.1055994137255
"BAM8364","HARBHOONDI",0.227775477664098
"BAMAWPYAN","HARBHOONDI",0.0407740818444998
"BENAMURI","HARBHOONDI",0.151166640552802
"BLACKGORA","HARBHOONDI",0.248065891046331
"CGR1656","HARBHOONDI",-0.264858155686893
"CGR1679","HARBHOONDI",0.134136494346362
"CGR2012","HARBHOONDI",0.144651927552777
"CO18","HARBHOONDI",0.0795020705377747
"CRDHAN-204","HARBHOONDI",0.791405020293319
"CR143-2-2","HARBHOONDI",0.394728169426675
"CR262-4","HARBHOONDI",0.402378735613994
"CROSSA","HARBHOONDI",0.119221283740337
"DULAR","HARBHOONDI",-0.378912944028334
"EYPO","HARBHOONDI",-0.323488208855741
"EYPO-2","HARBHOONDI",0.134121443694365
"FULKATI","HARBHOONDI",-0.340530754132456
"Ghanteswari","HARBHOONDI",-0.225928448546016
"GHATIKAMMANANGARHAR","HARBHOONDI",0.272816271689883
"GotrabiDhan","HARBHOONDI",-0.17795417722035
"GP-145-37","HARBHOONDI",0.134753687122694
"GP-145-51","HARBHOONDI",-0.290310182765035
"HARBHOONDI","HARBHOONDI",1.32471232236771
"HongZuiEr","HARBHOONDI",-0.199861476228739
"IndrabaruniDhan","HARBHOONDI",-0.0931254926214492
"IR74371-54-1-1","HARBHOONDI",0.186336513669178
"IR77298-14-1-2-10","HARBHOONDI",0.00937013410158426
"IR77298-5-6-18","HARBHOONDI",-0.124371278363222
"IR83383-B-B-129-4","HARBHOONDI",-0.159575105927355
"IR83388-B-B108-3","HARBHOONDI",-0.0182255340172417
"IR87707-445-B-B","HARBHOONDI",-0.1275796516637
"IR87707-446-B-B","HARBHOONDI",0.0235354735782106
"IRROEPYO","HARBHOONDI",0.0601914596325661
"KALINGA-1","HARBHOONDI",-0.2196743500086
"KANGRO","HARBHOONDI",0.0987748813123877
"KHAODAWTAI","HARBHOONDI",0.311159721470686
"MANDRIRAVINA","HARBHOONDI",0.0753557270231237
"MAUDAMANI","HARBHOONDI",0.308715722362179
"MOROBEREKAN","HARBHOONDI",-0.249829868351852
"MTU1010","HARBHOONDI",-0.132713254779243
"MTU9","HARBHOONDI",0.0960901462847852
"NERICA-L-26","HARBHOONDI",0.0915099097495672
"NERICA-L-42","HARBHOONDI",0.0740587183777096
"NERICA-L-44","HARBHOONDI",-0.0561993126412523
"PARIJAT","HARBHOONDI",-0.178288198787005
"Patchaiperumal","HARBHOONDI",-0.27417929302159
"PEH-KUH-TSAO-TU","HARBHOONDI",0.0923996875792309
"PMK-2","HARBHOONDI",-0.273001356316671
"PRASAD-1","HARBHOONDI",0.225582948588871
"PUSASUGANDH5","HARBHOONDI",-0.103818391329524
"PUSA1121","HARBHOONDI",-0.206692823972467
"Pusa1121-SN12","HARBHOONDI",-0.244356237351894
"PUSA44","HARBHOONDI",-0.119984119054967
"PUSABASMATI6","HARBHOONDI",0.220617342667669
"PUSASUGANDH2","HARBHOONDI",0.333064308346866
"RASI","HARBHOONDI",-0.123186327917613
"RKVY-104","HARBHOONDI",-0.369889637704064
"RKVY-143","HARBHOONDI",-0.288009941378176
"RKVY-28","HARBHOONDI",-0.377304763692954
"R-RF-44","HARBHOONDI",-0.0646058033480568
"RRF-78","HARBHOONDI",-0.245527441787486
"Sadabahar","HARBHOONDI",0.15115523588028
"SAFRI-17","HARBHOONDI",0.26904519385269
"SAHBHAGIDHAN","HARBHOONDI",-0.165284261267469
"SATABHAMA","HARBHOONDI",0.706091259331285
"SERATOES","HARBHOONDI",-0.403419431680715
"SERETY","HARBHOONDI",0.108846565203986
"SHAKU","HARBHOONDI",0.449497930017345
"SR1-3-1","HARBHOONDI",0.318755203385173
"SUWEON","HARBHOONDI",0.245705988164639
"SWARNA","HARBHOONDI",-0.133703626016173
"VANAPRAVA","HARBHOONDI",-0.386199174106779
"VANDANA","HARBHOONDI",-0.00683293759649557
"Wayrarem","HARBHOONDI",0.108838764463576
"281785","HongZuiEr",-0.183165753534135
"282803","HongZuiEr",0.220289526732524
"299554","HongZuiEr",0.115726213293123
"356457","HongZuiEr",0.193908882646496
"376579","HongZuiEr",-0.152875412275627
"376851","HongZuiEr",-0.181780287783123
"377448","HongZuiEr",0.195907433196163
"377705","HongZuiEr",0.569410313136306
"384190","HongZuiEr",-0.343464961121904
"426049","HongZuiEr",0.189334155585974
"438644","HongZuiEr",0.20196710685626
"ADAYSEL","HongZuiEr",0.036560628333022
"AbhayaXDagadesi","HongZuiEr",0.211007361824969
"ABHISEK","HongZuiEr",-0.175660968412434
"ABOR-A-1","HongZuiEr",0.279548906944091
"ANJALI","HongZuiEr",-0.230979559406873
"Annada","HongZuiEr",-0.284205686632227
"Apo","HongZuiEr",0.242650018774548
"ARC10319","HongZuiEr",0.216551065139797
"ARC12071","HongZuiEr",-0.242990440337309
"ARNAPURNA","HongZuiEr",-0.17488312865671
"ASD16","HongZuiEr",-0.126480995582781
"AUS257","HongZuiEr",-0.139143234857488
"BAKAL","HongZuiEr",0.00189050972904115
"BAM1057","HongZuiEr",-0.0663931544095346
"BAM1098","HongZuiEr",0.0390019449438722
"BAM1659","HongZuiEr",-0.224472603934496
"BAM1689","HongZuiEr",-0.0653308609284317
"BAM1708","HongZuiEr",-0.0143574059507961
"BAM1812","HongZuiEr",0.266370575799547
"BAM2096","HongZuiEr",-0.169120457860784
"BAM2166","HongZuiEr",-0.280202518758357
"BAM247","HongZuiEr",0.305679294308323
"BAM2574","HongZuiEr",-0.194741774144834
"BAM2680","HongZuiEr",0.167727430962948
"BAM3154","HongZuiEr",0.137409949440856
"BAM3181","HongZuiEr",-0.151800966965978
"BAM326","HongZuiEr",-0.168362340699742
"BAM328","HongZuiEr",0.208292010307555
"BAM350","HongZuiEr",0.128606679019658
"BAM3690","HongZuiEr",0.820231995442215
"BAM4009","HongZuiEr",-0.044602305856068
"BAM4054","HongZuiEr",-0.131948243131544
"BAM4138","HongZuiEr",-0.333964162519203
"BAM4168","HongZuiEr",-0.199677828406913
"BAM4234","HongZuiEr",-0.205886764730382
"BAM4254","HongZuiEr",-0.207781484978107
"BAM4477","HongZuiEr",0.809108887188527
"BAM4496","HongZuiEr",0.206848475737394
"BAM4510","HongZuiEr",-0.356031774392901
"BAM4521","HongZuiEr",-0.383247750666076
"BAM4534","HongZuiEr",-0.00304633426579684
"BAM4797","HongZuiEr",-0.202665017457007
"BAM491","HongZuiEr",0.0863965692783058
"BAM4928","HongZuiEr",-0.306399314253307
"BAM5110","HongZuiEr",-0.164249176426981
"BAM56","HongZuiEr",-0.352377963227841
"BAM5779","HongZuiEr",-0.2755634867413
"BAM5850","HongZuiEr",-0.0429369363608965
"BAM6921","HongZuiEr",0.147568129977043
"BAM712","HongZuiEr",-0.280367942346745
"BAM742","HongZuiEr",-0.282662269035459
"BAM7429","HongZuiEr",0.268103071430592
"BAM7449","HongZuiEr",-0.00439019414999312
"BAM747","HongZuiEr",-0.306308180406257
"BAM759","HongZuiEr",0.126534483099437
"BAM766","HongZuiEr",-0.277596166847815
"BAM807","HongZuiEr",-0.285529735297446
"BAM811","HongZuiEr",0.158505055382873
"BAM812","HongZuiEr",-0.205464617812009
"BAM819","HongZuiEr",0.0691869055484307
"BAM8296","HongZuiEr",0.206261823703805
"BAM8305","HongZuiEr",0.159951654628635
"BAM8315","HongZuiEr",-0.266386205907146
"BAM8364","HongZuiEr",-0.0632644538393597
"BAMAWPYAN","HongZuiEr",-0.356412964515476
"BENAMURI","HongZuiEr",-0.18110158565256
"BLACKGORA","HongZuiEr",-0.114450906523494
"CGR1656","HongZuiEr",0.215355643529165
"CGR1679","HongZuiEr",-0.1088969070629
"CGR2012","HongZuiEr",-0.164467436996129
"CO18","HongZuiEr",-0.214284365130028
"CRDHAN-204","HongZuiEr",-0.222690590869096
"CR143-2-2","HongZuiEr",0.149724972374268
"CR262-4","HongZuiEr",0.140153317784071
"CROSSA","HongZuiEr",-0.123895327997181
"DULAR","HongZuiEr",0.0198312744237001
"EYPO","HongZuiEr",0.161024499913263
"EYPO-2","HongZuiEr",-0.091732306092613
"FULKATI","HongZuiEr",0.00215556919318159
"Ghanteswari","HongZuiEr",0.278791382295982
"GHATIKAMMANANGARHAR","HongZuiEr",-0.181602656873875
"GotrabiDhan","HongZuiEr",0.279553535134421
"GP-145-37","HongZuiEr",-0.108473991394932
"GP-145-51","HongZuiEr",0.273461693914447
"HARBHOONDI","HongZuiEr",-0.199861476228739
"HongZuiEr","HongZuiEr",1.46799033678546
"IndrabaruniDhan","HongZuiEr",0.181629603447875
"IR74371-54-1-1","HongZuiEr",0.132996819964009
"IR77298-14-1-2-10","HongZuiEr",0.115225733834988
"IR77298-5-6-18","HongZuiEr",0.0901854588396381
"IR83383-B-B-129-4","HongZuiEr",0.118147170691771
"IR83388-B-B108-3","HongZuiEr",0.114938964531555
"IR87707-445-B-B","HongZuiEr",0.096933719615274
"IR87707-446-B-B","HongZuiEr",0.142455027695007
"IRROEPYO","HongZuiEr",-0.343110507685948
"KALINGA-1","HongZuiEr",0.275962813847271
"KANGRO","HongZuiEr",-0.236628746601154
"KHAODAWTAI","HongZuiEr",-0.118143605591957
"MANDRIRAVINA","HongZuiEr",-0.215011386971422
"MAUDAMANI","HongZuiEr",-0.17125411894649
"MOROBEREKAN","HongZuiEr",0.0671197269473812
"MTU1010","HongZuiEr",0.171815709718173
"MTU9","HongZuiEr",-0.240258988997787
"NERICA-L-26","HongZuiEr",0.138151186138193
"NERICA-L-42","HongZuiEr",0.141194041694215
"NERICA-L-44","HongZuiEr",0.139753778246566
"PARIJAT","HongZuiEr",0.296107529189247
"Patchaiperumal","HongZuiEr",0.268410405262335
"PEH-KUH-TSAO-TU","HongZuiEr",-0.236977221807467
"PMK-2","HongZuiEr",0.282365301565086
"PRASAD-1","HongZuiEr",-0.229347780786886
"PUSASUGANDH5","HongZuiEr",0.202204061786101
"PUSA1121","HongZuiEr",0.0783517371934553
"Pusa1121-SN12","HongZuiEr",0.0725061652836741
"PUSA44","HongZuiEr",0.219920404147433
"PUSABASMATI6","HongZuiEr",-0.292516544554644
"PUSASUGANDH2","HongZuiEr",-0.165710059974801
"RASI","HongZuiEr",0.19442904319374
"RKVY-104","HongZuiEr",-0.0244721624420785
"RKVY-143","HongZuiEr",0.192862444392232
"RKVY-28","HongZuiEr",-0.0389292435481412
"R-RF-44","HongZuiEr",0.0759233070473453
"RRF-78","HongZuiEr",0.115418364399616
"Sadabahar","HongZuiEr",-0.194598002066063
"SAFRI-17","HongZuiEr",-0.139868255899211
"SAHBHAGIDHAN","HongZuiEr",0.279583240637194
"SATABHAMA","HongZuiEr",-0.214386612728454
"SERATOES","HongZuiEr",-0.0440866049608718
"SERETY","HongZuiEr",-0.241416163825326
"SHAKU","HongZuiEr",-0.229704926359602
"SR1-3-1","HongZuiEr",-0.224329660099454
"SUWEON","HongZuiEr",-0.251980343816147
"SWARNA","HongZuiEr",0.144684476371953
"VANAPRAVA","HongZuiEr",-0.0646551260166186
"VANDANA","HongZuiEr",0.113384693766554
"Wayrarem","HongZuiEr",0.225480108086306
"281785","IndrabaruniDhan",-0.149542037222162
"282803","IndrabaruniDhan",0.198175403592284
"299554","IndrabaruniDhan",0.346675625439972
"356457","IndrabaruniDhan",0.213737151682363
"376579","IndrabaruniDhan",-0.195748587674562
"376851","IndrabaruniDhan",-0.164952844017407
"377448","IndrabaruniDhan",0.187887922294674
"377705","IndrabaruniDhan",0.172660964192145
"384190","IndrabaruniDhan",-0.426010788667251
"426049","IndrabaruniDhan",0.208010568633438
"438644","IndrabaruniDhan",0.202676734764377
"ADAYSEL","IndrabaruniDhan",0.254784587127952
"AbhayaXDagadesi","IndrabaruniDhan",0.261732369028045
"ABHISEK","IndrabaruniDhan",-0.0401144815428759
"ABOR-A-1","IndrabaruniDhan",0.15549152406752
"ANJALI","IndrabaruniDhan",-0.115049745863909
"Annada","IndrabaruniDhan",-0.360221145418378
"Apo","IndrabaruniDhan",0.19830622135262
"ARC10319","IndrabaruniDhan",0.193795480365443
"ARC12071","IndrabaruniDhan",-0.17176763227963
"ARNAPURNA","IndrabaruniDhan",-0.181148447251582
"ASD16","IndrabaruniDhan",-0.032077189205354
"AUS257","IndrabaruniDhan",-0.0389363581027119
"BAKAL","IndrabaruniDhan",-0.0852255649890266
"BAM1057","IndrabaruniDhan",-0.106579439985181
"BAM1098","IndrabaruniDhan",-0.127363520633815
"BAM1659","IndrabaruniDhan",-0.162956094844239
"BAM1689","IndrabaruniDhan",-0.0954111197708677
"BAM1708","IndrabaruniDhan",-0.105168269142833
"BAM1812","IndrabaruniDhan",0.147188030177437
"BAM2096","IndrabaruniDhan",-0.176693770557624
"BAM2166","IndrabaruniDhan",-0.411329870986376
"BAM247","IndrabaruniDhan",0.256097166383285
"BAM2574","IndrabaruniDhan",-0.177631809648104
"BAM2680","IndrabaruniDhan",-0.176373416069567
"BAM3154","IndrabaruniDhan",0.195378530990652
"BAM3181","IndrabaruniDhan",-0.214325148684292
"BAM326","IndrabaruniDhan",-0.163481551870973
"BAM328","IndrabaruniDhan",0.150772693288689
"BAM350","IndrabaruniDhan",0.0486999990955285
"BAM3690","IndrabaruniDhan",0.164843483488318
"BAM4009","IndrabaruniDhan",-0.138003640608315
"BAM4054","IndrabaruniDhan",-0.11122744233965
"BAM4138","IndrabaruniDhan",-0.400724239222057
"BAM4168","IndrabaruniDhan",-0.317917128187524
"BAM4234","IndrabaruniDhan",-0.0926159815360759
"BAM4254","IndrabaruniDhan",-0.0939139015628249
"BAM4477","IndrabaruniDhan",0.14037261764748
"BAM4496","IndrabaruniDhan",0.204456106818324
"BAM4510","IndrabaruniDhan",-0.391553006342022
"BAM4521","IndrabaruniDhan",-0.445076142469728
"BAM4534","IndrabaruniDhan",-0.0677559593069028
"BAM4797","IndrabaruniDhan",-0.182981790790951
"BAM491","IndrabaruniDhan",0.038618695016085
"BAM4928","IndrabaruniDhan",-0.388419464579572
"BAM5110","IndrabaruniDhan",0.0172858984982624
"BAM56","IndrabaruniDhan",-0.409176822708186
"BAM5779","IndrabaruniDhan",-0.287095533097378
"BAM5850","IndrabaruniDhan",-0.0857091409481603
"BAM6921","IndrabaruniDhan",0.278742983271285
"BAM712","IndrabaruniDhan",-0.353255970488397
"BAM742","IndrabaruniDhan",-0.349588407570804
"BAM7429","IndrabaruniDhan",0.111788402973715
"BAM7449","IndrabaruniDhan",-0.0882727241338513
"BAM747","IndrabaruniDhan",-0.364269857204517
"BAM759","IndrabaruniDhan",0.0513449474832127
"BAM766","IndrabaruniDhan",-0.353042008399166
"BAM807","IndrabaruniDhan",-0.278012658709494
"BAM811","IndrabaruniDhan",0.184425385846053
"BAM812","IndrabaruniDhan",-0.167041231663678
"BAM819","IndrabaruniDhan",-0.110508989289681
"BAM8296","IndrabaruniDhan",0.285917715856273
"BAM8305","IndrabaruniDhan",0.202245714536984
"BAM8315","IndrabaruniDhan",-0.386932608945596
"BAM8364","IndrabaruniDhan",-0.187132651585016
"BAMAWPYAN","IndrabaruniDhan",-0.427521222489145
"BENAMURI","IndrabaruniDhan",-0.232024362207495
"BLACKGORA","IndrabaruniDhan",-0.125068050929877
"CGR1656","IndrabaruniDhan",0.128373656520621
"CGR1679","IndrabaruniDhan",-0.144484620126532
"CGR2012","IndrabaruniDhan",-0.204272541688408
"CO18","IndrabaruniDhan",-0.152897113417219
"CRDHAN-204","IndrabaruniDhan",-0.0105186961603773
"CR143-2-2","IndrabaruniDhan",0.264412892244596
"CR262-4","IndrabaruniDhan",0.257526411072966
"CROSSA","IndrabaruniDhan",-0.219416722614324
"DULAR","IndrabaruniDhan",-0.105762391150875
"EYPO","IndrabaruniDhan",0.152529554133459
"EYPO-2","IndrabaruniDhan",-0.199662043987351
"FULKATI","IndrabaruniDhan",-0.0785410188958173
"Ghanteswari","IndrabaruniDhan",0.188962344703337
"GHATIKAMMANANGARHAR","IndrabaruniDhan",-0.144991397116825
"GotrabiDhan","IndrabaruniDhan",0.287271596194973
"GP-145-37","IndrabaruniDhan",-0.15310449930323
"GP-145-51","IndrabaruniDhan",0.21381364736156
"HARBHOONDI","IndrabaruniDhan",-0.0931254926214492
"HongZuiEr","IndrabaruniDhan",0.181629603447875
"IndrabaruniDhan","IndrabaruniDhan",1.24533348426013
"IR74371-54-1-1","IndrabaruniDhan",0.251503408282634
"IR77298-14-1-2-10","IndrabaruniDhan",0.417759203087079
"IR77298-5-6-18","IndrabaruniDhan",0.249364273083138
"IR83383-B-B-129-4","IndrabaruniDhan",0.201342306792165
"IR83388-B-B108-3","IndrabaruniDhan",0.275679046792539
"IR87707-445-B-B","IndrabaruniDhan",0.231807702610623
"IR87707-446-B-B","IndrabaruniDhan",0.209658011595073
"IRROEPYO","IndrabaruniDhan",-0.342796580646552
"KALINGA-1","IndrabaruniDhan",0.201867795295477
"KANGRO","IndrabaruniDhan",-0.165299242076011
"KHAODAWTAI","IndrabaruniDhan",-0.186307315082289
"MANDRIRAVINA","IndrabaruniDhan",-0.156544716471504
"MAUDAMANI","IndrabaruniDhan",-0.0525624696930611
"MOROBEREKAN","IndrabaruniDhan",-0.0463594294431665
"MTU1010","IndrabaruniDhan",0.241093992847533
"MTU9","IndrabaruniDhan",-0.177022241400252
"NERICA-L-26","IndrabaruniDhan",0.354034332062962
"NERICA-L-42","IndrabaruniDhan",0.350230930269588
"NERICA-L-44","IndrabaruniDhan",0.235531470911534
"PARIJAT","IndrabaruniDhan",0.173834973188977
"Patchaiperumal","IndrabaruniDhan",0.143492021901614
"PEH-KUH-TSAO-TU","IndrabaruniDhan",-0.167259601109197
"PMK-2","IndrabaruniDhan",0.142243476869102
"PRASAD-1","IndrabaruniDhan",-0.115305534111503
"PUSASUGANDH5","IndrabaruniDhan",0.230294325657851
"PUSA1121","IndrabaruniDhan",0.0266909293005679
"Pusa1121-SN12","IndrabaruniDhan",0.0491420919733747
"PUSA44","IndrabaruniDhan",0.292674960679285
"PUSABASMATI6","IndrabaruniDhan",-0.192778287962364
"PUSASUGANDH2","IndrabaruniDhan",0.777856842023823
"RASI","IndrabaruniDhan",0.200519200004957
"RKVY-104","IndrabaruniDhan",-0.132111081620851
"RKVY-143","IndrabaruniDhan",0.20689058585274
"RKVY-28","IndrabaruniDhan",-0.064669967075388
"R-RF-44","IndrabaruniDhan",0.360290307208784
"RRF-78","IndrabaruniDhan",0.116167551002337
"Sadabahar","IndrabaruniDhan",-0.215911956704171
"SAFRI-17","IndrabaruniDhan",0.0189286281512347
"SAHBHAGIDHAN","IndrabaruniDhan",0.167409261753771
"SATABHAMA","IndrabaruniDhan",-0.117522787831637
"SERATOES","IndrabaruniDhan",-0.0985969906842233
"SERETY","IndrabaruniDhan",-0.188548780150653
"SHAKU","IndrabaruniDhan",-0.203297857086606
"SR1-3-1","IndrabaruniDhan",-0.0835184418376157
"SUWEON","IndrabaruniDhan",-0.175208241583177
"SWARNA","IndrabaruniDhan",0.705203437045237
"VANAPRAVA","IndrabaruniDhan",-0.103436014744331
"VANDANA","IndrabaruniDhan",0.0892670914564639
"Wayrarem","IndrabaruniDhan",0.207327038161093
"281785","IR74371-54-1-1",-0.213804815724646
"282803","IR74371-54-1-1",0.198040830758409
"299554","IR74371-54-1-1",0.350550449514989
"356457","IR74371-54-1-1",0.149510389941664
"376579","IR74371-54-1-1",-0.241206033147274
"376851","IR74371-54-1-1",-0.279745384795309
"377448","IR74371-54-1-1",0.113703694966522
"377705","IR74371-54-1-1",0.0947415394655529
"384190","IR74371-54-1-1",-0.310893711672218
"426049","IR74371-54-1-1",0.150979498257257
"438644","IR74371-54-1-1",0.180426978140908
"ADAYSEL","IR74371-54-1-1",0.0576267351542965
"AbhayaXDagadesi","IR74371-54-1-1",0.209213255610005
"ABHISEK","IR74371-54-1-1",-0.13317844188551
"ABOR-A-1","IR74371-54-1-1",0.138375639266332
"ANJALI","IR74371-54-1-1",-0.10744576474218
"Annada","IR74371-54-1-1",-0.254576408930607
"Apo","IR74371-54-1-1",0.593233355360607
"ARC10319","IR74371-54-1-1",0.105656644549753
"ARC12071","IR74371-54-1-1",-0.276674647292222
"ARNAPURNA","IR74371-54-1-1",-0.259039101533725
"ASD16","IR74371-54-1-1",-0.186960451259031
"AUS257","IR74371-54-1-1",0.0948853527514351
"BAKAL","IR74371-54-1-1",-0.0638828878252687
"BAM1057","IR74371-54-1-1",-0.060108957595909
"BAM1098","IR74371-54-1-1",-0.0273693335412264
"BAM1659","IR74371-54-1-1",-0.231450073252608
"BAM1689","IR74371-54-1-1",-0.0362906507686576
"BAM1708","IR74371-54-1-1",-0.034248826529503
"BAM1812","IR74371-54-1-1",0.0946450940306566
"BAM2096","IR74371-54-1-1",-0.243877699153047
"BAM2166","IR74371-54-1-1",-0.341943344142378
"BAM247","IR74371-54-1-1",0.109013922312903
"BAM2574","IR74371-54-1-1",-0.267316964527015
"BAM2680","IR74371-54-1-1",-0.24932318549019
"BAM3154","IR74371-54-1-1",0.358593904917291
"BAM3181","IR74371-54-1-1",-0.281492273042929
"BAM326","IR74371-54-1-1",-0.250612863247768
"BAM328","IR74371-54-1-1",0.148766987180574
"BAM350","IR74371-54-1-1",0.0195505536346969
"BAM3690","IR74371-54-1-1",0.122696825810111
"BAM4009","IR74371-54-1-1",-0.0517944336626468
"BAM4054","IR74371-54-1-1",-0.123282415581303
"BAM4138","IR74371-54-1-1",-0.374172927167797
"BAM4168","IR74371-54-1-1",-0.273567388432363
"BAM4234","IR74371-54-1-1",-0.176736625357125
"BAM4254","IR74371-54-1-1",-0.184810344552079
"BAM4477","IR74371-54-1-1",0.119642696963984
"BAM4496","IR74371-54-1-1",0.132418307059305
"BAM4510","IR74371-54-1-1",-0.379615093574078
"BAM4521","IR74371-54-1-1",-0.368544956144852
"BAM4534","IR74371-54-1-1",-0.0551594563820522
"BAM4797","IR74371-54-1-1",-0.267766600620633
"BAM491","IR74371-54-1-1",0.0315444579107128
"BAM4928","IR74371-54-1-1",-0.323043627327698
"BAM5110","IR74371-54-1-1",-0.0449815388347057
"BAM56","IR74371-54-1-1",-0.367609483496366
"BAM5779","IR74371-54-1-1",-0.17587362773448
"BAM5850","IR74371-54-1-1",-0.0858525005906599
"BAM6921","IR74371-54-1-1",0.421182778439845
"BAM712","IR74371-54-1-1",-0.256433708881129
"BAM742","IR74371-54-1-1",-0.25237031035123
"BAM7429","IR74371-54-1-1",0.0913394565836049
"BAM7449","IR74371-54-1-1",-0.0591557384452768
"BAM747","IR74371-54-1-1",-0.265843529541593
"BAM759","IR74371-54-1-1",0.068492643586134
"BAM766","IR74371-54-1-1",-0.259379091555565
"BAM807","IR74371-54-1-1",-0.168990008023643
"BAM811","IR74371-54-1-1",0.147769500519098
"BAM812","IR74371-54-1-1",-0.213791207754757
"BAM819","IR74371-54-1-1",-0.234460687702768
"BAM8296","IR74371-54-1-1",0.313548691779848
"BAM8305","IR74371-54-1-1",0.157503184678929
"BAM8315","IR74371-54-1-1",-0.297898952973329
"BAM8364","IR74371-54-1-1",-0.189622677770409
"BAMAWPYAN","IR74371-54-1-1",-0.365017296559662
"BENAMURI","IR74371-54-1-1",-0.232157519382975
"BLACKGORA","IR74371-54-1-1",-0.185393939403076
"CGR1656","IR74371-54-1-1",0.1124694234798
"CGR1679","IR74371-54-1-1",-0.258009370288222
"CGR2012","IR74371-54-1-1",-0.246543376932227
"CO18","IR74371-54-1-1",-0.292206509078257
"CRDHAN-204","IR74371-54-1-1",0.00495037286138603
"CR143-2-2","IR74371-54-1-1",0.798831623497995
"CR262-4","IR74371-54-1-1",0.805038252733344
"CROSSA","IR74371-54-1-1",-0.239196519259578
"DULAR","IR74371-54-1-1",-0.0649127618076871
"EYPO","IR74371-54-1-1",0.0655203233275564
"EYPO-2","IR74371-54-1-1",-0.211307996158196
"FULKATI","IR74371-54-1-1",-0.0487553523751895
"Ghanteswari","IR74371-54-1-1",0.0968442576123603
"GHATIKAMMANANGARHAR","IR74371-54-1-1",-0.163212781172669
"GotrabiDhan","IR74371-54-1-1",0.125318912649143
"GP-145-37","IR74371-54-1-1",-0.233055718749559
"GP-145-51","IR74371-54-1-1",0.103987321425672
"HARBHOONDI","IR74371-54-1-1",0.186336513669178
"HongZuiEr","IR74371-54-1-1",0.132996819964009
"IndrabaruniDhan","IR74371-54-1-1",0.251503408282634
"IR74371-54-1-1","IR74371-54-1-1",1.22706311699356
"IR77298-14-1-2-10","IR74371-54-1-1",0.353064246859252
"IR77298-5-6-18","IR74371-54-1-1",0.186982941959825
"IR83383-B-B-129-4","IR74371-54-1-1",0.207715840705633
"IR83388-B-B108-3","IR74371-54-1-1",0.355551519304781
"IR87707-445-B-B","IR74371-54-1-1",0.210578753267339
"IR87707-446-B-B","IR74371-54-1-1",0.334950738476018
"IRROEPYO","IR74371-54-1-1",-0.317204418514968
"KALINGA-1","IR74371-54-1-1",0.153186203912618
"KANGRO","IR74371-54-1-1",-0.275374204231884
"KHAODAWTAI","IR74371-54-1-1",-0.188523351407892
"MANDRIRAVINA","IR74371-54-1-1",-0.292705324310586
"MAUDAMANI","IR74371-54-1-1",-0.147661599886621
"MOROBEREKAN","IR74371-54-1-1",0.0841290039753932
"MTU1010","IR74371-54-1-1",0.180829267787151
"MTU9","IR74371-54-1-1",-0.283359450570089
"NERICA-L-26","IR74371-54-1-1",0.57612443404222
"NERICA-L-42","IR74371-54-1-1",0.586630822375406
"NERICA-L-44","IR74371-54-1-1",0.243859559319185
"PARIJAT","IR74371-54-1-1",0.202433386727857
"Patchaiperumal","IR74371-54-1-1",0.0935392141676171
"PEH-KUH-TSAO-TU","IR74371-54-1-1",-0.275060739993776
"PMK-2","IR74371-54-1-1",0.135719050282991
"PRASAD-1","IR74371-54-1-1",-0.197495663576018
"PUSASUGANDH5","IR74371-54-1-1",0.188980417144546
"PUSA1121","IR74371-54-1-1",0.10613212905323
"Pusa1121-SN12","IR74371-54-1-1",0.114081843539964
"PUSA44","IR74371-54-1-1",0.253671096114085
"PUSABASMATI6","IR74371-54-1-1",-0.223217960358063
"PUSASUGANDH2","IR74371-54-1-1",-0.109975754214284
"RASI","IR74371-54-1-1",0.194109851375689
"RKVY-104","IR74371-54-1-1",-0.0507341950361695
"RKVY-143","IR74371-54-1-1",0.0627320552883288
"RKVY-28","IR74371-54-1-1",-0.0829474845073559
"R-RF-44","IR74371-54-1-1",0.223422294215093
"RRF-78","IR74371-54-1-1",0.103076251110837
"Sadabahar","IR74371-54-1-1",-0.236649721850007
"SAFRI-17","IR74371-54-1-1",-0.115884678233817
"SAHBHAGIDHAN","IR74371-54-1-1",0.211411785228759
"SATABHAMA","IR74371-54-1-1",0.430616162048024
"SERATOES","IR74371-54-1-1",-0.0633009643952121
"SERETY","IR74371-54-1-1",-0.260268489018016
"SHAKU","IR74371-54-1-1",-0.0025170349992686
"SR1-3-1","IR74371-54-1-1",-0.0986653471699267
"SUWEON","IR74371-54-1-1",-0.152586731881439
"SWARNA","IR74371-54-1-1",0.261565777153766
"VANAPRAVA","IR74371-54-1-1",-0.061325795353358
"VANDANA","IR74371-54-1-1",0.404979398334257
"Wayrarem","IR74371-54-1-1",0.581642211624229
"281785","IR77298-14-1-2-10",-0.166461714582031
"282803","IR77298-14-1-2-10",0.245219391805982
"299554","IR77298-14-1-2-10",0.36406990979822
"356457","IR77298-14-1-2-10",0.216871674322459
"376579","IR77298-14-1-2-10",-0.245194007370645
"376851","IR77298-14-1-2-10",-0.234029995984428
"377448","IR77298-14-1-2-10",0.161666216647646
"377705","IR77298-14-1-2-10",0.154597756171524
"384190","IR77298-14-1-2-10",-0.410751294671255
"426049","IR77298-14-1-2-10",0.215076713711395
"438644","IR77298-14-1-2-10",0.195987905406898
"ADAYSEL","IR77298-14-1-2-10",0.202203189703069
"AbhayaXDagadesi","IR77298-14-1-2-10",0.252294958766896
"ABHISEK","IR77298-14-1-2-10",-0.124847348697732
"ABOR-A-1","IR77298-14-1-2-10",0.152645483993857
"ANJALI","IR77298-14-1-2-10",-0.042818768361163
"Annada","IR77298-14-1-2-10",-0.339199070094951
"Apo","IR77298-14-1-2-10",0.320097878570617
"ARC10319","IR77298-14-1-2-10",0.133869192472249
"ARC12071","IR77298-14-1-2-10",-0.294175597267852
"ARNAPURNA","IR77298-14-1-2-10",-0.243350735046332
"ASD16","IR77298-14-1-2-10",-0.138289161811089
"AUS257","IR77298-14-1-2-10",-0.0885287673434927
"BAKAL","IR77298-14-1-2-10",-0.0164994435610658
"BAM1057","IR77298-14-1-2-10",-0.0434046259036092
"BAM1098","IR77298-14-1-2-10",-0.0326100176325024
"BAM1659","IR77298-14-1-2-10",-0.137304105116647
"BAM1689","IR77298-14-1-2-10",-0.0244148682022713
"BAM1708","IR77298-14-1-2-10",-0.0229239579705011
"BAM1812","IR77298-14-1-2-10",0.110785944787095
"BAM2096","IR77298-14-1-2-10",-0.212754671973292
"BAM2166","IR77298-14-1-2-10",-0.350564376382479
"BAM247","IR77298-14-1-2-10",0.192784965216788
"BAM2574","IR77298-14-1-2-10",-0.26890771146292
"BAM2680","IR77298-14-1-2-10",-0.225302476491959
"BAM3154","IR77298-14-1-2-10",0.259900925614031
"BAM3181","IR77298-14-1-2-10",-0.264234154272521
"BAM326","IR77298-14-1-2-10",-0.230658117399205
"BAM328","IR77298-14-1-2-10",0.113966427108734
"BAM350","IR77298-14-1-2-10",0.0389782983897238
"BAM3690","IR77298-14-1-2-10",0.130220431684067
"BAM4009","IR77298-14-1-2-10",-0.0733762817993718
"BAM4054","IR77298-14-1-2-10",-0.0995696607045658
"BAM4138","IR77298-14-1-2-10",-0.400799880124159
"BAM4168","IR77298-14-1-2-10",-0.346950104696302
"BAM4234","IR77298-14-1-2-10",-0.0917543232895206
"BAM4254","IR77298-14-1-2-10",-0.104630488900511
"BAM4477","IR77298-14-1-2-10",0.109470100095887
"BAM4496","IR77298-14-1-2-10",0.0990052814332429
"BAM4510","IR77298-14-1-2-10",-0.384341289078358
"BAM4521","IR77298-14-1-2-10",-0.415684061204259
"BAM4534","IR77298-14-1-2-10",-0.0335348393001666
"BAM4797","IR77298-14-1-2-10",-0.283518437864495
"BAM491","IR77298-14-1-2-10",0.0302909672822528
"BAM4928","IR77298-14-1-2-10",-0.326692814740331
"BAM5110","IR77298-14-1-2-10",0.0289794237590715
"BAM56","IR77298-14-1-2-10",-0.38423494598455
"BAM5779","IR77298-14-1-2-10",-0.301525867475642
"BAM5850","IR77298-14-1-2-10",-0.0529208217099956
"BAM6921","IR77298-14-1-2-10",0.363540576932603
"BAM712","IR77298-14-1-2-10",-0.32363114693731
"BAM742","IR77298-14-1-2-10",-0.324634302184609
"BAM7429","IR77298-14-1-2-10",0.065999684461625
"BAM7449","IR77298-14-1-2-10",-0.035663521487952
"BAM747","IR77298-14-1-2-10",-0.342323135411567
"BAM759","IR77298-14-1-2-10",0.0963480361850792
"BAM766","IR77298-14-1-2-10",-0.337551056674975
"BAM807","IR77298-14-1-2-10",-0.2912948522925
"BAM811","IR77298-14-1-2-10",0.241011478818037
"BAM812","IR77298-14-1-2-10",-0.15359472860591
"BAM819","IR77298-14-1-2-10",-0.226607058536714
"BAM8296","IR77298-14-1-2-10",0.365676686108315
"BAM8305","IR77298-14-1-2-10",0.231854997651996
"BAM8315","IR77298-14-1-2-10",-0.359421169080159
"BAM8364","IR77298-14-1-2-10",-0.167740696848844
"BAMAWPYAN","IR77298-14-1-2-10",-0.381416014268533
"BENAMURI","IR77298-14-1-2-10",-0.257521327635828
"BLACKGORA","IR77298-14-1-2-10",-0.106765124333708
"CGR1656","IR77298-14-1-2-10",0.106936261742913
"CGR1679","IR77298-14-1-2-10",-0.278669617384467
"CGR2012","IR77298-14-1-2-10",-0.238911172451714
"CO18","IR77298-14-1-2-10",-0.280012380980348
"CRDHAN-204","IR77298-14-1-2-10",-0.00751367321640789
"CR143-2-2","IR77298-14-1-2-10",0.331751989156548
"CR262-4","IR77298-14-1-2-10",0.324435733855377
"CROSSA","IR77298-14-1-2-10",-0.262756023550554
"DULAR","IR77298-14-1-2-10",-0.0619335708564311
"EYPO","IR77298-14-1-2-10",0.128819995533074
"EYPO-2","IR77298-14-1-2-10",-0.213610104788435
"FULKATI","IR77298-14-1-2-10",-0.0274156276689237
"Ghanteswari","IR77298-14-1-2-10",0.142561641794151
"GHATIKAMMANANGARHAR","IR77298-14-1-2-10",-0.147299963787979
"GotrabiDhan","IR77298-14-1-2-10",0.187575857848655
"GP-145-37","IR77298-14-1-2-10",-0.257746089399784
"GP-145-51","IR77298-14-1-2-10",0.107670457885769
"HARBHOONDI","IR77298-14-1-2-10",0.00937013410158426
"HongZuiEr","IR77298-14-1-2-10",0.115225733834988
"IndrabaruniDhan","IR77298-14-1-2-10",0.417759203087079
"IR74371-54-1-1","IR77298-14-1-2-10",0.353064246859252
"IR77298-14-1-2-10","IR77298-14-1-2-10",1.33090340388873
"IR77298-5-6-18","IR77298-14-1-2-10",0.247469507058047
"IR83383-B-B-129-4","IR77298-14-1-2-10",0.190090935579376
"IR83388-B-B108-3","IR77298-14-1-2-10",0.775238080188742
"IR87707-445-B-B","IR77298-14-1-2-10",0.229943423442963
"IR87707-446-B-B","IR77298-14-1-2-10",0.379445013993016
"IRROEPYO","IR77298-14-1-2-10",-0.321511290505233
"KALINGA-1","IR77298-14-1-2-10",0.171438857678561
"KANGRO","IR77298-14-1-2-10",-0.287822914054836
"KHAODAWTAI","IR77298-14-1-2-10",-0.135208821330537
"MANDRIRAVINA","IR77298-14-1-2-10",-0.286658277943843
"MAUDAMANI","IR77298-14-1-2-10",-0.0271236258373495
"MOROBEREKAN","IR77298-14-1-2-10",0.0132575598358793
"MTU1010","IR77298-14-1-2-10",0.158103701005177
"MTU9","IR77298-14-1-2-10",-0.302238021289643
"NERICA-L-26","IR77298-14-1-2-10",0.31639144055073
"NERICA-L-42","IR77298-14-1-2-10",0.34356818428443
"NERICA-L-44","IR77298-14-1-2-10",0.360641778210186
"PARIJAT","IR77298-14-1-2-10",0.282384461539712
"Patchaiperumal","IR77298-14-1-2-10",0.104468797217379
"PEH-KUH-TSAO-TU","IR77298-14-1-2-10",-0.287440052679178
"PMK-2","IR77298-14-1-2-10",0.152474141930032
"PRASAD-1","IR77298-14-1-2-10",-0.169756827598932
"PUSASUGANDH5","IR77298-14-1-2-10",0.345119603063298
"PUSA1121","IR77298-14-1-2-10",0.108045326195775
"Pusa1121-SN12","IR77298-14-1-2-10",0.132449967408234
"PUSA44","IR77298-14-1-2-10",0.307562530827598
"PUSABASMATI6","IR77298-14-1-2-10",-0.173727533062916
"PUSASUGANDH2","IR77298-14-1-2-10",0.0496823417885709
"RASI","IR77298-14-1-2-10",0.19230190533344
"RKVY-104","IR77298-14-1-2-10",-0.0165636098476277
"RKVY-143","IR77298-14-1-2-10",0.110100982852876
"RKVY-28","IR77298-14-1-2-10",-0.0327095243319923
"R-RF-44","IR77298-14-1-2-10",0.25889744932248
"RRF-78","IR77298-14-1-2-10",0.188819176491472
"Sadabahar","IR77298-14-1-2-10",-0.231116567836429
"SAFRI-17","IR77298-14-1-2-10",-0.0977472368768109
"SAHBHAGIDHAN","IR77298-14-1-2-10",0.271689998275321
"SATABHAMA","IR77298-14-1-2-10",-0.0522160027369819
"SERATOES","IR77298-14-1-2-10",-0.0703691333531677
"SERETY","IR77298-14-1-2-10",-0.272758479286936
"SHAKU","IR77298-14-1-2-10",-0.123720566193405
"SR1-3-1","IR77298-14-1-2-10",0.0732186566782154
"SUWEON","IR77298-14-1-2-10",-0.160410680237256
"SWARNA","IR77298-14-1-2-10",0.596639241831751
"VANAPRAVA","IR77298-14-1-2-10",-0.0240107034593657
"VANDANA","IR77298-14-1-2-10",0.192376303711843
"Wayrarem","IR77298-14-1-2-10",0.345923704781392
"281785","IR77298-5-6-18",-0.0451120322633052
"282803","IR77298-5-6-18",0.374138499300107
"299554","IR77298-5-6-18",0.408803854582914
"356457","IR77298-5-6-18",0.24932528342491
"376579","IR77298-5-6-18",-0.318710426630674
"376851","IR77298-5-6-18",-0.348230424945061
"377448","IR77298-5-6-18",0.0608296617955985
"377705","IR77298-5-6-18",0.13730484731068
"384190","IR77298-5-6-18",-0.375544770253797
"426049","IR77298-5-6-18",0.24770595614367
"438644","IR77298-5-6-18",0.389471782157441
"ADAYSEL","IR77298-5-6-18",0.0155624345736646
"AbhayaXDagadesi","IR77298-5-6-18",0.449284949142193
"ABHISEK","IR77298-5-6-18",-0.132706692927154
"ABOR-A-1","IR77298-5-6-18",0.120687044854422
"ANJALI","IR77298-5-6-18",-0.00194365097368637
"Annada","IR77298-5-6-18",-0.302251432081057
"Apo","IR77298-5-6-18",0.140768096892985
"ARC10319","IR77298-5-6-18",0.137137357680708
"ARC12071","IR77298-5-6-18",-0.247659907665991
"ARNAPURNA","IR77298-5-6-18",-0.221884006758547
"ASD16","IR77298-5-6-18",-0.175095298011047
"AUS257","IR77298-5-6-18",-0.150888188806721
"BAKAL","IR77298-5-6-18",0.0189786410284058
"BAM1057","IR77298-5-6-18",-0.0273086091700591
"BAM1098","IR77298-5-6-18",0.0108773671141296
"BAM1659","IR77298-5-6-18",-0.284475575889086
"BAM1689","IR77298-5-6-18",-0.0260876267369941
"BAM1708","IR77298-5-6-18",-0.0578575867875459
"BAM1812","IR77298-5-6-18",0.0684815749983646
"BAM2096","IR77298-5-6-18",-0.341774990486811
"BAM2166","IR77298-5-6-18",-0.379267977153151
"BAM247","IR77298-5-6-18",0.248118760012441
"BAM2574","IR77298-5-6-18",-0.276041760014842
"BAM2680","IR77298-5-6-18",-0.186108888702313
"BAM3154","IR77298-5-6-18",0.131489659653989
"BAM3181","IR77298-5-6-18",-0.315495997707224
"BAM326","IR77298-5-6-18",-0.301285140890667
"BAM328","IR77298-5-6-18",0.0240539525194371
"BAM350","IR77298-5-6-18",0.0426523350440981
"BAM3690","IR77298-5-6-18",0.110616995487469
"BAM4009","IR77298-5-6-18",-0.00559614663230336
"BAM4054","IR77298-5-6-18",-0.14343211289546
"BAM4138","IR77298-5-6-18",-0.399390193520167
"BAM4168","IR77298-5-6-18",-0.317310754413437
"BAM4234","IR77298-5-6-18",0.282899373472479
"BAM4254","IR77298-5-6-18",0.268403022889921
"BAM4477","IR77298-5-6-18",0.100079764185661
"BAM4496","IR77298-5-6-18",0.0866710013589927
"BAM4510","IR77298-5-6-18",-0.362356764237067
"BAM4521","IR77298-5-6-18",-0.38124128127658
"BAM4534","IR77298-5-6-18",-0.00829230184396914
"BAM4797","IR77298-5-6-18",-0.318547378322571
"BAM491","IR77298-5-6-18",0.0290625726482515
"BAM4928","IR77298-5-6-18",-0.362682096036401
"BAM5110","IR77298-5-6-18",-0.089970352797837
"BAM56","IR77298-5-6-18",-0.372744129776409
"BAM5779","IR77298-5-6-18",-0.287979076658597
"BAM5850","IR77298-5-6-18",-0.0281795312340425
"BAM6921","IR77298-5-6-18",0.269019100897092
"BAM712","IR77298-5-6-18",-0.288675510573139
"BAM742","IR77298-5-6-18",-0.308714397626139
"BAM7429","IR77298-5-6-18",0.0651021519552146
"BAM7449","IR77298-5-6-18",-0.041064168455984
"BAM747","IR77298-5-6-18",-0.297405321616497
"BAM759","IR77298-5-6-18",0.08003024764325
"BAM766","IR77298-5-6-18",-0.32514377452364
"BAM807","IR77298-5-6-18",-0.277378431404701
"BAM811","IR77298-5-6-18",0.148402637444257
"BAM812","IR77298-5-6-18",-0.212712240750749
"BAM819","IR77298-5-6-18",-0.141600613216999
"BAM8296","IR77298-5-6-18",0.325248801517465
"BAM8305","IR77298-5-6-18",0.479035788442959
"BAM8315","IR77298-5-6-18",-0.336862870495289
"BAM8364","IR77298-5-6-18",-0.121930877430713
"BAMAWPYAN","IR77298-5-6-18",-0.403988109113101
"BENAMURI","IR77298-5-6-18",-0.308047020527796
"BLACKGORA","IR77298-5-6-18",-0.132571915703646
"CGR1656","IR77298-5-6-18",0.0559287656945408
"CGR1679","IR77298-5-6-18",-0.344054990317426
"CGR2012","IR77298-5-6-18",-0.321320696821349
"CO18","IR77298-5-6-18",-0.226860874794814
"CRDHAN-204","IR77298-5-6-18",-0.0921292437085886
"CR143-2-2","IR77298-5-6-18",0.198575105557973
"CR262-4","IR77298-5-6-18",0.184478022781507
"CROSSA","IR77298-5-6-18",-0.300791081362259
"DULAR","IR77298-5-6-18",-0.063266349605274
"EYPO","IR77298-5-6-18",0.138423743078063
"EYPO-2","IR77298-5-6-18",-0.239874758142885
"FULKATI","IR77298-5-6-18",-0.0302040468882361
"Ghanteswari","IR77298-5-6-18",0.175698942258818
"GHATIKAMMANANGARHAR","IR77298-5-6-18",-0.0308250193445566
"GotrabiDhan","IR77298-5-6-18",0.26734606935791
"GP-145-37","IR77298-5-6-18",-0.337797010437008
"GP-145-51","IR77298-5-6-18",0.00797183273643651
"HARBHOONDI","IR77298-5-6-18",-0.124371278363222
"HongZuiEr","IR77298-5-6-18",0.0901854588396381
"IndrabaruniDhan","IR77298-5-6-18",0.249364273083138
"IR74371-54-1-1","IR77298-5-6-18",0.186982941959825
"IR77298-14-1-2-10","IR77298-5-6-18",0.247469507058047
"IR77298-5-6-18","IR77298-5-6-18",1.31306184275567
"IR83383-B-B-129-4","IR77298-5-6-18",0.960772684504183
"IR83388-B-B108-3","IR77298-5-6-18",0.33888844529764
"IR87707-445-B-B","IR77298-5-6-18",0.929518319580265
"IR87707-446-B-B","IR77298-5-6-18",0.559870705624439
"IRROEPYO","IR77298-5-6-18",-0.283661473755808
"KALINGA-1","IR77298-5-6-18",0.2237873498419
"KANGRO","IR77298-5-6-18",-0.245205535866574
"KHAODAWTAI","IR77298-5-6-18",-0.185889239634037
"MANDRIRAVINA","IR77298-5-6-18",-0.225495516747238
"MAUDAMANI","IR77298-5-6-18",-0.178642131537872
"MOROBEREKAN","IR77298-5-6-18",0.0430391489315537
"MTU1010","IR77298-5-6-18",0.777541503457205
"MTU9","IR77298-5-6-18",-0.252086223759829
"NERICA-L-26","IR77298-5-6-18",0.250405260146825
"NERICA-L-42","IR77298-5-6-18",0.247271680284148
"NERICA-L-44","IR77298-5-6-18",0.387835379031644
"PARIJAT","IR77298-5-6-18",0.186799744120192
"Patchaiperumal","IR77298-5-6-18",0.0702167824504728
"PEH-KUH-TSAO-TU","IR77298-5-6-18",-0.247978595098418
"PMK-2","IR77298-5-6-18",0.111820275725204
"PRASAD-1","IR77298-5-6-18",-0.0604123505026104
"PUSASUGANDH5","IR77298-5-6-18",0.198877811234034
"PUSA1121","IR77298-5-6-18",0.0441315342882863
"Pusa1121-SN12","IR77298-5-6-18",0.0698986680024783
"PUSA44","IR77298-5-6-18",0.352932567098872
"PUSABASMATI6","IR77298-5-6-18",-0.121781033956295
"PUSASUGANDH2","IR77298-5-6-18",-0.109884882248179
"RASI","IR77298-5-6-18",0.116626105748052
"RKVY-104","IR77298-5-6-18",-0.0493350185029127
"RKVY-143","IR77298-5-6-18",0.0153807434850623
"RKVY-28","IR77298-5-6-18",-0.0479821648694945
"R-RF-44","IR77298-5-6-18",0.543097485411379
"RRF-78","IR77298-5-6-18",0.457481895189659
"Sadabahar","IR77298-5-6-18",-0.323472629323968
"SAFRI-17","IR77298-5-6-18",-0.0660942361454643
"SAHBHAGIDHAN","IR77298-5-6-18",0.195779419429764
"SATABHAMA","IR77298-5-6-18",-0.115014049384981
"SERATOES","IR77298-5-6-18",-0.0384098034081291
"SERETY","IR77298-5-6-18",-0.258417350618346
"SHAKU","IR77298-5-6-18",-0.19550135460543
"SR1-3-1","IR77298-5-6-18",0.00962465510792793
"SUWEON","IR77298-5-6-18",-0.195555439146252
"SWARNA","IR77298-5-6-18",0.160804771172376
"VANAPRAVA","IR77298-5-6-18",-0.0335158196596226
"VANDANA","IR77298-5-6-18",0.0176292013979525
"Wayrarem","IR77298-5-6-18",0.159246793585604
"281785","IR83383-B-B-129-4",0.0026330696728582
"282803","IR83383-B-B-129-4",0.377740888890857
"299554","IR83383-B-B-129-4",0.387133201901755
"356457","IR83383-B-B-129-4",0.264599226592229
"376579","IR83383-B-B-129-4",-0.33649294912275
"376851","IR83383-B-B-129-4",-0.321195558098906
"377448","IR83383-B-B-129-4",0.0203346052003112
"377705","IR83383-B-B-129-4",0.129273782697674
"384190","IR83383-B-B-129-4",-0.356665285667374
"426049","IR83383-B-B-129-4",0.265888803125807
"438644","IR83383-B-B-129-4",0.383937025166939
"ADAYSEL","IR83383-B-B-129-4",-0.0110338786553158
"AbhayaXDagadesi","IR83383-B-B-129-4",0.416643414635338
"ABHISEK","IR83383-B-B-129-4",-0.155676658013762
"ABOR-A-1","IR83383-B-B-129-4",0.213723368337074
"ANJALI","IR83383-B-B-129-4",-0.0244579431972207
"Annada","IR83383-B-B-129-4",-0.269070182033659
"Apo","IR83383-B-B-129-4",0.13768722093973
"ARC10319","IR83383-B-B-129-4",0.142300096493356
"ARC12071","IR83383-B-B-129-4",-0.230150832821513
"ARNAPURNA","IR83383-B-B-129-4",-0.255308373427155
"ASD16","IR83383-B-B-129-4",-0.201742263973364
"AUS257","IR83383-B-B-129-4",-0.158346428529981
"BAKAL","IR83383-B-B-129-4",-0.0276543509569649
"BAM1057","IR83383-B-B-129-4",-0.0452642685510739
"BAM1098","IR83383-B-B-129-4",0.0230197585254542
"BAM1659","IR83383-B-B-129-4",-0.275000040946065
"BAM1689","IR83383-B-B-129-4",-0.0496484073938262
"BAM1708","IR83383-B-B-129-4",-0.0559789718882849
"BAM1812","IR83383-B-B-129-4",0.0034338496740506
"BAM2096","IR83383-B-B-129-4",-0.316335462045282
"BAM2166","IR83383-B-B-129-4",-0.353259161395508
"BAM247","IR83383-B-B-129-4",0.260066967398593
"BAM2574","IR83383-B-B-129-4",-0.299328598063717
"BAM2680","IR83383-B-B-129-4",-0.186451342697478
"BAM3154","IR83383-B-B-129-4",0.166152010416551
"BAM3181","IR83383-B-B-129-4",-0.327784273165563
"BAM326","IR83383-B-B-129-4",-0.267763358635504
"BAM328","IR83383-B-B-129-4",0.0269986189960318
"BAM350","IR83383-B-B-129-4",0.00964424861942185
"BAM3690","IR83383-B-B-129-4",0.121802893531802
"BAM4009","IR83383-B-B-129-4",-0.0270341598086469
"BAM4054","IR83383-B-B-129-4",-0.103890504248442
"BAM4138","IR83383-B-B-129-4",-0.402119427936332
"BAM4168","IR83383-B-B-129-4",-0.311733797620753
"BAM4234","IR83383-B-B-129-4",0.27355804384712
"BAM4254","IR83383-B-B-129-4",0.254645967885713
"BAM4477","IR83383-B-B-129-4",0.119209981387455
"BAM4496","IR83383-B-B-129-4",0.0522610570459409
"BAM4510","IR83383-B-B-129-4",-0.394709974040589
"BAM4521","IR83383-B-B-129-4",-0.379048959107095
"BAM4534","IR83383-B-B-129-4",-0.034677697934547
"BAM4797","IR83383-B-B-129-4",-0.343215206238728
"BAM491","IR83383-B-B-129-4",0.00655847238681176
"BAM4928","IR83383-B-B-129-4",-0.381051673384239
"BAM5110","IR83383-B-B-129-4",-0.0980250806973552
"BAM56","IR83383-B-B-129-4",-0.379432509971887
"BAM5779","IR83383-B-B-129-4",-0.29125208935932
"BAM5850","IR83383-B-B-129-4",-0.0689487939187299
"BAM6921","IR83383-B-B-129-4",0.245596926933454
"BAM712","IR83383-B-B-129-4",-0.265394468182042
"BAM742","IR83383-B-B-129-4",-0.269212679204635
"BAM7429","IR83383-B-B-129-4",0.0477857821689929
"BAM7449","IR83383-B-B-129-4",-0.0475798546815977
"BAM747","IR83383-B-B-129-4",-0.273784083773794
"BAM759","IR83383-B-B-129-4",0.112141545322082
"BAM766","IR83383-B-B-129-4",-0.286598463422932
"BAM807","IR83383-B-B-129-4",-0.28062013532365
"BAM811","IR83383-B-B-129-4",0.154105308020552
"BAM812","IR83383-B-B-129-4",-0.21140261777155
"BAM819","IR83383-B-B-129-4",-0.123169895284069
"BAM8296","IR83383-B-B-129-4",0.355559280078515
"BAM8305","IR83383-B-B-129-4",0.458478218809661
"BAM8315","IR83383-B-B-129-4",-0.309138600088801
"BAM8364","IR83383-B-B-129-4",-0.0754890490111545
"BAMAWPYAN","IR83383-B-B-129-4",-0.40035398843894
"BENAMURI","IR83383-B-B-129-4",-0.324618740528817
"BLACKGORA","IR83383-B-B-129-4",-0.0963040347701089
"CGR1656","IR83383-B-B-129-4",0.0260180873693803
"CGR1679","IR83383-B-B-129-4",-0.334162527762931
"CGR2012","IR83383-B-B-129-4",-0.328525819735851
"CO18","IR83383-B-B-129-4",-0.213489452129505
"CRDHAN-204","IR83383-B-B-129-4",-0.140937301958368
"CR143-2-2","IR83383-B-B-129-4",0.181811749703717
"CR262-4","IR83383-B-B-129-4",0.174580568028262
"CROSSA","IR83383-B-B-129-4",-0.291284062975315
"DULAR","IR83383-B-B-129-4",-0.060983095995246
"EYPO","IR83383-B-B-129-4",0.150804586472814
"EYPO-2","IR83383-B-B-129-4",-0.155247955639161
"FULKATI","IR83383-B-B-129-4",-0.0674335265653075
"Ghanteswari","IR83383-B-B-129-4",0.158367372855979
"GHATIKAMMANANGARHAR","IR83383-B-B-129-4",-0.0278332062327383
"GotrabiDhan","IR83383-B-B-129-4",0.276389629262193
"GP-145-37","IR83383-B-B-129-4",-0.315094530660795
"GP-145-51","IR83383-B-B-129-4",0.0283512530210507
"HARBHOONDI","IR83383-B-B-129-4",-0.159575105927355
"HongZuiEr","IR83383-B-B-129-4",0.118147170691771
"IndrabaruniDhan","IR83383-B-B-129-4",0.201342306792165
"IR74371-54-1-1","IR83383-B-B-129-4",0.207715840705633
"IR77298-14-1-2-10","IR83383-B-B-129-4",0.190090935579376
"IR77298-5-6-18","IR83383-B-B-129-4",0.960772684504183
"IR83383-B-B-129-4","IR83383-B-B-129-4",1.31224405436996
"IR83388-B-B108-3","IR83383-B-B-129-4",0.267837863652345
"IR87707-445-B-B","IR83383-B-B-129-4",1.0588383520751
"IR87707-446-B-B","IR83383-B-B-129-4",0.567906556806537
"IRROEPYO","IR83383-B-B-129-4",-0.274943102824396
"KALINGA-1","IR83383-B-B-129-4",0.221224743969509
"KANGRO","IR83383-B-B-129-4",-0.227925871412056
"KHAODAWTAI","IR83383-B-B-129-4",-0.193916361529072
"MANDRIRAVINA","IR83383-B-B-129-4",-0.213481509131856
"MAUDAMANI","IR83383-B-B-129-4",-0.17434841132008
"MOROBEREKAN","IR83383-B-B-129-4",0.0602610520388112
"MTU1010","IR83383-B-B-129-4",0.9185350211469
"MTU9","IR83383-B-B-129-4",-0.235388155396723
"NERICA-L-26","IR83383-B-B-129-4",0.271805441723784
"NERICA-L-42","IR83383-B-B-129-4",0.283501840095138
"NERICA-L-44","IR83383-B-B-129-4",0.372677538907712
"PARIJAT","IR83383-B-B-129-4",0.158539341284845
"Patchaiperumal","IR83383-B-B-129-4",0.0681803038209259
"PEH-KUH-TSAO-TU","IR83383-B-B-129-4",-0.227994081117786
"PMK-2","IR83383-B-B-129-4",0.201857537813877
"PRASAD-1","IR83383-B-B-129-4",-0.0560129634295524
"PUSASUGANDH5","IR83383-B-B-129-4",0.213973085418746
"PUSA1121","IR83383-B-B-129-4",-0.0376731116069059
"Pusa1121-SN12","IR83383-B-B-129-4",0.00867898168100601
"PUSA44","IR83383-B-B-129-4",0.391435167935473
"PUSABASMATI6","IR83383-B-B-129-4",-0.139373039039635
"PUSASUGANDH2","IR83383-B-B-129-4",-0.153053746292381
"RASI","IR83383-B-B-129-4",0.169132824262867
"RKVY-104","IR83383-B-B-129-4",-0.0522677967523166
"RKVY-143","IR83383-B-B-129-4",0.0451677682114158
"RKVY-28","IR83383-B-B-129-4",-0.0616436601090512
"R-RF-44","IR83383-B-B-129-4",0.492841451806464
"RRF-78","IR83383-B-B-129-4",0.396063323735106
"Sadabahar","IR83383-B-B-129-4",-0.324326789320848
"SAFRI-17","IR83383-B-B-129-4",-0.0623801867111574
"SAHBHAGIDHAN","IR83383-B-B-129-4",0.166690768486245
"SATABHAMA","IR83383-B-B-129-4",-0.129790485046349
"SERATOES","IR83383-B-B-129-4",-0.0549050977025557
"SERETY","IR83383-B-B-129-4",-0.227014475013642
"SHAKU","IR83383-B-B-129-4",-0.216099833388081
"SR1-3-1","IR83383-B-B-129-4",-0.0143715326502772
"SUWEON","IR83383-B-B-129-4",-0.189871930561053
"SWARNA","IR83383-B-B-129-4",0.145647391110349
"VANAPRAVA","IR83383-B-B-129-4",-0.0453642158747125
"VANDANA","IR83383-B-B-129-4",0.00206034910845799
"Wayrarem","IR83383-B-B-129-4",0.133518216062321
"281785","IR83388-B-B108-3",-0.1051799628676
"282803","IR83388-B-B108-3",0.284719154299544
"299554","IR83388-B-B108-3",0.30934535936156
"356457","IR83388-B-B108-3",0.228404680980394
"376579","IR83388-B-B108-3",-0.244474695604684
"376851","IR83388-B-B108-3",-0.290034697968082
"377448","IR83388-B-B108-3",0.144017681363854
"377705","IR83388-B-B108-3",0.162502528703685
"384190","IR83388-B-B108-3",-0.404050300466732
"426049","IR83388-B-B108-3",0.226304025324889
"438644","IR83388-B-B108-3",0.285070653896196
"ADAYSEL","IR83388-B-B108-3",0.0678021717029605
"AbhayaXDagadesi","IR83388-B-B108-3",0.312031700823252
"ABHISEK","IR83388-B-B108-3",-0.16928370323125
"ABOR-A-1","IR83388-B-B108-3",0.218382903065531
"ANJALI","IR83388-B-B108-3",-0.0592507872643768
"Annada","IR83388-B-B108-3",-0.30709395936955
"Apo","IR83388-B-B108-3",0.27989112618559
"ARC10319","IR83388-B-B108-3",0.164147938023952
"ARC12071","IR83388-B-B108-3",-0.234586608339706
"ARNAPURNA","IR83388-B-B108-3",-0.242823117892081
"ASD16","IR83388-B-B108-3",-0.16955083491385
"AUS257","IR83388-B-B108-3",-0.161427283826432
"BAKAL","IR83388-B-B108-3",-0.052122708411654
"BAM1057","IR83388-B-B108-3",-0.0713802538344536
"BAM1098","IR83388-B-B108-3",-0.0118426849417792
"BAM1659","IR83388-B-B108-3",-0.180639978187237
"BAM1689","IR83388-B-B108-3",-0.0162023676033638
"BAM1708","IR83388-B-B108-3",-0.0314460762126937
"BAM1812","IR83388-B-B108-3",0.135430699238199
"BAM2096","IR83388-B-B108-3",-0.239498369975603
"BAM2166","IR83388-B-B108-3",-0.327892046747191
"BAM247","IR83388-B-B108-3",0.218618345274971
"BAM2574","IR83388-B-B108-3",-0.260210072743977
"BAM2680","IR83388-B-B108-3",-0.219840127800848
"BAM3154","IR83388-B-B108-3",0.265141363567453
"BAM3181","IR83388-B-B108-3",-0.284907995665191
"BAM326","IR83388-B-B108-3",-0.25846525311291
"BAM328","IR83388-B-B108-3",0.128074587005255
"BAM350","IR83388-B-B108-3",0.0358859637926756
"BAM3690","IR83388-B-B108-3",0.1032552938824
"BAM4009","IR83388-B-B108-3",-0.0859907282491128
"BAM4054","IR83388-B-B108-3",-0.0647578342979244
"BAM4138","IR83388-B-B108-3",-0.40169026543413
"BAM4168","IR83388-B-B108-3",-0.310041133356565
"BAM4234","IR83388-B-B108-3",-0.0480878501723304
"BAM4254","IR83388-B-B108-3",-0.0539445546283889
"BAM4477","IR83388-B-B108-3",0.0990403786385491
"BAM4496","IR83388-B-B108-3",0.112016242915885
"BAM4510","IR83388-B-B108-3",-0.406764271238256
"BAM4521","IR83388-B-B108-3",-0.395689318474669
"BAM4534","IR83388-B-B108-3",-0.0420449631257111
"BAM4797","IR83388-B-B108-3",-0.315123930965651
"BAM491","IR83388-B-B108-3",0.029083899190773
"BAM4928","IR83388-B-B108-3",-0.347329430210029
"BAM5110","IR83388-B-B108-3",-0.0519722374872377
"BAM56","IR83388-B-B108-3",-0.367932621004608
"BAM5779","IR83388-B-B108-3",-0.299167773508699
"BAM5850","IR83388-B-B108-3",-0.0734487685785534
"BAM6921","IR83388-B-B108-3",0.365152645543529
"BAM712","IR83388-B-B108-3",-0.295833865428082
"BAM742","IR83388-B-B108-3",-0.287452318333547
"BAM7429","IR83388-B-B108-3",0.119705616084004
"BAM7449","IR83388-B-B108-3",-0.0267376717915966
"BAM747","IR83388-B-B108-3",-0.307027240659565
"BAM759","IR83388-B-B108-3",0.0777309256164543
"BAM766","IR83388-B-B108-3",-0.308199024722066
"BAM807","IR83388-B-B108-3",-0.296222753315833
"BAM811","IR83388-B-B108-3",0.211189369445011
"BAM812","IR83388-B-B108-3",-0.182528876936018
"BAM819","IR83388-B-B108-3",-0.198279290490159
"BAM8296","IR83388-B-B108-3",0.37934271738912
"BAM8305","IR83388-B-B108-3",0.313430317405532
"BAM8315","IR83388-B-B108-3",-0.359271450306851
"BAM8364","IR83388-B-B108-3",-0.138422223164233
"BAMAWPYAN","IR83388-B-B108-3",-0.405309460305642
"BENAMURI","IR83388-B-B108-3",-0.26685800240006
"BLACKGORA","IR83388-B-B108-3",-0.10519627714295
"CGR1656","IR83388-B-B108-3",0.102602048461658
"CGR1679","IR83388-B-B108-3",-0.306999282770467
"CGR2012","IR83388-B-B108-3",-0.260034646814523
"CO18","IR83388-B-B108-3",-0.209118007963763
"CRDHAN-204","IR83388-B-B108-3",-0.0611260763628936
"CR143-2-2","IR83388-B-B108-3",0.306513797659694
"CR262-4","IR83388-B-B108-3",0.302974328120705
"CROSSA","IR83388-B-B108-3",-0.265370696638924
"DULAR","IR83388-B-B108-3",-0.0707455401510425
"EYPO","IR83388-B-B108-3",0.0980118783311889
"EYPO-2","IR83388-B-B108-3",-0.156475889089533
"FULKATI","IR83388-B-B108-3",-0.0274404749732036
"Ghanteswari","IR83388-B-B108-3",0.185564553023704
"GHATIKAMMANANGARHAR","IR83388-B-B108-3",-0.125937942734666
"GotrabiDhan","IR83388-B-B108-3",0.195853011443715
"GP-145-37","IR83388-B-B108-3",-0.270248169114928
"GP-145-51","IR83388-B-B108-3",0.0662528047733043
"HARBHOONDI","IR83388-B-B108-3",-0.0182255340172417
"HongZuiEr","IR83388-B-B108-3",0.114938964531555
"IndrabaruniDhan","IR83388-B-B108-3",0.275679046792539
"IR74371-54-1-1","IR83388-B-B108-3",0.355551519304781
"IR77298-14-1-2-10","IR83388-B-B108-3",0.775238080188742
"IR77298-5-6-18","IR83388-B-B108-3",0.33888844529764
"IR83383-B-B-129-4","IR83388-B-B108-3",0.267837863652345
"IR83388-B-B108-3","IR83388-B-B108-3",1.22992503930559
"IR87707-445-B-B","IR83388-B-B108-3",0.30960566918516
"IR87707-446-B-B","IR83388-B-B108-3",0.367745025264335
"IRROEPYO","IR83388-B-B108-3",-0.282142518743986
"KALINGA-1","IR83388-B-B108-3",0.220340589819201
"KANGRO","IR83388-B-B108-3",-0.229981787973501
"KHAODAWTAI","IR83388-B-B108-3",-0.1145926566315
"MANDRIRAVINA","IR83388-B-B108-3",-0.209259148268518
"MAUDAMANI","IR83388-B-B108-3",-0.094850524923374
"MOROBEREKAN","IR83388-B-B108-3",0.0499061094201725
"MTU1010","IR83388-B-B108-3",0.275050188689007
"MTU9","IR83388-B-B108-3",-0.239152536193589
"NERICA-L-26","IR83388-B-B108-3",0.320811716436726
"NERICA-L-42","IR83388-B-B108-3",0.32504793465198
"NERICA-L-44","IR83388-B-B108-3",0.333239313373207
"PARIJAT","IR83388-B-B108-3",0.24824265309373
"Patchaiperumal","IR83388-B-B108-3",0.123619745590879
"PEH-KUH-TSAO-TU","IR83388-B-B108-3",-0.227818141343954
"PMK-2","IR83388-B-B108-3",0.211656160621091
"PRASAD-1","IR83388-B-B108-3",-0.128070550722241
"PUSASUGANDH5","IR83388-B-B108-3",0.318274400237932
"PUSA1121","IR83388-B-B108-3",0.14219529240429
"Pusa1121-SN12","IR83388-B-B108-3",0.157426786496462
"PUSA44","IR83388-B-B108-3",0.312707055799375
"PUSABASMATI6","IR83388-B-B108-3",-0.118151601937617
"PUSASUGANDH2","IR83388-B-B108-3",-0.108945887432499
"RASI","IR83388-B-B108-3",0.201239044858049
"RKVY-104","IR83388-B-B108-3",-0.0145128175286566
"RKVY-143","IR83388-B-B108-3",0.0726307690764682
"RKVY-28","IR83388-B-B108-3",-0.05675263735938
"R-RF-44","IR83388-B-B108-3",0.326279243219652
"RRF-78","IR83388-B-B108-3",0.212431856912063
"Sadabahar","IR83388-B-B108-3",-0.241787735158848
"SAFRI-17","IR83388-B-B108-3",-0.0763046838447363
"SAHBHAGIDHAN","IR83388-B-B108-3",0.224037070988602
"SATABHAMA","IR83388-B-B108-3",-0.0154300303982406
"SERATOES","IR83388-B-B108-3",-0.0894585078696649
"SERETY","IR83388-B-B108-3",-0.241113926457266
"SHAKU","IR83388-B-B108-3",-0.165449619259082
"SR1-3-1","IR83388-B-B108-3",0.0115777718155611
"SUWEON","IR83388-B-B108-3",-0.182627252579015
"SWARNA","IR83388-B-B108-3",0.237250877710484
"VANAPRAVA","IR83388-B-B108-3",-0.0583059344641436
"VANDANA","IR83388-B-B108-3",0.193385791752352
"Wayrarem","IR83388-B-B108-3",0.300171192587362
"281785","IR87707-445-B-B",-0.0115369672748575
"282803","IR87707-445-B-B",0.397574497702599
"299554","IR87707-445-B-B",0.381137167246254
"356457","IR87707-445-B-B",0.25771353474516
"376579","IR87707-445-B-B",-0.330256772958406
"376851","IR87707-445-B-B",-0.343232977448066
"377448","IR87707-445-B-B",0.0298038268044168
"377705","IR87707-445-B-B",0.16676621890299
"384190","IR87707-445-B-B",-0.351239255244188
"426049","IR87707-445-B-B",0.253066338284713
"438644","IR87707-445-B-B",0.423183185858596
"ADAYSEL","IR87707-445-B-B",-0.00077294610972455
"AbhayaXDagadesi","IR87707-445-B-B",0.458405913364343
"ABHISEK","IR87707-445-B-B",-0.134343830744965
"ABOR-A-1","IR87707-445-B-B",0.173519046712195
"ANJALI","IR87707-445-B-B",-0.0703128719330831
"Annada","IR87707-445-B-B",-0.290214069513675
"Apo","IR87707-445-B-B",0.131915221858019
"ARC10319","IR87707-445-B-B",0.167452247112845
"ARC12071","IR87707-445-B-B",-0.246852615130992
"ARNAPURNA","IR87707-445-B-B",-0.236202249876389
"ASD16","IR87707-445-B-B",-0.161982256223941
"AUS257","IR87707-445-B-B",-0.168612275676066
"BAKAL","IR87707-445-B-B",-0.0317742034668163
"BAM1057","IR87707-445-B-B",-0.0490904268566905
"BAM1098","IR87707-445-B-B",0.00245961043663699
"BAM1659","IR87707-445-B-B",-0.268074117571664
"BAM1689","IR87707-445-B-B",-0.0323734189104283
"BAM1708","IR87707-445-B-B",-0.0484457290020188
"BAM1812","IR87707-445-B-B",0.0555414746850994
"BAM2096","IR87707-445-B-B",-0.323459572732288
"BAM2166","IR87707-445-B-B",-0.343028269318248
"BAM247","IR87707-445-B-B",0.260889935883204
"BAM2574","IR87707-445-B-B",-0.273389494382608
"BAM2680","IR87707-445-B-B",-0.172691875439255
"BAM3154","IR87707-445-B-B",0.180829154367323
"BAM3181","IR87707-445-B-B",-0.31744677518755
"BAM326","IR87707-445-B-B",-0.286086761584605
"BAM328","IR87707-445-B-B",0.0189362314583171
"BAM350","IR87707-445-B-B",0.0227147303303395
"BAM3690","IR87707-445-B-B",0.117443425738006
"BAM4009","IR87707-445-B-B",-0.0311950925655546
"BAM4054","IR87707-445-B-B",-0.13524471775973
"BAM4138","IR87707-445-B-B",-0.426028758868535
"BAM4168","IR87707-445-B-B",-0.325855361395585
"BAM4234","IR87707-445-B-B",0.234480780507611
"BAM4254","IR87707-445-B-B",0.227408183794645
"BAM4477","IR87707-445-B-B",0.128852196093584
"BAM4496","IR87707-445-B-B",0.110282700575324
"BAM4510","IR87707-445-B-B",-0.406443932979397
"BAM4521","IR87707-445-B-B",-0.370972913746721
"BAM4534","IR87707-445-B-B",-0.0447138533890115
"BAM4797","IR87707-445-B-B",-0.308416370048806
"BAM491","IR87707-445-B-B",0.0194248151329309
"BAM4928","IR87707-445-B-B",-0.38403376362167
"BAM5110","IR87707-445-B-B",-0.0641536168806149
"BAM56","IR87707-445-B-B",-0.36263909127472
"BAM5779","IR87707-445-B-B",-0.322517198809372
"BAM5850","IR87707-445-B-B",-0.0432254094493942
"BAM6921","IR87707-445-B-B",0.287656647854494
"BAM712","IR87707-445-B-B",-0.280299563943355
"BAM742","IR87707-445-B-B",-0.290264181974106
"BAM7429","IR87707-445-B-B",0.0516800265909429
"BAM7449","IR87707-445-B-B",-0.0445005705669835
"BAM747","IR87707-445-B-B",-0.29212278377683
"BAM759","IR87707-445-B-B",0.102908490888848
"BAM766","IR87707-445-B-B",-0.298694398899072
"BAM807","IR87707-445-B-B",-0.314963605176945
"BAM811","IR87707-445-B-B",0.155271261661346
"BAM812","IR87707-445-B-B",-0.221785912722825
"BAM819","IR87707-445-B-B",-0.15846587197355
"BAM8296","IR87707-445-B-B",0.341266192687376
"BAM8305","IR87707-445-B-B",0.482997202702773
"BAM8315","IR87707-445-B-B",-0.33310496447982
"BAM8364","IR87707-445-B-B",-0.130360385213362
"BAMAWPYAN","IR87707-445-B-B",-0.402574019460798
"BENAMURI","IR87707-445-B-B",-0.282835148073336
"BLACKGORA","IR87707-445-B-B",-0.125614744948585
"CGR1656","IR87707-445-B-B",0.0865220623177109
"CGR1679","IR87707-445-B-B",-0.336729260465406
"CGR2012","IR87707-445-B-B",-0.328410252446209
"CO18","IR87707-445-B-B",-0.242944173826667
"CRDHAN-204","IR87707-445-B-B",-0.106562012729238
"CR143-2-2","IR87707-445-B-B",0.204194818978097
"CR262-4","IR87707-445-B-B",0.197846343472438
"CROSSA","IR87707-445-B-B",-0.322464722480094
"DULAR","IR87707-445-B-B",-0.0767091678371662
"EYPO","IR87707-445-B-B",0.174886642751281
"EYPO-2","IR87707-445-B-B",-0.20136333970318
"FULKATI","IR87707-445-B-B",-0.0430570402727233
"Ghanteswari","IR87707-445-B-B",0.178290501954742
"GHATIKAMMANANGARHAR","IR87707-445-B-B",0.0113942688438138
"GotrabiDhan","IR87707-445-B-B",0.284046032494143
"GP-145-37","IR87707-445-B-B",-0.315105054128123
"GP-145-51","IR87707-445-B-B",0.0460965279105856
"HARBHOONDI","IR87707-445-B-B",-0.1275796516637
"HongZuiEr","IR87707-445-B-B",0.096933719615274
"IndrabaruniDhan","IR87707-445-B-B",0.231807702610623
"IR74371-54-1-1","IR87707-445-B-B",0.210578753267339
"IR77298-14-1-2-10","IR87707-445-B-B",0.229943423442963
"IR77298-5-6-18","IR87707-445-B-B",0.929518319580265
"IR83383-B-B-129-4","IR87707-445-B-B",1.0588383520751
"IR83388-B-B108-3","IR87707-445-B-B",0.30960566918516
"IR87707-445-B-B","IR87707-445-B-B",1.30821551638747
"IR87707-446-B-B","IR87707-445-B-B",0.646851851962691
"IRROEPYO","IR87707-445-B-B",-0.301049616754044
"KALINGA-1","IR87707-445-B-B",0.205779838435712
"KANGRO","IR87707-445-B-B",-0.240126317819088
"KHAODAWTAI","IR87707-445-B-B",-0.225270704636503
"MANDRIRAVINA","IR87707-445-B-B",-0.242455163871037
"MAUDAMANI","IR87707-445-B-B",-0.172323473376055
"MOROBEREKAN","IR87707-445-B-B",0.0655087886722749
"MTU1010","IR87707-445-B-B",0.719426833381124
"MTU9","IR87707-445-B-B",-0.251388764869276
"NERICA-L-26","IR87707-445-B-B",0.257029796935271
"NERICA-L-42","IR87707-445-B-B",0.267762020182942
"NERICA-L-44","IR87707-445-B-B",0.390777840039894
"PARIJAT","IR87707-445-B-B",0.16661107527989
"Patchaiperumal","IR87707-445-B-B",0.0920696355873449
"PEH-KUH-TSAO-TU","IR87707-445-B-B",-0.245856216670741
"PMK-2","IR87707-445-B-B",0.165219175759947
"PRASAD-1","IR87707-445-B-B",-0.0669491122450177
"PUSASUGANDH5","IR87707-445-B-B",0.253422670202804
"PUSA1121","IR87707-445-B-B",-0.0354058437469039
"Pusa1121-SN12","IR87707-445-B-B",0.00836782356525013
"PUSA44","IR87707-445-B-B",0.335493635977129
"PUSABASMATI6","IR87707-445-B-B",-0.154440708623418
"PUSASUGANDH2","IR87707-445-B-B",-0.130443173943348
"RASI","IR87707-445-B-B",0.168277257957655
"RKVY-104","IR87707-445-B-B",-0.0449042991255648
"RKVY-143","IR87707-445-B-B",0.0465882539249239
"RKVY-28","IR87707-445-B-B",-0.0517409594141641
"R-RF-44","IR87707-445-B-B",0.472679496665101
"RRF-78","IR87707-445-B-B",0.414521356726142
"Sadabahar","IR87707-445-B-B",-0.318183786404626
"SAFRI-17","IR87707-445-B-B",-0.072222465469785
"SAHBHAGIDHAN","IR87707-445-B-B",0.165189616707287
"SATABHAMA","IR87707-445-B-B",-0.103609090656128
"SERATOES","IR87707-445-B-B",-0.0591950928623138
"SERETY","IR87707-445-B-B",-0.257964595061977
"SHAKU","IR87707-445-B-B",-0.191615114018852
"SR1-3-1","IR87707-445-B-B",-0.0272968804250774
"SUWEON","IR87707-445-B-B",-0.188708218172669
"SWARNA","IR87707-445-B-B",0.144320176226575
"VANAPRAVA","IR87707-445-B-B",-0.0480081782445668
"VANDANA","IR87707-445-B-B",0.0285916692036424
"Wayrarem","IR87707-445-B-B",0.139375981456207
"281785","IR87707-446-B-B",-0.0683934284671804
"282803","IR87707-446-B-B",0.313760678332646
"299554","IR87707-446-B-B",0.419053215074252
"356457","IR87707-446-B-B",0.253570671989704
"376579","IR87707-446-B-B",-0.31689176676108
"376851","IR87707-446-B-B",-0.278343311925192
"377448","IR87707-446-B-B",0.16258299065709
"377705","IR87707-446-B-B",0.184980919524814
"384190","IR87707-446-B-B",-0.405440980498603
"426049","IR87707-446-B-B",0.250504525476425
"438644","IR87707-446-B-B",0.308916826916581
"ADAYSEL","IR87707-446-B-B",0.0719467882619819
"AbhayaXDagadesi","IR87707-446-B-B",0.334546661423949
"ABHISEK","IR87707-446-B-B",-0.125087435088018
"ABOR-A-1","IR87707-446-B-B",0.152652778358455
"ANJALI","IR87707-446-B-B",-0.0427360990824141
"Annada","IR87707-446-B-B",-0.361505105750148
"Apo","IR87707-446-B-B",0.264091194339927
"ARC10319","IR87707-446-B-B",0.151119969154501
"ARC12071","IR87707-446-B-B",-0.293901497233996
"ARNAPURNA","IR87707-446-B-B",-0.196008114409036
"ASD16","IR87707-446-B-B",-0.1267544493021
"AUS257","IR87707-446-B-B",-0.158120671603948
"BAKAL","IR87707-446-B-B",-0.0528032805524328
"BAM1057","IR87707-446-B-B",-0.0574815307942183
"BAM1098","IR87707-446-B-B",-0.051590582966043
"BAM1659","IR87707-446-B-B",-0.207772602033035
"BAM1689","IR87707-446-B-B",0.00663143709691607
"BAM1708","IR87707-446-B-B",-0.0894224720089436
"BAM1812","IR87707-446-B-B",0.108555068252658
"BAM2096","IR87707-446-B-B",-0.246734918651895
"BAM2166","IR87707-446-B-B",-0.394419267331433
"BAM247","IR87707-446-B-B",0.262143309724894
"BAM2574","IR87707-446-B-B",-0.253684124405799
"BAM2680","IR87707-446-B-B",-0.198699275526165
"BAM3154","IR87707-446-B-B",0.194084993845085
"BAM3181","IR87707-446-B-B",-0.26230384025421
"BAM326","IR87707-446-B-B",-0.247871265309594
"BAM328","IR87707-446-B-B",0.0960333985695191
"BAM350","IR87707-446-B-B",0.0487199923820643
"BAM3690","IR87707-446-B-B",0.141498922347537
"BAM4009","IR87707-446-B-B",-0.0356725432939608
"BAM4054","IR87707-446-B-B",-0.16987119542349
"BAM4138","IR87707-446-B-B",-0.419235628058047
"BAM4168","IR87707-446-B-B",-0.335337397248248
"BAM4234","IR87707-446-B-B",0.0301818552218913
"BAM4254","IR87707-446-B-B",0.0335601574540786
"BAM4477","IR87707-446-B-B",0.116281238466205
"BAM4496","IR87707-446-B-B",0.130862574372696
"BAM4510","IR87707-446-B-B",-0.418488415526286
"BAM4521","IR87707-446-B-B",-0.390374561487998
"BAM4534","IR87707-446-B-B",-0.0240977316289744
"BAM4797","IR87707-446-B-B",-0.303333417186615
"BAM491","IR87707-446-B-B",0.0559400096652247
"BAM4928","IR87707-446-B-B",-0.401088168388746
"BAM5110","IR87707-446-B-B",-0.0449590304197385
"BAM56","IR87707-446-B-B",-0.397109297483099
"BAM5779","IR87707-446-B-B",-0.236820151604579
"BAM5850","IR87707-446-B-B",-0.0832796864944115
"BAM6921","IR87707-446-B-B",0.333225679613525
"BAM712","IR87707-446-B-B",-0.361841278991607
"BAM742","IR87707-446-B-B",-0.349533491253409
"BAM7429","IR87707-446-B-B",0.089549747743308
"BAM7449","IR87707-446-B-B",-0.057469646725888
"BAM747","IR87707-446-B-B",-0.357133864631195
"BAM759","IR87707-446-B-B",0.0460993232466004
"BAM766","IR87707-446-B-B",-0.350149341888805
"BAM807","IR87707-446-B-B",-0.239108936447879
"BAM811","IR87707-446-B-B",0.151148376322304
"BAM812","IR87707-446-B-B",-0.247047643278482
"BAM819","IR87707-446-B-B",-0.173396844946041
"BAM8296","IR87707-446-B-B",0.338357042004409
"BAM8305","IR87707-446-B-B",0.451039906217684
"BAM8315","IR87707-446-B-B",-0.41173100511354
"BAM8364","IR87707-446-B-B",-0.18631557442297
"BAMAWPYAN","IR87707-446-B-B",-0.414878605167989
"BENAMURI","IR87707-446-B-B",-0.253792209173864
"BLACKGORA","IR87707-446-B-B",-0.141938180703795
"CGR1656","IR87707-446-B-B",0.115568960278322
"CGR1679","IR87707-446-B-B",-0.264485745167423
"CGR2012","IR87707-446-B-B",-0.285385087524492
"CO18","IR87707-446-B-B",-0.291408823429521
"CRDHAN-204","IR87707-446-B-B",-0.00797890652455157
"CR143-2-2","IR87707-446-B-B",0.421627731626448
"CR262-4","IR87707-446-B-B",0.413016155735882
"CROSSA","IR87707-446-B-B",-0.269358414269951
"DULAR","IR87707-446-B-B",-0.0702541667415441
"EYPO","IR87707-446-B-B",0.122835971605223
"EYPO-2","IR87707-446-B-B",-0.229217089866872
"FULKATI","IR87707-446-B-B",-0.046939839158232
"Ghanteswari","IR87707-446-B-B",0.182160785219551
"GHATIKAMMANANGARHAR","IR87707-446-B-B",-0.0589131896634012
"GotrabiDhan","IR87707-446-B-B",0.274610651475634
"GP-145-37","IR87707-446-B-B",-0.291608628920474
"GP-145-51","IR87707-446-B-B",0.140578273827364
"HARBHOONDI","IR87707-446-B-B",0.0235354735782106
"HongZuiEr","IR87707-446-B-B",0.142455027695007
"IndrabaruniDhan","IR87707-446-B-B",0.209658011595073
"IR74371-54-1-1","IR87707-446-B-B",0.334950738476018
"IR77298-14-1-2-10","IR87707-446-B-B",0.379445013993016
"IR77298-5-6-18","IR87707-446-B-B",0.559870705624439
"IR83383-B-B-129-4","IR87707-446-B-B",0.567906556806537
"IR83388-B-B108-3","IR87707-446-B-B",0.367745025264335
"IR87707-445-B-B","IR87707-446-B-B",0.646851851962691
"IR87707-446-B-B","IR87707-446-B-B",1.25776833877057
"IRROEPYO","IR87707-446-B-B",-0.341386374528938
"KALINGA-1","IR87707-446-B-B",0.289538744911596
"KANGRO","IR87707-446-B-B",-0.289149205563506
"KHAODAWTAI","IR87707-446-B-B",-0.168180906871216
"MANDRIRAVINA","IR87707-446-B-B",-0.294983633953624
"MAUDAMANI","IR87707-446-B-B",-0.161657906648796
"MOROBEREKAN","IR87707-446-B-B",-0.01867031105055
"MTU1010","IR87707-446-B-B",0.44550139411627
"MTU9","IR87707-446-B-B",-0.299159839749647
"NERICA-L-26","IR87707-446-B-B",0.33021788924964
"NERICA-L-42","IR87707-446-B-B",0.369168762086838
"NERICA-L-44","IR87707-446-B-B",0.316290025627084
"PARIJAT","IR87707-446-B-B",0.229312394917656
"Patchaiperumal","IR87707-446-B-B",0.131080233162221
"PEH-KUH-TSAO-TU","IR87707-446-B-B",-0.291741367674375
"PMK-2","IR87707-446-B-B",0.152060896267653
"PRASAD-1","IR87707-446-B-B",-0.119452043417672
"PUSASUGANDH5","IR87707-446-B-B",0.274258694918179
"PUSA1121","IR87707-446-B-B",0.00850512661074112
"Pusa1121-SN12","IR87707-446-B-B",0.0367659859394185
"PUSA44","IR87707-446-B-B",0.319605835813729
"PUSABASMATI6","IR87707-446-B-B",-0.210256823207694
"PUSASUGANDH2","IR87707-446-B-B",-0.136449965924698
"RASI","IR87707-446-B-B",0.24756566104524
"RKVY-104","IR87707-446-B-B",-0.0157053513233261
"RKVY-143","IR87707-446-B-B",0.0757108422820071
"RKVY-28","IR87707-446-B-B",-0.0122361677177853
"R-RF-44","IR87707-446-B-B",0.426320770511239
"RRF-78","IR87707-446-B-B",0.273204638760538
"Sadabahar","IR87707-446-B-B",-0.320255655926798
"SAFRI-17","IR87707-446-B-B",-0.119544359087421
"SAHBHAGIDHAN","IR87707-446-B-B",0.201450274099318
"SATABHAMA","IR87707-446-B-B",0.0323380658797716
"SERATOES","IR87707-446-B-B",-0.0381323302012323
"SERETY","IR87707-446-B-B",-0.29842841690485
"SHAKU","IR87707-446-B-B",-0.148000136440593
"SR1-3-1","IR87707-446-B-B",-0.0156412826455415
"SUWEON","IR87707-446-B-B",-0.186312912098727
"SWARNA","IR87707-446-B-B",0.227368208649586
"VANAPRAVA","IR87707-446-B-B",-0.0390736922029839
"VANDANA","IR87707-446-B-B",0.171979206205456
"Wayrarem","IR87707-446-B-B",0.285362746650326
"281785","IRROEPYO",0.238227197633556
"282803","IRROEPYO",-0.243325227709961
"299554","IRROEPYO",-0.32683181275793
"356457","IRROEPYO",-0.325795328618466
"376579","IRROEPYO",0.140820115812046
"376851","IRROEPYO",0.129267323739664
"377448","IRROEPYO",-0.314622986450369
"377705","IRROEPYO",-0.366186468858236
"384190","IRROEPYO",0.559471309373626
"426049","IRROEPYO",-0.32657603360169
"438644","IRROEPYO",-0.244042797238938
"ADAYSEL","IRROEPYO",-0.013714240838437
"AbhayaXDagadesi","IRROEPYO",-0.312665495189391
"ABHISEK","IRROEPYO",0.147971664700833
"ABOR-A-1","IRROEPYO",-0.321315214843878
"ANJALI","IRROEPYO",0.147993938212792
"Annada","IRROEPYO",0.208465090739189
"Apo","IRROEPYO",-0.319906838581475
"ARC10319","IRROEPYO",-0.306972340814238
"ARC12071","IRROEPYO",0.157382540355351
"ARNAPURNA","IRROEPYO",0.0812486739027214
"ASD16","IRROEPYO",0.0989957997070857
"AUS257","IRROEPYO",0.0965318993173792
"BAKAL","IRROEPYO",0.0652855623361102
"BAM1057","IRROEPYO",0.327872589383378
"BAM1098","IRROEPYO",0.034694593577739
"BAM1659","IRROEPYO",0.144945961682657
"BAM1689","IRROEPYO",0.0525154579869895
"BAM1708","IRROEPYO",0.121680953780538
"BAM1812","IRROEPYO",-0.326765497524268
"BAM2096","IRROEPYO",0.204004900502436
"BAM2166","IRROEPYO",0.493548728061944
"BAM247","IRROEPYO",-0.323156086643437
"BAM2574","IRROEPYO",0.137091172800489
"BAM2680","IRROEPYO",0.080071340312239
"BAM3154","IRROEPYO",-0.333046900707581
"BAM3181","IRROEPYO",0.108439147058188
"BAM326","IRROEPYO",0.101877165342262
"BAM328","IRROEPYO",-0.244664419828847
"BAM350","IRROEPYO",-0.00659683473572883
"BAM3690","IRROEPYO",-0.333758803386202
"BAM4009","IRROEPYO",0.197770870471576
"BAM4054","IRROEPYO",0.0746861114107727
"BAM4138","IRROEPYO",0.948479458982411
"BAM4168","IRROEPYO",0.414715192258861
"BAM4234","IRROEPYO",0.123374923872515
"BAM4254","IRROEPYO",0.124350666804118
"BAM4477","IRROEPYO",-0.323320424338009
"BAM4496","IRROEPYO",-0.309226794477317
"BAM4510","IRROEPYO",0.844950528488635
"BAM4521","IRROEPYO",0.595510888179302
"BAM4534","IRROEPYO",0.238567745204475
"BAM4797","IRROEPYO",0.162478061248321
"BAM491","IRROEPYO",-0.0651760480412478
"BAM4928","IRROEPYO",0.446888307684443
"BAM5110","IRROEPYO",0.0451670188687515
"BAM56","IRROEPYO",0.567284466358694
"BAM5779","IRROEPYO",0.201234531202627
"BAM5850","IRROEPYO",0.29861313828099
"BAM6921","IRROEPYO",-0.34047646798526
"BAM712","IRROEPYO",0.207901868063125
"BAM742","IRROEPYO",0.19757892838612
"BAM7429","IRROEPYO",-0.332668048296142
"BAM7449","IRROEPYO",0.304130943759421
"BAM747","IRROEPYO",0.221368365477921
"BAM759","IRROEPYO",-0.0939812588576531
"BAM766","IRROEPYO",0.2061944131671
"BAM807","IRROEPYO",0.204898307829519
"BAM811","IRROEPYO",-0.311631927779849
"BAM812","IRROEPYO",0.107583488904879
"BAM819","IRROEPYO",0.0896036428808894
"BAM8296","IRROEPYO",-0.361905553699225
"BAM8305","IRROEPYO",-0.264540007134904
"BAM8315","IRROEPYO",0.278288657520787
"BAM8364","IRROEPYO",0.154419597575108
"BAMAWPYAN","IRROEPYO",0.64907479396349
"BENAMURI","IRROEPYO",0.0847024679812859
"BLACKGORA","IRROEPYO",0.120493985900201
"CGR1656","IRROEPYO",-0.346739926121301
"CGR1679","IRROEPYO",0.130345014368805
"CGR2012","IRROEPYO",0.0942085592195264
"CO18","IRROEPYO",0.155968389453564
"CRDHAN-204","IRROEPYO",0.0743883885788293
"CR143-2-2","IRROEPYO",-0.349848897858537
"CR262-4","IRROEPYO",-0.340431309511142
"CROSSA","IRROEPYO",0.11979079021676
"DULAR","IRROEPYO",0.215584020340815
"EYPO","IRROEPYO",-0.214714051236897
"EYPO-2","IRROEPYO",0.116842650311161
"FULKATI","IRROEPYO",0.324801979700746
"Ghanteswari","IRROEPYO",-0.37080975085791
"GHATIKAMMANANGARHAR","IRROEPYO",0.100088007300685
"GotrabiDhan","IRROEPYO",-0.348653333551132
"GP-145-37","IRROEPYO",0.134261326153272
"GP-145-51","IRROEPYO",-0.314595807056864
"HARBHOONDI","IRROEPYO",0.0601914596325661
"HongZuiEr","IRROEPYO",-0.343110507685948
"IndrabaruniDhan","IRROEPYO",-0.342796580646552
"IR74371-54-1-1","IRROEPYO",-0.317204418514968
"IR77298-14-1-2-10","IRROEPYO",-0.321511290505233
"IR77298-5-6-18","IRROEPYO",-0.283661473755808
"IR83383-B-B-129-4","IRROEPYO",-0.274943102824396
"IR83388-B-B108-3","IRROEPYO",-0.282142518743986
"IR87707-445-B-B","IRROEPYO",-0.301049616754044
"IR87707-446-B-B","IRROEPYO",-0.341386374528938
"IRROEPYO","IRROEPYO",1.37891058212985
"KALINGA-1","IRROEPYO",-0.37833050523482
"KANGRO","IRROEPYO",0.155088575889109
"KHAODAWTAI","IRROEPYO",0.0700806475811588
"MANDRIRAVINA","IRROEPYO",0.158333480900046
"MAUDAMANI","IRROEPYO",0.123353212248622
"MOROBEREKAN","IRROEPYO",-0.182478405686016
"MTU1010","IRROEPYO",-0.297965062399622
"MTU9","IRROEPYO",0.160302616028915
"NERICA-L-26","IRROEPYO",-0.361439582411584
"NERICA-L-42","IRROEPYO",-0.360785015534446
"NERICA-L-44","IRROEPYO",-0.338379499893993
"PARIJAT","IRROEPYO",-0.297245117760803
"Patchaiperumal","IRROEPYO",-0.285846639448902
"PEH-KUH-TSAO-TU","IRROEPYO",0.157191745765199
"PMK-2","IRROEPYO",-0.31760622647471
"PRASAD-1","IRROEPYO",0.0806238788375519
"PUSASUGANDH5","IRROEPYO",-0.326391989699517
"PUSA1121","IRROEPYO",-0.151059221426344
"Pusa1121-SN12","IRROEPYO",-0.171713173417766
"PUSA44","IRROEPYO",-0.333847449503547
"PUSABASMATI6","IRROEPYO",0.188623361840292
"PUSASUGANDH2","IRROEPYO",0.0740067949124172
"RASI","IRROEPYO",-0.2928462514447
"RKVY-104","IRROEPYO",0.180691200470596
"RKVY-143","IRROEPYO",-0.355073072047881
"RKVY-28","IRROEPYO",0.198906725085265
"R-RF-44","IRROEPYO",-0.312988523951589
"RRF-78","IRROEPYO",-0.106837196271852
"Sadabahar","IRROEPYO",0.181225738085345
"SAFRI-17","IRROEPYO",0.107934345001092
"SAHBHAGIDHAN","IRROEPYO",-0.288842450436225
"SATABHAMA","IRROEPYO",0.0990191147031936
"SERATOES","IRROEPYO",0.585619959635023
"SERETY","IRROEPYO",0.164104680325496
"SHAKU","IRROEPYO",0.143659115833996
"SR1-3-1","IRROEPYO",0.0709534435596701
"SUWEON","IRROEPYO",0.233813524154266
"SWARNA","IRROEPYO",-0.333013675565127
"VANAPRAVA","IRROEPYO",0.327867227547497
"VANDANA","IRROEPYO",-0.0536390226175247
"Wayrarem","IRROEPYO",-0.327338083447649
"281785","KALINGA-1",-0.0844576376906459
"282803","KALINGA-1",0.278108924276663
"299554","KALINGA-1",0.156597336330503
"356457","KALINGA-1",0.392816149932593
"376579","KALINGA-1",-0.221240877522782
"376851","KALINGA-1",-0.190349296690663
"377448","KALINGA-1",0.239355757229493
"377705","KALINGA-1",0.395010902751192
"384190","KALINGA-1",-0.461453339272807
"426049","KALINGA-1",0.39545825819606
"438644","KALINGA-1",0.293026485619541
"ADAYSEL","KALINGA-1",-0.00856420291455989
"AbhayaXDagadesi","KALINGA-1",0.304463170751369
"ABHISEK","KALINGA-1",-0.122786413640767
"ABOR-A-1","KALINGA-1",0.377793087939003
"ANJALI","KALINGA-1",-0.0967798686423231
"Annada","KALINGA-1",-0.384525269929834
"Apo","KALINGA-1",0.145434010642364
"ARC10319","KALINGA-1",0.216739948253287
"ARC12071","KALINGA-1",-0.124590276630914
"ARNAPURNA","KALINGA-1",-0.0963598364994573
"ASD16","KALINGA-1",-0.0131043383563139
"AUS257","KALINGA-1",-0.161028683552965
"BAKAL","KALINGA-1",-0.101247221512613
"BAM1057","KALINGA-1",-0.116514752288899
"BAM1098","KALINGA-1",-0.0872944509057972
"BAM1659","KALINGA-1",-0.116994701239495
"BAM1689","KALINGA-1",-0.0442441500240134
"BAM1708","KALINGA-1",-0.0668697449058191
"BAM1812","KALINGA-1",0.182138134624915
"BAM2096","KALINGA-1",-0.187611711326991
"BAM2166","KALINGA-1",-0.377820863918902
"BAM247","KALINGA-1",0.271565612988904
"BAM2574","KALINGA-1",-0.18530458833134
"BAM2680","KALINGA-1",-0.0213424085614428
"BAM3154","KALINGA-1",0.174985463192407
"BAM3181","KALINGA-1",-0.188877875973337
"BAM326","KALINGA-1",-0.205219476767754
"BAM328","KALINGA-1",0.169884869606915
"BAM350","KALINGA-1",0.0925886970196987
"BAM3690","KALINGA-1",0.28693589927821
"BAM4009","KALINGA-1",-0.0731661164582069
"BAM4054","KALINGA-1",0.0478269742899083
"BAM4138","KALINGA-1",-0.470982702669933
"BAM4168","KALINGA-1",-0.317384429833879
"BAM4234","KALINGA-1",-0.190922151428946
"BAM4254","KALINGA-1",-0.1938441948376
"BAM4477","KALINGA-1",0.248428663170081
"BAM4496","KALINGA-1",0.182762387333672
"BAM4510","KALINGA-1",-0.445287071217532
"BAM4521","KALINGA-1",-0.444886673907503
"BAM4534","KALINGA-1",-0.093440491022171
"BAM4797","KALINGA-1",-0.203637055274125
"BAM491","KALINGA-1",0.0722090360076779
"BAM4928","KALINGA-1",-0.380059874087512
"BAM5110","KALINGA-1",-0.0511680133333273
"BAM56","KALINGA-1",-0.419876095299331
"BAM5779","KALINGA-1",-0.389086001355996
"BAM5850","KALINGA-1",-0.138889256159968
"BAM6921","KALINGA-1",0.196652558100002
"BAM712","KALINGA-1",-0.388880277962363
"BAM742","KALINGA-1",-0.373283530982771
"BAM7429","KALINGA-1",0.206246357288767
"BAM7449","KALINGA-1",-0.106872227503453
"BAM747","KALINGA-1",-0.382296214394175
"BAM759","KALINGA-1",0.154479235500803
"BAM766","KALINGA-1",-0.376552812883066
"BAM807","KALINGA-1",-0.384943928009723
"BAM811","KALINGA-1",0.143986606867068
"BAM812","KALINGA-1",-0.204849359529466
"BAM819","KALINGA-1",-0.11886145195497
"BAM8296","KALINGA-1",0.292330482935722
"BAM8305","KALINGA-1",0.384893654803345
"BAM8315","KALINGA-1",-0.395157698264147
"BAM8364","KALINGA-1",-0.0593023174122018
"BAMAWPYAN","KALINGA-1",-0.444149788367309
"BENAMURI","KALINGA-1",-0.130131026984539
"BLACKGORA","KALINGA-1",-0.0928596396984398
"CGR1656","KALINGA-1",0.229303821087483
"CGR1679","KALINGA-1",-0.202152469211769
"CGR2012","KALINGA-1",-0.188667566790749
"CO18","KALINGA-1",-0.129237929591412
"CRDHAN-204","KALINGA-1",-0.193954037543824
"CR143-2-2","KALINGA-1",0.141977531853704
"CR262-4","KALINGA-1",0.134969124724059
"CROSSA","KALINGA-1",-0.160874893733751
"DULAR","KALINGA-1",-0.120741883513713
"EYPO","KALINGA-1",0.118369238948106
"EYPO-2","KALINGA-1",-0.0019834070760135
"FULKATI","KALINGA-1",-0.0894762284575238
"Ghanteswari","KALINGA-1",0.461300047165273
"GHATIKAMMANANGARHAR","KALINGA-1",0.0218513533020637
"GotrabiDhan","KALINGA-1",0.268581355872742
"GP-145-37","KALINGA-1",-0.181035757762481
"GP-145-51","KALINGA-1",0.155595505713055
"HARBHOONDI","KALINGA-1",-0.2196743500086
"HongZuiEr","KALINGA-1",0.275962813847271
"IndrabaruniDhan","KALINGA-1",0.201867795295477
"IR74371-54-1-1","KALINGA-1",0.153186203912618
"IR77298-14-1-2-10","KALINGA-1",0.171438857678561
"IR77298-5-6-18","KALINGA-1",0.2237873498419
"IR83383-B-B-129-4","KALINGA-1",0.221224743969509
"IR83388-B-B108-3","KALINGA-1",0.220340589819201
"IR87707-445-B-B","KALINGA-1",0.205779838435712
"IR87707-446-B-B","KALINGA-1",0.289538744911596
"IRROEPYO","KALINGA-1",-0.37833050523482
"KALINGA-1","KALINGA-1",1.21992498024355
"KANGRO","KALINGA-1",-0.124066332104923
"KHAODAWTAI","KALINGA-1",0.0684820337508432
"MANDRIRAVINA","KALINGA-1",-0.129155208515399
"MAUDAMANI","KALINGA-1",-0.09580692377751
"MOROBEREKAN","KALINGA-1",-0.0686066198711819
"MTU1010","KALINGA-1",0.280574722090558
"MTU9","KALINGA-1",-0.128716524196878
"NERICA-L-26","KALINGA-1",0.200034664747278
"NERICA-L-42","KALINGA-1",0.198543060500856
"NERICA-L-44","KALINGA-1",0.309463834019639
"PARIJAT","KALINGA-1",0.297178016709052
"Patchaiperumal","KALINGA-1",0.234763969912635
"PEH-KUH-TSAO-TU","KALINGA-1",-0.120009769015036
"PMK-2","KALINGA-1",0.379917139587809
"PRASAD-1","KALINGA-1",-0.031831055705555
"PUSASUGANDH5","KALINGA-1",0.241825615707846
"PUSA1121","KALINGA-1",0.0066199667970016
"Pusa1121-SN12","KALINGA-1",0.0714708387530476
"PUSA44","KALINGA-1",0.380050947705559
"PUSABASMATI6","KALINGA-1",-0.279145161492885
"PUSASUGANDH2","KALINGA-1",-0.168787638768128
"RASI","KALINGA-1",0.300050197541177
"RKVY-104","KALINGA-1",-0.0992175506370562
"RKVY-143","KALINGA-1",0.173545831458126
"RKVY-28","KALINGA-1",-0.0567035750572593
"R-RF-44","KALINGA-1",0.303516249321332
"RRF-78","KALINGA-1",0.185240959214313
"Sadabahar","KALINGA-1",-0.163223344679878
"SAFRI-17","KALINGA-1",-0.0572441108846394
"SAHBHAGIDHAN","KALINGA-1",0.275449806973003
"SATABHAMA","KALINGA-1",-0.182688914747401
"SERATOES","KALINGA-1",-0.131028845036404
"SERETY","KALINGA-1",-0.117926367861461
"SHAKU","KALINGA-1",-0.219663234735465
"SR1-3-1","KALINGA-1",-0.108671577419714
"SUWEON","KALINGA-1",-0.172071881092328
"SWARNA","KALINGA-1",0.197420338430019
"VANAPRAVA","KALINGA-1",-0.120490276508596
"VANDANA","KALINGA-1",0.00457043140640463
"Wayrarem","KALINGA-1",0.157742488466747
"281785","KANGRO",0.244516556829583
"282803","KANGRO",-0.199476568603527
"299554","KANGRO",-0.288172520127099
"356457","KANGRO",-0.111450285547585
"376579","KANGRO",0.249308637978985
"376851","KANGRO",0.265781847376724
"377448","KANGRO",-0.139770527404308
"377705","KANGRO",-0.269460393185445
"384190","KANGRO",0.0837128230326446
"426049","KANGRO",-0.104925739499843
"438644","KANGRO",-0.187619710421363
"ADAYSEL","KANGRO",-0.284700030582444
"AbhayaXDagadesi","KANGRO",-0.279605624430748
"ABHISEK","KANGRO",0.207668998217029
"ABOR-A-1","KANGRO",-0.0663296427270756
"ANJALI","KANGRO",0.126937133604227
"Annada","KANGRO",-0.0315761913416096
"Apo","KANGRO",-0.323528206048942
"ARC10319","KANGRO",0.145119320193669
"ARC12071","KANGRO",1.1146429319908
"ARNAPURNA","KANGRO",0.411805461706327
"ASD16","KANGRO",0.253691568463907
"AUS257","KANGRO",0.131984403684311
"BAKAL","KANGRO",-0.345787933947691
"BAM1057","KANGRO",-0.289162516553649
"BAM1098","KANGRO",-0.365192243252113
"BAM1659","KANGRO",0.497697179897428
"BAM1689","KANGRO",-0.280930783344456
"BAM1708","KANGRO",-0.293810933186066
"BAM1812","KANGRO",-0.150374312136661
"BAM2096","KANGRO",0.30624181324299
"BAM2166","KANGRO",0.0812855693842471
"BAM247","KANGRO",-0.169853985641232
"BAM2574","KANGRO",0.280794836654068
"BAM2680","KANGRO",0.142866001028052
"BAM3154","KANGRO",-0.225048845960854
"BAM3181","KANGRO",0.392534773062641
"BAM326","KANGRO",0.329805809967871
"BAM328","KANGRO",-0.131139947952774
"BAM350","KANGRO",-0.208993803180656
"BAM3690","KANGRO",-0.244947183057128
"BAM4009","KANGRO",-0.262763913946592
"BAM4054","KANGRO",0.215668116917677
"BAM4138","KANGRO",0.131909791251301
"BAM4168","KANGRO",0.0973316133341229
"BAM4234","KANGRO",0.165327015865603
"BAM4254","KANGRO",0.149150175152875
"BAM4477","KANGRO",-0.232703033137483
"BAM4496","KANGRO",-0.0709044981455974
"BAM4510","KANGRO",0.0853096362649939
"BAM4521","KANGRO",0.099384828232679
"BAM4534","KANGRO",-0.351890620454252
"BAM4797","KANGRO",0.317228276185076
"BAM491","KANGRO",-0.16945088719802
"BAM4928","KANGRO",0.110717589081777
"BAM5110","KANGRO",0.0972168867586759
"BAM56","KANGRO",0.0785640536894689
"BAM5779","KANGRO",0.0087963710198609
"BAM5850","KANGRO",-0.332855597448539
"BAM6921","KANGRO",-0.284609857557117
"BAM712","KANGRO",-0.0552471516521207
"BAM742","KANGRO",-0.0447924506437396
"BAM7429","KANGRO",-0.107155586906709
"BAM7449","KANGRO",-0.318986566938278
"BAM747","KANGRO",-0.0436812355778647
"BAM759","KANGRO",-0.289569722123974
"BAM766","KANGRO",-0.0426633737925906
"BAM807","KANGRO",0.0123304008881216
"BAM811","KANGRO",-0.297324318936567
"BAM812","KANGRO",0.136450972280436
"BAM819","KANGRO",0.206490857395605
"BAM8296","KANGRO",-0.28941732881542
"BAM8305","KANGRO",-0.168635108174794
"BAM8315","KANGRO",0.0516712652214603
"BAM8364","KANGRO",0.186014051597358
"BAMAWPYAN","KANGRO",0.0779069531577682
"BENAMURI","KANGRO",0.335086139259039
"BLACKGORA","KANGRO",0.135386021134954
"CGR1656","KANGRO",-0.0887058521944712
"CGR1679","KANGRO",0.304725198108469
"CGR2012","KANGRO",0.263051046640844
"CO18","KANGRO",0.985099194428123
"CRDHAN-204","KANGRO",0.0936302197433107
"CR143-2-2","KANGRO",-0.288369688550383
"CR262-4","KANGRO",-0.273521389385674
"CROSSA","KANGRO",0.287899885399516
"DULAR","KANGRO",-0.344946073699526
"EYPO","KANGRO",-0.153973190795623
"EYPO-2","KANGRO",0.36230635964675
"FULKATI","KANGRO",-0.341472832337628
"Ghanteswari","KANGRO",-0.125891379339264
"GHATIKAMMANANGARHAR","KANGRO",0.202887186743474
"GotrabiDhan","KANGRO",-0.166333892023348
"GP-145-37","KANGRO",0.262873649886122
"GP-145-51","KANGRO",-0.13061224294357
"HARBHOONDI","KANGRO",0.0987748813123877
"HongZuiEr","KANGRO",-0.236628746601154
"IndrabaruniDhan","KANGRO",-0.165299242076011
"IR74371-54-1-1","KANGRO",-0.275374204231884
"IR77298-14-1-2-10","KANGRO",-0.287822914054836
"IR77298-5-6-18","KANGRO",-0.245205535866574
"IR83383-B-B-129-4","KANGRO",-0.227925871412056
"IR83388-B-B108-3","KANGRO",-0.229981787973501
"IR87707-445-B-B","KANGRO",-0.240126317819088
"IR87707-446-B-B","KANGRO",-0.289149205563506
"IRROEPYO","KANGRO",0.155088575889109
"KALINGA-1","KANGRO",-0.124066332104923
"KANGRO","KANGRO",1.17682229820996
"KHAODAWTAI","KANGRO",0.16748565177627
"MANDRIRAVINA","KANGRO",0.990347263389968
"MAUDAMANI","KANGRO",0.151368511458412
"MOROBEREKAN","KANGRO",-0.422926347576147
"MTU1010","KANGRO",-0.159597067507894
"MTU9","KANGRO",1.13592866337794
"NERICA-L-26","KANGRO",-0.346839934403952
"NERICA-L-42","KANGRO",-0.351992382194724
"NERICA-L-44","KANGRO",-0.263899695928187
"PARIJAT","KANGRO",-0.270057902367244
"Patchaiperumal","KANGRO",0.0214260084605006
"PEH-KUH-TSAO-TU","KANGRO",1.13325128327115
"PMK-2","KANGRO",-0.057723206053592
"PRASAD-1","KANGRO",0.267785812406185
"PUSASUGANDH5","KANGRO",-0.268782091561971
"PUSA1121","KANGRO",-0.307309152189481
"Pusa1121-SN12","KANGRO",-0.301837110838952
"PUSA44","KANGRO",-0.272178666011708
"PUSABASMATI6","KANGRO",0.137930720011475
"PUSASUGANDH2","KANGRO",0.251864993622814
"RASI","KANGRO",-0.199400534535601
"RKVY-104","KANGRO",-0.33935936751517
"RKVY-143","KANGRO",-0.030727548774103
"RKVY-28","KANGRO",-0.280149844321768
"R-RF-44","KANGRO",-0.211753281053941
"RRF-78","KANGRO",-0.24923998960824
"Sadabahar","KANGRO",0.306006671747074
"SAFRI-17","KANGRO",0.197142282689003
"SAHBHAGIDHAN","KANGRO",-0.260278809550701
"SATABHAMA","KANGRO",0.156568730040906
"SERATOES","KANGRO",-0.301502514864417
"SERETY","KANGRO",1.02167879711206
"SHAKU","KANGRO",0.109828890909007
"SR1-3-1","KANGRO",0.123509101703242
"SUWEON","KANGRO",0.183397743976209
"SWARNA","KANGRO",-0.242212956344322
"VANAPRAVA","KANGRO",-0.288900416588794
"VANDANA","KANGRO",-0.336629706956216
"Wayrarem","KANGRO",-0.335087651954887
"281785","KHAODAWTAI",0.262041896085896
"282803","KHAODAWTAI",-0.13288877815593
"299554","KHAODAWTAI",-0.190630484218097
"356457","KHAODAWTAI",-0.0442184857214712
"376579","KHAODAWTAI",0.287844388916445
"376851","KHAODAWTAI",0.219935991362581
"377448","KHAODAWTAI",-0.166304208264615
"377705","KHAODAWTAI",0.0818080005973243
"384190","KHAODAWTAI",0.0156407431365401
"426049","KHAODAWTAI",-0.0371744860668787
"438644","KHAODAWTAI",-0.13098423597737
"ADAYSEL","KHAODAWTAI",-0.299536457735999
"AbhayaXDagadesi","KHAODAWTAI",-0.0927943881517142
"ABHISEK","KHAODAWTAI",0.249573270481049
"ABOR-A-1","KHAODAWTAI",0.00065245460774959
"ANJALI","KHAODAWTAI",0.293570668134776
"Annada","KHAODAWTAI",0.0643092928932647
"Apo","KHAODAWTAI",-0.172292192184962
"ARC10319","KHAODAWTAI",-0.200882672402825
"ARC12071","KHAODAWTAI",0.158252470681467
"ARNAPURNA","KHAODAWTAI",0.236376253197944
"ASD16","KHAODAWTAI",0.274243131345075
"AUS257","KHAODAWTAI",0.267187101782885
"BAKAL","KHAODAWTAI",-0.348440050655605
"BAM1057","KHAODAWTAI",-0.401879159586013
"BAM1098","KHAODAWTAI",-0.335224949598763
"BAM1659","KHAODAWTAI",0.232524208681592
"BAM1689","KHAODAWTAI",-0.345230996560463
"BAM1708","KHAODAWTAI",-0.35384210738025
"BAM1812","KHAODAWTAI",-0.178967270633521
"BAM2096","KHAODAWTAI",0.221526336053529
"BAM2166","KHAODAWTAI",0.107647226532432
"BAM247","KHAODAWTAI",-0.116710314675265
"BAM2574","KHAODAWTAI",0.281184476662521
"BAM2680","KHAODAWTAI",0.477617796602645
"BAM3154","KHAODAWTAI",-0.0872077223649365
"BAM3181","KHAODAWTAI",0.217204671682375
"BAM326","KHAODAWTAI",0.239176379893363
"BAM328","KHAODAWTAI",-0.204821908164135
"BAM350","KHAODAWTAI",-0.282175970787144
"BAM3690","KHAODAWTAI",-0.095172974538165
"BAM4009","KHAODAWTAI",-0.386056313630345
"BAM4054","KHAODAWTAI",0.388374469108871
"BAM4138","KHAODAWTAI",-0.0113306845886849
"BAM4168","KHAODAWTAI",0.162424054323256
"BAM4234","KHAODAWTAI",0.161631514904132
"BAM4254","KHAODAWTAI",0.168739777254731
"BAM4477","KHAODAWTAI",-0.0919476051363344
"BAM4496","KHAODAWTAI",-0.194893336885183
"BAM4510","KHAODAWTAI",-0.00452577868741737
"BAM4521","KHAODAWTAI",0.0045530108162368
"BAM4534","KHAODAWTAI",-0.380078965619697
"BAM4797","KHAODAWTAI",0.243312111083446
"BAM491","KHAODAWTAI",-0.272600268757507
"BAM4928","KHAODAWTAI",0.0831210735227312
"BAM5110","KHAODAWTAI",0.329901166318818
"BAM56","KHAODAWTAI",0.0434234441918074
"BAM5779","KHAODAWTAI",0.0768425015277158
"BAM5850","KHAODAWTAI",-0.369218521291919
"BAM6921","KHAODAWTAI",-0.116659575028992
"BAM712","KHAODAWTAI",0.0809236277343476
"BAM742","KHAODAWTAI",0.0577346621629069
"BAM7429","KHAODAWTAI",-0.163850803847711
"BAM7449","KHAODAWTAI",-0.365850880371565
"BAM747","KHAODAWTAI",0.03463666270635
"BAM759","KHAODAWTAI",-0.219715446091597
"BAM766","KHAODAWTAI",0.0700647035464724
"BAM807","KHAODAWTAI",0.0664228496495967
"BAM811","KHAODAWTAI",-0.113943154937258
"BAM812","KHAODAWTAI",0.320606946527272
"BAM819","KHAODAWTAI",0.366628183354742
"BAM8296","KHAODAWTAI",-0.130981831049534
"BAM8305","KHAODAWTAI",-0.097515548543471
"BAM8315","KHAODAWTAI",0.0605013916548679
"BAM8364","KHAODAWTAI",0.390912621138583
"BAMAWPYAN","KHAODAWTAI",0.00783741227742676
"BENAMURI","KHAODAWTAI",0.239593625143586
"BLACKGORA","KHAODAWTAI",0.30457470789202
"CGR1656","KHAODAWTAI",-0.189414640952164
"CGR1679","KHAODAWTAI",0.241970261035897
"CGR2012","KHAODAWTAI",0.241552099273843
"CO18","KHAODAWTAI",0.157952191622923
"CRDHAN-204","KHAODAWTAI",0.297920384883481
"CR143-2-2","KHAODAWTAI",-0.186753523420915
"CR262-4","KHAODAWTAI",-0.174947455241701
"CROSSA","KHAODAWTAI",0.242090406166238
"DULAR","KHAODAWTAI",-0.396754549331513
"EYPO","KHAODAWTAI",-0.213124975670566
"EYPO-2","KHAODAWTAI",0.427769253479817
"FULKATI","KHAODAWTAI",-0.367932892555356
"Ghanteswari","KHAODAWTAI",0.0646974409578378
"GHATIKAMMANANGARHAR","KHAODAWTAI",0.330323783895789
"GotrabiDhan","KHAODAWTAI",-0.127195481731859
"GP-145-37","KHAODAWTAI",0.249745772435089
"GP-145-51","KHAODAWTAI",-0.186823524390503
"HARBHOONDI","KHAODAWTAI",0.311159721470686
"HongZuiEr","KHAODAWTAI",-0.118143605591957
"IndrabaruniDhan","KHAODAWTAI",-0.186307315082289
"IR74371-54-1-1","KHAODAWTAI",-0.188523351407892
"IR77298-14-1-2-10","KHAODAWTAI",-0.135208821330537
"IR77298-5-6-18","KHAODAWTAI",-0.185889239634037
"IR83383-B-B-129-4","KHAODAWTAI",-0.193916361529072
"IR83388-B-B108-3","KHAODAWTAI",-0.1145926566315
"IR87707-445-B-B","KHAODAWTAI",-0.225270704636503
"IR87707-446-B-B","KHAODAWTAI",-0.168180906871216
"IRROEPYO","KHAODAWTAI",0.0700806475811588
"KALINGA-1","KHAODAWTAI",0.0684820337508432
"KANGRO","KHAODAWTAI",0.16748565177627
"KHAODAWTAI","KHAODAWTAI",1.35314869983352
"MANDRIRAVINA","KHAODAWTAI",0.149355357032539
"MAUDAMANI","KHAODAWTAI",0.36805132254739
"MOROBEREKAN","KHAODAWTAI",-0.317356633826374
"MTU1010","KHAODAWTAI",-0.195651139850189
"MTU9","KHAODAWTAI",0.164019811749374
"NERICA-L-26","KHAODAWTAI",-0.189745338652542
"NERICA-L-42","KHAODAWTAI",-0.193605531667593
"NERICA-L-44","KHAODAWTAI",-0.146482815652042
"PARIJAT","KHAODAWTAI",-0.0883234666320245
"Patchaiperumal","KHAODAWTAI",-0.179341269365856
"PEH-KUH-TSAO-TU","KHAODAWTAI",0.163556284873876
"PMK-2","KHAODAWTAI",0.0081764148929526
"PRASAD-1","KHAODAWTAI",0.306439177204719
"PUSASUGANDH5","KHAODAWTAI",-0.155340563291614
"PUSA1121","KHAODAWTAI",-0.248821869825392
"Pusa1121-SN12","KHAODAWTAI",-0.24448115522905
"PUSA44","KHAODAWTAI",-0.0906623493354557
"PUSABASMATI6","KHAODAWTAI",0.131453175580302
"PUSASUGANDH2","KHAODAWTAI",0.240095721826651
"RASI","KHAODAWTAI",-0.0839488373752617
"RKVY-104","KHAODAWTAI",-0.401543303594902
"RKVY-143","KHAODAWTAI",-0.169398554831089
"RKVY-28","KHAODAWTAI",-0.335895591965705
"R-RF-44","KHAODAWTAI",-0.150876335458021
"RRF-78","KHAODAWTAI",-0.244327339901081
"Sadabahar","KHAODAWTAI",0.263361867233301
"SAFRI-17","KHAODAWTAI",0.269697032056062
"SAHBHAGIDHAN","KHAODAWTAI",-0.0752336108327917
"SATABHAMA","KHAODAWTAI",0.238469451654327
"SERATOES","KHAODAWTAI",-0.385338054767533
"SERETY","KHAODAWTAI",0.182907924701838
"SHAKU","KHAODAWTAI",0.203669224690422
"SR1-3-1","KHAODAWTAI",0.306015538164001
"SUWEON","KHAODAWTAI",0.242119251321929
"SWARNA","KHAODAWTAI",-0.206668294033851
"VANAPRAVA","KHAODAWTAI",-0.396846277089675
"VANDANA","KHAODAWTAI",-0.288311098249042
"Wayrarem","KHAODAWTAI",-0.177661969469309
"281785","MANDRIRAVINA",0.24689844059506
"282803","MANDRIRAVINA",-0.194098567061444
"299554","MANDRIRAVINA",-0.304599285571502
"356457","MANDRIRAVINA",-0.0652071846914419
"376579","MANDRIRAVINA",0.228592151907258
"376851","MANDRIRAVINA",0.272375749128555
"377448","MANDRIRAVINA",-0.146089416485395
"377705","MANDRIRAVINA",-0.271292248470646
"384190","MANDRIRAVINA",0.079944959001212
"426049","MANDRIRAVINA",-0.0619720996944193
"438644","MANDRIRAVINA",-0.175936826375942
"ADAYSEL","MANDRIRAVINA",-0.270860956919399
"AbhayaXDagadesi","MANDRIRAVINA",-0.275699128160518
"ABHISEK","MANDRIRAVINA",0.227185419473314
"ABOR-A-1","MANDRIRAVINA",-0.0548962560694486
"ANJALI","MANDRIRAVINA",0.147433942915629
"Annada","MANDRIRAVINA",-0.0523850573982839
"Apo","MANDRIRAVINA",-0.325506392388743
"ARC10319","MANDRIRAVINA",0.146683068040141
"ARC12071","MANDRIRAVINA",0.97625837680027
"ARNAPURNA","MANDRIRAVINA",0.414333509237692
"ASD16","MANDRIRAVINA",0.258293985789991
"AUS257","MANDRIRAVINA",0.127913848167012
"BAKAL","MANDRIRAVINA",-0.316897591118348
"BAM1057","MANDRIRAVINA",-0.293643268937328
"BAM1098","MANDRIRAVINA",-0.365074574100605
"BAM1659","MANDRIRAVINA",0.491918541052283
"BAM1689","MANDRIRAVINA",-0.287208810756692
"BAM1708","MANDRIRAVINA",-0.27258406566975
"BAM1812","MANDRIRAVINA",-0.139631141246787
"BAM2096","MANDRIRAVINA",0.278639655051769
"BAM2166","MANDRIRAVINA",0.0765437955870792
"BAM247","MANDRIRAVINA",-0.175338172894882
"BAM2574","MANDRIRAVINA",0.273179787252065
"BAM2680","MANDRIRAVINA",0.159769766252029
"BAM3154","MANDRIRAVINA",-0.2273256885136
"BAM3181","MANDRIRAVINA",0.376133860274682
"BAM326","MANDRIRAVINA",0.338324422155723
"BAM328","MANDRIRAVINA",-0.138704052710468
"BAM350","MANDRIRAVINA",-0.196618384046432
"BAM3690","MANDRIRAVINA",-0.234470077040158
"BAM4009","MANDRIRAVINA",-0.281032744376381
"BAM4054","MANDRIRAVINA",0.223036612293152
"BAM4138","MANDRIRAVINA",0.116189512091382
"BAM4168","MANDRIRAVINA",0.102213274048706
"BAM4234","MANDRIRAVINA",0.152763737619177
"BAM4254","MANDRIRAVINA",0.155355749451009
"BAM4477","MANDRIRAVINA",-0.221554501961317
"BAM4496","MANDRIRAVINA",-0.042880927192938
"BAM4510","MANDRIRAVINA",0.101449632165055
"BAM4521","MANDRIRAVINA",0.0852494196504578
"BAM4534","MANDRIRAVINA",-0.339111044294462
"BAM4797","MANDRIRAVINA",0.314912613167178
"BAM491","MANDRIRAVINA",-0.161680693117588
"BAM4928","MANDRIRAVINA",0.142785721621553
"BAM5110","MANDRIRAVINA",0.0896135268533238
"BAM56","MANDRIRAVINA",0.0787453290380346
"BAM5779","MANDRIRAVINA",0.0323994525534627
"BAM5850","MANDRIRAVINA",-0.292219253215998
"BAM6921","MANDRIRAVINA",-0.274821019615408
"BAM712","MANDRIRAVINA",-0.0658159085753957
"BAM742","MANDRIRAVINA",-0.0642853810392707
"BAM7429","MANDRIRAVINA",-0.117339258941526
"BAM7449","MANDRIRAVINA",-0.29481370764607
"BAM747","MANDRIRAVINA",-0.0461288088815185
"BAM759","MANDRIRAVINA",-0.298520209806679
"BAM766","MANDRIRAVINA",-0.0559459886558409
"BAM807","MANDRIRAVINA",0.0165728153118027
"BAM811","MANDRIRAVINA",-0.285676463995118
"BAM812","MANDRIRAVINA",0.145007162515289
"BAM819","MANDRIRAVINA",0.230480935195849
"BAM8296","MANDRIRAVINA",-0.296590942890585
"BAM8305","MANDRIRAVINA",-0.175335850269713
"BAM8315","MANDRIRAVINA",0.0388489754970456
"BAM8364","MANDRIRAVINA",0.166472803925763
"BAMAWPYAN","MANDRIRAVINA",0.0931561614361006
"BENAMURI","MANDRIRAVINA",0.323218487225695
"BLACKGORA","MANDRIRAVINA",0.160730607347266
"CGR1656","MANDRIRAVINA",-0.0930518411386759
"CGR1679","MANDRIRAVINA",0.28162405472448
"CGR2012","MANDRIRAVINA",0.305020895269243
"CO18","MANDRIRAVINA",1.14456346998748
"CRDHAN-204","MANDRIRAVINA",0.091516075361319
"CR143-2-2","MANDRIRAVINA",-0.29313651856161
"CR262-4","MANDRIRAVINA",-0.280650924153158
"CROSSA","MANDRIRAVINA",0.321074302402694
"DULAR","MANDRIRAVINA",-0.342795455699191
"EYPO","MANDRIRAVINA",-0.182398483033866
"EYPO-2","MANDRIRAVINA",0.367184973617965
"FULKATI","MANDRIRAVINA",-0.303221238932428
"Ghanteswari","MANDRIRAVINA",-0.14497182969227
"GHATIKAMMANANGARHAR","MANDRIRAVINA",0.19542615243315
"GotrabiDhan","MANDRIRAVINA",-0.171583807967421
"GP-145-37","MANDRIRAVINA",0.252319699835631
"GP-145-51","MANDRIRAVINA",-0.147804643133789
"HARBHOONDI","MANDRIRAVINA",0.0753557270231237
"HongZuiEr","MANDRIRAVINA",-0.215011386971422
"IndrabaruniDhan","MANDRIRAVINA",-0.156544716471504
"IR74371-54-1-1","MANDRIRAVINA",-0.292705324310586
"IR77298-14-1-2-10","MANDRIRAVINA",-0.286658277943843
"IR77298-5-6-18","MANDRIRAVINA",-0.225495516747238
"IR83383-B-B-129-4","MANDRIRAVINA",-0.213481509131856
"IR83388-B-B108-3","MANDRIRAVINA",-0.209259148268518
"IR87707-445-B-B","MANDRIRAVINA",-0.242455163871037
"IR87707-446-B-B","MANDRIRAVINA",-0.294983633953624
"IRROEPYO","MANDRIRAVINA",0.158333480900046
"KALINGA-1","MANDRIRAVINA",-0.129155208515399
"KANGRO","MANDRIRAVINA",0.990347263389968
"KHAODAWTAI","MANDRIRAVINA",0.149355357032539
"MANDRIRAVINA","MANDRIRAVINA",1.18429369639678
"MAUDAMANI","MANDRIRAVINA",0.159553493875748
"MOROBEREKAN","MANDRIRAVINA",-0.41896090690309
"MTU1010","MANDRIRAVINA",-0.140307094599484
"MTU9","MANDRIRAVINA",0.99340576569916
"NERICA-L-26","MANDRIRAVINA",-0.331337484155907
"NERICA-L-42","MANDRIRAVINA",-0.341870112690189
"NERICA-L-44","MANDRIRAVINA",-0.247853424467209
"PARIJAT","MANDRIRAVINA",-0.257008557040912
"Patchaiperumal","MANDRIRAVINA",0.0394887951733016
"PEH-KUH-TSAO-TU","MANDRIRAVINA",0.995155502964734
"PMK-2","MANDRIRAVINA",-0.0497192095913219
"PRASAD-1","MANDRIRAVINA",0.285985615593787
"PUSASUGANDH5","MANDRIRAVINA",-0.264000078221999
"PUSA1121","MANDRIRAVINA",-0.308324439147294
"Pusa1121-SN12","MANDRIRAVINA",-0.295891686256147
"PUSA44","MANDRIRAVINA",-0.275400637856734
"PUSABASMATI6","MANDRIRAVINA",0.141407793872748
"PUSASUGANDH2","MANDRIRAVINA",0.259790649719039
"RASI","MANDRIRAVINA",-0.19243862463417
"RKVY-104","MANDRIRAVINA",-0.341050259163015
"RKVY-143","MANDRIRAVINA",-0.0669717412696664
"RKVY-28","MANDRIRAVINA",-0.268447524356387
"R-RF-44","MANDRIRAVINA",-0.205126498396052
"RRF-78","MANDRIRAVINA",-0.247007567775756
"Sadabahar","MANDRIRAVINA",0.255036362631577
"SAFRI-17","MANDRIRAVINA",0.216308503450268
"SAHBHAGIDHAN","MANDRIRAVINA",-0.247698014458404
"SATABHAMA","MANDRIRAVINA",0.132683798960529
"SERATOES","MANDRIRAVINA",-0.290578060772071
"SERETY","MANDRIRAVINA",0.924187594292173
"SHAKU","MANDRIRAVINA",0.092886884770339
"SR1-3-1","MANDRIRAVINA",0.123192104990316
"SUWEON","MANDRIRAVINA",0.185172381154433
"SWARNA","MANDRIRAVINA",-0.247701416684567
"VANAPRAVA","MANDRIRAVINA",-0.294724539656968
"VANDANA","MANDRIRAVINA",-0.341159197524469
"Wayrarem","MANDRIRAVINA",-0.330143274683873
"281785","MAUDAMANI",0.301278219197501
"282803","MAUDAMANI",-0.166789823065085
"299554","MAUDAMANI",-0.0982171653419512
"356457","MAUDAMANI",-0.180700166257369
"376579","MAUDAMANI",0.268229677193846
"376851","MAUDAMANI",0.218223402734563
"377448","MAUDAMANI",-0.183637877043786
"377705","MAUDAMANI",-0.154416410831521
"384190","MAUDAMANI",0.00780882956617128
"426049","MAUDAMANI",-0.179715462344558
"438644","MAUDAMANI",-0.157042574717527
"ADAYSEL","MAUDAMANI",-0.161794489325145
"AbhayaXDagadesi","MAUDAMANI",-0.0482298417062698
"ABHISEK","MAUDAMANI",0.495523145455196
"ABOR-A-1","MAUDAMANI",-0.208340223877474
"ANJALI","MAUDAMANI",0.406532675582191
"Annada","MAUDAMANI",0.0389844248549364
"Apo","MAUDAMANI",-0.0945975861444397
"ARC10319","MAUDAMANI",-0.224457127688386
"ARC12071","MAUDAMANI",0.156420706128611
"ARNAPURNA","MAUDAMANI",0.232369646985972
"ASD16","MAUDAMANI",0.344886248610687
"AUS257","MAUDAMANI",0.30948162131477
"BAKAL","MAUDAMANI",-0.342463510546055
"BAM1057","MAUDAMANI",-0.41377680964386
"BAM1098","MAUDAMANI",-0.344088856441804
"BAM1659","MAUDAMANI",0.271044040880407
"BAM1689","MAUDAMANI",-0.339166254979656
"BAM1708","MAUDAMANI",-0.339645711800071
"BAM1812","MAUDAMANI",-0.189922811108016
"BAM2096","MAUDAMANI",0.285150944586876
"BAM2166","MAUDAMANI",0.0553917523008304
"BAM247","MAUDAMANI",-0.121602013599402
"BAM2574","MAUDAMANI",0.291580581710857
"BAM2680","MAUDAMANI",0.302495721522842
"BAM3154","MAUDAMANI",-0.175972521478354
"BAM3181","MAUDAMANI",0.22241942736586
"BAM326","MAUDAMANI",0.202839709699303
"BAM328","MAUDAMANI",-0.197951477170804
"BAM350","MAUDAMANI",-0.299680517958073
"BAM3690","MAUDAMANI",-0.231919702136159
"BAM4009","MAUDAMANI",-0.373939459597711
"BAM4054","MAUDAMANI",0.32603079861653
"BAM4138","MAUDAMANI",0.00188409399606028
"BAM4168","MAUDAMANI",0.179788693861681
"BAM4234","MAUDAMANI",0.315370548736015
"BAM4254","MAUDAMANI",0.328580767002818
"BAM4477","MAUDAMANI",-0.184102584826895
"BAM4496","MAUDAMANI",-0.190886281817959
"BAM4510","MAUDAMANI",-0.00416405274654452
"BAM4521","MAUDAMANI",0.00445594362224763
"BAM4534","MAUDAMANI",-0.381780542043232
"BAM4797","MAUDAMANI",0.214161266396401
"BAM491","MAUDAMANI",-0.277253124192439
"BAM4928","MAUDAMANI",0.0658402904686148
"BAM5110","MAUDAMANI",0.394808341396293
"BAM56","MAUDAMANI",0.0542632617230798
"BAM5779","MAUDAMANI",0.128028649958545
"BAM5850","MAUDAMANI",-0.391766568779599
"BAM6921","MAUDAMANI",-0.145777777671128
"BAM712","MAUDAMANI",0.0324484869457626
"BAM742","MAUDAMANI",0.036022230012976
"BAM7429","MAUDAMANI",-0.193010503710713
"BAM7449","MAUDAMANI",-0.410281660094569
"BAM747","MAUDAMANI",0.0236222778963069
"BAM759","MAUDAMANI",-0.269506614102272
"BAM766","MAUDAMANI",0.0550957090996545
"BAM807","MAUDAMANI",0.109273019604675
"BAM811","MAUDAMANI",-0.0877641928088163
"BAM812","MAUDAMANI",0.361098673137211
"BAM819","MAUDAMANI",0.331634864544581
"BAM8296","MAUDAMANI",-0.11416777858709
"BAM8305","MAUDAMANI",-0.0965584611937524
"BAM8315","MAUDAMANI",0.0321437120633944
"BAM8364","MAUDAMANI",0.245801569969124
"BAMAWPYAN","MAUDAMANI",0.0233571768369154
"BENAMURI","MAUDAMANI",0.188649027259054
"BLACKGORA","MAUDAMANI",0.325677312369659
"CGR1656","MAUDAMANI",-0.240568417150483
"CGR1679","MAUDAMANI",0.217081024013726
"CGR2012","MAUDAMANI",0.230179814251749
"CO18","MAUDAMANI",0.15259637575765
"CRDHAN-204","MAUDAMANI",0.392031126045302
"CR143-2-2","MAUDAMANI",-0.152683930791056
"CR262-4","MAUDAMANI",-0.136892051767669
"CROSSA","MAUDAMANI",0.204858981241004
"DULAR","MAUDAMANI",-0.384278383732142
"EYPO","MAUDAMANI",-0.270814624096251
"EYPO-2","MAUDAMANI",0.214270940521565
"FULKATI","MAUDAMANI",-0.369166974970201
"Ghanteswari","MAUDAMANI",-0.168890114620289
"GHATIKAMMANANGARHAR","MAUDAMANI",0.349898953745312
"GotrabiDhan","MAUDAMANI",-0.157288724682828
"GP-145-37","MAUDAMANI",0.233427404933518
"GP-145-51","MAUDAMANI",-0.235030840835281
"HARBHOONDI","MAUDAMANI",0.308715722362179
"HongZuiEr","MAUDAMANI",-0.17125411894649
"IndrabaruniDhan","MAUDAMANI",-0.0525624696930611
"IR74371-54-1-1","MAUDAMANI",-0.147661599886621
"IR77298-14-1-2-10","MAUDAMANI",-0.0271236258373495
"IR77298-5-6-18","MAUDAMANI",-0.178642131537872
"IR83383-B-B-129-4","MAUDAMANI",-0.17434841132008
"IR83388-B-B108-3","MAUDAMANI",-0.094850524923374
"IR87707-445-B-B","MAUDAMANI",-0.172323473376055
"IR87707-446-B-B","MAUDAMANI",-0.161657906648796
"IRROEPYO","MAUDAMANI",0.123353212248622
"KALINGA-1","MAUDAMANI",-0.09580692377751
"KANGRO","MAUDAMANI",0.151368511458412
"KHAODAWTAI","MAUDAMANI",0.36805132254739
"MANDRIRAVINA","MAUDAMANI",0.159553493875748
"MAUDAMANI","MAUDAMANI",1.38666532986041
"MOROBEREKAN","MAUDAMANI",-0.357052918297219
"MTU1010","MAUDAMANI",-0.135116674489715
"MTU9","MAUDAMANI",0.167744551284362
"NERICA-L-26","MAUDAMANI",-0.137055017876407
"NERICA-L-42","MAUDAMANI",-0.137351266377925
"NERICA-L-44","MAUDAMANI",-0.0140256715120869
"PARIJAT","MAUDAMANI",-0.0646395907788431
"Patchaiperumal","MAUDAMANI",-0.207902317483138
"PEH-KUH-TSAO-TU","MAUDAMANI",0.157422555710509
"PMK-2","MAUDAMANI",-0.203088038135129
"PRASAD-1","MAUDAMANI",0.319855495746758
"PUSASUGANDH5","MAUDAMANI",-0.123138418251555
"PUSA1121","MAUDAMANI",-0.334687999216246
"Pusa1121-SN12","MAUDAMANI",-0.324214667719158
"PUSA44","MAUDAMANI",-0.0849363293910067
"PUSABASMATI6","MAUDAMANI",0.196061278411284
"PUSASUGANDH2","MAUDAMANI",0.380160005931308
"RASI","MAUDAMANI",-0.0246875001237878
"RKVY-104","MAUDAMANI",-0.40461959232964
"RKVY-143","MAUDAMANI",-0.223161611948181
"RKVY-28","MAUDAMANI",-0.395894447954203
"R-RF-44","MAUDAMANI",-0.0714117404082243
"RRF-78","MAUDAMANI",-0.241282105426651
"Sadabahar","MAUDAMANI",0.256409453257732
"SAFRI-17","MAUDAMANI",0.280529597048055
"SAHBHAGIDHAN","MAUDAMANI",-0.0501843895154454
"SATABHAMA","MAUDAMANI",0.286369867795666
"SERATOES","MAUDAMANI",-0.398089543324668
"SERETY","MAUDAMANI",0.208227210585318
"SHAKU","MAUDAMANI",0.29622093489827
"SR1-3-1","MAUDAMANI",0.333109961208473
"SUWEON","MAUDAMANI",0.274648354412615
"SWARNA","MAUDAMANI",0.0890397211783369
"VANAPRAVA","MAUDAMANI",-0.410466158874143
"VANDANA","MAUDAMANI",-0.259168552658469
"Wayrarem","MAUDAMANI",-0.0966123565379839
"281785","MOROBEREKAN",-0.311309936729908
"282803","MOROBEREKAN",0.00528022891451767
"299554","MOROBEREKAN",0.0568325794878461
"356457","MOROBEREKAN",0.0249738623428115
"376579","MOROBEREKAN",-0.283547303679412
"376851","MOROBEREKAN",-0.356295117712295
"377448","MOROBEREKAN",-0.053992562962689
"377705","MOROBEREKAN",0.0602720248425952
"384190","MOROBEREKAN",0.00210870303564315
"426049","MOROBEREKAN",0.0261896671317059
"438644","MOROBEREKAN",0.00230213524549328
"ADAYSEL","MOROBEREKAN",0.146158895978806
"AbhayaXDagadesi","MOROBEREKAN",0.0155774026561858
"ABHISEK","MOROBEREKAN",-0.319594297086549
"ABOR-A-1","MOROBEREKAN",-0.0183706402495181
"ANJALI","MOROBEREKAN",-0.363296776211923
"Annada","MOROBEREKAN",1.19796487800828
"Apo","MOROBEREKAN",0.142536596219364
"ARC10319","MOROBEREKAN",0.0325606245122506
"ARC12071","MOROBEREKAN",-0.409463261347985
"ARNAPURNA","MOROBEREKAN",-0.410529628785284
"ASD16","MOROBEREKAN",-0.363372210131232
"AUS257","MOROBEREKAN",-0.316235827259549
"BAKAL","MOROBEREKAN",0.316417905105174
"BAM1057","MOROBEREKAN",0.240352706908013
"BAM1098","MOROBEREKAN",0.485689030364113
"BAM1659","MOROBEREKAN",-0.373931205891478
"BAM1689","MOROBEREKAN",0.34908290877929
"BAM1708","MOROBEREKAN",0.310540100687782
"BAM1812","MOROBEREKAN",-0.00281588626786284
"BAM2096","MOROBEREKAN",-0.371090309609648
"BAM2166","MOROBEREKAN",0.132360007308271
"BAM247","MOROBEREKAN",-0.0580360368727896
"BAM2574","MOROBEREKAN",-0.363986034663321
"BAM2680","MOROBEREKAN",-0.299037165991808
"BAM3154","MOROBEREKAN",-0.0206745981581371
"BAM3181","MOROBEREKAN",-0.350825242971265
"BAM326","MOROBEREKAN",-0.416143205890368
"BAM328","MOROBEREKAN",-0.0123231804166852
"BAM350","MOROBEREKAN",0.0557269002411753
"BAM3690","MOROBEREKAN",0.0749838179299138
"BAM4009","MOROBEREKAN",0.423760492835602
"BAM4054","MOROBEREKAN",-0.376548362940116
"BAM4138","MOROBEREKAN",0.0390092335633235
"BAM4168","MOROBEREKAN",-0.0622571817987772
"BAM4234","MOROBEREKAN",-0.307746952214294
"BAM4254","MOROBEREKAN",-0.318849324563976
"BAM4477","MOROBEREKAN",0.0226597381881919
"BAM4496","MOROBEREKAN",-0.0217579696604365
"BAM4510","MOROBEREKAN",-0.104210192949807
"BAM4521","MOROBEREKAN",-0.0436637911703185
"BAM4534","MOROBEREKAN",0.257297883728967
"BAM4797","MOROBEREKAN",-0.299765932074686
"BAM491","MOROBEREKAN",0.100728239815629
"BAM4928","MOROBEREKAN",0.0289890341391739
"BAM5110","MOROBEREKAN",-0.341615740661579
"BAM56","MOROBEREKAN",-0.0415894846374091
"BAM5779","MOROBEREKAN",0.543584820209781
"BAM5850","MOROBEREKAN",0.268252135119475
"BAM6921","MOROBEREKAN",0.0565285744402374
"BAM712","MOROBEREKAN",1.19049213732648
"BAM742","MOROBEREKAN",1.19687213875159
"BAM7429","MOROBEREKAN",-0.0502835878994179
"BAM7449","MOROBEREKAN",0.235604872744199
"BAM747","MOROBEREKAN",1.19921569097129
"BAM759","MOROBEREKAN",0.215886818242561
"BAM766","MOROBEREKAN",1.18556628942862
"BAM807","MOROBEREKAN",0.547310015906181
"BAM811","MOROBEREKAN",0.127054185874038
"BAM812","MOROBEREKAN",-0.246851897728565
"BAM819","MOROBEREKAN",-0.339855809734048
"BAM8296","MOROBEREKAN",0.0448852566993078
"BAM8305","MOROBEREKAN",0.043828626129012
"BAM8315","MOROBEREKAN",0.529800956642766
"BAM8364","MOROBEREKAN",-0.300355209755249
"BAMAWPYAN","MOROBEREKAN",-0.0711405492913451
"BENAMURI","MOROBEREKAN",-0.376092625659394
"BLACKGORA","MOROBEREKAN",-0.366368124542034
"CGR1656","MOROBEREKAN",-0.012433274493409
"CGR1679","MOROBEREKAN",-0.402178346340674
"CGR2012","MOROBEREKAN",-0.397530270793568
"CO18","MOROBEREKAN",-0.425920420210592
"CRDHAN-204","MOROBEREKAN",-0.291413957019832
"CR143-2-2","MOROBEREKAN",0.0877105886141271
"CR262-4","MOROBEREKAN",0.0831738338895938
"CROSSA","MOROBEREKAN",-0.419585361457706
"DULAR","MOROBEREKAN",0.269504848468533
"EYPO","MOROBEREKAN",0.0811501261478373
"EYPO-2","MOROBEREKAN",-0.35921320505009
"FULKATI","MOROBEREKAN",0.275115118111021
"Ghanteswari","MOROBEREKAN",-0.0282848948244438
"GHATIKAMMANANGARHAR","MOROBEREKAN",-0.406964391425173
"GotrabiDhan","MOROBEREKAN",-0.0414610814473486
"GP-145-37","MOROBEREKAN",-0.393565571023466
"GP-145-51","MOROBEREKAN",-0.0526087836485397
"HARBHOONDI","MOROBEREKAN",-0.249829868351852
"HongZuiEr","MOROBEREKAN",0.0671197269473812
"IndrabaruniDhan","MOROBEREKAN",-0.0463594294431665
"IR74371-54-1-1","MOROBEREKAN",0.0841290039753932
"IR77298-14-1-2-10","MOROBEREKAN",0.0132575598358793
"IR77298-5-6-18","MOROBEREKAN",0.0430391489315537
"IR83383-B-B-129-4","MOROBEREKAN",0.0602610520388112
"IR83388-B-B108-3","MOROBEREKAN",0.0499061094201725
"IR87707-445-B-B","MOROBEREKAN",0.0655087886722749
"IR87707-446-B-B","MOROBEREKAN",-0.01867031105055
"IRROEPYO","MOROBEREKAN",-0.182478405686016
"KALINGA-1","MOROBEREKAN",-0.0686066198711819
"KANGRO","MOROBEREKAN",-0.422926347576147
"KHAODAWTAI","MOROBEREKAN",-0.317356633826374
"MANDRIRAVINA","MOROBEREKAN",-0.41896090690309
"MAUDAMANI","MOROBEREKAN",-0.357052918297219
"MOROBEREKAN","MOROBEREKAN",2.22780314681006
"MTU1010","MOROBEREKAN",-0.0230771416347834
"MTU9","MOROBEREKAN",-0.428718539614506
"NERICA-L-26","MOROBEREKAN",0.0415824584803743
"NERICA-L-42","MOROBEREKAN",0.0433257572448603
"NERICA-L-44","MOROBEREKAN",0.0249826590440111
"PARIJAT","MOROBEREKAN",0.0324102635867828
"Patchaiperumal","MOROBEREKAN",-0.0907639378807002
"PEH-KUH-TSAO-TU","MOROBEREKAN",-0.427569643547872
"PMK-2","MOROBEREKAN",-0.0340037182307136
"PRASAD-1","MOROBEREKAN",-0.349749719022899
"PUSASUGANDH5","MOROBEREKAN",0.138773250374758
"PUSA1121","MOROBEREKAN",0.526716440996751
"Pusa1121-SN12","MOROBEREKAN",0.530838080377243
"PUSA44","MOROBEREKAN",-0.0175283497288915
"PUSABASMATI6","MOROBEREKAN",0.072140476576028
"PUSASUGANDH2","MOROBEREKAN",-0.404188371279885
"RASI","MOROBEREKAN",0.000513947835649774
"RKVY-104","MOROBEREKAN",0.432755898570953
"RKVY-143","MOROBEREKAN",-0.0523814368613685
"RKVY-28","MOROBEREKAN",0.248374468965489
"R-RF-44","MOROBEREKAN",0.00739657111992343
"RRF-78","MOROBEREKAN",0.0775661978423391
"Sadabahar","MOROBEREKAN",-0.392249055746937
"SAFRI-17","MOROBEREKAN",-0.334894129428471
"SAHBHAGIDHAN","MOROBEREKAN",0.00719616687620349
"SATABHAMA","MOROBEREKAN",-0.2961702037915
"SERATOES","MOROBEREKAN",0.286569060421046
"SERETY","MOROBEREKAN",-0.398136010283081
"SHAKU","MOROBEREKAN",-0.0898912769746887
"SR1-3-1","MOROBEREKAN",-0.278723111989999
"SUWEON","MOROBEREKAN",-0.245554723892458
"SWARNA","MOROBEREKAN",-0.0383892186129107
"VANAPRAVA","MOROBEREKAN",0.23352358405776
"VANDANA","MOROBEREKAN",0.20526342630965
"Wayrarem","MOROBEREKAN",0.152385247178299
"281785","MTU1010",-0.0392351919271434
"282803","MTU1010",0.358831176134007
"299554","MTU1010",0.378922307883576
"356457","MTU1010",0.2745191804106
"376579","MTU1010",-0.3204093364412
"376851","MTU1010",-0.284978479448253
"377448","MTU1010",0.0919005857105652
"377705","MTU1010",0.160636718490684
"384190","MTU1010",-0.389522105146917
"426049","MTU1010",0.273479545884522
"438644","MTU1010",0.370350571541417
"ADAYSEL","MTU1010",-0.007578349697171
"AbhayaXDagadesi","MTU1010",0.402007105919751
"ABHISEK","MTU1010",-0.126737889734369
"ABOR-A-1","MTU1010",0.233866328993322
"ANJALI","MTU1010",0.0129600242154739
"Annada","MTU1010",-0.361277726711897
"Apo","MTU1010",0.154902466306988
"ARC10319","MTU1010",0.133064201207246
"ARC12071","MTU1010",-0.160209117726376
"ARNAPURNA","MTU1010",-0.234302446724743
"ASD16","MTU1010",-0.0947916273284638
"AUS257","MTU1010",-0.164526246966339
"BAKAL","MTU1010",-0.0289426767358346
"BAM1057","MTU1010",-0.0785143673905522
"BAM1098","MTU1010",-0.0209269255539013
"BAM1659","MTU1010",-0.242074730189536
"BAM1689","MTU1010",-0.060001689783144
"BAM1708","MTU1010",-0.0681621768705248
"BAM1812","MTU1010",0.0589857714310975
"BAM2096","MTU1010",-0.309060007996569
"BAM2166","MTU1010",-0.388513321774155
"BAM247","MTU1010",0.300924501875817
"BAM2574","MTU1010",-0.285557994904997
"BAM2680","MTU1010",-0.144076005556682
"BAM3154","MTU1010",0.155867030988651
"BAM3181","MTU1010",-0.289132198389862
"BAM326","MTU1010",-0.264957492140403
"BAM328","MTU1010",0.0566661319474801
"BAM350","MTU1010",0.0113663254470887
"BAM3690","MTU1010",0.126991797220522
"BAM4009","MTU1010",-0.0834287737964627
"BAM4054","MTU1010",-0.0981636515165068
"BAM4138","MTU1010",-0.424681468021164
"BAM4168","MTU1010",-0.313433257457008
"BAM4234","MTU1010",0.205447128604315
"BAM4254","MTU1010",0.19457160243534
"BAM4477","MTU1010",0.132150834059368
"BAM4496","MTU1010",0.0975105237847814
"BAM4510","MTU1010",-0.408663925204804
"BAM4521","MTU1010",-0.418093801248437
"BAM4534","MTU1010",-0.0733438689052656
"BAM4797","MTU1010",-0.348549893308593
"BAM491","MTU1010",0.0167426494568992
"BAM4928","MTU1010",-0.412511013649104
"BAM5110","MTU1010",-0.0547368949370009
"BAM56","MTU1010",-0.423471233818549
"BAM5779","MTU1010",-0.322364669419468
"BAM5850","MTU1010",-0.107525308476479
"BAM6921","MTU1010",0.224280066234392
"BAM712","MTU1010",-0.357430049315249
"BAM742","MTU1010",-0.34993899641179
"BAM7429","MTU1010",0.0928488959584255
"BAM7449","MTU1010",-0.0529707243072388
"BAM747","MTU1010",-0.356061583334619
"BAM759","MTU1010",0.130873423570145
"BAM766","MTU1010",-0.367784522725821
"BAM807","MTU1010",-0.315448113473519
"BAM811","MTU1010",0.123802421947005
"BAM812","MTU1010",-0.222093681337472
"BAM819","MTU1010",-0.0729888109040782
"BAM8296","MTU1010",0.334162507281406
"BAM8305","MTU1010",0.483145877132578
"BAM8315","MTU1010",-0.381224581117072
"BAM8364","MTU1010",-0.113372071738496
"BAMAWPYAN","MTU1010",-0.414161627824948
"BENAMURI","MTU1010",-0.307058424478918
"BLACKGORA","MTU1010",-0.0815304766690994
"CGR1656","MTU1010",0.0423227225373222
"CGR1679","MTU1010",-0.310482674990878
"CGR2012","MTU1010",-0.298301322328702
"CO18","MTU1010",-0.144464350569385
"CRDHAN-204","MTU1010",-0.0851609217535668
"CR143-2-2","MTU1010",0.204319220919799
"CR262-4","MTU1010",0.197451584727756
"CROSSA","MTU1010",-0.266233185138576
"DULAR","MTU1010",-0.0998869131844743
"EYPO","MTU1010",0.104185236811017
"EYPO-2","MTU1010",-0.133239120429584
"FULKATI","MTU1010",-0.0954398384716509
"Ghanteswari","MTU1010",0.188200149680372
"GHATIKAMMANANGARHAR","MTU1010",-0.0139313480797154
"GotrabiDhan","MTU1010",0.33132739585699
"GP-145-37","MTU1010",-0.291013057691564
"GP-145-51","MTU1010",0.0477986664848374
"HARBHOONDI","MTU1010",-0.132713254779243
"HongZuiEr","MTU1010",0.171815709718173
"IndrabaruniDhan","MTU1010",0.241093992847533
"IR74371-54-1-1","MTU1010",0.180829267787151
"IR77298-14-1-2-10","MTU1010",0.158103701005177
"IR77298-5-6-18","MTU1010",0.777541503457205
"IR83383-B-B-129-4","MTU1010",0.9185350211469
"IR83388-B-B108-3","MTU1010",0.275050188689007
"IR87707-445-B-B","MTU1010",0.719426833381124
"IR87707-446-B-B","MTU1010",0.44550139411627
"IRROEPYO","MTU1010",-0.297965062399622
"KALINGA-1","MTU1010",0.280574722090558
"KANGRO","MTU1010",-0.159597067507894
"KHAODAWTAI","MTU1010",-0.195651139850189
"MANDRIRAVINA","MTU1010",-0.140307094599484
"MAUDAMANI","MTU1010",-0.135116674489715
"MOROBEREKAN","MTU1010",-0.0230771416347834
"MTU1010","MTU1010",1.23989346458864
"MTU9","MTU1010",-0.165800981099701
"NERICA-L-26","MTU1010",0.295750731482993
"NERICA-L-42","MTU1010",0.294354768081287
"NERICA-L-44","MTU1010",0.392577914925636
"PARIJAT","MTU1010",0.205379557752219
"Patchaiperumal","MTU1010",0.0992963353168407
"PEH-KUH-TSAO-TU","MTU1010",-0.157657572862935
"PMK-2","MTU1010",0.221293702199813
"PRASAD-1","MTU1010",-0.0283483772443208
"PUSASUGANDH5","MTU1010",0.25912183131884
"PUSA1121","MTU1010",-0.0144597668463453
"Pusa1121-SN12","MTU1010",0.0456874553736411
"PUSA44","MTU1010",0.43520512203908
"PUSABASMATI6","MTU1010",-0.149325548658465
"PUSASUGANDH2","MTU1010",-0.11165217535991
"RASI","MTU1010",0.183186206262347
"RKVY-104","MTU1010",-0.0889253209570933
"RKVY-143","MTU1010",0.0581749188836174
"RKVY-28","MTU1010",-0.0630899842393225
"R-RF-44","MTU1010",0.54998956376782
"RRF-78","MTU1010",0.379454879151474
"Sadabahar","MTU1010",-0.300429846698214
"SAFRI-17","MTU1010",-0.0131231564417064
"SAHBHAGIDHAN","MTU1010",0.20115643313882
"SATABHAMA","MTU1010",-0.140055500878068
"SERATOES","MTU1010",-0.0780481437565423
"SERETY","MTU1010",-0.166022440249346
"SHAKU","MTU1010",-0.223974186124178
"SR1-3-1","MTU1010",-0.0754879994883729
"SUWEON","MTU1010",-0.190703590661556
"SWARNA","MTU1010",0.157738791000159
"VANAPRAVA","MTU1010",-0.0793237604246025
"VANDANA","MTU1010",-0.0218733426961189
"Wayrarem","MTU1010",0.154811742873898
"281785","MTU9",0.24880126775835
"282803","MTU9",-0.212411917992901
"299554","MTU9",-0.302961818747227
"356457","MTU9",-0.120996192821004
"376579","MTU9",0.254815016888909
"376851","MTU9",0.256341405253743
"377448","MTU9",-0.152442693028657
"377705","MTU9",-0.280658093971746
"384190","MTU9",0.0909867378703777
"426049","MTU9",-0.115505867084511
"438644","MTU9",-0.191858991254016
"ADAYSEL","MTU9",-0.294939726073517
"AbhayaXDagadesi","MTU9",-0.284982780567997
"ABHISEK","MTU9",0.217219896097083
"ABOR-A-1","MTU9",-0.0775070770713203
"ANJALI","MTU9",0.138583628579322
"Annada","MTU9",-0.00414381866693795
"Apo","MTU9",-0.331664474765638
"ARC10319","MTU9",0.126967637439415
"ARC12071","MTU9",1.11403285976465
"ARNAPURNA","MTU9",0.402476473998826
"ASD16","MTU9",0.257732556867972
"AUS257","MTU9",0.133682742749768
"BAKAL","MTU9",-0.343759031027364
"BAM1057","MTU9",-0.292959386753448
"BAM1098","MTU9",-0.358506936749425
"BAM1659","MTU9",0.514084780843086
"BAM1689","MTU9",-0.282138211145807
"BAM1708","MTU9",-0.292190361395004
"BAM1812","MTU9",-0.156597547375781
"BAM2096","MTU9",0.316678374655991
"BAM2166","MTU9",0.0821720660080357
"BAM247","MTU9",-0.185188679531718
"BAM2574","MTU9",0.282620152644329
"BAM2680","MTU9",0.150765633633796
"BAM3154","MTU9",-0.236478070526875
"BAM3181","MTU9",0.400393512504026
"BAM326","MTU9",0.328128762969179
"BAM328","MTU9",-0.129415085827016
"BAM350","MTU9",-0.210325867911318
"BAM3690","MTU9",-0.251838779522417
"BAM4009","MTU9",-0.269987274388408
"BAM4054","MTU9",0.227198645459088
"BAM4138","MTU9",0.158796526776674
"BAM4168","MTU9",0.10875562763873
"BAM4234","MTU9",0.15198658103608
"BAM4254","MTU9",0.163574765772621
"BAM4477","MTU9",-0.242508101553095
"BAM4496","MTU9",-0.0776813434337411
"BAM4510","MTU9",0.0987568495422194
"BAM4521","MTU9",0.109573836887766
"BAM4534","MTU9",-0.349708335406692
"BAM4797","MTU9",0.30998063972255
"BAM491","MTU9",-0.176932783744919
"BAM4928","MTU9",0.127000082606539
"BAM5110","MTU9",0.0953548409216697
"BAM56","MTU9",0.0991927159872277
"BAM5779","MTU9",0.0201598163317072
"BAM5850","MTU9",-0.338806707630286
"BAM6921","MTU9",-0.292056989287916
"BAM712","MTU9",-0.0296923057750729
"BAM742","MTU9",-0.0307661333725022
"BAM7429","MTU9",-0.109693742197815
"BAM7449","MTU9",-0.323960881305228
"BAM747","MTU9",-0.0256634080234853
"BAM759","MTU9",-0.296862527962723
"BAM766","MTU9",-0.0183452357932098
"BAM807","MTU9",0.0255199118169241
"BAM811","MTU9",-0.301451542248856
"BAM812","MTU9",0.150365630731791
"BAM819","MTU9",0.21847691437041
"BAM8296","MTU9",-0.303408694743892
"BAM8305","MTU9",-0.187804818916104
"BAM8315","MTU9",0.0670730897894472
"BAM8364","MTU9",0.183543362501181
"BAMAWPYAN","MTU9",0.100614107533372
"BENAMURI","MTU9",0.337531320808352
"BLACKGORA","MTU9",0.13894237361717
"CGR1656","MTU9",-0.0951212318707084
"CGR1679","MTU9",0.302618832421751
"CGR2012","MTU9",0.262227542726759
"CO18","MTU9",0.985185338568069
"CRDHAN-204","MTU9",0.0925858601196362
"CR143-2-2","MTU9",-0.298012414382594
"CR262-4","MTU9",-0.28370957726459
"CROSSA","MTU9",0.287489336750669
"DULAR","MTU9",-0.348245527216528
"EYPO","MTU9",-0.168611635916605
"EYPO-2","MTU9",0.36831058230591
"FULKATI","MTU9",-0.342293839993634
"Ghanteswari","MTU9",-0.137997046576149
"GHATIKAMMANANGARHAR","MTU9",0.212907525761874
"GotrabiDhan","MTU9",-0.182078536419636
"GP-145-37","MTU9",0.26835425065588
"GP-145-51","MTU9",-0.139667157757017
"HARBHOONDI","MTU9",0.0960901462847852
"HongZuiEr","MTU9",-0.240258988997787
"IndrabaruniDhan","MTU9",-0.177022241400252
"IR74371-54-1-1","MTU9",-0.283359450570089
"IR77298-14-1-2-10","MTU9",-0.302238021289643
"IR77298-5-6-18","MTU9",-0.252086223759829
"IR83383-B-B-129-4","MTU9",-0.235388155396723
"IR83388-B-B108-3","MTU9",-0.239152536193589
"IR87707-445-B-B","MTU9",-0.251388764869276
"IR87707-446-B-B","MTU9",-0.299159839749647
"IRROEPYO","MTU9",0.160302616028915
"KALINGA-1","MTU9",-0.128716524196878
"KANGRO","MTU9",1.13592866337794
"KHAODAWTAI","MTU9",0.164019811749374
"MANDRIRAVINA","MTU9",0.99340576569916
"MAUDAMANI","MTU9",0.167744551284362
"MOROBEREKAN","MTU9",-0.428718539614506
"MTU1010","MTU9",-0.165800981099701
"MTU9","MTU9",1.21290114060713
"NERICA-L-26","MTU9",-0.353907341436154
"NERICA-L-42","MTU9",-0.362094552868724
"NERICA-L-44","MTU9",-0.269956906794232
"PARIJAT","MTU9",-0.271183579180005
"Patchaiperumal","MTU9",0.0269375724271099
"PEH-KUH-TSAO-TU","MTU9",1.13429800279775
"PMK-2","MTU9",-0.0713828848356287
"PRASAD-1","MTU9",0.271723396743715
"PUSASUGANDH5","MTU9",-0.278263683452783
"PUSA1121","MTU9",-0.308800525210796
"Pusa1121-SN12","MTU9",-0.306319995547782
"PUSA44","MTU9",-0.278313956165187
"PUSABASMATI6","MTU9",0.160198388531757
"PUSASUGANDH2","MTU9",0.254501209894813
"RASI","MTU9",-0.206283118748772
"RKVY-104","MTU9",-0.33445413199466
"RKVY-143","MTU9",-0.0402640752649635
"RKVY-28","MTU9",-0.28016581089136
"R-RF-44","MTU9",-0.221361945946101
"RRF-78","MTU9",-0.258353735630595
"Sadabahar","MTU9",0.309678254943856
"SAFRI-17","MTU9",0.197049169003159
"SAHBHAGIDHAN","MTU9",-0.260959406854888
"SATABHAMA","MTU9",0.166600870560358
"SERATOES","MTU9",-0.300013766581427
"SERETY","MTU9",1.0295317332463
"SHAKU","MTU9",0.132467322839978
"SR1-3-1","MTU9",0.132394949720429
"SUWEON","MTU9",0.194753935822629
"SWARNA","MTU9",-0.249269707615907
"VANAPRAVA","MTU9",-0.294451377900503
"VANDANA","MTU9",-0.340236164131027
"Wayrarem","MTU9",-0.340444365470777
"281785","NERICA-L-26",-0.245896617440483
"282803","NERICA-L-26",0.180426284107604
"299554","NERICA-L-26",0.397829430646885
"356457","NERICA-L-26",0.120749206213499
"376579","NERICA-L-26",-0.2610970235625
"376851","NERICA-L-26",-0.250734674868299
"377448","NERICA-L-26",0.143095469651642
"377705","NERICA-L-26",0.0981549407225752
"384190","NERICA-L-26",-0.383955589358772
"426049","NERICA-L-26",0.116111336447472
"438644","NERICA-L-26",0.159011196897571
"ADAYSEL","NERICA-L-26",0.0922478459868487
"AbhayaXDagadesi","NERICA-L-26",0.2900047196094
"ABHISEK","NERICA-L-26",-0.0969679362958791
"ABOR-A-1","NERICA-L-26",0.0948093455541593
"ANJALI","NERICA-L-26",0.0442370373843121
"Annada","NERICA-L-26",-0.268119724244091
"Apo","NERICA-L-26",0.453164751857651
"ARC10319","NERICA-L-26",0.0828168741540668
"ARC12071","NERICA-L-26",-0.349075188048848
"ARNAPURNA","NERICA-L-26",-0.273636866550063
"ASD16","NERICA-L-26",-0.163667168851802
"AUS257","NERICA-L-26",0.0314032807483285
"BAKAL","NERICA-L-26",-0.0623411951011902
"BAM1057","NERICA-L-26",-0.0733794893326806
"BAM1098","NERICA-L-26",-0.0601524658148181
"BAM1659","NERICA-L-26",-0.200840344066286
"BAM1689","NERICA-L-26",-0.100580417030767
"BAM1708","NERICA-L-26",-0.0378578115760175
"BAM1812","NERICA-L-26",0.0819152735624504
"BAM2096","NERICA-L-26",-0.218375984846997
"BAM2166","NERICA-L-26",-0.392179090567271
"BAM247","NERICA-L-26",0.167854122953707
"BAM2574","NERICA-L-26",-0.244704133597762
"BAM2680","NERICA-L-26",-0.278461027429123
"BAM3154","NERICA-L-26",0.475059733671875
"BAM3181","NERICA-L-26",-0.318929335274383
"BAM326","NERICA-L-26",-0.23342672271627
"BAM328","NERICA-L-26",0.120205631160254
"BAM350","NERICA-L-26",0.0252925313525393
"BAM3690","NERICA-L-26",0.10463133431992
"BAM4009","NERICA-L-26",-0.0840843019894544
"BAM4054","NERICA-L-26",-0.153939937631373
"BAM4138","NERICA-L-26",-0.440430091819906
"BAM4168","NERICA-L-26",-0.263826044527094
"BAM4234","NERICA-L-26",-0.144511734469729
"BAM4254","NERICA-L-26",-0.151532860562866
"BAM4477","NERICA-L-26",0.0964307988484861
"BAM4496","NERICA-L-26",0.0876197834183785
"BAM4510","NERICA-L-26",-0.421996270474382
"BAM4521","NERICA-L-26",-0.421054538508275
"BAM4534","NERICA-L-26",-0.0562122277074525
"BAM4797","NERICA-L-26",-0.305067126979848
"BAM491","NERICA-L-26",0.0338866638901314
"BAM4928","NERICA-L-26",-0.413569079839088
"BAM5110","NERICA-L-26",0.0629483724245922
"BAM56","NERICA-L-26",-0.37751946450705
"BAM5779","NERICA-L-26",-0.185451903819681
"BAM5850","NERICA-L-26",-0.0895449612960939
"BAM6921","NERICA-L-26",0.610484275042724
"BAM712","NERICA-L-26",-0.262782658363695
"BAM742","NERICA-L-26",-0.263042097316519
"BAM7429","NERICA-L-26",0.0941129839640058
"BAM7449","NERICA-L-26",-0.0839838095913323
"BAM747","NERICA-L-26",-0.268604298465778
"BAM759","NERICA-L-26",0.0637533416820771
"BAM766","NERICA-L-26",-0.273578379181899
"BAM807","NERICA-L-26",-0.17352936632831
"BAM811","NERICA-L-26",0.158707999272959
"BAM812","NERICA-L-26",-0.201335627857546
"BAM819","NERICA-L-26",-0.21132891685079
"BAM8296","NERICA-L-26",0.391707415268102
"BAM8305","NERICA-L-26",0.155029127974747
"BAM8315","NERICA-L-26",-0.295929692264587
"BAM8364","NERICA-L-26",-0.185641381484119
"BAMAWPYAN","NERICA-L-26",-0.399367512452468
"BENAMURI","NERICA-L-26",-0.318358497740831
"BLACKGORA","NERICA-L-26",-0.0842860772137612
"CGR1656","NERICA-L-26",0.0357217526536878
"CGR1679","NERICA-L-26",-0.257036854538589
"CGR2012","NERICA-L-26",-0.225041149431772
"CO18","NERICA-L-26",-0.329180538923518
"CRDHAN-204","NERICA-L-26",0.00944166309664683
"CR143-2-2","NERICA-L-26",0.588700426953047
"CR262-4","NERICA-L-26",0.585825130425795
"CROSSA","NERICA-L-26",-0.255151771925321
"DULAR","NERICA-L-26",-0.130121395594356
"EYPO","NERICA-L-26",0.122111035355709
"EYPO-2","NERICA-L-26",-0.265829639843168
"FULKATI","NERICA-L-26",-0.0705591957134283
"Ghanteswari","NERICA-L-26",0.0689487054439008
"GHATIKAMMANANGARHAR","NERICA-L-26",-0.131516881439944
"GotrabiDhan","NERICA-L-26",0.181213603160629
"GP-145-37","NERICA-L-26",-0.228729452348373
"GP-145-51","NERICA-L-26",0.099164049530075
"HARBHOONDI","NERICA-L-26",0.0915099097495672
"HongZuiEr","NERICA-L-26",0.138151186138193
"IndrabaruniDhan","NERICA-L-26",0.354034332062962
"IR74371-54-1-1","NERICA-L-26",0.57612443404222
"IR77298-14-1-2-10","NERICA-L-26",0.31639144055073
"IR77298-5-6-18","NERICA-L-26",0.250405260146825
"IR83383-B-B-129-4","NERICA-L-26",0.271805441723784
"IR83388-B-B108-3","NERICA-L-26",0.320811716436726
"IR87707-445-B-B","NERICA-L-26",0.257029796935271
"IR87707-446-B-B","NERICA-L-26",0.33021788924964
"IRROEPYO","NERICA-L-26",-0.361439582411584
"KALINGA-1","NERICA-L-26",0.200034664747278
"KANGRO","NERICA-L-26",-0.346839934403952
"KHAODAWTAI","NERICA-L-26",-0.189745338652542
"MANDRIRAVINA","NERICA-L-26",-0.331337484155907
"MAUDAMANI","NERICA-L-26",-0.137055017876407
"MOROBEREKAN","NERICA-L-26",0.0415824584803743
"MTU1010","NERICA-L-26",0.295750731482993
"MTU9","NERICA-L-26",-0.353907341436154
"NERICA-L-26","NERICA-L-26",1.28116643090876
"NERICA-L-42","NERICA-L-26",1.23437492453661
"NERICA-L-44","NERICA-L-26",0.37419277503226
"PARIJAT","NERICA-L-26",0.212793894401773
"Patchaiperumal","NERICA-L-26",0.074740993281318
"PEH-KUH-TSAO-TU","NERICA-L-26",-0.346118229688278
"PMK-2","NERICA-L-26",0.0938321955209403
"PRASAD-1","NERICA-L-26",-0.164441401277147
"PUSASUGANDH5","NERICA-L-26",0.256795786612836
"PUSA1121","NERICA-L-26",0.139372701127176
"Pusa1121-SN12","NERICA-L-26",0.12344165940274
"PUSA44","NERICA-L-26",0.326756467743076
"PUSABASMATI6","NERICA-L-26",-0.180725939476891
"PUSASUGANDH2","NERICA-L-26",-0.0244808772277564
"RASI","NERICA-L-26",0.187465129953794
"RKVY-104","NERICA-L-26",-0.0749766532384493
"RKVY-143","NERICA-L-26",0.118510103107821
"RKVY-28","NERICA-L-26",-0.0792008610055648
"R-RF-44","NERICA-L-26",0.355420369452994
"RRF-78","NERICA-L-26",0.164866314809155
"Sadabahar","NERICA-L-26",-0.259968781213623
"SAFRI-17","NERICA-L-26",-0.0631741703543116
"SAHBHAGIDHAN","NERICA-L-26",0.212979545115669
"SATABHAMA","NERICA-L-26",0.107481018641005
"SERATOES","NERICA-L-26",-0.085627264751878
"SERETY","NERICA-L-26",-0.335565785605338
"SHAKU","NERICA-L-26",-0.0501116857008091
"SR1-3-1","NERICA-L-26",-0.0747357793577222
"SUWEON","NERICA-L-26",-0.142927096613724
"SWARNA","NERICA-L-26",0.321534199562601
"VANAPRAVA","NERICA-L-26",-0.0714825307037148
"VANDANA","NERICA-L-26",0.318936250911131
"Wayrarem","NERICA-L-26",0.463884226057819
"281785","NERICA-L-42",-0.252126838639905
"282803","NERICA-L-42",0.181312282753835
"299554","NERICA-L-42",0.437546214608054
"356457","NERICA-L-42",0.110262716061302
"376579","NERICA-L-42",-0.277672610583921
"376851","NERICA-L-42",-0.262232119379626
"377448","NERICA-L-42",0.145285045952879
"377705","NERICA-L-42",0.0876334652313759
"384190","NERICA-L-42",-0.37196159128147
"426049","NERICA-L-42",0.107148337493025
"438644","NERICA-L-42",0.148007268703866
"ADAYSEL","NERICA-L-42",0.092139530878687
"AbhayaXDagadesi","NERICA-L-42",0.283867524031421
"ABHISEK","NERICA-L-42",-0.10146414225003
"ABOR-A-1","NERICA-L-42",0.101944959318595
"ANJALI","NERICA-L-42",0.0621107746669884
"Annada","NERICA-L-42",-0.275433090541842
"Apo","NERICA-L-42",0.484415085532955
"ARC10319","NERICA-L-42",0.0759114935739225
"ARC12071","NERICA-L-42",-0.355507572278541
"ARNAPURNA","NERICA-L-42",-0.278031461574301
"ASD16","NERICA-L-42",-0.176401048625312
"AUS257","NERICA-L-42",0.0189933572293005
"BAKAL","NERICA-L-42",-0.0459879058272664
"BAM1057","NERICA-L-42",-0.0708630114521002
"BAM1098","NERICA-L-42",-0.0460609956394742
"BAM1659","NERICA-L-42",-0.185237270105059
"BAM1689","NERICA-L-42",-0.103261685140414
"BAM1708","NERICA-L-42",-0.0188431075045829
"BAM1812","NERICA-L-42",0.0727436982640493
"BAM2096","NERICA-L-42",-0.226864957327212
"BAM2166","NERICA-L-42",-0.387185751455171
"BAM247","NERICA-L-42",0.162087801361446
"BAM2574","NERICA-L-42",-0.251700195495522
"BAM2680","NERICA-L-42",-0.293636313204508
"BAM3154","NERICA-L-42",0.475230435522807
"BAM3181","NERICA-L-42",-0.321426350744355
"BAM326","NERICA-L-42",-0.234636395371258
"BAM328","NERICA-L-42",0.1404570972691
"BAM350","NERICA-L-42",0.0302231696451936
"BAM3690","NERICA-L-42",0.106663431405884
"BAM4009","NERICA-L-42",-0.0727944830789684
"BAM4054","NERICA-L-42",-0.163894809623303
"BAM4138","NERICA-L-42",-0.439617325441894
"BAM4168","NERICA-L-42",-0.267077141308757
"BAM4234","NERICA-L-42",-0.142287982334604
"BAM4254","NERICA-L-42",-0.151243327216752
"BAM4477","NERICA-L-42",0.090364775590078
"BAM4496","NERICA-L-42",0.107211841621082
"BAM4510","NERICA-L-42",-0.419672397955368
"BAM4521","NERICA-L-42",-0.419725995782615
"BAM4534","NERICA-L-42",-0.0485237995433609
"BAM4797","NERICA-L-42",-0.310600885055862
"BAM491","NERICA-L-42",0.01781383645329
"BAM4928","NERICA-L-42",-0.408667498709899
"BAM5110","NERICA-L-42",0.051561404905006
"BAM56","NERICA-L-42",-0.373832975625811
"BAM5779","NERICA-L-42",-0.177477940804047
"BAM5850","NERICA-L-42",-0.0809760757109484
"BAM6921","NERICA-L-42",0.622939460988319
"BAM712","NERICA-L-42",-0.267092557797599
"BAM742","NERICA-L-42",-0.265609329688064
"BAM7429","NERICA-L-42",0.0837723292824208
"BAM7449","NERICA-L-42",-0.0907826126695074
"BAM747","NERICA-L-42",-0.273414897369564
"BAM759","NERICA-L-42",0.0814826825246005
"BAM766","NERICA-L-42",-0.283013416047733
"BAM807","NERICA-L-42",-0.172518117197124
"BAM811","NERICA-L-42",0.17287592210442
"BAM812","NERICA-L-42",-0.207522979625202
"BAM819","NERICA-L-42",-0.218140317879617
"BAM8296","NERICA-L-42",0.382107384049545
"BAM8305","NERICA-L-42",0.166483570879908
"BAM8315","NERICA-L-42",-0.302697690940427
"BAM8364","NERICA-L-42",-0.197385515408925
"BAMAWPYAN","NERICA-L-42",-0.397805523756023
"BENAMURI","NERICA-L-42",-0.320523768608335
"BLACKGORA","NERICA-L-42",-0.0858537097090538
"CGR1656","NERICA-L-42",0.0369147641463364
"CGR1679","NERICA-L-42",-0.269149307923699
"CGR2012","NERICA-L-42",-0.23684745141016
"CO18","NERICA-L-42",-0.33957151937413
"CRDHAN-204","NERICA-L-42",0.0187294386757746
"CR143-2-2","NERICA-L-42",0.591008857684011
"CR262-4","NERICA-L-42",0.586924720939694
"CROSSA","NERICA-L-42",-0.268296279727657
"DULAR","NERICA-L-42",-0.132267405157488
"EYPO","NERICA-L-42",0.112773817910855
"EYPO-2","NERICA-L-42",-0.267953723641123
"FULKATI","NERICA-L-42",-0.0659364761314819
"Ghanteswari","NERICA-L-42",0.065709043472181
"GHATIKAMMANANGARHAR","NERICA-L-42",-0.143460299076977
"GotrabiDhan","NERICA-L-42",0.177649100050457
"GP-145-37","NERICA-L-42",-0.231504287282256
"GP-145-51","NERICA-L-42",0.0938127531155171
"HARBHOONDI","NERICA-L-42",0.0740587183777096
"HongZuiEr","NERICA-L-42",0.141194041694215
"IndrabaruniDhan","NERICA-L-42",0.350230930269588
"IR74371-54-1-1","NERICA-L-42",0.586630822375406
"IR77298-14-1-2-10","NERICA-L-42",0.34356818428443
"IR77298-5-6-18","NERICA-L-42",0.247271680284148
"IR83383-B-B-129-4","NERICA-L-42",0.283501840095138
"IR83388-B-B108-3","NERICA-L-42",0.32504793465198
"IR87707-445-B-B","NERICA-L-42",0.267762020182942
"IR87707-446-B-B","NERICA-L-42",0.369168762086838
"IRROEPYO","NERICA-L-42",-0.360785015534446
"KALINGA-1","NERICA-L-42",0.198543060500856
"KANGRO","NERICA-L-42",-0.351992382194724
"KHAODAWTAI","NERICA-L-42",-0.193605531667593
"MANDRIRAVINA","NERICA-L-42",-0.341870112690189
"MAUDAMANI","NERICA-L-42",-0.137351266377925
"MOROBEREKAN","NERICA-L-42",0.0433257572448603
"MTU1010","NERICA-L-42",0.294354768081287
"MTU9","NERICA-L-42",-0.362094552868724
"NERICA-L-26","NERICA-L-42",1.23437492453661
"NERICA-L-42","NERICA-L-42",1.33089178176011
"NERICA-L-44","NERICA-L-42",0.368251397959188
"PARIJAT","NERICA-L-42",0.211183026552737
"Patchaiperumal","NERICA-L-42",0.0767545054528872
"PEH-KUH-TSAO-TU","NERICA-L-42",-0.352338370604595
"PMK-2","NERICA-L-42",0.0957265945881411
"PRASAD-1","NERICA-L-42",-0.175109838258374
"PUSASUGANDH5","NERICA-L-42",0.24722182210137
"PUSA1121","NERICA-L-42",0.133237716619389
"Pusa1121-SN12","NERICA-L-42",0.11478448112906
"PUSA44","NERICA-L-42",0.329807968042902
"PUSABASMATI6","NERICA-L-42",-0.191844662855831
"PUSASUGANDH2","NERICA-L-42",-0.0250455707388771
"RASI","NERICA-L-42",0.195178773645964
"RKVY-104","NERICA-L-42",-0.0711486237041455
"RKVY-143","NERICA-L-42",0.108114745541424
"RKVY-28","NERICA-L-42",-0.0751616126921839
"R-RF-44","NERICA-L-42",0.381656036748064
"RRF-78","NERICA-L-42",0.165619820146634
"Sadabahar","NERICA-L-42",-0.271329978493555
"SAFRI-17","NERICA-L-42",-0.0670510610379466
"SAHBHAGIDHAN","NERICA-L-42",0.208710585377926
"SATABHAMA","NERICA-L-42",0.0870813625254169
"SERATOES","NERICA-L-42",-0.0781574268910776
"SERETY","NERICA-L-42",-0.339150226962943
"SHAKU","NERICA-L-42",-0.0523343437636741
"SR1-3-1","NERICA-L-42",-0.0801149121492868
"SUWEON","NERICA-L-42",-0.152263101742252
"SWARNA","NERICA-L-42",0.319227375538687
"VANAPRAVA","NERICA-L-42",-0.0694428200676009
"VANDANA","NERICA-L-42",0.326832132105714
"Wayrarem","NERICA-L-42",0.497904698300424
"281785","NERICA-L-44",-0.117981362143999
"282803","NERICA-L-44",0.290132787708509
"299554","NERICA-L-44",0.303622245590333
"356457","NERICA-L-44",0.248632212360978
"376579","NERICA-L-44",-0.266729333372132
"376851","NERICA-L-44",-0.233723967389005
"377448","NERICA-L-44",0.192321158027004
"377705","NERICA-L-44",0.194835758231035
"384190","NERICA-L-44",-0.399407521989076
"426049","NERICA-L-44",0.25206721477859
"438644","NERICA-L-44",0.271938227597481
"ADAYSEL","NERICA-L-44",0.0711618278423729
"AbhayaXDagadesi","NERICA-L-44",0.351432282322162
"ABHISEK","NERICA-L-44",-0.0712583402656269
"ABOR-A-1","NERICA-L-44",0.138249542342769
"ANJALI","NERICA-L-44",0.157123030479395
"Annada","NERICA-L-44",-0.329509442900335
"Apo","NERICA-L-44",0.233032120151196
"ARC10319","NERICA-L-44",0.15605267443912
"ARC12071","NERICA-L-44",-0.271926216866824
"ARNAPURNA","NERICA-L-44",-0.192492768827628
"ASD16","NERICA-L-44",-0.141077322440327
"AUS257","NERICA-L-44",-0.116776952929424
"BAKAL","NERICA-L-44",-0.0821715211112428
"BAM1057","NERICA-L-44",-0.0836743649395249
"BAM1098","NERICA-L-44",-0.0610736448138092
"BAM1659","NERICA-L-44",-0.197122607684048
"BAM1689","NERICA-L-44",-0.0832334670116403
"BAM1708","NERICA-L-44",-0.0770083554495382
"BAM1812","NERICA-L-44",0.128721340369493
"BAM2096","NERICA-L-44",-0.271675048267295
"BAM2166","NERICA-L-44",-0.379226892498092
"BAM247","NERICA-L-44",0.254878831187259
"BAM2574","NERICA-L-44",-0.227673510027908
"BAM2680","NERICA-L-44",-0.144732933229161
"BAM3154","NERICA-L-44",0.281922307634423
"BAM3181","NERICA-L-44",-0.244215784262985
"BAM326","NERICA-L-44",-0.231004608213209
"BAM328","NERICA-L-44",0.12365729514036
"BAM350","NERICA-L-44",0.0819366907879151
"BAM3690","NERICA-L-44",0.121049409722098
"BAM4009","NERICA-L-44",-0.084039340341923
"BAM4054","NERICA-L-44",-0.0275408504616225
"BAM4138","NERICA-L-44",-0.446348082365654
"BAM4168","NERICA-L-44",-0.342283110411734
"BAM4234","NERICA-L-44",-0.0806540321799357
"BAM4254","NERICA-L-44",-0.086163449390992
"BAM4477","NERICA-L-44",0.136666493092201
"BAM4496","NERICA-L-44",0.116315417471955
"BAM4510","NERICA-L-44",-0.416932215803872
"BAM4521","NERICA-L-44",-0.453916452738829
"BAM4534","NERICA-L-44",-0.0547148107809478
"BAM4797","NERICA-L-44",-0.243241263024597
"BAM491","NERICA-L-44",0.0581869447308938
"BAM4928","NERICA-L-44",-0.407744176785051
"BAM5110","NERICA-L-44",0.00880075533147858
"BAM56","NERICA-L-44",-0.413766213283542
"BAM5779","NERICA-L-44",-0.313128736640437
"BAM5850","NERICA-L-44",-0.102829943603902
"BAM6921","NERICA-L-44",0.425400281376123
"BAM712","NERICA-L-44",-0.312581239076716
"BAM742","NERICA-L-44",-0.312137439095334
"BAM7429","NERICA-L-44",0.114975916885022
"BAM7449","NERICA-L-44",-0.0758400241306586
"BAM747","NERICA-L-44",-0.322261108935474
"BAM759","NERICA-L-44",0.0495521776219578
"BAM766","NERICA-L-44",-0.311849216308197
"BAM807","NERICA-L-44",-0.314631869679796
"BAM811","NERICA-L-44",0.0730905136633089
"BAM812","NERICA-L-44",-0.280888593519744
"BAM819","NERICA-L-44",-0.174345461874018
"BAM8296","NERICA-L-44",0.376379598010325
"BAM8305","NERICA-L-44",0.346005484048721
"BAM8315","NERICA-L-44",-0.344282517193785
"BAM8364","NERICA-L-44",-0.160244044805494
"BAMAWPYAN","NERICA-L-44",-0.397104585761541
"BENAMURI","NERICA-L-44",-0.212943094810128
"BLACKGORA","NERICA-L-44",-0.0339943958891533
"CGR1656","NERICA-L-44",0.152494493805316
"CGR1679","NERICA-L-44",-0.240097398049464
"CGR2012","NERICA-L-44",-0.210760449626292
"CO18","NERICA-L-44",-0.250270247332545
"CRDHAN-204","NERICA-L-44",-0.0120579508331712
"CR143-2-2","NERICA-L-44",0.220019050707193
"CR262-4","NERICA-L-44",0.211164440309531
"CROSSA","NERICA-L-44",-0.233325740649771
"DULAR","NERICA-L-44",-0.103744317948051
"EYPO","NERICA-L-44",0.162299368853523
"EYPO-2","NERICA-L-44",-0.216505677922688
"FULKATI","NERICA-L-44",-0.0724582199933733
"Ghanteswari","NERICA-L-44",0.189727876225589
"GHATIKAMMANANGARHAR","NERICA-L-44",0.0147321153794032
"GotrabiDhan","NERICA-L-44",0.267594201049627
"GP-145-37","NERICA-L-44",-0.295558541201624
"GP-145-51","NERICA-L-44",0.130893478304905
"HARBHOONDI","NERICA-L-44",-0.0561993126412523
"HongZuiEr","NERICA-L-44",0.139753778246566
"IndrabaruniDhan","NERICA-L-44",0.235531470911534
"IR74371-54-1-1","NERICA-L-44",0.243859559319185
"IR77298-14-1-2-10","NERICA-L-44",0.360641778210186
"IR77298-5-6-18","NERICA-L-44",0.387835379031644
"IR83383-B-B-129-4","NERICA-L-44",0.372677538907712
"IR83388-B-B108-3","NERICA-L-44",0.333239313373207
"IR87707-445-B-B","NERICA-L-44",0.390777840039894
"IR87707-446-B-B","NERICA-L-44",0.316290025627084
"IRROEPYO","NERICA-L-44",-0.338379499893993
"KALINGA-1","NERICA-L-44",0.309463834019639
"KANGRO","NERICA-L-44",-0.263899695928187
"KHAODAWTAI","NERICA-L-44",-0.146482815652042
"MANDRIRAVINA","NERICA-L-44",-0.247853424467209
"MAUDAMANI","NERICA-L-44",-0.0140256715120869
"MOROBEREKAN","NERICA-L-44",0.0249826590440111
"MTU1010","NERICA-L-44",0.392577914925636
"MTU9","NERICA-L-44",-0.269956906794232
"NERICA-L-26","NERICA-L-44",0.37419277503226
"NERICA-L-42","NERICA-L-44",0.368251397959188
"NERICA-L-44","NERICA-L-44",1.23237793189895
"PARIJAT","NERICA-L-44",0.309627544866971
"Patchaiperumal","NERICA-L-44",0.185618242667185
"PEH-KUH-TSAO-TU","NERICA-L-44",-0.264551769741829
"PMK-2","NERICA-L-44",0.138092173333934
"PRASAD-1","NERICA-L-44",-0.0757805378242102
"PUSASUGANDH5","NERICA-L-44",0.302817060695649
"PUSA1121","NERICA-L-44",0.040396935665585
"Pusa1121-SN12","NERICA-L-44",0.0519030905969233
"PUSA44","NERICA-L-44",0.404655273353534
"PUSABASMATI6","NERICA-L-44",-0.165569558052486
"PUSASUGANDH2","NERICA-L-44",-0.111083013838788
"RASI","NERICA-L-44",0.195974925061786
"RKVY-104","NERICA-L-44",-0.0429891561148617
"RKVY-143","NERICA-L-44",0.149390901576335
"RKVY-28","NERICA-L-44",-0.0811082301026505
"R-RF-44","NERICA-L-44",0.368626422549587
"RRF-78","NERICA-L-44",0.234741688252201
"Sadabahar","NERICA-L-44",-0.212479949765478
"SAFRI-17","NERICA-L-44",-0.0420481615467257
"SAHBHAGIDHAN","NERICA-L-44",0.317246825257264
"SATABHAMA","NERICA-L-44",-0.0724758857272633
"SERATOES","NERICA-L-44",-0.0848646288572993
"SERETY","NERICA-L-44",-0.273566797109795
"SHAKU","NERICA-L-44",-0.18747765820059
"SR1-3-1","NERICA-L-44",-0.0233073208920628
"SUWEON","NERICA-L-44",-0.195840849366217
"SWARNA","NERICA-L-44",0.296834654991365
"VANAPRAVA","NERICA-L-44",-0.0692053975746747
"VANDANA","NERICA-L-44",0.120599334206137
"Wayrarem","NERICA-L-44",0.241143544945128
"281785","PARIJAT",-0.0957817918523334
"282803","PARIJAT",0.302703434082557
"299554","PARIJAT",0.234673667367864
"356457","PARIJAT",0.257349540342642
"376579","PARIJAT",-0.21615725858097
"376851","PARIJAT",-0.242764183484464
"377448","PARIJAT",0.205243458942088
"377705","PARIJAT",0.401045919249158
"384190","PARIJAT",-0.319956164141964
"426049","PARIJAT",0.259812631501315
"438644","PARIJAT",0.287230438341427
"ADAYSEL","PARIJAT",0.00911995408146159
"AbhayaXDagadesi","PARIJAT",0.243971635576311
"ABHISEK","PARIJAT",-0.133856771404564
"ABOR-A-1","PARIJAT",0.222130645865871
"ANJALI","PARIJAT",0.00617156901406212
"Annada","PARIJAT",-0.339786861306765
"Apo","PARIJAT",0.236984010272421
"ARC10319","PARIJAT",0.147709904825699
"ARC12071","PARIJAT",-0.272737804435008
"ARNAPURNA","PARIJAT",-0.245223002272108
"ASD16","PARIJAT",-0.116725987415597
"AUS257","PARIJAT",-0.144633833006902
"BAKAL","PARIJAT",-0.0256796610027578
"BAM1057","PARIJAT",-0.0310107318265652
"BAM1098","PARIJAT",-0.0565500836039892
"BAM1659","PARIJAT",-0.158909954296462
"BAM1689","PARIJAT",-0.0800589849798406
"BAM1708","PARIJAT",-0.0374717675679708
"BAM1812","PARIJAT",0.106032013261696
"BAM2096","PARIJAT",-0.193732431740725
"BAM2166","PARIJAT",-0.366285725589096
"BAM247","PARIJAT",0.258551856052195
"BAM2574","PARIJAT",-0.222040850778232
"BAM2680","PARIJAT",0.0183990710942524
"BAM3154","PARIJAT",0.163594363694637
"BAM3181","PARIJAT",-0.267012269030077
"BAM326","PARIJAT",-0.248458889072144
"BAM328","PARIJAT",0.0933165186694727
"BAM350","PARIJAT",0.0507050135066671
"BAM3690","PARIJAT",0.288728636652912
"BAM4009","PARIJAT",-0.0801877928039105
"BAM4054","PARIJAT",-0.10127299218547
"BAM4138","PARIJAT",-0.374315970598653
"BAM4168","PARIJAT",-0.220768842344256
"BAM4234","PARIJAT",-0.177071448280386
"BAM4254","PARIJAT",-0.176669115665658
"BAM4477","PARIJAT",0.316643005819207
"BAM4496","PARIJAT",0.140467892910774
"BAM4510","PARIJAT",-0.346845018461283
"BAM4521","PARIJAT",-0.370499683082509
"BAM4534","PARIJAT",-0.00716020424537375
"BAM4797","PARIJAT",-0.240331077715539
"BAM491","PARIJAT",0.066323056720373
"BAM4928","PARIJAT",-0.389008019451607
"BAM5110","PARIJAT",-0.173345978500398
"BAM56","PARIJAT",-0.347822980093722
"BAM5779","PARIJAT",-0.267801404956246
"BAM5850","PARIJAT",-0.0710560563824242
"BAM6921","PARIJAT",0.291554669906609
"BAM712","PARIJAT",-0.330003036457158
"BAM742","PARIJAT",-0.323463509459077
"BAM7429","PARIJAT",0.11292867550678
"BAM7449","PARIJAT",-0.0148001734513515
"BAM747","PARIJAT",-0.333019152322936
"BAM759","PARIJAT",0.1017053734051
"BAM766","PARIJAT",-0.332055440499528
"BAM807","PARIJAT",-0.266735822089878
"BAM811","PARIJAT",0.282111853195648
"BAM812","PARIJAT",-0.0813828794760447
"BAM819","PARIJAT",0.0203565593668494
"BAM8296","PARIJAT",0.331310617929114
"BAM8305","PARIJAT",0.250758376592074
"BAM8315","PARIJAT",-0.301875243209956
"BAM8364","PARIJAT",-0.135683613864035
"BAMAWPYAN","PARIJAT",-0.376498248902189
"BENAMURI","PARIJAT",-0.210809783835414
"BLACKGORA","PARIJAT",-0.146828197845737
"CGR1656","PARIJAT",0.139919872806823
"CGR1679","PARIJAT",-0.21081618905545
"CGR2012","PARIJAT",-0.254105007721917
"CO18","PARIJAT",-0.264426150488511
"CRDHAN-204","PARIJAT",-0.0958419783280543
"CR143-2-2","PARIJAT",0.187101025799029
"CR262-4","PARIJAT",0.17641245713779
"CROSSA","PARIJAT",-0.250721973581225
"DULAR","PARIJAT",-0.00728030966025309
"EYPO","PARIJAT",0.130954731542232
"EYPO-2","PARIJAT",-0.141443343427858
"FULKATI","PARIJAT",-0.0116581633309653
"Ghanteswari","PARIJAT",0.213772369524052
"GHATIKAMMANANGARHAR","PARIJAT",-0.121517721505843
"GotrabiDhan","PARIJAT",0.24289555094623
"GP-145-37","PARIJAT",-0.211043909914236
"GP-145-51","PARIJAT",0.149079549334079
"HARBHOONDI","PARIJAT",-0.178288198787005
"HongZuiEr","PARIJAT",0.296107529189247
"IndrabaruniDhan","PARIJAT",0.173834973188977
"IR74371-54-1-1","PARIJAT",0.202433386727857
"IR77298-14-1-2-10","PARIJAT",0.282384461539712
"IR77298-5-6-18","PARIJAT",0.186799744120192
"IR83383-B-B-129-4","PARIJAT",0.158539341284845
"IR83388-B-B108-3","PARIJAT",0.24824265309373
"IR87707-445-B-B","PARIJAT",0.16661107527989
"IR87707-446-B-B","PARIJAT",0.229312394917656
"IRROEPYO","PARIJAT",-0.297245117760803
"KALINGA-1","PARIJAT",0.297178016709052
"KANGRO","PARIJAT",-0.270057902367244
"KHAODAWTAI","PARIJAT",-0.0883234666320245
"MANDRIRAVINA","PARIJAT",-0.257008557040912
"MAUDAMANI","PARIJAT",-0.0646395907788431
"MOROBEREKAN","PARIJAT",0.0324102635867828
"MTU1010","PARIJAT",0.205379557752219
"MTU9","PARIJAT",-0.271183579180005
"NERICA-L-26","PARIJAT",0.212793894401773
"NERICA-L-42","PARIJAT",0.211183026552737
"NERICA-L-44","PARIJAT",0.309627544866971
"PARIJAT","PARIJAT",1.3363531604464
"Patchaiperumal","PARIJAT",0.12466765568665
"PEH-KUH-TSAO-TU","PARIJAT",-0.269711279460793
"PMK-2","PARIJAT",0.218913196471253
"PRASAD-1","PARIJAT",-0.135277156576997
"PUSASUGANDH5","PARIJAT",0.265009648918087
"PUSA1121","PARIJAT",0.0285190536143747
"Pusa1121-SN12","PARIJAT",0.0525069743319793
"PUSA44","PARIJAT",0.336771291174175
"PUSABASMATI6","PARIJAT",-0.167905822892761
"PUSASUGANDH2","PARIJAT",-0.173023394244417
"RASI","PARIJAT",0.237847049450292
"RKVY-104","PARIJAT",-0.0196740414003656
"RKVY-143","PARIJAT",0.085901794310946
"RKVY-28","PARIJAT",-0.0402125700390542
"R-RF-44","PARIJAT",0.224948886379362
"RRF-78","PARIJAT",0.10397098463648
"Sadabahar","PARIJAT",-0.219513301731611
"SAFRI-17","PARIJAT",-0.114779181877096
"SAHBHAGIDHAN","PARIJAT",1.26942720355297
"SATABHAMA","PARIJAT",-0.120757284186173
"SERATOES","PARIJAT",-0.0253800362084107
"SERETY","PARIJAT",-0.255520348172107
"SHAKU","PARIJAT",-0.178023894089498
"SR1-3-1","PARIJAT",-0.122316672217063
"SUWEON","PARIJAT",-0.223667777839016
"SWARNA","PARIJAT",0.180564809731219
"VANAPRAVA","PARIJAT",-0.0302291506736356
"VANDANA","PARIJAT",0.168037806031865
"Wayrarem","PARIJAT",0.235891680867657
"281785","Patchaiperumal",-0.220754262233522
"282803","Patchaiperumal",0.15027662453065
"299554","Patchaiperumal",0.110606508143081
"356457","Patchaiperumal",0.144210795818929
"376579","Patchaiperumal",-0.0848263789077404
"376851","Patchaiperumal",-0.035696411433096
"377448","Patchaiperumal",0.284647246822365
"377705","Patchaiperumal",0.128828691899256
"384190","Patchaiperumal",-0.287843855665848
"426049","Patchaiperumal",0.14051230487147
"438644","Patchaiperumal",0.172457000173415
"ADAYSEL","Patchaiperumal",0.0505495927082559
"AbhayaXDagadesi","Patchaiperumal",0.13083932343912
"ABHISEK","Patchaiperumal",-0.195985960937062
"ABOR-A-1","Patchaiperumal",0.245437805334865
"ANJALI","Patchaiperumal",-0.247824133670234
"Annada","Patchaiperumal",-0.380025065983881
"Apo","Patchaiperumal",0.085931493532761
"ARC10319","Patchaiperumal",0.455607873390995
"ARC12071","Patchaiperumal",0.0165538249286314
"ARNAPURNA","Patchaiperumal",0.0774591922850392
"ASD16","Patchaiperumal",-0.100527487009005
"AUS257","Patchaiperumal",-0.243033188812864
"BAKAL","Patchaiperumal",0.0471566590053332
"BAM1057","Patchaiperumal",0.0621315630164745
"BAM1098","Patchaiperumal",0.0257724085556618
"BAM1659","Patchaiperumal",-0.124076855855371
"BAM1689","Patchaiperumal",0.0615978807406964
"BAM1708","Patchaiperumal",0.0802214307224307
"BAM1812","Patchaiperumal",0.337390701850224
"BAM2096","Patchaiperumal",-0.0260058542472109
"BAM2166","Patchaiperumal",-0.28673921230372
"BAM247","Patchaiperumal",0.154636479126904
"BAM2574","Patchaiperumal",-0.0700945295783684
"BAM2680","Patchaiperumal",-0.250781849551123
"BAM3154","Patchaiperumal",0.234901993829394
"BAM3181","Patchaiperumal",0.0414341364078758
"BAM326","Patchaiperumal",-0.0207054964690043
"BAM328","Patchaiperumal",0.332533298156886
"BAM350","Patchaiperumal",0.24709741656681
"BAM3690","Patchaiperumal",0.200201599149076
"BAM4009","Patchaiperumal",0.019043387128466
"BAM4054","Patchaiperumal",-0.191833869375329
"BAM4138","Patchaiperumal",-0.289036471646844
"BAM4168","Patchaiperumal",-0.230040203592768
"BAM4234","Patchaiperumal",-0.231776037153026
"BAM4254","Patchaiperumal",-0.236318127822837
"BAM4477","Patchaiperumal",0.22786900727287
"BAM4496","Patchaiperumal",0.399988231755308
"BAM4510","Patchaiperumal",-0.275193655175267
"BAM4521","Patchaiperumal",-0.311535495835876
"BAM4534","Patchaiperumal",0.0248693157768528
"BAM4797","Patchaiperumal",-0.0729251554763502
"BAM491","Patchaiperumal",0.235182001097655
"BAM4928","Patchaiperumal",-0.305121953738019
"BAM5110","Patchaiperumal",-0.21628637606186
"BAM56","Patchaiperumal",-0.312549800452821
"BAM5779","Patchaiperumal",-0.289982058770477
"BAM5850","Patchaiperumal",0.0158304648976744
"BAM6921","Patchaiperumal",0.121347004141227
"BAM712","Patchaiperumal",-0.381485024736387
"BAM742","Patchaiperumal",-0.383505225443973
"BAM7429","Patchaiperumal",0.37436421895482
"BAM7449","Patchaiperumal",0.0406928088769486
"BAM747","Patchaiperumal",-0.384119778546681
"BAM759","Patchaiperumal",0.0882441212756862
"BAM766","Patchaiperumal",-0.378523546066135
"BAM807","Patchaiperumal",-0.2855542152535
"BAM811","Patchaiperumal",0.139589355609364
"BAM812","Patchaiperumal",-0.217758578429639
"BAM819","Patchaiperumal",-0.206361235874866
"BAM8296","Patchaiperumal",0.12750223584747
"BAM8305","Patchaiperumal",0.105780374953264
"BAM8315","Patchaiperumal",-0.383895979355174
"BAM8364","Patchaiperumal",-0.245212167372603
"BAMAWPYAN","Patchaiperumal",-0.319200900881954
"BENAMURI","Patchaiperumal",-0.00198689878391509
"BLACKGORA","Patchaiperumal",-0.22358518902129
"CGR1656","Patchaiperumal",0.366318598120296
"CGR1679","Patchaiperumal",-0.0131777914995595
"CGR2012","Patchaiperumal",0.00756869714326285
"CO18","Patchaiperumal",0.0328654399601995
"CRDHAN-204","Patchaiperumal",-0.244301789528775
"CR143-2-2","Patchaiperumal",0.0617709563830982
"CR262-4","Patchaiperumal",0.0535716588868671
"CROSSA","Patchaiperumal",0.028152792532422
"DULAR","Patchaiperumal",0.0302556720270762
"EYPO","Patchaiperumal",0.178307711153118
"EYPO-2","Patchaiperumal",-0.11701949050423
"FULKATI","Patchaiperumal",0.0517319495231412
"Ghanteswari","Patchaiperumal",0.294831658322387
"GHATIKAMMANANGARHAR","Patchaiperumal",-0.24310589509356
"GotrabiDhan","Patchaiperumal",0.139337473666068
"GP-145-37","Patchaiperumal",-0.0308386714920667
"GP-145-51","Patchaiperumal",0.370857506292165
"HARBHOONDI","Patchaiperumal",-0.27417929302159
"HongZuiEr","Patchaiperumal",0.268410405262335
"IndrabaruniDhan","Patchaiperumal",0.143492021901614
"IR74371-54-1-1","Patchaiperumal",0.0935392141676171
"IR77298-14-1-2-10","Patchaiperumal",0.104468797217379
"IR77298-5-6-18","Patchaiperumal",0.0702167824504728
"IR83383-B-B-129-4","Patchaiperumal",0.0681803038209259
"IR83388-B-B108-3","Patchaiperumal",0.123619745590879
"IR87707-445-B-B","Patchaiperumal",0.0920696355873449
"IR87707-446-B-B","Patchaiperumal",0.131080233162221
"IRROEPYO","Patchaiperumal",-0.285846639448902
"KALINGA-1","Patchaiperumal",0.234763969912635
"KANGRO","Patchaiperumal",0.0214260084605006
"KHAODAWTAI","Patchaiperumal",-0.179341269365856
"MANDRIRAVINA","Patchaiperumal",0.0394887951733016
"MAUDAMANI","Patchaiperumal",-0.207902317483138
"MOROBEREKAN","Patchaiperumal",-0.0907639378807002
"MTU1010","Patchaiperumal",0.0992963353168407
"MTU9","Patchaiperumal",0.0269375724271099
"NERICA-L-26","Patchaiperumal",0.074740993281318
"NERICA-L-42","Patchaiperumal",0.0767545054528872
"NERICA-L-44","Patchaiperumal",0.185618242667185
"PARIJAT","Patchaiperumal",0.12466765568665
"Patchaiperumal","Patchaiperumal",1.24033744794224
"PEH-KUH-TSAO-TU","Patchaiperumal",0.0315017997250821
"PMK-2","Patchaiperumal",0.243034586146993
"PRASAD-1","Patchaiperumal",-0.250370237939213
"PUSASUGANDH5","Patchaiperumal",0.0659848753261367
"PUSA1121","Patchaiperumal",-0.024495192723988
"Pusa1121-SN12","Patchaiperumal",-0.0245312502779686
"PUSA44","Patchaiperumal",0.10605864025014
"PUSABASMATI6","Patchaiperumal",-0.297077933685864
"PUSASUGANDH2","Patchaiperumal",-0.193840597959227
"RASI","Patchaiperumal",0.177444717765227
"RKVY-104","Patchaiperumal",-0.0187075067607593
"RKVY-143","Patchaiperumal",0.393556517053184
"RKVY-28","Patchaiperumal",0.0904277599490834
"R-RF-44","Patchaiperumal",0.125911072723207
"RRF-78","Patchaiperumal",0.0763978035704235
"Sadabahar","Patchaiperumal",-0.0296557386605968
"SAFRI-17","Patchaiperumal",-0.219340242892014
"SAHBHAGIDHAN","Patchaiperumal",0.119214722917308
"SATABHAMA","Patchaiperumal",-0.244827429802056
"SERATOES","Patchaiperumal",0.0527434988284735
"SERETY","Patchaiperumal",-0.0140699597359249
"SHAKU","Patchaiperumal",-0.26585430793423
"SR1-3-1","Patchaiperumal",-0.278284357412188
"SUWEON","Patchaiperumal",-0.24664433628787
"SWARNA","Patchaiperumal",0.176048263855967
"VANAPRAVA","Patchaiperumal",0.0475542917193659
"VANDANA","Patchaiperumal",0.104938179819777
"Wayrarem","Patchaiperumal",0.0852834831477545
"281785","PEH-KUH-TSAO-TU",0.253782928913868
"282803","PEH-KUH-TSAO-TU",-0.19842969741988
"299554","PEH-KUH-TSAO-TU",-0.295038722646126
"356457","PEH-KUH-TSAO-TU",-0.103459394973009
"376579","PEH-KUH-TSAO-TU",0.245845107848289
"376851","PEH-KUH-TSAO-TU",0.259725145453413
"377448","PEH-KUH-TSAO-TU",-0.146930025383813
"377705","PEH-KUH-TSAO-TU",-0.272145398584422
"384190","PEH-KUH-TSAO-TU",0.0734281231576476
"426049","PEH-KUH-TSAO-TU",-0.098918996819453
"438644","PEH-KUH-TSAO-TU",-0.182909619060197
"ADAYSEL","PEH-KUH-TSAO-TU",-0.287822134569457
"AbhayaXDagadesi","PEH-KUH-TSAO-TU",-0.277902679820103
"ABHISEK","PEH-KUH-TSAO-TU",0.209165514218738
"ABOR-A-1","PEH-KUH-TSAO-TU",-0.0663317875120514
"ANJALI","PEH-KUH-TSAO-TU",0.135965495478182
"Annada","PEH-KUH-TSAO-TU",-0.0426731218828525
"Apo","PEH-KUH-TSAO-TU",-0.321712487953247
"ARC10319","PEH-KUH-TSAO-TU",0.139699642420375
"ARC12071","PEH-KUH-TSAO-TU",1.10775540547101
"ARNAPURNA","PEH-KUH-TSAO-TU",0.406776093418982
"ASD16","PEH-KUH-TSAO-TU",0.255882132576282
"AUS257","PEH-KUH-TSAO-TU",0.134992756724601
"BAKAL","PEH-KUH-TSAO-TU",-0.346601406195268
"BAM1057","PEH-KUH-TSAO-TU",-0.29144158304788
"BAM1098","PEH-KUH-TSAO-TU",-0.36548332611724
"BAM1659","PEH-KUH-TSAO-TU",0.501116344010196
"BAM1689","PEH-KUH-TSAO-TU",-0.291639500933756
"BAM1708","PEH-KUH-TSAO-TU",-0.295912955754486
"BAM1812","PEH-KUH-TSAO-TU",-0.152389146545629
"BAM2096","PEH-KUH-TSAO-TU",0.31505764497187
"BAM2166","PEH-KUH-TSAO-TU",0.0767196699552298
"BAM247","PEH-KUH-TSAO-TU",-0.171655487979978
"BAM2574","PEH-KUH-TSAO-TU",0.269220120483109
"BAM2680","PEH-KUH-TSAO-TU",0.144960287415498
"BAM3154","PEH-KUH-TSAO-TU",-0.224768279547476
"BAM3181","PEH-KUH-TSAO-TU",0.388540642144801
"BAM326","PEH-KUH-TSAO-TU",0.345253823176693
"BAM328","PEH-KUH-TSAO-TU",-0.127085496319576
"BAM350","PEH-KUH-TSAO-TU",-0.207912153476978
"BAM3690","PEH-KUH-TSAO-TU",-0.248781560677877
"BAM4009","PEH-KUH-TSAO-TU",-0.273400738883241
"BAM4054","PEH-KUH-TSAO-TU",0.220999017477894
"BAM4138","PEH-KUH-TSAO-TU",0.133364901693155
"BAM4168","PEH-KUH-TSAO-TU",0.10455523853711
"BAM4234","PEH-KUH-TSAO-TU",0.153500718456552
"BAM4254","PEH-KUH-TSAO-TU",0.149203542525863
"BAM4477","PEH-KUH-TSAO-TU",-0.234409281508987
"BAM4496","PEH-KUH-TSAO-TU",-0.0672993768810282
"BAM4510","PEH-KUH-TSAO-TU",0.0951278530334785
"BAM4521","PEH-KUH-TSAO-TU",0.0888223744427606
"BAM4534","PEH-KUH-TSAO-TU",-0.347526036185654
"BAM4797","PEH-KUH-TSAO-TU",0.31278877997334
"BAM491","PEH-KUH-TSAO-TU",-0.173088643703577
"BAM4928","PEH-KUH-TSAO-TU",0.104013306955038
"BAM5110","PEH-KUH-TSAO-TU",0.0985823706750868
"BAM56","PEH-KUH-TSAO-TU",0.0728039104912031
"BAM5779","PEH-KUH-TSAO-TU",0.0241416799731834
"BAM5850","PEH-KUH-TSAO-TU",-0.337646117634066
"BAM6921","PEH-KUH-TSAO-TU",-0.282851489079588
"BAM712","PEH-KUH-TSAO-TU",-0.0487421289476266
"BAM742","PEH-KUH-TSAO-TU",-0.0480712554245531
"BAM7429","PEH-KUH-TSAO-TU",-0.110966237842962
"BAM7449","PEH-KUH-TSAO-TU",-0.320578364563846
"BAM747","PEH-KUH-TSAO-TU",-0.0424290700343405
"BAM759","PEH-KUH-TSAO-TU",-0.290626108014261
"BAM766","PEH-KUH-TSAO-TU",-0.0414584311945998
"BAM807","PEH-KUH-TSAO-TU",0.0160814590906814
"BAM811","PEH-KUH-TSAO-TU",-0.29202776379512
"BAM812","PEH-KUH-TSAO-TU",0.139359850499966
"BAM819","PEH-KUH-TSAO-TU",0.206105440946049
"BAM8296","PEH-KUH-TSAO-TU",-0.29415860553639
"BAM8305","PEH-KUH-TSAO-TU",-0.168982553562434
"BAM8315","PEH-KUH-TSAO-TU",0.0417886985576485
"BAM8364","PEH-KUH-TSAO-TU",0.185646820227024
"BAMAWPYAN","PEH-KUH-TSAO-TU",0.0781017722181586
"BENAMURI","PEH-KUH-TSAO-TU",0.332786025434866
"BLACKGORA","PEH-KUH-TSAO-TU",0.147893949378554
"CGR1656","PEH-KUH-TSAO-TU",-0.0917904710121101
"CGR1679","PEH-KUH-TSAO-TU",0.302269996541033
"CGR2012","PEH-KUH-TSAO-TU",0.25932939012983
"CO18","PEH-KUH-TSAO-TU",0.986662104250107
"CRDHAN-204","PEH-KUH-TSAO-TU",0.0928568960679635
"CR143-2-2","PEH-KUH-TSAO-TU",-0.286858670457746
"CR262-4","PEH-KUH-TSAO-TU",-0.27226130286355
"CROSSA","PEH-KUH-TSAO-TU",0.295930308023172
"DULAR","PEH-KUH-TSAO-TU",-0.347331875813247
"EYPO","PEH-KUH-TSAO-TU",-0.161100250422477
"EYPO-2","PEH-KUH-TSAO-TU",0.361996568470533
"FULKATI","PEH-KUH-TSAO-TU",-0.334139164212968
"Ghanteswari","PEH-KUH-TSAO-TU",-0.124429759827944
"GHATIKAMMANANGARHAR","PEH-KUH-TSAO-TU",0.200950477372134
"GotrabiDhan","PEH-KUH-TSAO-TU",-0.166622664029057
"GP-145-37","PEH-KUH-TSAO-TU",0.268541603808881
"GP-145-51","PEH-KUH-TSAO-TU",-0.130013408834384
"HARBHOONDI","PEH-KUH-TSAO-TU",0.0923996875792309
"HongZuiEr","PEH-KUH-TSAO-TU",-0.236977221807467
"IndrabaruniDhan","PEH-KUH-TSAO-TU",-0.167259601109197
"IR74371-54-1-1","PEH-KUH-TSAO-TU",-0.275060739993776
"IR77298-14-1-2-10","PEH-KUH-TSAO-TU",-0.287440052679178
"IR77298-5-6-18","PEH-KUH-TSAO-TU",-0.247978595098418
"IR83383-B-B-129-4","PEH-KUH-TSAO-TU",-0.227994081117786
"IR83388-B-B108-3","PEH-KUH-TSAO-TU",-0.227818141343954
"IR87707-445-B-B","PEH-KUH-TSAO-TU",-0.245856216670741
"IR87707-446-B-B","PEH-KUH-TSAO-TU",-0.291741367674375
"IRROEPYO","PEH-KUH-TSAO-TU",0.157191745765199
"KALINGA-1","PEH-KUH-TSAO-TU",-0.120009769015036
"KANGRO","PEH-KUH-TSAO-TU",1.13325128327115
"KHAODAWTAI","PEH-KUH-TSAO-TU",0.163556284873876
"MANDRIRAVINA","PEH-KUH-TSAO-TU",0.995155502964734
"MAUDAMANI","PEH-KUH-TSAO-TU",0.157422555710509
"MOROBEREKAN","PEH-KUH-TSAO-TU",-0.427569643547872
"MTU1010","PEH-KUH-TSAO-TU",-0.157657572862935
"MTU9","PEH-KUH-TSAO-TU",1.13429800279775
"NERICA-L-26","PEH-KUH-TSAO-TU",-0.346118229688278
"NERICA-L-42","PEH-KUH-TSAO-TU",-0.352338370604595
"NERICA-L-44","PEH-KUH-TSAO-TU",-0.264551769741829
"PARIJAT","PEH-KUH-TSAO-TU",-0.269711279460793
"Patchaiperumal","PEH-KUH-TSAO-TU",0.0315017997250821
"PEH-KUH-TSAO-TU","PEH-KUH-TSAO-TU",1.17449644463163
"PMK-2","PEH-KUH-TSAO-TU",-0.0605325569899382
"PRASAD-1","PEH-KUH-TSAO-TU",0.2686861859366
"PUSASUGANDH5","PEH-KUH-TSAO-TU",-0.268852578019107
"PUSA1121","PEH-KUH-TSAO-TU",-0.310876402666595
"Pusa1121-SN12","PEH-KUH-TSAO-TU",-0.300184903673414
"PUSA44","PEH-KUH-TSAO-TU",-0.272919045010177
"PUSABASMATI6","PEH-KUH-TSAO-TU",0.145902197848025
"PUSASUGANDH2","PEH-KUH-TSAO-TU",0.256469462937076
"RASI","PEH-KUH-TSAO-TU",-0.198798600134401
"RKVY-104","PEH-KUH-TSAO-TU",-0.341831475668031
"RKVY-143","PEH-KUH-TSAO-TU",-0.0350713996226411
"RKVY-28","PEH-KUH-TSAO-TU",-0.276908541517628
"R-RF-44","PEH-KUH-TSAO-TU",-0.212024218273331
"RRF-78","PEH-KUH-TSAO-TU",-0.252089607228678
"Sadabahar","PEH-KUH-TSAO-TU",0.320275756164497
"SAFRI-17","PEH-KUH-TSAO-TU",0.202075932804691
"SAHBHAGIDHAN","PEH-KUH-TSAO-TU",-0.25905304804224
"SATABHAMA","PEH-KUH-TSAO-TU",0.155034064885276
"SERATOES","PEH-KUH-TSAO-TU",-0.299878211392401
"SERETY","PEH-KUH-TSAO-TU",1.02359083186673
"SHAKU","PEH-KUH-TSAO-TU",0.110486915885095
"SR1-3-1","PEH-KUH-TSAO-TU",0.122337213787345
"SUWEON","PEH-KUH-TSAO-TU",0.174065779091026
"SWARNA","PEH-KUH-TSAO-TU",-0.240892790703563
"VANAPRAVA","PEH-KUH-TSAO-TU",-0.292700759037183
"VANDANA","PEH-KUH-TSAO-TU",-0.329962554660863
"Wayrarem","PEH-KUH-TSAO-TU",-0.333840024915678
"281785","PMK-2",-0.163071294022535
"282803","PMK-2",0.251461512912053
"299554","PMK-2",0.0886986042697682
"356457","PMK-2",0.383407473583691
"376579","PMK-2",-0.240418053635932
"376851","PMK-2",-0.199157980063216
"377448","PMK-2",0.0833886295461855
"377705","PMK-2",0.402476374863205
"384190","PMK-2",-0.382743402837731
"426049","PMK-2",0.392847487416183
"438644","PMK-2",0.247497241692038
"ADAYSEL","PMK-2",0.0218455466992526
"AbhayaXDagadesi","PMK-2",0.231923132571629
"ABHISEK","PMK-2",-0.219261960288262
"ABOR-A-1","PMK-2",1.22512385438042
"ANJALI","PMK-2",-0.219911037674804
"Annada","PMK-2",-0.316230147487393
"Apo","PMK-2",0.0784715376846552
"ARC10319","PMK-2",0.242166820869844
"ARC12071","PMK-2",-0.06297118289892
"ARNAPURNA","PMK-2",-0.162416945830972
"ASD16","PMK-2",-0.158206220088936
"AUS257","PMK-2",-0.209684047923668
"BAKAL","PMK-2",-0.0551271986150333
"BAM1057","PMK-2",-0.0418588560607801
"BAM1098","PMK-2",-0.0252910826297029
"BAM1659","PMK-2",-0.0900720620195574
"BAM1689","PMK-2",-0.0244550915939246
"BAM1708","PMK-2",-0.0180270603260149
"BAM1812","PMK-2",0.157636117040038
"BAM2096","PMK-2",-0.244076188065458
"BAM2166","PMK-2",-0.312718190205807
"BAM247","PMK-2",0.263075888173402
"BAM2574","PMK-2",-0.243011675581725
"BAM2680","PMK-2",-0.00139260632453975
"BAM3154","PMK-2",0.137701060822912
"BAM3181","PMK-2",-0.171119546865552
"BAM326","PMK-2",-0.198946282782218
"BAM328","PMK-2",0.168107903631467
"BAM350","PMK-2",0.0972556322680266
"BAM3690","PMK-2",0.226199155453972
"BAM4009","PMK-2",-0.0507368589757897
"BAM4054","PMK-2",0.0141018701243684
"BAM4138","PMK-2",-0.381041841652585
"BAM4168","PMK-2",-0.222874630946115
"BAM4234","PMK-2",-0.228333827352435
"BAM4254","PMK-2",-0.240178829545127
"BAM4477","PMK-2",0.280988178145871
"BAM4496","PMK-2",0.161580994939037
"BAM4510","PMK-2",-0.363209947590093
"BAM4521","PMK-2",-0.397520169573896
"BAM4534","PMK-2",-0.0537095115527501
"BAM4797","PMK-2",-0.23706727517493
"BAM491","PMK-2",0.067852496101142
"BAM4928","PMK-2",-0.337057042148515
"BAM5110","PMK-2",-0.170927987763826
"BAM56","PMK-2",-0.361333402499895
"BAM5779","PMK-2",-0.330234616398259
"BAM5850","PMK-2",-0.076796849976044
"BAM6921","PMK-2",0.14074193736077
"BAM712","PMK-2",-0.320002526509429
"BAM742","PMK-2",-0.289301617974717
"BAM7429","PMK-2",0.150280041299918
"BAM7449","PMK-2",-0.0611063598937635
"BAM747","PMK-2",-0.328273206941869
"BAM759","PMK-2",0.151728479431158
"BAM766","PMK-2",-0.290303300426277
"BAM807","PMK-2",-0.32700070285399
"BAM811","PMK-2",0.190465140882521
"BAM812","PMK-2",-0.167435189697478
"BAM819","PMK-2",-0.114236088333474
"BAM8296","PMK-2",0.221261518469953
"BAM8305","PMK-2",0.210892668393438
"BAM8315","PMK-2",-0.33556904388479
"BAM8364","PMK-2",-0.0537598132396579
"BAMAWPYAN","PMK-2",-0.370147744768407
"BENAMURI","PMK-2",-0.14178800355803
"BLACKGORA","PMK-2",-0.216785882869928
"CGR1656","PMK-2",0.21856760697777
"CGR1679","PMK-2",-0.201465836664866
"CGR2012","PMK-2",-0.203042970220232
"CO18","PMK-2",-0.0493514299387537
"CRDHAN-204","PMK-2",-0.279856444168387
"CR143-2-2","PMK-2",0.122963174379219
"CR262-4","PMK-2",0.114221690290672
"CROSSA","PMK-2",-0.201361529299103
"DULAR","PMK-2",-0.0835779242216327
"EYPO","PMK-2",0.118589974609843
"EYPO-2","PMK-2",0.788819337221625
"FULKATI","PMK-2",-0.0731312341763462
"Ghanteswari","PMK-2",0.526960392069941
"GHATIKAMMANANGARHAR","PMK-2",-0.122218040563338
"GotrabiDhan","PMK-2",0.270961651201433
"GP-145-37","PMK-2",-0.234847759457936
"GP-145-51","PMK-2",0.173572314280042
"HARBHOONDI","PMK-2",-0.273001356316671
"HongZuiEr","PMK-2",0.282365301565086
"IndrabaruniDhan","PMK-2",0.142243476869102
"IR74371-54-1-1","PMK-2",0.135719050282991
"IR77298-14-1-2-10","PMK-2",0.152474141930032
"IR77298-5-6-18","PMK-2",0.111820275725204
"IR83383-B-B-129-4","PMK-2",0.201857537813877
"IR83388-B-B108-3","PMK-2",0.211656160621091
"IR87707-445-B-B","PMK-2",0.165219175759947
"IR87707-446-B-B","PMK-2",0.152060896267653
"IRROEPYO","PMK-2",-0.31760622647471
"KALINGA-1","PMK-2",0.379917139587809
"KANGRO","PMK-2",-0.057723206053592
"KHAODAWTAI","PMK-2",0.0081764148929526
"MANDRIRAVINA","PMK-2",-0.0497192095913219
"MAUDAMANI","PMK-2",-0.203088038135129
"MOROBEREKAN","PMK-2",-0.0340037182307136
"MTU1010","PMK-2",0.221293702199813
"MTU9","PMK-2",-0.0713828848356287
"NERICA-L-26","PMK-2",0.0938321955209403
"NERICA-L-42","PMK-2",0.0957265945881411
"NERICA-L-44","PMK-2",0.138092173333934
"PARIJAT","PMK-2",0.218913196471253
"Patchaiperumal","PMK-2",0.243034586146993
"PEH-KUH-TSAO-TU","PMK-2",-0.0605325569899382
"PMK-2","PMK-2",1.247794147017
"PRASAD-1","PMK-2",-0.113445803428343
"PUSASUGANDH5","PMK-2",0.179077437264436
"PUSA1121","PMK-2",-0.00139911889852023
"Pusa1121-SN12","PMK-2",0.0313435233866851
"PUSA44","PMK-2",0.20364529069039
"PUSABASMATI6","PMK-2",-0.292143319653075
"PUSASUGANDH2","PMK-2",-0.206825618460444
"RASI","PMK-2",0.589462169008806
"RKVY-104","PMK-2",-0.0748567654448209
"RKVY-143","PMK-2",0.203199013812933
"RKVY-28","PMK-2",-0.00338867581582002
"R-RF-44","PMK-2",0.14254828826616
"RRF-78","PMK-2",0.120408658653173
"Sadabahar","PMK-2",-0.235344368365895
"SAFRI-17","PMK-2",-0.118357776504007
"SAHBHAGIDHAN","PMK-2",0.216165353100592
"SATABHAMA","PMK-2",-0.199674833179747
"SERATOES","PMK-2",-0.0566948106928383
"SERETY","PMK-2",-0.0497901109192466
"SHAKU","PMK-2",-0.262688421401337
"SR1-3-1","PMK-2",-0.184924096210935
"SUWEON","PMK-2",-0.200864715935481
"SWARNA","PMK-2",0.140650056612089
"VANAPRAVA","PMK-2",-0.0447567932115244
"VANDANA","PMK-2",-0.0145934222643404
"Wayrarem","PMK-2",0.0760603515635499
"281785","PRASAD-1",0.342782291341235
"282803","PRASAD-1",-0.0819847742912816
"299554","PRASAD-1",-0.176593508761042
"356457","PRASAD-1",-0.081595198830207
"376579","PRASAD-1",0.131835374188142
"376851","PRASAD-1",0.170715250394948
"377448","PRASAD-1",-0.236610434409975
"377705","PRASAD-1",-0.151579207295551
"384190","PRASAD-1",0.0350907185755083
"426049","PRASAD-1",-0.0815242714547956
"438644","PRASAD-1",-0.0717391525137361
"ADAYSEL","PRASAD-1",-0.320982377056628
"AbhayaXDagadesi","PRASAD-1",-0.0717308321927192
"ABHISEK","PRASAD-1",0.309941752254467
"ABOR-A-1","PRASAD-1",-0.113279193781552
"ANJALI","PRASAD-1",0.303169445249715
"Annada","PRASAD-1",0.0315398505203571
"Apo","PRASAD-1",-0.207773243414839
"ARC10319","PRASAD-1",-0.23739917469137
"ARC12071","PRASAD-1",0.268837083450868
"ARNAPURNA","PRASAD-1",0.228959220111462
"ASD16","PRASAD-1",0.368446841002598
"AUS257","PRASAD-1",0.325731825898189
"BAKAL","PRASAD-1",-0.304012439754723
"BAM1057","PRASAD-1",-0.387137187795347
"BAM1098","PRASAD-1",-0.328941748476422
"BAM1659","PRASAD-1",0.219526999003553
"BAM1689","PRASAD-1",-0.345299084327906
"BAM1708","PRASAD-1",-0.314844893161146
"BAM1812","PRASAD-1",-0.256161058522679
"BAM2096","PRASAD-1",0.176790195357651
"BAM2166","PRASAD-1",0.101530529631313
"BAM247","PRASAD-1",-0.106650216104537
"BAM2574","PRASAD-1",0.212349780946879
"BAM2680","PRASAD-1",0.290000606892952
"BAM3154","PRASAD-1",-0.20563096946463
"BAM3181","PRASAD-1",0.179611431382737
"BAM326","PRASAD-1",0.133892694187194
"BAM328","PRASAD-1",-0.209994282153281
"BAM350","PRASAD-1",-0.336047178995726
"BAM3690","PRASAD-1",-0.217227023284586
"BAM4009","PRASAD-1",-0.345322888013431
"BAM4054","PRASAD-1",0.304472661153669
"BAM4138","PRASAD-1",0.0290414738534548
"BAM4168","PRASAD-1",0.119212740772659
"BAM4234","PRASAD-1",0.294674857894261
"BAM4254","PRASAD-1",0.284441382098842
"BAM4477","PRASAD-1",-0.225038411334925
"BAM4496","PRASAD-1",-0.22486625970849
"BAM4510","PRASAD-1",0.0679341222606508
"BAM4521","PRASAD-1",0.0896949652584495
"BAM4534","PRASAD-1",-0.365428812724883
"BAM4797","PRASAD-1",0.168862486504064
"BAM491","PRASAD-1",-0.297820005010756
"BAM4928","PRASAD-1",0.0821421176761255
"BAM5110","PRASAD-1",0.291846227166985
"BAM56","PRASAD-1",0.100813938788934
"BAM5779","PRASAD-1",0.0580051557930977
"BAM5850","PRASAD-1",-0.372053383429568
"BAM6921","PRASAD-1",-0.14551905397218
"BAM712","PRASAD-1",0.0424744738422381
"BAM742","PRASAD-1",0.0486165320080458
"BAM7429","PRASAD-1",-0.24196445053867
"BAM7449","PRASAD-1",-0.357163976050576
"BAM747","PRASAD-1",0.0493417272306867
"BAM759","PRASAD-1",-0.236302608561793
"BAM766","PRASAD-1",0.0309954884871734
"BAM807","PRASAD-1",0.0722334892138805
"BAM811","PRASAD-1",-0.196888578995145
"BAM812","PRASAD-1",0.225657878091729
"BAM819","PRASAD-1",0.316297199363649
"BAM8296","PRASAD-1",-0.0393984173627309
"BAM8305","PRASAD-1",0.0183019089842124
"BAM8315","PRASAD-1",0.190685624435871
"BAM8364","PRASAD-1",0.337565130215109
"BAMAWPYAN","PRASAD-1",0.064347447950172
"BENAMURI","PRASAD-1",0.221537656737109
"BLACKGORA","PRASAD-1",0.406481302857434
"CGR1656","PRASAD-1",-0.226840257404372
"CGR1679","PRASAD-1",0.158586270303651
"CGR2012","PRASAD-1",0.211349217787952
"CO18","PRASAD-1",0.310538689540802
"CRDHAN-204","PRASAD-1",0.267032704739371
"CR143-2-2","PRASAD-1",-0.203276656552123
"CR262-4","PRASAD-1",-0.200396947425134
"CROSSA","PRASAD-1",0.207710742951406
"DULAR","PRASAD-1",-0.314982816158281
"EYPO","PRASAD-1",-0.2249838514436
"EYPO-2","PRASAD-1",0.321232687209696
"FULKATI","PRASAD-1",-0.340216611991207
"Ghanteswari","PRASAD-1",-0.104315975047714
"GHATIKAMMANANGARHAR","PRASAD-1",0.475310923188024
"GotrabiDhan","PRASAD-1",-0.065155931231617
"GP-145-37","PRASAD-1",0.161491256357955
"GP-145-51","PRASAD-1",-0.275074767516737
"HARBHOONDI","PRASAD-1",0.225582948588871
"HongZuiEr","PRASAD-1",-0.229347780786886
"IndrabaruniDhan","PRASAD-1",-0.115305534111503
"IR74371-54-1-1","PRASAD-1",-0.197495663576018
"IR77298-14-1-2-10","PRASAD-1",-0.169756827598932
"IR77298-5-6-18","PRASAD-1",-0.0604123505026104
"IR83383-B-B-129-4","PRASAD-1",-0.0560129634295524
"IR83388-B-B108-3","PRASAD-1",-0.128070550722241
"IR87707-445-B-B","PRASAD-1",-0.0669491122450177
"IR87707-446-B-B","PRASAD-1",-0.119452043417672
"IRROEPYO","PRASAD-1",0.0806238788375519
"KALINGA-1","PRASAD-1",-0.031831055705555
"KANGRO","PRASAD-1",0.267785812406185
"KHAODAWTAI","PRASAD-1",0.306439177204719
"MANDRIRAVINA","PRASAD-1",0.285985615593787
"MAUDAMANI","PRASAD-1",0.319855495746758
"MOROBEREKAN","PRASAD-1",-0.349749719022899
"MTU1010","PRASAD-1",-0.0283483772443208
"MTU9","PRASAD-1",0.271723396743715
"NERICA-L-26","PRASAD-1",-0.164441401277147
"NERICA-L-42","PRASAD-1",-0.175109838258374
"NERICA-L-44","PRASAD-1",-0.0757805378242102
"PARIJAT","PRASAD-1",-0.135277156576997
"Patchaiperumal","PRASAD-1",-0.250370237939213
"PEH-KUH-TSAO-TU","PRASAD-1",0.2686861859366
"PMK-2","PRASAD-1",-0.113445803428343
"PRASAD-1","PRASAD-1",1.26833084903635
"PUSASUGANDH5","PRASAD-1",-0.0974042895663759
"PUSA1121","PRASAD-1",-0.186076149202759
"Pusa1121-SN12","PRASAD-1",-0.167289929400264
"PUSA44","PRASAD-1",-0.0199214370653471
"PUSABASMATI6","PRASAD-1",0.289689847030712
"PUSASUGANDH2","PRASAD-1",0.300556950509431
"RASI","PRASAD-1",-0.169841552864652
"RKVY-104","PRASAD-1",-0.338201694333918
"RKVY-143","PRASAD-1",-0.281673528957491
"RKVY-28","PRASAD-1",-0.353896158431548
"R-RF-44","PRASAD-1",-0.0921906065450939
"RRF-78","PRASAD-1",-0.15497890056129
"Sadabahar","PRASAD-1",0.17900383378833
"SAFRI-17","PRASAD-1",0.337823687588721
"SAHBHAGIDHAN","PRASAD-1",-0.126726235670525
"SATABHAMA","PRASAD-1",0.263474099163044
"SERATOES","PRASAD-1",-0.400149060236108
"SERETY","PRASAD-1",0.263836917358138
"SHAKU","PRASAD-1",0.23789994532603
"SR1-3-1","PRASAD-1",0.310912602436509
"SUWEON","PRASAD-1",0.407796831130134
"SWARNA","PRASAD-1",-0.211561878483653
"VANAPRAVA","PRASAD-1",-0.389691556385935
"VANDANA","PRASAD-1",-0.368903874614683
"Wayrarem","PRASAD-1",-0.201326972342511
"281785","PUSASUGANDH5",-0.151572920892722
"282803","PUSASUGANDH5",0.260175233522438
"299554","PUSASUGANDH5",0.20241960797011
"356457","PUSASUGANDH5",0.294350907242003
"376579","PUSASUGANDH5",-0.274973193234886
"376851","PUSASUGANDH5",-0.253540973169082
"377448","PUSASUGANDH5",0.0790874254115731
"377705","PUSASUGANDH5",0.229968867010669
"384190","PUSASUGANDH5",-0.295199810923839
"426049","PUSASUGANDH5",0.28159445912089
"438644","PUSASUGANDH5",0.220602655962369
"ADAYSEL","PUSASUGANDH5",0.168262819514306
"AbhayaXDagadesi","PUSASUGANDH5",0.241232583701774
"ABHISEK","PUSASUGANDH5",-0.17406648860402
"ABOR-A-1","PUSASUGANDH5",0.191293827242644
"ANJALI","PUSASUGANDH5",-0.088854102501365
"Annada","PUSASUGANDH5",-0.197904729293951
"Apo","PUSASUGANDH5",0.212924375547208
"ARC10319","PUSASUGANDH5",0.0928499209990727
"ARC12071","PUSASUGANDH5",-0.272892406006662
"ARNAPURNA","PUSASUGANDH5",-0.263617655587599
"ASD16","PUSASUGANDH5",-0.127547363284918
"AUS257","PUSASUGANDH5",-0.155146016813919
"BAKAL","PUSASUGANDH5",0.0148421658463182
"BAM1057","PUSASUGANDH5",-0.0218194540114439
"BAM1098","PUSASUGANDH5",0.0621153387857628
"BAM1659","PUSASUGANDH5",-0.216578377808371
"BAM1689","PUSASUGANDH5",0.0356407423959414
"BAM1708","PUSASUGANDH5",0.0430843206204085
"BAM1812","PUSASUGANDH5",0.0866678826026885
"BAM2096","PUSASUGANDH5",-0.277467154483674
"BAM2166","PUSASUGANDH5",-0.25818902744779
"BAM247","PUSASUGANDH5",0.15672572105198
"BAM2574","PUSASUGANDH5",-0.303434664215001
"BAM2680","PUSASUGANDH5",-0.151673495937608
"BAM3154","PUSASUGANDH5",0.124903822036636
"BAM3181","PUSASUGANDH5",-0.257838418060685
"BAM326","PUSASUGANDH5",-0.308542597713405
"BAM328","PUSASUGANDH5",0.0807333959826731
"BAM350","PUSASUGANDH5",0.0160515592607377
"BAM3690","PUSASUGANDH5",0.241136984651148
"BAM4009","PUSASUGANDH5",0.00411918799262927
"BAM4054","PUSASUGANDH5",-0.157561542505124
"BAM4138","PUSASUGANDH5",-0.355149942530107
"BAM4168","PUSASUGANDH5",-0.327984008195048
"BAM4234","PUSASUGANDH5",-0.12285768740229
"BAM4254","PUSASUGANDH5",-0.123290346381009
"BAM4477","PUSASUGANDH5",0.237948901235461
"BAM4496","PUSASUGANDH5",0.0892654599319674
"BAM4510","PUSASUGANDH5",-0.364920318538275
"BAM4521","PUSASUGANDH5",-0.344252280559185
"BAM4534","PUSASUGANDH5",-0.0391837716441601
"BAM4797","PUSASUGANDH5",-0.264583909907243
"BAM491","PUSASUGANDH5",0.0302957004915202
"BAM4928","PUSASUGANDH5",-0.269423301200432
"BAM5110","PUSASUGANDH5",-0.0951424461519651
"BAM56","PUSASUGANDH5",-0.302501892155249
"BAM5779","PUSASUGANDH5",-0.264159461793885
"BAM5850","PUSASUGANDH5",-0.0317238753165541
"BAM6921","PUSASUGANDH5",0.250276421832599
"BAM712","PUSASUGANDH5",-0.200379987340776
"BAM742","PUSASUGANDH5",-0.182534762189754
"BAM7429","PUSASUGANDH5",0.0878313071558161
"BAM7449","PUSASUGANDH5",0.013618419559934
"BAM747","PUSASUGANDH5",-0.19117999971798
"BAM759","PUSASUGANDH5",0.159823239660935
"BAM766","PUSASUGANDH5",-0.19491923591701
"BAM807","PUSASUGANDH5",-0.252510819449826
"BAM811","PUSASUGANDH5",0.150752600902387
"BAM812","PUSASUGANDH5",-0.217734622194208
"BAM819","PUSASUGANDH5",-0.149850812654372
"BAM8296","PUSASUGANDH5",0.319908370310461
"BAM8305","PUSASUGANDH5",0.254185611778752
"BAM8315","PUSASUGANDH5",-0.0949399662875776
"BAM8364","PUSASUGANDH5",-0.104329235297156
"BAMAWPYAN","PUSASUGANDH5",-0.311963903294361
"BENAMURI","PUSASUGANDH5",-0.248535843964471
"BLACKGORA","PUSASUGANDH5",-0.0617932618651764
"CGR1656","PUSASUGANDH5",0.106114846243335
"CGR1679","PUSASUGANDH5",-0.281701170113009
"CGR2012","PUSASUGANDH5",-0.28241464000949
"CO18","PUSASUGANDH5",-0.264226427338053
"CRDHAN-204","PUSASUGANDH5",-0.125501602815096
"CR143-2-2","PUSASUGANDH5",0.191415474683858
"CR262-4","PUSASUGANDH5",0.190643438337316
"CROSSA","PUSASUGANDH5",-0.315598735528265
"DULAR","PUSASUGANDH5",-0.0121448077695495
"EYPO","PUSASUGANDH5",0.184656208011043
"EYPO-2","PUSASUGANDH5",-0.181019253114557
"FULKATI","PUSASUGANDH5",-0.0365754202897524
"Ghanteswari","PUSASUGANDH5",0.22199537075579
"GHATIKAMMANANGARHAR","PUSASUGANDH5",-0.101772106331449
"GotrabiDhan","PUSASUGANDH5",0.199158305655787
"GP-145-37","PUSASUGANDH5",-0.300193009880783
"GP-145-51","PUSASUGANDH5",0.0851005754790941
"HARBHOONDI","PUSASUGANDH5",-0.103818391329524
"HongZuiEr","PUSASUGANDH5",0.202204061786101
"IndrabaruniDhan","PUSASUGANDH5",0.230294325657851
"IR74371-54-1-1","PUSASUGANDH5",0.188980417144546
"IR77298-14-1-2-10","PUSASUGANDH5",0.345119603063298
"IR77298-5-6-18","PUSASUGANDH5",0.198877811234034
"IR83383-B-B-129-4","PUSASUGANDH5",0.213973085418746
"IR83388-B-B108-3","PUSASUGANDH5",0.318274400237932
"IR87707-445-B-B","PUSASUGANDH5",0.253422670202804
"IR87707-446-B-B","PUSASUGANDH5",0.274258694918179
"IRROEPYO","PUSASUGANDH5",-0.326391989699517
"KALINGA-1","PUSASUGANDH5",0.241825615707846
"KANGRO","PUSASUGANDH5",-0.268782091561971
"KHAODAWTAI","PUSASUGANDH5",-0.155340563291614
"MANDRIRAVINA","PUSASUGANDH5",-0.264000078221999
"MAUDAMANI","PUSASUGANDH5",-0.123138418251555
"MOROBEREKAN","PUSASUGANDH5",0.138773250374758
"MTU1010","PUSASUGANDH5",0.25912183131884
"MTU9","PUSASUGANDH5",-0.278263683452783
"NERICA-L-26","PUSASUGANDH5",0.256795786612836
"NERICA-L-42","PUSASUGANDH5",0.24722182210137
"NERICA-L-44","PUSASUGANDH5",0.302817060695649
"PARIJAT","PUSASUGANDH5",0.265009648918087
"Patchaiperumal","PUSASUGANDH5",0.0659848753261367
"PEH-KUH-TSAO-TU","PUSASUGANDH5",-0.268852578019107
"PMK-2","PUSASUGANDH5",0.179077437264436
"PRASAD-1","PUSASUGANDH5",-0.0974042895663759
"PUSASUGANDH5","PUSASUGANDH5",1.25424943814635
"PUSA1121","PUSASUGANDH5",0.437455598322142
"Pusa1121-SN12","PUSASUGANDH5",0.513908649169067
"PUSA44","PUSASUGANDH5",0.317315563112763
"PUSABASMATI6","PUSASUGANDH5",0.105147501675713
"PUSASUGANDH2","PUSASUGANDH5",-0.129733345976529
"RASI","PUSASUGANDH5",0.164494569247172
"RKVY-104","PUSASUGANDH5",0.0521624317166848
"RKVY-143","PUSASUGANDH5",0.0752071195558527
"RKVY-28","PUSASUGANDH5",0.00386715923589013
"R-RF-44","PUSASUGANDH5",0.256062349597628
"RRF-78","PUSASUGANDH5",0.172292339359748
"Sadabahar","PUSASUGANDH5",-0.284150944750605
"SAFRI-17","PUSASUGANDH5",-0.104495042789478
"SAHBHAGIDHAN","PUSASUGANDH5",0.258009085638962
"SATABHAMA","PUSASUGANDH5",-0.171161902424461
"SERATOES","PUSASUGANDH5",-0.0641515933990071
"SERETY","PUSASUGANDH5",-0.271797992048377
"SHAKU","PUSASUGANDH5",-0.180763229967552
"SR1-3-1","PUSASUGANDH5",-0.0136701042028802
"SUWEON","PUSASUGANDH5",-0.157320202635964
"SWARNA","PUSASUGANDH5",0.2547455847595
"VANAPRAVA","PUSASUGANDH5",-0.0132005875911513
"VANDANA","PUSASUGANDH5",0.10604718508175
"Wayrarem","PUSASUGANDH5",0.20921955050774
"281785","PUSA1121",-0.298730022181495
"282803","PUSA1121",0.023291980770516
"299554","PUSA1121",0.0796847791705185
"356457","PUSA1121",0.0898209532082306
"376579","PUSA1121",-0.264710416695879
"376851","PUSA1121",-0.288648534630729
"377448","PUSA1121",0.0848796303632872
"377705","PUSA1121",0.0502375998684433
"384190","PUSA1121",-0.0374561829400391
"426049","PUSA1121",0.0832935437808549
"438644","PUSA1121",0.0157346941718594
"ADAYSEL","PUSA1121",0.246107006023222
"AbhayaXDagadesi","PUSA1121",0.0132227300629559
"ABHISEK","PUSA1121",-0.272793137377124
"ABOR-A-1","PUSA1121",0.00889262305193552
"ANJALI","PUSA1121",-0.342478642719678
"Annada","PUSA1121",0.228638354037542
"Apo","PUSA1121",0.0938385900304535
"ARC10319","PUSA1121",0.0581488247041138
"ARC12071","PUSA1121",-0.30209986434909
"ARNAPURNA","PUSA1121",-0.357706993026287
"ASD16","PUSA1121",-0.303393332105276
"AUS257","PUSA1121",-0.25229437186607
"BAKAL","PUSA1121",0.283534265868439
"BAM1057","PUSA1121",0.263368182461994
"BAM1098","PUSA1121",0.355257789412508
"BAM1659","PUSA1121",-0.308538610506237
"BAM1689","PUSA1121",0.263752585535435
"BAM1708","PUSA1121",0.246145145498988
"BAM1812","PUSA1121",0.0827776665470857
"BAM2096","PUSA1121",-0.293341871724673
"BAM2166","PUSA1121",-0.0253267010699978
"BAM247","PUSA1121",-0.00892279675938713
"BAM2574","PUSA1121",-0.247838172710369
"BAM2680","PUSA1121",-0.284517981077083
"BAM3154","PUSA1121",0.0894304173662424
"BAM3181","PUSA1121",-0.31192404656795
"BAM326","PUSA1121",-0.355069222879488
"BAM328","PUSA1121",0.0409427796028721
"BAM350","PUSA1121",0.153797325793081
"BAM3690","PUSA1121",0.10277178803685
"BAM4009","PUSA1121",0.242779635640184
"BAM4054","PUSA1121",-0.308436655019766
"BAM4138","PUSA1121",-0.0201348107121296
"BAM4168","PUSA1121",-0.133889019560419
"BAM4234","PUSA1121",-0.352541135630811
"BAM4254","PUSA1121",-0.343262519482522
"BAM4477","PUSA1121",0.0543657314524532
"BAM4496","PUSA1121",0.037932945378935
"BAM4510","PUSA1121",-0.0358538076861776
"BAM4521","PUSA1121",-0.0464602096897803
"BAM4534","PUSA1121",0.312171354286045
"BAM4797","PUSA1121",-0.249263056414636
"BAM491","PUSA1121",0.133675127888275
"BAM4928","PUSA1121",-0.0457671900170679
"BAM5110","PUSA1121",-0.27663026763878
"BAM56","PUSA1121",-0.0406729984513792
"BAM5779","PUSA1121",-0.0762591268756584
"BAM5850","PUSA1121",0.292523910382662
"BAM6921","PUSA1121",0.118298648360776
"BAM712","PUSA1121",0.221078055035469
"BAM742","PUSA1121",0.211473251671275
"BAM7429","PUSA1121",0.065587485895901
"BAM7449","PUSA1121",0.346025754099834
"BAM747","PUSA1121",0.226321462027999
"BAM759","PUSA1121",0.218825885374896
"BAM766","PUSA1121",0.202465886183342
"BAM807","PUSA1121",-0.0632101021480617
"BAM811","PUSA1121",0.0744612335753908
"BAM812","PUSA1121",-0.267347375055751
"BAM819","PUSA1121",-0.291218365407262
"BAM8296","PUSA1121",0.108829056886262
"BAM8305","PUSA1121",0.0368551511086052
"BAM8315","PUSA1121",0.633084728287332
"BAM8364","PUSA1121",-0.209135993859868
"BAMAWPYAN","PUSA1121",-0.00829225471619962
"BENAMURI","PUSA1121",-0.329547380616245
"BLACKGORA","PUSA1121",-0.209645294000219
"CGR1656","PUSA1121",0.0244377741599729
"CGR1679","PUSA1121",-0.312092920536281
"CGR2012","PUSA1121",-0.308292575290331
"CO18","PUSA1121",-0.306975557226039
"CRDHAN-204","PUSA1121",-0.279471022337667
"CR143-2-2","PUSA1121",0.109369524387129
"CR262-4","PUSA1121",0.0994071143422537
"CROSSA","PUSA1121",-0.309759798572761
"DULAR","PUSA1121",0.29024882841528
"EYPO","PUSA1121",0.103942889356739
"EYPO-2","PUSA1121",-0.31649346995277
"FULKATI","PUSA1121",0.300498281206065
"Ghanteswari","PUSA1121",0.0547794176785607
"GHATIKAMMANANGARHAR","PUSA1121",-0.28174976535474
"GotrabiDhan","PUSA1121",0.00610075219294768
"GP-145-37","PUSA1121",-0.303759904196125
"GP-145-51","PUSA1121",0.0322706766932421
"HARBHOONDI","PUSA1121",-0.206692823972467
"HongZuiEr","PUSA1121",0.0783517371934553
"IndrabaruniDhan","PUSA1121",0.0266909293005679
"IR74371-54-1-1","PUSA1121",0.10613212905323
"IR77298-14-1-2-10","PUSA1121",0.108045326195775
"IR77298-5-6-18","PUSA1121",0.0441315342882863
"IR83383-B-B-129-4","PUSA1121",-0.0376731116069059
"IR83388-B-B108-3","PUSA1121",0.14219529240429
"IR87707-445-B-B","PUSA1121",-0.0354058437469039
"IR87707-446-B-B","PUSA1121",0.00850512661074112
"IRROEPYO","PUSA1121",-0.151059221426344
"KALINGA-1","PUSA1121",0.0066199667970016
"KANGRO","PUSA1121",-0.307309152189481
"KHAODAWTAI","PUSA1121",-0.248821869825392
"MANDRIRAVINA","PUSA1121",-0.308324439147294
"MAUDAMANI","PUSA1121",-0.334687999216246
"MOROBEREKAN","PUSA1121",0.526716440996751
"MTU1010","PUSA1121",-0.0144597668463453
"MTU9","PUSA1121",-0.308800525210796
"NERICA-L-26","PUSA1121",0.139372701127176
"NERICA-L-42","PUSA1121",0.133237716619389
"NERICA-L-44","PUSA1121",0.040396935665585
"PARIJAT","PUSA1121",0.0285190536143747
"Patchaiperumal","PUSA1121",-0.024495192723988
"PEH-KUH-TSAO-TU","PUSA1121",-0.310876402666595
"PMK-2","PUSA1121",-0.00139911889852023
"PRASAD-1","PUSA1121",-0.186076149202759
"PUSASUGANDH5","PUSA1121",0.437455598322142
"PUSA1121","PUSA1121",1.66292214565943
"Pusa1121-SN12","PUSA1121",1.44720481023208
"PUSA44","PUSA1121",0.119595043542441
"PUSABASMATI6","PUSA1121",0.440267260368357
"PUSASUGANDH2","PUSA1121",-0.305085218538462
"RASI","PUSA1121",0.0578231025963304
"RKVY-104","PUSA1121",0.379697364813811
"RKVY-143","PUSA1121",0.00971266131563295
"RKVY-28","PUSA1121",0.284360884012484
"R-RF-44","PUSA1121",0.0261703365425684
"RRF-78","PUSA1121",0.106867521677761
"Sadabahar","PUSA1121",-0.287124496841788
"SAFRI-17","PUSA1121",-0.209767511176267
"SAHBHAGIDHAN","PUSA1121",0.0309243418242862
"SATABHAMA","PUSA1121",-0.261059605285328
"SERATOES","PUSA1121",0.259103396824756
"SERETY","PUSA1121",-0.297288704038056
"SHAKU","PUSA1121",-0.180355616170347
"SR1-3-1","PUSA1121",-0.22724938658042
"SUWEON","PUSA1121",-0.145526534066199
"SWARNA","PUSA1121",0.0616467753562796
"VANAPRAVA","PUSA1121",0.273309675649747
"VANDANA","PUSA1121",0.114580713712886
"Wayrarem","PUSA1121",0.107091205317294
"281785","Pusa1121-SN12",-0.276016475340335
"282803","Pusa1121-SN12",0.0711268007807515
"299554","Pusa1121-SN12",0.123160080089357
"356457","Pusa1121-SN12",0.13367524704709
"376579","Pusa1121-SN12",-0.301394889348633
"376851","Pusa1121-SN12",-0.309171772462382
"377448","Pusa1121-SN12",0.0763169796314205
"377705","Pusa1121-SN12",0.0836134474529339
"384190","Pusa1121-SN12",-0.0690923052795786
"426049","Pusa1121-SN12",0.125756620014167
"438644","Pusa1121-SN12",0.0622296290911492
"ADAYSEL","Pusa1121-SN12",0.255714997693213
"AbhayaXDagadesi","Pusa1121-SN12",0.0581761756661381
"ABHISEK","Pusa1121-SN12",-0.275927977000612
"ABOR-A-1","Pusa1121-SN12",0.042836331284624
"ANJALI","Pusa1121-SN12",-0.330587722936463
"Annada","Pusa1121-SN12",0.206040052720905
"Apo","Pusa1121-SN12",0.117792870993013
"ARC10319","Pusa1121-SN12",0.0669498170013083
"ARC12071","Pusa1121-SN12",-0.298818837326952
"ARNAPURNA","Pusa1121-SN12",-0.366147454936165
"ASD16","Pusa1121-SN12",-0.295824504475
"AUS257","Pusa1121-SN12",-0.281324962154649
"BAKAL","Pusa1121-SN12",0.275624466476387
"BAM1057","Pusa1121-SN12",0.276086264619365
"BAM1098","Pusa1121-SN12",0.316533033982258
"BAM1659","Pusa1121-SN12",-0.318624344133771
"BAM1689","Pusa1121-SN12",0.25222901358326
"BAM1708","Pusa1121-SN12",0.240884220230165
"BAM1812","Pusa1121-SN12",0.081798775363923
"BAM2096","Pusa1121-SN12",-0.315127354920767
"BAM2166","Pusa1121-SN12",-0.0246598198690973
"BAM247","Pusa1121-SN12",0.0324729352979546
"BAM2574","Pusa1121-SN12",-0.280659389781633
"BAM2680","Pusa1121-SN12",-0.275173736188944
"BAM3154","Pusa1121-SN12",0.0683285954996263
"BAM3181","Pusa1121-SN12",-0.30207572163782
"BAM326","Pusa1121-SN12",-0.379005555763141
"BAM328","Pusa1121-SN12",0.0454149906850133
"BAM350","Pusa1121-SN12",0.153324079116159
"BAM3690","Pusa1121-SN12",0.131727662038891
"BAM4009","Pusa1121-SN12",0.240431365917527
"BAM4054","Pusa1121-SN12",-0.299425479244955
"BAM4138","Pusa1121-SN12",-0.054650487346679
"BAM4168","Pusa1121-SN12",-0.184961583465436
"BAM4234","Pusa1121-SN12",-0.34030798405456
"BAM4254","Pusa1121-SN12",-0.331088422470956
"BAM4477","Pusa1121-SN12",0.079974854356782
"BAM4496","Pusa1121-SN12",0.050271670398295
"BAM4510","Pusa1121-SN12",-0.0859696304085459
"BAM4521","Pusa1121-SN12",-0.071354829932584
"BAM4534","Pusa1121-SN12",0.273385164135957
"BAM4797","Pusa1121-SN12",-0.283646338943258
"BAM491","Pusa1121-SN12",0.118406884445149
"BAM4928","Pusa1121-SN12",-0.0616210880747037
"BAM5110","Pusa1121-SN12",-0.283451134984352
"BAM56","Pusa1121-SN12",-0.0631930572785149
"BAM5779","Pusa1121-SN12",-0.0973127986469986
"BAM5850","Pusa1121-SN12",0.305423048714081
"BAM6921","Pusa1121-SN12",0.118206287263325
"BAM712","Pusa1121-SN12",0.190979005579945
"BAM742","Pusa1121-SN12",0.186995125813813
"BAM7429","Pusa1121-SN12",0.0479716029087562
"BAM7449","Pusa1121-SN12",0.308774890716912
"BAM747","Pusa1121-SN12",0.198125908875557
"BAM759","Pusa1121-SN12",0.211091048617276
"BAM766","Pusa1121-SN12",0.177549942597938
"BAM807","Pusa1121-SN12",-0.0780841973721444
"BAM811","Pusa1121-SN12",0.076235458592489
"BAM812","Pusa1121-SN12",-0.285919249089802
"BAM819","Pusa1121-SN12",-0.293212809063965
"BAM8296","Pusa1121-SN12",0.109287004654739
"BAM8305","Pusa1121-SN12",0.087611434805257
"BAM8315","Pusa1121-SN12",0.561608586066561
"BAM8364","Pusa1121-SN12",-0.216350267271313
"BAMAWPYAN","Pusa1121-SN12",-0.0485139685942289
"BENAMURI","Pusa1121-SN12",-0.33833960880534
"BLACKGORA","Pusa1121-SN12",-0.224957044572909
"CGR1656","Pusa1121-SN12",0.0319207884474161
"CGR1679","Pusa1121-SN12",-0.33864336460741
"CGR2012","Pusa1121-SN12",-0.331717893816239
"CO18","Pusa1121-SN12",-0.300470503280589
"CRDHAN-204","Pusa1121-SN12",-0.287296486349163
"CR143-2-2","Pusa1121-SN12",0.107738160245933
"CR262-4","Pusa1121-SN12",0.0993219604824832
"CROSSA","Pusa1121-SN12",-0.336543856291468
"DULAR","Pusa1121-SN12",0.264365268708572
"EYPO","Pusa1121-SN12",0.108171277657056
"EYPO-2","Pusa1121-SN12",-0.307043220938729
"FULKATI","Pusa1121-SN12",0.279344758388341
"Ghanteswari","Pusa1121-SN12",0.0905234428423732
"GHATIKAMMANANGARHAR","Pusa1121-SN12",-0.266173810961996
"GotrabiDhan","Pusa1121-SN12",0.0389335278351431
"GP-145-37","Pusa1121-SN12",-0.326333432133522
"GP-145-51","Pusa1121-SN12",0.0181587373720369
"HARBHOONDI","Pusa1121-SN12",-0.244356237351894
"HongZuiEr","Pusa1121-SN12",0.0725061652836741
"IndrabaruniDhan","Pusa1121-SN12",0.0491420919733747
"IR74371-54-1-1","Pusa1121-SN12",0.114081843539964
"IR77298-14-1-2-10","Pusa1121-SN12",0.132449967408234
"IR77298-5-6-18","Pusa1121-SN12",0.0698986680024783
"IR83383-B-B-129-4","Pusa1121-SN12",0.00867898168100601
"IR83388-B-B108-3","Pusa1121-SN12",0.157426786496462
"IR87707-445-B-B","Pusa1121-SN12",0.00836782356525013
"IR87707-446-B-B","Pusa1121-SN12",0.0367659859394185
"IRROEPYO","Pusa1121-SN12",-0.171713173417766
"KALINGA-1","Pusa1121-SN12",0.0714708387530476
"KANGRO","Pusa1121-SN12",-0.301837110838952
"KHAODAWTAI","Pusa1121-SN12",-0.24448115522905
"MANDRIRAVINA","Pusa1121-SN12",-0.295891686256147
"MAUDAMANI","Pusa1121-SN12",-0.324214667719158
"MOROBEREKAN","Pusa1121-SN12",0.530838080377243
"MTU1010","Pusa1121-SN12",0.0456874553736411
"MTU9","Pusa1121-SN12",-0.306319995547782
"NERICA-L-26","Pusa1121-SN12",0.12344165940274
"NERICA-L-42","Pusa1121-SN12",0.11478448112906
"NERICA-L-44","Pusa1121-SN12",0.0519030905969233
"PARIJAT","Pusa1121-SN12",0.0525069743319793
"Patchaiperumal","Pusa1121-SN12",-0.0245312502779686
"PEH-KUH-TSAO-TU","Pusa1121-SN12",-0.300184903673414
"PMK-2","Pusa1121-SN12",0.0313435233866851
"PRASAD-1","Pusa1121-SN12",-0.167289929400264
"PUSASUGANDH5","Pusa1121-SN12",0.513908649169067
"PUSA1121","Pusa1121-SN12",1.44720481023208
"Pusa1121-SN12","Pusa1121-SN12",1.61766705508466
"PUSA44","Pusa1121-SN12",0.164079229923544
"PUSABASMATI6","Pusa1121-SN12",0.444076138428271
"PUSASUGANDH2","Pusa1121-SN12",-0.306674374954487
"RASI","Pusa1121-SN12",0.0653297839743777
"RKVY-104","Pusa1121-SN12",0.359886115930268
"RKVY-143","Pusa1121-SN12",0.0158570466791716
"RKVY-28","Pusa1121-SN12",0.263223475715413
"R-RF-44","Pusa1121-SN12",0.0476442134226359
"RRF-78","Pusa1121-SN12",0.127226451765649
"Sadabahar","Pusa1121-SN12",-0.332117838569367
"SAFRI-17","Pusa1121-SN12",-0.223815522961715
"SAHBHAGIDHAN","Pusa1121-SN12",0.046955193342298
"SATABHAMA","Pusa1121-SN12",-0.276627438565977
"SERATOES","Pusa1121-SN12",0.240798027028609
"SERETY","Pusa1121-SN12",-0.294882747995195
"SHAKU","Pusa1121-SN12",-0.186218174904088
"SR1-3-1","Pusa1121-SN12",-0.243222947199021
"SUWEON","Pusa1121-SN12",-0.161773658599275
"SWARNA","Pusa1121-SN12",0.0657725228232548
"VANAPRAVA","Pusa1121-SN12",0.29725264601194
"VANDANA","Pusa1121-SN12",0.102058738475099
"Wayrarem","Pusa1121-SN12",0.112217867413571
"281785","PUSA44",-0.0881255757263296
"282803","PUSA44",0.292460631846312
"299554","PUSA44",0.318283675993398
"356457","PUSA44",0.319139132005261
"376579","PUSA44",-0.285731072075222
"376851","PUSA44",-0.27612690849186
"377448","PUSA44",0.145147077533438
"377705","PUSA44",0.304461138880465
"384190","PUSA44",-0.414616218351936
"426049","PUSA44",0.32212645605082
"438644","PUSA44",0.271000645376114
"ADAYSEL","PUSA44",0.037070772294212
"AbhayaXDagadesi","PUSA44",0.315647687894762
"ABHISEK","PUSA44",-0.108515361184787
"ABOR-A-1","PUSA44",0.197899493464844
"ANJALI","PUSA44",-0.0182588188201799
"Annada","PUSA44",-0.382266268389854
"Apo","PUSA44",0.255934675559176
"ARC10319","PUSA44",0.0819674351565546
"ARC12071","PUSA44",-0.279422687634181
"ARNAPURNA","PUSA44",-0.250957065265821
"ASD16","PUSA44",0.0906821723713718
"AUS257","PUSA44",-0.153398361107353
"BAKAL","PUSA44",-0.0679571562839591
"BAM1057","PUSA44",-0.11115886235488
"BAM1098","PUSA44",-0.0599975289763464
"BAM1659","PUSA44",-0.226422346776649
"BAM1689","PUSA44",-0.102113462384868
"BAM1708","PUSA44",-0.0581465422840533
"BAM1812","PUSA44",0.0678007584747772
"BAM2096","PUSA44",-0.279253719277232
"BAM2166","PUSA44",-0.397105809655362
"BAM247","PUSA44",0.37527606042091
"BAM2574","PUSA44",-0.233836590709087
"BAM2680","PUSA44",-0.0588733525213049
"BAM3154","PUSA44",0.227133711123307
"BAM3181","PUSA44",-0.294733934333138
"BAM326","PUSA44",-0.2886130079582
"BAM328","PUSA44",0.0481137395937612
"BAM350","PUSA44",-0.00372469504845378
"BAM3690","PUSA44",0.20091335028458
"BAM4009","PUSA44",-0.0972841706553407
"BAM4054","PUSA44",0.00942726929593072
"BAM4138","PUSA44",-0.441232348253359
"BAM4168","PUSA44",-0.352281570218706
"BAM4234","PUSA44",-0.0584026434889742
"BAM4254","PUSA44",-0.0590925396714025
"BAM4477","PUSA44",0.198213273139249
"BAM4496","PUSA44",0.120463198998577
"BAM4510","PUSA44",-0.432579383400012
"BAM4521","PUSA44",-0.439654776714927
"BAM4534","PUSA44",-0.0893930934957759
"BAM4797","PUSA44",-0.266630890612036
"BAM491","PUSA44",-0.00278053917248873
"BAM4928","PUSA44",-0.403264476491974
"BAM5110","PUSA44",-0.0125353764343659
"BAM56","PUSA44",-0.380159527860624
"BAM5779","PUSA44",-0.315612397969507
"BAM5850","PUSA44",-0.0929569961440481
"BAM6921","PUSA44",0.319659526379796
"BAM712","PUSA44",-0.382932492373767
"BAM742","PUSA44",-0.394039842029012
"BAM7429","PUSA44",0.116812244473029
"BAM7449","PUSA44",-0.0837775367093384
"BAM747","PUSA44",-0.387821520377794
"BAM759","PUSA44",0.149095485682782
"BAM766","PUSA44",-0.388937575004408
"BAM807","PUSA44",-0.297525225739623
"BAM811","PUSA44",0.165721091369018
"BAM812","PUSA44",-0.197869643425428
"BAM819","PUSA44",0.00806330515249933
"BAM8296","PUSA44",0.524868077693073
"BAM8305","PUSA44",0.36176800906659
"BAM8315","PUSA44",-0.385590498305983
"BAM8364","PUSA44",-0.0413523496462559
"BAMAWPYAN","PUSA44",-0.430616044647799
"BENAMURI","PUSA44",-0.28285573674506
"BLACKGORA","PUSA44",0.0648539357431833
"CGR1656","PUSA44",0.0943475675901398
"CGR1679","PUSA44",-0.299641789998221
"CGR2012","PUSA44",-0.277011033836481
"CO18","PUSA44",-0.275890702373732
"CRDHAN-204","PUSA44",-0.0813143360297569
"CR143-2-2","PUSA44",0.223977224718393
"CR262-4","PUSA44",0.211139026978721
"CROSSA","PUSA44",-0.271174521172522
"DULAR","PUSA44",-0.0798615791299949
"EYPO","PUSA44",0.0829507934100377
"EYPO-2","PUSA44",-0.172543224821921
"FULKATI","PUSA44",-0.0669560331987524
"Ghanteswari","PUSA44",0.281212013686085
"GHATIKAMMANANGARHAR","PUSA44",0.0796396993315725
"GotrabiDhan","PUSA44",0.418407752402268
"GP-145-37","PUSA44",-0.259333597331472
"GP-145-51","PUSA44",0.0584079705099539
"HARBHOONDI","PUSA44",-0.119984119054967
"HongZuiEr","PUSA44",0.219920404147433
"IndrabaruniDhan","PUSA44",0.292674960679285
"IR74371-54-1-1","PUSA44",0.253671096114085
"IR77298-14-1-2-10","PUSA44",0.307562530827598
"IR77298-5-6-18","PUSA44",0.352932567098872
"IR83383-B-B-129-4","PUSA44",0.391435167935473
"IR83388-B-B108-3","PUSA44",0.312707055799375
"IR87707-445-B-B","PUSA44",0.335493635977129
"IR87707-446-B-B","PUSA44",0.319605835813729
"IRROEPYO","PUSA44",-0.333847449503547
"KALINGA-1","PUSA44",0.380050947705559
"KANGRO","PUSA44",-0.272178666011708
"KHAODAWTAI","PUSA44",-0.0906623493354557
"MANDRIRAVINA","PUSA44",-0.275400637856734
"MAUDAMANI","PUSA44",-0.0849363293910067
"MOROBEREKAN","PUSA44",-0.0175283497288915
"MTU1010","PUSA44",0.43520512203908
"MTU9","PUSA44",-0.278313956165187
"NERICA-L-26","PUSA44",0.326756467743076
"NERICA-L-42","PUSA44",0.329807968042902
"NERICA-L-44","PUSA44",0.404655273353534
"PARIJAT","PUSA44",0.336771291174175
"Patchaiperumal","PUSA44",0.10605864025014
"PEH-KUH-TSAO-TU","PUSA44",-0.272919045010177
"PMK-2","PUSA44",0.20364529069039
"PRASAD-1","PUSA44",-0.0199214370653471
"PUSASUGANDH5","PUSA44",0.317315563112763
"PUSA1121","PUSA44",0.119595043542441
"Pusa1121-SN12","PUSA44",0.164079229923544
"PUSA44","PUSA44",1.14274062224423
"PUSABASMATI6","PUSA44",-0.0880890828556508
"PUSASUGANDH2","PUSA44",-0.0548780590882591
"RASI","PUSA44",0.24025405698166
"RKVY-104","PUSA44",-0.0514902759977109
"RKVY-143","PUSA44",0.0686034060475005
"RKVY-28","PUSA44",-0.0971271211352133
"R-RF-44","PUSA44",0.427309521263442
"RRF-78","PUSA44",0.195582408696573
"Sadabahar","PUSA44",-0.281130442111951
"SAFRI-17","PUSA44",0.0149464280359665
"SAHBHAGIDHAN","PUSA44",0.309768406351357
"SATABHAMA","PUSA44",-0.0927009776251033
"SERATOES","PUSA44",-0.112112193031909
"SERETY","PUSA44",-0.276371681893927
"SHAKU","PUSA44",-0.189618310383736
"SR1-3-1","PUSA44",-0.0281074186868618
"SUWEON","PUSA44",-0.230505109746138
"SWARNA","PUSA44",0.22985426541783
"VANAPRAVA","PUSA44",-0.110394768972735
"VANDANA","PUSA44",0.0758070276961325
"Wayrarem","PUSA44",0.267325245135862
"281785","PUSABASMATI6",0.228647687244305
"282803","PUSABASMATI6",-0.193817464662306
"299554","PUSABASMATI6",-0.190650334151026
"356457","PUSABASMATI6",-0.186667194935602
"376579","PUSABASMATI6",0.117980654466372
"376851","PUSABASMATI6",0.111978256312412
"377448","PUSABASMATI6",-0.260161358292773
"377705","PUSABASMATI6",-0.262863890270358
"384190","PUSABASMATI6",0.151116766718717
"426049","PUSABASMATI6",-0.183861273783563
"438644","PUSABASMATI6",-0.190320602846834
"ADAYSEL","PUSABASMATI6",-0.168948014464276
"AbhayaXDagadesi","PUSABASMATI6",-0.154827149761
"ABHISEK","PUSABASMATI6",0.213053452701474
"ABOR-A-1","PUSABASMATI6",-0.29224436727264
"ANJALI","PUSABASMATI6",0.199454382746618
"Annada","PUSABASMATI6",0.411319312365026
"Apo","PUSABASMATI6",-0.192543729377224
"ARC10319","PUSABASMATI6",-0.245929904253566
"ARC12071","PUSABASMATI6",0.165108154882023
"ARNAPURNA","PUSABASMATI6",0.0844549660871673
"ASD16","PUSABASMATI6",0.196856246133438
"AUS257","PUSABASMATI6",0.198671778377508
"BAKAL","PUSABASMATI6",-0.199801734067526
"BAM1057","PUSABASMATI6",-0.215623471233272
"BAM1098","PUSABASMATI6",-0.119053682656043
"BAM1659","PUSABASMATI6",0.116593194728208
"BAM1689","PUSABASMATI6",-0.166384459557238
"BAM1708","PUSABASMATI6",-0.184970829036961
"BAM1812","PUSABASMATI6",-0.305665594298495
"BAM2096","PUSABASMATI6",0.169591925725881
"BAM2166","PUSABASMATI6",0.231598124263195
"BAM247","PUSABASMATI6",-0.218717543170651
"BAM2574","PUSABASMATI6",0.146808279821237
"BAM2680","PUSABASMATI6",0.156428196869112
"BAM3154","PUSABASMATI6",-0.264935876434298
"BAM3181","PUSABASMATI6",0.121936284553447
"BAM326","PUSABASMATI6",0.0658814868055535
"BAM328","PUSABASMATI6",-0.307583539897183
"BAM350","PUSABASMATI6",-0.315859689491975
"BAM3690","PUSABASMATI6",-0.255036127799986
"BAM4009","PUSABASMATI6",-0.183914314441796
"BAM4054","PUSABASMATI6",0.181295844043727
"BAM4138","PUSABASMATI6",0.216522142385628
"BAM4168","PUSABASMATI6",0.249207202989855
"BAM4234","PUSABASMATI6",0.226508830491108
"BAM4254","PUSABASMATI6",0.238514858789583
"BAM4477","PUSABASMATI6",-0.301618730608493
"BAM4496","PUSABASMATI6",-0.29063590896361
"BAM4510","PUSABASMATI6",0.161007120015381
"BAM4521","PUSABASMATI6",0.18808926467696
"BAM4534","PUSABASMATI6",-0.209597191305684
"BAM4797","PUSABASMATI6",0.152365559029654
"BAM491","PUSABASMATI6",-0.289607104734429
"BAM4928","PUSABASMATI6",0.248947348661398
"BAM5110","PUSABASMATI6",0.197924577358508
"BAM56","PUSABASMATI6",0.226297945652864
"BAM5779","PUSABASMATI6",0.257123419341029
"BAM5850","PUSABASMATI6",-0.207412557342405
"BAM6921","PUSABASMATI6",-0.156198415061564
"BAM712","PUSABASMATI6",0.418274462363325
"BAM742","PUSABASMATI6",0.403402552993814
"BAM7429","PUSABASMATI6",-0.315016803517778
"BAM7449","PUSABASMATI6",-0.170785380436856
"BAM747","PUSABASMATI6",0.417627410023659
"BAM759","PUSABASMATI6",-0.168522301407543
"BAM766","PUSABASMATI6",0.374457431016886
"BAM807","PUSABASMATI6",0.279576814174632
"BAM811","PUSABASMATI6",-0.256178133259282
"BAM812","PUSABASMATI6",0.138356581681703
"BAM819","PUSABASMATI6",0.193177000122837
"BAM8296","PUSABASMATI6",-0.145770384486531
"BAM8305","PUSABASMATI6",-0.204344797826216
"BAM8315","PUSABASMATI6",0.644817165194597
"BAM8364","PUSABASMATI6",0.27631935900781
"BAMAWPYAN","PUSABASMATI6",0.224387336222343
"BENAMURI","PUSABASMATI6",0.105998037417102
"BLACKGORA","PUSABASMATI6",0.321464068507292
"CGR1656","PUSABASMATI6",-0.299743064360108
"CGR1679","PUSABASMATI6",0.0856869984219336
"CGR2012","PUSABASMATI6",0.0686479134293353
"CO18","PUSABASMATI6",0.151921971225116
"CRDHAN-204","PUSABASMATI6",0.206489880209909
"CR143-2-2","PUSABASMATI6",-0.224452681713142
"CR262-4","PUSABASMATI6",-0.209470779914106
"CROSSA","PUSABASMATI6",0.0913820158920915
"DULAR","PUSABASMATI6",-0.235961763775095
"EYPO","PUSABASMATI6",-0.191198403871529
"EYPO-2","PUSABASMATI6",0.115389822564337
"FULKATI","PUSABASMATI6",-0.222385074967944
"Ghanteswari","PUSABASMATI6",-0.285770444030164
"GHATIKAMMANANGARHAR","PUSABASMATI6",0.190450032514069
"GotrabiDhan","PUSABASMATI6",-0.20718535768558
"GP-145-37","PUSABASMATI6",0.042860507015099
"GP-145-51","PUSABASMATI6",-0.329458002231979
"HARBHOONDI","PUSABASMATI6",0.220617342667669
"HongZuiEr","PUSABASMATI6",-0.292516544554644
"IndrabaruniDhan","PUSABASMATI6",-0.192778287962364
"IR74371-54-1-1","PUSABASMATI6",-0.223217960358063
"IR77298-14-1-2-10","PUSABASMATI6",-0.173727533062916
"IR77298-5-6-18","PUSABASMATI6",-0.121781033956295
"IR83383-B-B-129-4","PUSABASMATI6",-0.139373039039635
"IR83388-B-B108-3","PUSABASMATI6",-0.118151601937617
"IR87707-445-B-B","PUSABASMATI6",-0.154440708623418
"IR87707-446-B-B","PUSABASMATI6",-0.210256823207694
"IRROEPYO","PUSABASMATI6",0.188623361840292
"KALINGA-1","PUSABASMATI6",-0.279145161492885
"KANGRO","PUSABASMATI6",0.137930720011475
"KHAODAWTAI","PUSABASMATI6",0.131453175580302
"MANDRIRAVINA","PUSABASMATI6",0.141407793872748
"MAUDAMANI","PUSABASMATI6",0.196061278411284
"MOROBEREKAN","PUSABASMATI6",0.072140476576028
"MTU1010","PUSABASMATI6",-0.149325548658465
"MTU9","PUSABASMATI6",0.160198388531757
"NERICA-L-26","PUSABASMATI6",-0.180725939476891
"NERICA-L-42","PUSABASMATI6",-0.191844662855831
"NERICA-L-44","PUSABASMATI6",-0.165569558052486
"PARIJAT","PUSABASMATI6",-0.167905822892761
"Patchaiperumal","PUSABASMATI6",-0.297077933685864
"PEH-KUH-TSAO-TU","PUSABASMATI6",0.145902197848025
"PMK-2","PUSABASMATI6",-0.292143319653075
"PRASAD-1","PUSABASMATI6",0.289689847030712
"PUSASUGANDH5","PUSABASMATI6",0.105147501675713
"PUSA1121","PUSABASMATI6",0.440267260368357
"Pusa1121-SN12","PUSABASMATI6",0.444076138428271
"PUSA44","PUSABASMATI6",-0.0880890828556508
"PUSABASMATI6","PUSABASMATI6",1.50593757598665
"PUSASUGANDH2","PUSABASMATI6",0.198966571232735
"RASI","PUSABASMATI6",-0.276400515662135
"RKVY-104","PUSABASMATI6",-0.174205979999766
"RKVY-143","PUSABASMATI6",-0.337656407029297
"RKVY-28","PUSABASMATI6",-0.239652602217209
"R-RF-44","PUSABASMATI6",-0.154342710912477
"RRF-78","PUSABASMATI6",-0.176118197451419
"Sadabahar","PUSABASMATI6",0.12234679406373
"SAFRI-17","PUSABASMATI6",0.209604158076689
"SAHBHAGIDHAN","PUSABASMATI6",-0.159570806023703
"SATABHAMA","PUSABASMATI6",0.166147493334245
"SERATOES","PUSABASMATI6",-0.244450380651505
"SERETY","PUSABASMATI6",0.148294574568636
"SHAKU","PUSABASMATI6",0.239293180408208
"SR1-3-1","PUSABASMATI6",0.290059786855214
"SUWEON","PUSABASMATI6",0.25057604263603
"SWARNA","PUSABASMATI6",-0.238780705043346
"VANAPRAVA","PUSABASMATI6",-0.209026735390371
"VANDANA","PUSABASMATI6",-0.220639430092872
"Wayrarem","PUSABASMATI6",-0.195614263018304
"281785","PUSASUGANDH2",0.272719564135221
"282803","PUSASUGANDH2",-0.169795162573471
"299554","PUSASUGANDH2",-0.0362246661184998
"356457","PUSASUGANDH2",-0.14656762126189
"376579","PUSASUGANDH2",0.231135250249833
"376851","PUSASUGANDH2",0.265220399176458
"377448","PUSASUGANDH2",-0.172558339757026
"377705","PUSASUGANDH2",-0.204259984502121
"384190","PUSASUGANDH2",-0.04301654846152
"426049","PUSASUGANDH2",-0.144465343243071
"438644","PUSASUGANDH2",-0.158405692979829
"ADAYSEL","PUSASUGANDH2",-0.104523493811216
"AbhayaXDagadesi","PUSASUGANDH2",-0.0892661682267658
"ABHISEK","PUSASUGANDH2",0.36390007676932
"ABOR-A-1","PUSASUGANDH2",-0.211469371629988
"ANJALI","PUSASUGANDH2",0.311191953678488
"Annada","PUSASUGANDH2",-0.0451489580773585
"Apo","PUSASUGANDH2",-0.154195404687686
"ARC10319","PUSASUGANDH2",-0.187676343675879
"ARC12071","PUSASUGANDH2",0.257116030531627
"ARNAPURNA","PUSASUGANDH2",0.248762810313359
"ASD16","PUSASUGANDH2",0.373606091160065
"AUS257","PUSASUGANDH2",0.388724663833815
"BAKAL","PUSASUGANDH2",-0.418661263532754
"BAM1057","PUSASUGANDH2",-0.431850143208216
"BAM1098","PUSASUGANDH2",-0.457682157008532
"BAM1659","PUSASUGANDH2",0.247766872423996
"BAM1689","PUSASUGANDH2",-0.430596217126412
"BAM1708","PUSASUGANDH2",-0.428317438865897
"BAM1812","PUSASUGANDH2",-0.21052969310801
"BAM2096","PUSASUGANDH2",0.271243568205759
"BAM2166","PUSASUGANDH2",-0.0388477207852146
"BAM247","PUSASUGANDH2",-0.108041362983429
"BAM2574","PUSASUGANDH2",0.239823133249769
"BAM2680","PUSASUGANDH2",0.22777165225255
"BAM3154","PUSASUGANDH2",-0.163123766310944
"BAM3181","PUSASUGANDH2",0.208253569838285
"BAM326","PUSASUGANDH2",0.25167043018061
"BAM328","PUSASUGANDH2",-0.193768072452502
"BAM350","PUSASUGANDH2",-0.32299744908559
"BAM3690","PUSASUGANDH2",-0.232646919098395
"BAM4009","PUSASUGANDH2",-0.461835235240519
"BAM4054","PUSASUGANDH2",0.300248059418201
"BAM4138","PUSASUGANDH2",0.000693279608515685
"BAM4168","PUSASUGANDH2",0.086498084067367
"BAM4234","PUSASUGANDH2",0.318810000911175
"BAM4254","PUSASUGANDH2",0.346478612276679
"BAM4477","PUSASUGANDH2",-0.250120677150542
"BAM4496","PUSASUGANDH2",-0.127839508430184
"BAM4510","PUSASUGANDH2",-0.0116935846586096
"BAM4521","PUSASUGANDH2",-0.0364433320571327
"BAM4534","PUSASUGANDH2",-0.397317259385089
"BAM4797","PUSASUGANDH2",0.251453192068196
"BAM491","PUSASUGANDH2",-0.299084487206751
"BAM4928","PUSASUGANDH2",-0.000458879487608154
"BAM5110","PUSASUGANDH2",0.403671384838881
"BAM56","PUSASUGANDH2",-0.0105632004388288
"BAM5779","PUSASUGANDH2",0.0970705663573458
"BAM5850","PUSASUGANDH2",-0.393031857667059
"BAM6921","PUSASUGANDH2",-0.0691500837238386
"BAM712","PUSASUGANDH2",-0.0183361563854185
"BAM742","PUSASUGANDH2",-0.0145259969327441
"BAM7429","PUSASUGANDH2",-0.220612543369948
"BAM7449","PUSASUGANDH2",-0.418019584944832
"BAM747","PUSASUGANDH2",-0.0238520368796745
"BAM759","PUSASUGANDH2",-0.307578317138896
"BAM766","PUSASUGANDH2",-0.0101121135348624
"BAM807","PUSASUGANDH2",0.104020938491817
"BAM811","PUSASUGANDH2",-0.171698762690879
"BAM812","PUSASUGANDH2",0.25978797131919
"BAM819","PUSASUGANDH2",0.297481145925494
"BAM8296","PUSASUGANDH2",-0.0952388774980168
"BAM8305","PUSASUGANDH2",-0.175420895559435
"BAM8315","PUSASUGANDH2",-0.0180034535635927
"BAM8364","PUSASUGANDH2",0.222725325410981
"BAMAWPYAN","PUSASUGANDH2",-0.0281500245249251
"BENAMURI","PUSASUGANDH2",0.178468484795115
"BLACKGORA","PUSASUGANDH2",0.303874362663641
"CGR1656","PUSASUGANDH2",-0.235505032964652
"CGR1679","PUSASUGANDH2",0.280171640684649
"CGR2012","PUSASUGANDH2",0.217495026953266
"CO18","PUSASUGANDH2",0.274249612156348
"CRDHAN-204","PUSASUGANDH2",0.395503809330665
"CR143-2-2","PUSASUGANDH2",-0.0858450173585061
"CR262-4","PUSASUGANDH2",-0.0769832563582405
"CROSSA","PUSASUGANDH2",0.193392940586056
"DULAR","PUSASUGANDH2",-0.429922950735412
"EYPO","PUSASUGANDH2",-0.234563451046513
"EYPO-2","PUSASUGANDH2",0.192840242676319
"FULKATI","PUSASUGANDH2",-0.379900062827549
"Ghanteswari","PUSASUGANDH2",-0.167772079874233
"GHATIKAMMANANGARHAR","PUSASUGANDH2",0.273794745606703
"GotrabiDhan","PUSASUGANDH2",-0.0680701561018163
"GP-145-37","PUSASUGANDH2",0.273212362797984
"GP-145-51","PUSASUGANDH2",-0.136924022751339
"HARBHOONDI","PUSASUGANDH2",0.333064308346866
"HongZuiEr","PUSASUGANDH2",-0.165710059974801
"IndrabaruniDhan","PUSASUGANDH2",0.777856842023823
"IR74371-54-1-1","PUSASUGANDH2",-0.109975754214284
"IR77298-14-1-2-10","PUSASUGANDH2",0.0496823417885709
"IR77298-5-6-18","PUSASUGANDH2",-0.109884882248179
"IR83383-B-B-129-4","PUSASUGANDH2",-0.153053746292381
"IR83388-B-B108-3","PUSASUGANDH2",-0.108945887432499
"IR87707-445-B-B","PUSASUGANDH2",-0.130443173943348
"IR87707-446-B-B","PUSASUGANDH2",-0.136449965924698
"IRROEPYO","PUSASUGANDH2",0.0740067949124172
"KALINGA-1","PUSASUGANDH2",-0.168787638768128
"KANGRO","PUSASUGANDH2",0.251864993622814
"KHAODAWTAI","PUSASUGANDH2",0.240095721826651
"MANDRIRAVINA","PUSASUGANDH2",0.259790649719039
"MAUDAMANI","PUSASUGANDH2",0.380160005931308
"MOROBEREKAN","PUSASUGANDH2",-0.404188371279885
"MTU1010","PUSASUGANDH2",-0.11165217535991
"MTU9","PUSASUGANDH2",0.254501209894813
"NERICA-L-26","PUSASUGANDH2",-0.0244808772277564
"NERICA-L-42","PUSASUGANDH2",-0.0250455707388771
"NERICA-L-44","PUSASUGANDH2",-0.111083013838788
"PARIJAT","PUSASUGANDH2",-0.173023394244417
"Patchaiperumal","PUSASUGANDH2",-0.193840597959227
"PEH-KUH-TSAO-TU","PUSASUGANDH2",0.256469462937076
"PMK-2","PUSASUGANDH2",-0.206825618460444
"PRASAD-1","PUSASUGANDH2",0.300556950509431
"PUSASUGANDH5","PUSASUGANDH2",-0.129733345976529
"PUSA1121","PUSASUGANDH2",-0.305085218538462
"Pusa1121-SN12","PUSASUGANDH2",-0.306674374954487
"PUSA44","PUSASUGANDH2",-0.0548780590882591
"PUSABASMATI6","PUSASUGANDH2",0.198966571232735
"PUSASUGANDH2","PUSASUGANDH2",1.31022518445325
"RASI","PUSASUGANDH2",-0.142156800056222
"RKVY-104","PUSASUGANDH2",-0.448963214617892
"RKVY-143","PUSASUGANDH2",-0.146020320665558
"RKVY-28","PUSASUGANDH2",-0.400045128322931
"R-RF-44","PUSASUGANDH2",-0.0152464055487318
"RRF-78","PUSASUGANDH2",-0.247364336529815
"Sadabahar","PUSASUGANDH2",0.207731391352788
"SAFRI-17","PUSASUGANDH2",0.436244512533026
"SAHBHAGIDHAN","PUSASUGANDH2",-0.170204048152684
"SATABHAMA","PUSASUGANDH2",0.326950801037309
"SERATOES","PUSASUGANDH2",-0.386918258233191
"SERETY","PUSASUGANDH2",0.235380409336308
"SHAKU","PUSASUGANDH2",0.219010705462965
"SR1-3-1","PUSASUGANDH2",0.344551529887436
"SUWEON","PUSASUGANDH2",0.240939062862553
"SWARNA","PUSASUGANDH2",0.310550490639077
"VANAPRAVA","PUSASUGANDH2",-0.423197562500108
"VANDANA","PUSASUGANDH2",-0.255934327038112
"Wayrarem","PUSASUGANDH2",-0.148970496271218
"281785","RASI",-0.167509330624165
"282803","RASI",0.223998115782869
"299554","RASI",0.232917243484396
"356457","RASI",0.269299207576446
"376579","RASI",-0.203148970341229
"376851","RASI",-0.209785407908888
"377448","RASI",0.144267295139335
"377705","RASI",0.25007663294784
"384190","RASI",-0.344684878661806
"426049","RASI",0.270376328958875
"438644","RASI",0.208305289600894
"ADAYSEL","RASI",0.104610533706331
"AbhayaXDagadesi","RASI",0.193938954416822
"ABHISEK","RASI",0.31505694671242
"ABOR-A-1","RASI",0.593235258318888
"ANJALI","RASI",-0.102739115775387
"Annada","RASI",-0.303316997085756
"Apo","RASI",0.213384442697558
"ARC10319","RASI",0.141434118752942
"ARC12071","RASI",-0.203466920907839
"ARNAPURNA","RASI",-0.220169045690014
"ASD16","RASI",-0.122231899460385
"AUS257","RASI",-0.149505045108273
"BAKAL","RASI",-0.0131931255799772
"BAM1057","RASI",0.0307211435212705
"BAM1098","RASI",-0.0239943345621978
"BAM1659","RASI",-0.197753022179984
"BAM1689","RASI",0.0264146801636048
"BAM1708","RASI",0.000119365423018612
"BAM1812","RASI",0.137022172214167
"BAM2096","RASI",-0.22385974755789
"BAM2166","RASI",-0.327510662125614
"BAM247","RASI",0.268653301043929
"BAM2574","RASI",-0.206403154929318
"BAM2680","RASI",-0.122552020773545
"BAM3154","RASI",0.193244147650856
"BAM3181","RASI",-0.231148518135596
"BAM326","RASI",-0.234622238773053
"BAM328","RASI",0.166161066506571
"BAM350","RASI",0.126368738683677
"BAM3690","RASI",0.199241834136991
"BAM4009","RASI",-0.0369475214802188
"BAM4054","RASI",-0.0486265170292295
"BAM4138","RASI",-0.37680275502843
"BAM4168","RASI",-0.228753197325393
"BAM4234","RASI",-0.217744624046278
"BAM4254","RASI",-0.220506136677873
"BAM4477","RASI",0.191383066137444
"BAM4496","RASI",0.17438286933867
"BAM4510","RASI",-0.361522463756276
"BAM4521","RASI",-0.359659905413168
"BAM4534","RASI",-0.0265677956971266
"BAM4797","RASI",-0.24606322719762
"BAM491","RASI",0.0666010661339133
"BAM4928","RASI",-0.319926824648144
"BAM5110","RASI",-0.119632562356046
"BAM56","RASI",-0.359975410816593
"BAM5779","RASI",-0.274088636716073
"BAM5850","RASI",-0.0390953887128523
"BAM6921","RASI",0.204036331106167
"BAM712","RASI",-0.311903376975957
"BAM742","RASI",-0.290946478033028
"BAM7429","RASI",0.163664602593872
"BAM7449","RASI",-0.0230274596367121
"BAM747","RASI",-0.293841850613189
"BAM759","RASI",0.115416201353
"BAM766","RASI",-0.28196983716469
"BAM807","RASI",-0.268657520119916
"BAM811","RASI",0.211409493948904
"BAM812","RASI",-0.155389155493873
"BAM819","RASI",-0.175222862133304
"BAM8296","RASI",0.183264194813826
"BAM8305","RASI",0.244394293537026
"BAM8315","RASI",-0.35682914741613
"BAM8364","RASI",-0.131141293697804
"BAMAWPYAN","RASI",-0.357612662959637
"BENAMURI","RASI",-0.192046838922342
"BLACKGORA","RASI",-0.165339626523522
"CGR1656","RASI",0.171925542536067
"CGR1679","RASI",-0.226367764842108
"CGR2012","RASI",-0.19648015320956
"CO18","RASI",-0.195964413399205
"CRDHAN-204","RASI",-0.101336296667436
"CR143-2-2","RASI",0.227696006231167
"CR262-4","RASI",0.214591784979941
"CROSSA","RASI",-0.206229216225063
"DULAR","RASI",-0.0517901912706272
"EYPO","RASI",0.105040982009973
"EYPO-2","RASI",0.214197600053991
"FULKATI","RASI",-0.0314533398870004
"Ghanteswari","RASI",0.301700880417723
"GHATIKAMMANANGARHAR","RASI",-0.139786926211981
"GotrabiDhan","RASI",0.228239954974207
"GP-145-37","RASI",-0.176989981338042
"GP-145-51","RASI",0.152297965188864
"HARBHOONDI","RASI",-0.123186327917613
"HongZuiEr","RASI",0.19442904319374
"IndrabaruniDhan","RASI",0.200519200004957
"IR74371-54-1-1","RASI",0.194109851375689
"IR77298-14-1-2-10","RASI",0.19230190533344
"IR77298-5-6-18","RASI",0.116626105748052
"IR83383-B-B-129-4","RASI",0.169132824262867
"IR83388-B-B108-3","RASI",0.201239044858049
"IR87707-445-B-B","RASI",0.168277257957655
"IR87707-446-B-B","RASI",0.24756566104524
"IRROEPYO","RASI",-0.2928462514447
"KALINGA-1","RASI",0.300050197541177
"KANGRO","RASI",-0.199400534535601
"KHAODAWTAI","RASI",-0.0839488373752617
"MANDRIRAVINA","RASI",-0.19243862463417
"MAUDAMANI","RASI",-0.0246875001237878
"MOROBEREKAN","RASI",0.000513947835649774
"MTU1010","RASI",0.183186206262347
"MTU9","RASI",-0.206283118748772
"NERICA-L-26","RASI",0.187465129953794
"NERICA-L-42","RASI",0.195178773645964
"NERICA-L-44","RASI",0.195974925061786
"PARIJAT","RASI",0.237847049450292
"Patchaiperumal","RASI",0.177444717765227
"PEH-KUH-TSAO-TU","RASI",-0.198798600134401
"PMK-2","RASI",0.589462169008806
"PRASAD-1","RASI",-0.169841552864652
"PUSASUGANDH5","RASI",0.164494569247172
"PUSA1121","RASI",0.0578231025963304
"Pusa1121-SN12","RASI",0.0653297839743777
"PUSA44","RASI",0.24025405698166
"PUSABASMATI6","RASI",-0.276400515662135
"PUSASUGANDH2","RASI",-0.142156800056222
"RASI","RASI",1.20926745703855
"RKVY-104","RASI",-0.0369964984682888
"RKVY-143","RASI",0.150976605132882
"RKVY-28","RASI",-0.00299715464689828
"R-RF-44","RASI",0.191293084830308
"RRF-78","RASI",0.102934924072029
"Sadabahar","RASI",-0.204670175912527
"SAFRI-17","RASI",-0.155446766702973
"SAHBHAGIDHAN","RASI",0.240183134953708
"SATABHAMA","RASI",-0.149657326212121
"SERATOES","RASI",-0.0413598592413933
"SERETY","RASI",-0.184141196356145
"SHAKU","RASI",-0.203780773066042
"SR1-3-1","RASI",-0.17780141568576
"SUWEON","RASI",-0.184584051883728
"SWARNA","RASI",0.297284900596865
"VANAPRAVA","RASI",0.040511615814812
"VANDANA","RASI",0.137760902455017
"Wayrarem","RASI",0.230362448577927
"281785","RKVY-104",-0.339613294640877
"282803","RKVY-104",-0.0332396629787781
"299554","RKVY-104",-0.0333839557163414
"356457","RKVY-104",-0.0525669011258994
"376579","RKVY-104",-0.311440167635393
"376851","RKVY-104",-0.322891438032679
"377448","RKVY-104",0.0250296423337168
"377705","RKVY-104",-0.0630633979752835
"384190","RKVY-104",0.427830022349967
"426049","RKVY-104",-0.0523184578627909
"438644","RKVY-104",-0.053713149196199
"ADAYSEL","RKVY-104",0.467300711237721
"AbhayaXDagadesi","RKVY-104",-0.0296684416081432
"ABHISEK","RKVY-104",-0.369341810260078
"ABOR-A-1","RKVY-104",-0.0680238246488642
"ANJALI","RKVY-104",-0.393717068018498
"Annada","RKVY-104",0.0848252540067805
"Apo","RKVY-104",-0.0307245779553194
"ARC10319","RKVY-104",0.0385761297594444
"ARC12071","RKVY-104",-0.334686195765149
"ARNAPURNA","RKVY-104",-0.36605253198382
"ASD16","RKVY-104",-0.414325061075612
"AUS257","RKVY-104",-0.391821502424826
"BAKAL","RKVY-104",0.781129326946446
"BAM1057","RKVY-104",0.746692502609668
"BAM1098","RKVY-104",0.791561399711078
"BAM1659","RKVY-104",-0.370902020597395
"BAM1689","RKVY-104",0.679070243893882
"BAM1708","RKVY-104",0.68554938300555
"BAM1812","RKVY-104",0.0311469909343819
"BAM2096","RKVY-104",-0.317572702070514
"BAM2166","RKVY-104",0.328232157747072
"BAM247","RKVY-104",-0.0758718762840068
"BAM2574","RKVY-104",-0.33789201425282
"BAM2680","RKVY-104",-0.400644127730171
"BAM3154","RKVY-104",-0.0494236658840029
"BAM3181","RKVY-104",-0.339697925773736
"BAM326","RKVY-104",-0.346627882903463
"BAM328","RKVY-104",0.0745093516773652
"BAM350","RKVY-104",0.34442325090893
"BAM3690","RKVY-104",-0.0128625793653201
"BAM4009","RKVY-104",0.829663878258391
"BAM4054","RKVY-104",-0.391615441267749
"BAM4138","RKVY-104",0.394726133002348
"BAM4168","RKVY-104",0.0716540095199467
"BAM4234","RKVY-104",-0.356380053292625
"BAM4254","RKVY-104",-0.363943139290231
"BAM4477","RKVY-104",-0.0258805454852846
"BAM4496","RKVY-104",0.0230601195998707
"BAM4510","RKVY-104",0.359769041012643
"BAM4521","RKVY-104",0.450613000422838
"BAM4534","RKVY-104",0.716235735469941
"BAM4797","RKVY-104",-0.254906363827874
"BAM491","RKVY-104",0.427985735580404
"BAM4928","RKVY-104",0.273430756385302
"BAM5110","RKVY-104",-0.443626953549847
"BAM56","RKVY-104",0.36555791196314
"BAM5779","RKVY-104",0.0307645866839609
"BAM5850","RKVY-104",0.802198452668458
"BAM6921","RKVY-104",-0.0172922459253195
"BAM712","RKVY-104",0.0821146801219784
"BAM742","RKVY-104",0.0688913571103366
"BAM7429","RKVY-104",-0.0250818801621053
"BAM7449","RKVY-104",0.701856782180515
"BAM747","RKVY-104",0.0865246639632069
"BAM759","RKVY-104",0.411361480076237
"BAM766","RKVY-104",0.0752347709676073
"BAM807","RKVY-104",0.0169744192654038
"BAM811","RKVY-104",-0.00431973531484298
"BAM812","RKVY-104",-0.340524206225781
"BAM819","RKVY-104",-0.414948243617594
"BAM8296","RKVY-104",-0.0736979909240643
"BAM8305","RKVY-104",-0.0466517731589257
"BAM8315","RKVY-104",0.173955192930895
"BAM8364","RKVY-104",-0.299619889491899
"BAMAWPYAN","RKVY-104",0.430589073453336
"BENAMURI","RKVY-104",-0.317196843819851
"BLACKGORA","RKVY-104",-0.380907150939335
"CGR1656","RKVY-104",0.0381703794752588
"CGR1679","RKVY-104",-0.363211892810407
"CGR2012","RKVY-104",-0.357342509413168
"CO18","RKVY-104",-0.353242722451526
"CRDHAN-204","RKVY-104",-0.393219488412879
"CR143-2-2","RKVY-104",-0.0524545642743918
"CR262-4","RKVY-104",-0.0639547141837636
"CROSSA","RKVY-104",-0.330080547352083
"DULAR","RKVY-104",0.853633031941535
"EYPO","RKVY-104",0.21924972104551
"EYPO-2","RKVY-104",-0.387005202486925
"FULKATI","RKVY-104",0.646839771399945
"Ghanteswari","RKVY-104",-0.0644058401347357
"GHATIKAMMANANGARHAR","RKVY-104",-0.361666828128143
"GotrabiDhan","RKVY-104",-0.0718121896198815
"GP-145-37","RKVY-104",-0.380020590313143
"GP-145-51","RKVY-104",-0.0245816265100628
"HARBHOONDI","RKVY-104",-0.369889637704064
"HongZuiEr","RKVY-104",-0.0244721624420785
"IndrabaruniDhan","RKVY-104",-0.132111081620851
"IR74371-54-1-1","RKVY-104",-0.0507341950361695
"IR77298-14-1-2-10","RKVY-104",-0.0165636098476277
"IR77298-5-6-18","RKVY-104",-0.0493350185029127
"IR83383-B-B-129-4","RKVY-104",-0.0522677967523166
"IR83388-B-B108-3","RKVY-104",-0.0145128175286566
"IR87707-445-B-B","RKVY-104",-0.0449042991255648
"IR87707-446-B-B","RKVY-104",-0.0157053513233261
"IRROEPYO","RKVY-104",0.180691200470596
"KALINGA-1","RKVY-104",-0.0992175506370562
"KANGRO","RKVY-104",-0.33935936751517
"KHAODAWTAI","RKVY-104",-0.401543303594902
"MANDRIRAVINA","RKVY-104",-0.341050259163015
"MAUDAMANI","RKVY-104",-0.40461959232964
"MOROBEREKAN","RKVY-104",0.432755898570953
"MTU1010","RKVY-104",-0.0889253209570933
"MTU9","RKVY-104",-0.33445413199466
"NERICA-L-26","RKVY-104",-0.0749766532384493
"NERICA-L-42","RKVY-104",-0.0711486237041455
"NERICA-L-44","RKVY-104",-0.0429891561148617
"PARIJAT","RKVY-104",-0.0196740414003656
"Patchaiperumal","RKVY-104",-0.0187075067607593
"PEH-KUH-TSAO-TU","RKVY-104",-0.341831475668031
"PMK-2","RKVY-104",-0.0748567654448209
"PRASAD-1","RKVY-104",-0.338201694333918
"PUSASUGANDH5","RKVY-104",0.0521624317166848
"PUSA1121","RKVY-104",0.379697364813811
"Pusa1121-SN12","RKVY-104",0.359886115930268
"PUSA44","RKVY-104",-0.0514902759977109
"PUSABASMATI6","RKVY-104",-0.174205979999766
"PUSASUGANDH2","RKVY-104",-0.448963214617892
"RASI","RKVY-104",-0.0369964984682888
"RKVY-104","RKVY-104",1.78543061793056
"RKVY-143","RKVY-104",-0.0543355113940097
"RKVY-28","RKVY-104",0.765415755726217
"R-RF-44","RKVY-104",-0.0710809183964967
"RRF-78","RKVY-104",0.218297845392244
"Sadabahar","RKVY-104",-0.334330317179411
"SAFRI-17","RKVY-104",-0.391639888123751
"SAHBHAGIDHAN","RKVY-104",-0.0397862632754664
"SATABHAMA","RKVY-104",-0.39033898397648
"SERATOES","RKVY-104",0.693931493513092
"SERETY","RKVY-104",-0.35948261418029
"SHAKU","RKVY-104",-0.265844404338955
"SR1-3-1","RKVY-104",-0.320043084465249
"SUWEON","RKVY-104",-0.201099326585906
"SWARNA","RKVY-104",-0.0625316303709303
"VANAPRAVA","RKVY-104",0.752129957089998
"VANDANA","RKVY-104",0.306912139144963
"Wayrarem","RKVY-104",-0.0266399636110697
"281785","RKVY-143",-0.233490936970819
"282803","RKVY-143",0.120464295418179
"299554","RKVY-143",0.082268084963286
"356457","RKVY-143",0.133876584903449
"376579","RKVY-143",0.232781251443825
"376851","RKVY-143",0.174760027975417
"377448","RKVY-143",0.474535096197257
"377705","RKVY-143",0.135328496130829
"384190","RKVY-143",-0.335950572226866
"426049","RKVY-143",0.130071596126715
"438644","RKVY-143",0.139195745455404
"ADAYSEL","RKVY-143",0.0501493288443363
"AbhayaXDagadesi","RKVY-143",0.0546324377675034
"ABHISEK","RKVY-143",-0.253316120192013
"ABOR-A-1","RKVY-143",0.199191906307942
"ANJALI","RKVY-143",-0.271932052244326
"Annada","RKVY-143",-0.351102212515492
"Apo","RKVY-143",0.0158726493855241
"ARC10319","RKVY-143",0.307227825220001
"ARC12071","RKVY-143",-0.0372982379002531
"ARNAPURNA","RKVY-143",-0.0433158641917808
"ASD16","RKVY-143",-0.1901267756083
"AUS257","RKVY-143",-0.267891499866056
"BAKAL","RKVY-143",-0.00281552064274549
"BAM1057","RKVY-143",0.00127207380792839
"BAM1098","RKVY-143",-0.0369177630001516
"BAM1659","RKVY-143",-0.111992760498779
"BAM1689","RKVY-143",0.0606725373795476
"BAM1708","RKVY-143",-0.0353482584751441
"BAM1812","RKVY-143",0.514757999884063
"BAM2096","RKVY-143",0.0708526849743381
"BAM2166","RKVY-143",-0.315244101672177
"BAM247","RKVY-143",0.181333838135715
"BAM2574","RKVY-143",0.110192796687103
"BAM2680","RKVY-143",-0.250713642633843
"BAM3154","RKVY-143",0.353885776288855
"BAM3181","RKVY-143",0.0120613240073288
"BAM326","RKVY-143",0.475129192616881
"BAM328","RKVY-143",0.367812877840149
"BAM350","RKVY-143",0.303635443214102
"BAM3690","RKVY-143",0.190412320364116
"BAM4009","RKVY-143",-0.0502987394565009
"BAM4054","RKVY-143",-0.179933875614531
"BAM4138","RKVY-143",-0.340604155256637
"BAM4168","RKVY-143",-0.29313020087099
"BAM4234","RKVY-143",-0.301704128291321
"BAM4254","RKVY-143",-0.309205657496248
"BAM4477","RKVY-143",0.19381913953572
"BAM4496","RKVY-143",0.343498862093598
"BAM4510","RKVY-143",-0.312101773955235
"BAM4521","RKVY-143",-0.34092745586613
"BAM4534","RKVY-143",0.0320964650769595
"BAM4797","RKVY-143",0.00290345848192255
"BAM491","RKVY-143",0.300766462076653
"BAM4928","RKVY-143",-0.323073162376495
"BAM5110","RKVY-143",-0.238013647519164
"BAM56","RKVY-143",-0.320117595895954
"BAM5779","RKVY-143",-0.328324194339453
"BAM5850","RKVY-143",0.00953953751650641
"BAM6921","RKVY-143",0.0678308989098186
"BAM712","RKVY-143",-0.351866396967368
"BAM742","RKVY-143",-0.348417777338405
"BAM7429","RKVY-143",0.521204958328885
"BAM7449","RKVY-143",-0.0123457775065416
"BAM747","RKVY-143",-0.346588854551288
"BAM759","RKVY-143",0.0759809390608758
"BAM766","RKVY-143",-0.347184800996125
"BAM807","RKVY-143",-0.321702458964624
"BAM811","RKVY-143",0.125337881072574
"BAM812","RKVY-143",-0.238797478562386
"BAM819","RKVY-143",-0.192863546080536
"BAM8296","RKVY-143",0.101304422057711
"BAM8305","RKVY-143",0.0446509286805584
"BAM8315","RKVY-143",-0.346361544829234
"BAM8364","RKVY-143",-0.236935738641311
"BAMAWPYAN","RKVY-143",-0.336762449699557
"BENAMURI","RKVY-143",-0.0334628907866719
"BLACKGORA","RKVY-143",-0.218944969434953
"CGR1656","RKVY-143",0.351515460922172
"CGR1679","RKVY-143",0.167522232334762
"CGR2012","RKVY-143",0.173851673725288
"CO18","RKVY-143",-0.0711738511832134
"CRDHAN-204","RKVY-143",-0.277102231650596
"CR143-2-2","RKVY-143",0.0779557283950833
"CR262-4","RKVY-143",0.0660371388781987
"CROSSA","RKVY-143",0.153510873128491
"DULAR","RKVY-143",-0.0172380658809931
"EYPO","RKVY-143",0.516005531856824
"EYPO-2","RKVY-143",-0.167216722399327
"FULKATI","RKVY-143",0.013333877573108
"Ghanteswari","RKVY-143",0.189524652147414
"GHATIKAMMANANGARHAR","RKVY-143",-0.28424719060805
"GotrabiDhan","RKVY-143",0.1645045676551
"GP-145-37","RKVY-143",0.179562670161449
"GP-145-51","RKVY-143",0.570167717041486
"HARBHOONDI","RKVY-143",-0.288009941378176
"HongZuiEr","RKVY-143",0.192862444392232
"IndrabaruniDhan","RKVY-143",0.20689058585274
"IR74371-54-1-1","RKVY-143",0.0627320552883288
"IR77298-14-1-2-10","RKVY-143",0.110100982852876
"IR77298-5-6-18","RKVY-143",0.0153807434850623
"IR83383-B-B-129-4","RKVY-143",0.0451677682114158
"IR83388-B-B108-3","RKVY-143",0.0726307690764682
"IR87707-445-B-B","RKVY-143",0.0465882539249239
"IR87707-446-B-B","RKVY-143",0.0757108422820071
"IRROEPYO","RKVY-143",-0.355073072047881
"KALINGA-1","RKVY-143",0.173545831458126
"KANGRO","RKVY-143",-0.030727548774103
"KHAODAWTAI","RKVY-143",-0.169398554831089
"MANDRIRAVINA","RKVY-143",-0.0669717412696664
"MAUDAMANI","RKVY-143",-0.223161611948181
"MOROBEREKAN","RKVY-143",-0.0523814368613685
"MTU1010","RKVY-143",0.0581749188836174
"MTU9","RKVY-143",-0.0402640752649635
"NERICA-L-26","RKVY-143",0.118510103107821
"NERICA-L-42","RKVY-143",0.108114745541424
"NERICA-L-44","RKVY-143",0.149390901576335
"PARIJAT","RKVY-143",0.085901794310946
"Patchaiperumal","RKVY-143",0.393556517053184
"PEH-KUH-TSAO-TU","RKVY-143",-0.0350713996226411
"PMK-2","RKVY-143",0.203199013812933
"PRASAD-1","RKVY-143",-0.281673528957491
"PUSASUGANDH5","RKVY-143",0.0752071195558527
"PUSA1121","RKVY-143",0.00971266131563295
"Pusa1121-SN12","RKVY-143",0.0158570466791716
"PUSA44","RKVY-143",0.0686034060475005
"PUSABASMATI6","RKVY-143",-0.337656407029297
"PUSASUGANDH2","RKVY-143",-0.146020320665558
"RASI","RKVY-143",0.150976605132882
"RKVY-104","RKVY-143",-0.0543355113940097
"RKVY-143","RKVY-143",1.24801926670648
"RKVY-28","RKVY-143",0.0669401350924082
"R-RF-44","RKVY-143",0.0851500475798014
"RRF-78","RKVY-143",0.019820312552368
"Sadabahar","RKVY-143",0.0882453016965153
"SAFRI-17","RKVY-143",-0.217301909902688
"SAHBHAGIDHAN","RKVY-143",0.0837056496491703
"SATABHAMA","RKVY-143",-0.264762323504439
"SERATOES","RKVY-143",-0.00695456774919467
"SERETY","RKVY-143",-0.0433669277657753
"SHAKU","RKVY-143",-0.260403133504199
"SR1-3-1","RKVY-143",-0.285991455353086
"SUWEON","RKVY-143",-0.262631681967985
"SWARNA","RKVY-143",0.167806965288553
"VANAPRAVA","RKVY-143",-0.00481457310316224
"VANDANA","RKVY-143",0.0259335073895989
"Wayrarem","RKVY-143",0.0106672631182248
"281785","RKVY-28",-0.401554777285413
"282803","RKVY-28",-0.0728504992135258
"299554","RKVY-28",-0.0171344748468799
"356457","RKVY-28",-0.0094664254781619
"376579","RKVY-28",-0.287382133626174
"376851","RKVY-28",-0.274977695529843
"377448","RKVY-28",0.130311038765072
"377705","RKVY-28",-0.0285613517406435
"384190","RKVY-28",0.283125981130379
"426049","RKVY-28",-0.0206560880446807
"438644","RKVY-28",-0.0719295221607538
"ADAYSEL","RKVY-28",0.425591098782556
"AbhayaXDagadesi","RKVY-28",-0.0719462075477821
"ABHISEK","RKVY-28",-0.346044310593597
"ABOR-A-1","RKVY-28",-0.000396945246865691
"ANJALI","RKVY-28",-0.444964023065687
"Annada","RKVY-28",-0.0941604256598086
"Apo","RKVY-28",-0.0322121113437351
"ARC10319","RKVY-28",0.070310413599845
"ARC12071","RKVY-28",-0.272213750347405
"ARNAPURNA","RKVY-28",-0.39327259145069
"ASD16","RKVY-28",-0.391771665193065
"AUS257","RKVY-28",-0.389785046511611
"BAKAL","RKVY-28",0.939959951021187
"BAM1057","RKVY-28",0.818503261478802
"BAM1098","RKVY-28",0.645768790778332
"BAM1659","RKVY-28",-0.35756194502677
"BAM1689","RKVY-28",0.619104603539995
"BAM1708","RKVY-28",0.680010624220302
"BAM1812","RKVY-28",0.0579123373808992
"BAM2096","RKVY-28",-0.267833700548201
"BAM2166","RKVY-28",0.165184590670281
"BAM247","RKVY-28",-0.0279434234622584
"BAM2574","RKVY-28",-0.292081006157474
"BAM2680","RKVY-28",-0.378119390701474
"BAM3154","RKVY-28",-0.00631131062681337
"BAM3181","RKVY-28",-0.316033311421844
"BAM326","RKVY-28",-0.284187208251545
"BAM328","RKVY-28",0.0726216378624359
"BAM350","RKVY-28",0.457905602324314
"BAM3690","RKVY-28",0.0287975807833028
"BAM4009","RKVY-28",0.632186617710306
"BAM4054","RKVY-28",-0.402077283563487
"BAM4138","RKVY-28",0.373488969047549
"BAM4168","RKVY-28",0.0567046777621907
"BAM4234","RKVY-28",-0.381330530514466
"BAM4254","RKVY-28",-0.389370071834056
"BAM4477","RKVY-28",0.0167972672242166
"BAM4496","RKVY-28",0.0318631152292863
"BAM4510","RKVY-28",0.419455426681431
"BAM4521","RKVY-28",0.389301640426161
"BAM4534","RKVY-28",0.72709164507301
"BAM4797","RKVY-28",-0.198334129139602
"BAM491","RKVY-28",0.312859713236309
"BAM4928","RKVY-28",0.184819817634422
"BAM5110","RKVY-28",-0.410646079880147
"BAM56","RKVY-28",0.356205182184839
"BAM5779","RKVY-28",-0.108307741475942
"BAM5850","RKVY-28",0.85655419888308
"BAM6921","RKVY-28",-0.0555446504850073
"BAM712","RKVY-28",-0.100239451363508
"BAM742","RKVY-28",-0.118998247882721
"BAM7429","RKVY-28",0.0623487251224868
"BAM7449","RKVY-28",0.743528835750171
"BAM747","RKVY-28",-0.112596239243471
"BAM759","RKVY-28",0.39605725270944
"BAM766","RKVY-28",-0.111268693260269
"BAM807","RKVY-28",-0.105981700464144
"BAM811","RKVY-28",0.0566165982590727
"BAM812","RKVY-28",-0.317598984806226
"BAM819","RKVY-28",-0.384095101216658
"BAM8296","RKVY-28",-0.0873390571832628
"BAM8305","RKVY-28",-0.0386480268625024
"BAM8315","RKVY-28",0.0453314480764113
"BAM8364","RKVY-28",-0.30712941165321
"BAMAWPYAN","RKVY-28",0.3802559086156
"BENAMURI","RKVY-28",-0.318216950052421
"BLACKGORA","RKVY-28",-0.353068453503739
"CGR1656","RKVY-28",0.0389964229321894
"CGR1679","RKVY-28",-0.270633881751764
"CGR2012","RKVY-28",-0.298409608237454
"CO18","RKVY-28",-0.274320437157839
"CRDHAN-204","RKVY-28",-0.392523263526027
"CR143-2-2","RKVY-28",-0.0364293025559921
"CR262-4","RKVY-28",-0.0482112160900724
"CROSSA","RKVY-28",-0.295943173302715
"DULAR","RKVY-28",0.765713763591877
"EYPO","RKVY-28",0.173304226219425
"EYPO-2","RKVY-28",-0.348229594329156
"FULKATI","RKVY-28",0.711946842687526
"Ghanteswari","RKVY-28",-0.0497025596282426
"GHATIKAMMANANGARHAR","RKVY-28",-0.351560258438644
"GotrabiDhan","RKVY-28",-0.04542335516569
"GP-145-37","RKVY-28",-0.275879968310536
"GP-145-51","RKVY-28",0.0994163062220099
"HARBHOONDI","RKVY-28",-0.377304763692954
"HongZuiEr","RKVY-28",-0.0389292435481412
"IndrabaruniDhan","RKVY-28",-0.064669967075388
"IR74371-54-1-1","RKVY-28",-0.0829474845073559
"IR77298-14-1-2-10","RKVY-28",-0.0327095243319923
"IR77298-5-6-18","RKVY-28",-0.0479821648694945
"IR83383-B-B-129-4","RKVY-28",-0.0616436601090512
"IR83388-B-B108-3","RKVY-28",-0.05675263735938
"IR87707-445-B-B","RKVY-28",-0.0517409594141641
"IR87707-446-B-B","RKVY-28",-0.0122361677177853
"IRROEPYO","RKVY-28",0.198906725085265
"KALINGA-1","RKVY-28",-0.0567035750572593
"KANGRO","RKVY-28",-0.280149844321768
"KHAODAWTAI","RKVY-28",-0.335895591965705
"MANDRIRAVINA","RKVY-28",-0.268447524356387
"MAUDAMANI","RKVY-28",-0.395894447954203
"MOROBEREKAN","RKVY-28",0.248374468965489
"MTU1010","RKVY-28",-0.0630899842393225
"MTU9","RKVY-28",-0.28016581089136
"NERICA-L-26","RKVY-28",-0.0792008610055648
"NERICA-L-42","RKVY-28",-0.0751616126921839
"NERICA-L-44","RKVY-28",-0.0811082301026505
"PARIJAT","RKVY-28",-0.0402125700390542
"Patchaiperumal","RKVY-28",0.0904277599490834
"PEH-KUH-TSAO-TU","RKVY-28",-0.276908541517628
"PMK-2","RKVY-28",-0.00338867581582002
"PRASAD-1","RKVY-28",-0.353896158431548
"PUSASUGANDH5","RKVY-28",0.00386715923589013
"PUSA1121","RKVY-28",0.284360884012484
"Pusa1121-SN12","RKVY-28",0.263223475715413
"PUSA44","RKVY-28",-0.0971271211352133
"PUSABASMATI6","RKVY-28",-0.239652602217209
"PUSASUGANDH2","RKVY-28",-0.400045128322931
"RASI","RKVY-28",-0.00299715464689828
"RKVY-104","RKVY-28",0.765415755726217
"RKVY-143","RKVY-28",0.0669401350924082
"RKVY-28","RKVY-28",1.73560552901748
"R-RF-44","RKVY-28",-0.0593641372648451
"RRF-78","RKVY-28",0.261965811555972
"Sadabahar","RKVY-28",-0.253288131187215
"SAFRI-17","RKVY-28",-0.368405873754171
"SAHBHAGIDHAN","RKVY-28",-0.0453373132303522
"SATABHAMA","RKVY-28",-0.418185065856251
"SERATOES","RKVY-28",0.867070151871554
"SERETY","RKVY-28",-0.26384697830486
"SHAKU","RKVY-28",-0.331587474727574
"SR1-3-1","RKVY-28",-0.359289056459047
"SUWEON","RKVY-28",-0.226873123572294
"SWARNA","RKVY-28",-0.0182789577322345
"VANAPRAVA","RKVY-28",0.813098335109758
"VANDANA","RKVY-28",0.351078205828618
"Wayrarem","RKVY-28",-0.0264929210991901
"281785","R-RF-44",-0.124577523908057
"282803","R-RF-44",0.270041851161946
"299554","R-RF-44",0.453149699922868
"356457","R-RF-44",0.154923571284853
"376579","R-RF-44",-0.287457896282837
"376851","R-RF-44",-0.271291411443915
"377448","R-RF-44",0.138456413586259
"377705","R-RF-44",0.110082073282859
"384190","R-RF-44",-0.390204875119493
"426049","R-RF-44",0.151469304489301
"438644","R-RF-44",0.262782518067292
"ADAYSEL","R-RF-44",0.0286945817192696
"AbhayaXDagadesi","R-RF-44",0.504680554660426
"ABHISEK","R-RF-44",-0.103182688281347
"ABOR-A-1","R-RF-44",0.150213177408822
"ANJALI","R-RF-44",0.0455194901316062
"Annada","R-RF-44",-0.301324403312552
"Apo","R-RF-44",0.191916774565417
"ARC10319","R-RF-44",0.115153095285361
"ARC12071","R-RF-44",-0.214346351403883
"ARNAPURNA","R-RF-44",-0.177885082291752
"ASD16","R-RF-44",-0.0370418016560921
"AUS257","R-RF-44",-0.17476068173419
"BAKAL","R-RF-44",-0.0882356115261501
"BAM1057","R-RF-44",-0.0692064739761997
"BAM1098","R-RF-44",-0.0577224830331898
"BAM1659","R-RF-44",-0.142594588461363
"BAM1689","R-RF-44",-0.050010856933226
"BAM1708","R-RF-44",-0.0619834497343324
"BAM1812","R-RF-44",0.134697391921607
"BAM2096","R-RF-44",-0.250587017838899
"BAM2166","R-RF-44",-0.384939101225648
"BAM247","R-RF-44",0.232603336282345
"BAM2574","R-RF-44",-0.238950671317028
"BAM2680","R-RF-44",-0.223056214868362
"BAM3154","R-RF-44",0.176340077986428
"BAM3181","R-RF-44",-0.284929046329936
"BAM326","R-RF-44",-0.25510368891604
"BAM328","R-RF-44",0.0546637009033728
"BAM350","R-RF-44",0.0101950569368249
"BAM3690","R-RF-44",0.0663213571860903
"BAM4009","R-RF-44",-0.0839478940462764
"BAM4054","R-RF-44",-0.0758634676286495
"BAM4138","R-RF-44",-0.411934119377592
"BAM4168","R-RF-44",-0.279995851497551
"BAM4234","R-RF-44",0.12668073935499
"BAM4254","R-RF-44",0.111290220347473
"BAM4477","R-RF-44",0.0603743294549842
"BAM4496","R-RF-44",0.139722206393259
"BAM4510","R-RF-44",-0.388906194389556
"BAM4521","R-RF-44",-0.392294999846502
"BAM4534","R-RF-44",-0.0612553556534112
"BAM4797","R-RF-44",-0.224901731600132
"BAM491","R-RF-44",0.0405627317531475
"BAM4928","R-RF-44",-0.406535492319377
"BAM5110","R-RF-44",0.0179169109248684
"BAM56","R-RF-44",-0.41908905975967
"BAM5779","R-RF-44",-0.310719437622408
"BAM5850","R-RF-44",-0.0706771202255
"BAM6921","R-RF-44",0.296429649967612
"BAM712","R-RF-44",-0.293697633397785
"BAM742","R-RF-44",-0.301449046079235
"BAM7429","R-RF-44",0.116803441417716
"BAM7449","R-RF-44",-0.0723694940531897
"BAM747","R-RF-44",-0.309425520368583
"BAM759","R-RF-44",0.0707667069894238
"BAM766","R-RF-44",-0.310367109991357
"BAM807","R-RF-44",-0.308909220542827
"BAM811","R-RF-44",0.159531269003256
"BAM812","R-RF-44",-0.20242457487393
"BAM819","R-RF-44",-0.0961031356830334
"BAM8296","R-RF-44",0.336848531328305
"BAM8305","R-RF-44",0.307219678073417
"BAM8315","R-RF-44",-0.357651129204748
"BAM8364","R-RF-44",-0.181864483371251
"BAMAWPYAN","R-RF-44",-0.425550685673069
"BENAMURI","R-RF-44",-0.235005501132984
"BLACKGORA","R-RF-44",-0.0895798244611048
"CGR1656","R-RF-44",0.124416511133818
"CGR1679","R-RF-44",-0.303692860271328
"CGR2012","R-RF-44",-0.248882756198142
"CO18","R-RF-44",-0.205112084690267
"CRDHAN-204","R-RF-44",0.104198687161467
"CR143-2-2","R-RF-44",0.239942055483914
"CR262-4","R-RF-44",0.241262398754748
"CROSSA","R-RF-44",-0.273177514379555
"DULAR","R-RF-44",-0.0977093394484568
"EYPO","R-RF-44",0.0973505723216167
"EYPO-2","R-RF-44",-0.218566134450431
"FULKATI","R-RF-44",-0.0600332128295034
"Ghanteswari","R-RF-44",0.128894730915128
"GHATIKAMMANANGARHAR","R-RF-44",-0.0583762091768083
"GotrabiDhan","R-RF-44",0.260019674327441
"GP-145-37","R-RF-44",-0.253614207188768
"GP-145-51","R-RF-44",0.0599550508573328
"HARBHOONDI","R-RF-44",-0.0646058033480568
"HongZuiEr","R-RF-44",0.0759233070473453
"IndrabaruniDhan","R-RF-44",0.360290307208784
"IR74371-54-1-1","R-RF-44",0.223422294215093
"IR77298-14-1-2-10","R-RF-44",0.25889744932248
"IR77298-5-6-18","R-RF-44",0.543097485411379
"IR83383-B-B-129-4","R-RF-44",0.492841451806464
"IR83388-B-B108-3","R-RF-44",0.326279243219652
"IR87707-445-B-B","R-RF-44",0.472679496665101
"IR87707-446-B-B","R-RF-44",0.426320770511239
"IRROEPYO","R-RF-44",-0.312988523951589
"KALINGA-1","R-RF-44",0.303516249321332
"KANGRO","R-RF-44",-0.211753281053941
"KHAODAWTAI","R-RF-44",-0.150876335458021
"MANDRIRAVINA","R-RF-44",-0.205126498396052
"MAUDAMANI","R-RF-44",-0.0714117404082243
"MOROBEREKAN","R-RF-44",0.00739657111992343
"MTU1010","R-RF-44",0.54998956376782
"MTU9","R-RF-44",-0.221361945946101
"NERICA-L-26","R-RF-44",0.355420369452994
"NERICA-L-42","R-RF-44",0.381656036748064
"NERICA-L-44","R-RF-44",0.368626422549587
"PARIJAT","R-RF-44",0.224948886379362
"Patchaiperumal","R-RF-44",0.125911072723207
"PEH-KUH-TSAO-TU","R-RF-44",-0.212024218273331
"PMK-2","R-RF-44",0.14254828826616
"PRASAD-1","R-RF-44",-0.0921906065450939
"PUSASUGANDH5","R-RF-44",0.256062349597628
"PUSA1121","R-RF-44",0.0261703365425684
"Pusa1121-SN12","R-RF-44",0.0476442134226359
"PUSA44","R-RF-44",0.427309521263442
"PUSABASMATI6","R-RF-44",-0.154342710912477
"PUSASUGANDH2","R-RF-44",-0.0152464055487318
"RASI","R-RF-44",0.191293084830308
"RKVY-104","R-RF-44",-0.0710809183964967
"RKVY-143","R-RF-44",0.0851500475798014
"RKVY-28","R-RF-44",-0.0593641372648451
"R-RF-44","R-RF-44",1.26863168707128
"RRF-78","R-RF-44",0.249737862342814
"Sadabahar","R-RF-44",-0.262313842109959
"SAFRI-17","R-RF-44",-0.0490824769947047
"SAHBHAGIDHAN","R-RF-44",0.223849828043829
"SATABHAMA","R-RF-44",-0.112306921143061
"SERATOES","R-RF-44",-0.0905634422279355
"SERETY","R-RF-44",-0.227875816347411
"SHAKU","R-RF-44",-0.172056490863391
"SR1-3-1","R-RF-44",-0.0771987096551109
"SUWEON","R-RF-44",-0.203210029980526
"SWARNA","R-RF-44",0.229650763053949
"VANAPRAVA","R-RF-44",-0.0743133997397915
"VANDANA","R-RF-44",0.108898206504794
"Wayrarem","R-RF-44",0.20648425287603
"281785","RRF-78",-0.0498532570951613
"282803","RRF-78",0.332403542720997
"299554","RRF-78",0.184403624117249
"356457","RRF-78",0.218552139219345
"376579","RRF-78",-0.35728925619148
"376851","RRF-78",-0.309673233499996
"377448","RRF-78",0.103317898615359
"377705","RRF-78",0.134740745543223
"384190","RRF-78",-0.114704131348056
"426049","RRF-78",0.213802445368513
"438644","RRF-78",0.330753714754377
"ADAYSEL","RRF-78",0.132277048888171
"AbhayaXDagadesi","RRF-78",0.274011587214569
"ABHISEK","RRF-78",-0.188692399947468
"ABOR-A-1","RRF-78",0.125772023874077
"ANJALI","RRF-78",-0.130694663853418
"Annada","RRF-78",-0.282432181025916
"Apo","RRF-78",0.0802697015517098
"ARC10319","RRF-78",0.118814798135417
"ARC12071","RRF-78",-0.249726866729751
"ARNAPURNA","RRF-78",-0.296869581355387
"ASD16","RRF-78",-0.217514723116863
"AUS257","RRF-78",-0.24347218300603
"BAKAL","RRF-78",0.322557983569932
"BAM1057","RRF-78",0.238791859524676
"BAM1098","RRF-78",0.222563880569063
"BAM1659","RRF-78",-0.287806467265292
"BAM1689","RRF-78",0.207509245151969
"BAM1708","RRF-78",0.252618724013134
"BAM1812","RRF-78",0.0346820680251241
"BAM2096","RRF-78",-0.31832778102277
"BAM2166","RRF-78",-0.162492517384823
"BAM247","RRF-78",0.241085572742763
"BAM2574","RRF-78",-0.316272669094419
"BAM2680","RRF-78",-0.202586220885355
"BAM3154","RRF-78",0.100689454892237
"BAM3181","RRF-78",-0.277244141772834
"BAM326","RRF-78",-0.281048054690641
"BAM328","RRF-78",0.0904964279433195
"BAM350","RRF-78",0.172902600569719
"BAM3690","RRF-78",0.0940755284593946
"BAM4009","RRF-78",0.256503754279391
"BAM4054","RRF-78",-0.167626955015348
"BAM4138","RRF-78",-0.166864413594361
"BAM4168","RRF-78",-0.271885094542964
"BAM4234","RRF-78",-0.0164936774350887
"BAM4254","RRF-78",-0.0272196096043072
"BAM4477","RRF-78",0.0906547491520798
"BAM4496","RRF-78",0.12139257830268
"BAM4510","RRF-78",-0.153407295068019
"BAM4521","RRF-78",-0.0990882106599491
"BAM4534","RRF-78",0.185259427569567
"BAM4797","RRF-78",-0.321946117725442
"BAM491","RRF-78",0.0946877218053587
"BAM4928","RRF-78",-0.148361043376803
"BAM5110","RRF-78",-0.19964231987063
"BAM56","RRF-78",-0.100721596222484
"BAM5779","RRF-78",-0.268431407934487
"BAM5850","RRF-78",0.220562774999601
"BAM6921","RRF-78",0.133267681905331
"BAM712","RRF-78",-0.277593467737204
"BAM742","RRF-78",-0.276794459442994
"BAM7429","RRF-78",0.036783965150919
"BAM7449","RRF-78",0.199734795009884
"BAM747","RRF-78",-0.296473852060385
"BAM759","RRF-78",0.242775355206348
"BAM766","RRF-78",-0.291081528431772
"BAM807","RRF-78",-0.273651327452497
"BAM811","RRF-78",0.070791008979936
"BAM812","RRF-78",-0.282308389185068
"BAM819","RRF-78",-0.29306953662828
"BAM8296","RRF-78",0.219366179245348
"BAM8305","RRF-78",0.286045793311631
"BAM8315","RRF-78",-0.212564065102584
"BAM8364","RRF-78",-0.11100014709962
"BAMAWPYAN","RRF-78",-0.0766822003359779
"BENAMURI","RRF-78",-0.302608277826925
"BLACKGORA","RRF-78",-0.182536245330295
"CGR1656","RRF-78",0.0535137807220953
"CGR1679","RRF-78",-0.327823649029881
"CGR2012","RRF-78",-0.326948258904264
"CO18","RRF-78",-0.249968683662189
"CRDHAN-204","RRF-78",-0.247385891203271
"CR143-2-2","RRF-78",0.142054944844905
"CR262-4","RRF-78",0.127677127277526
"CROSSA","RRF-78",-0.318118698961111
"DULAR","RRF-78",0.255065158515343
"EYPO","RRF-78",0.19966884319462
"EYPO-2","RRF-78",-0.230414182534024
"FULKATI","RRF-78",0.194454512423754
"Ghanteswari","RRF-78",0.11146949285241
"GHATIKAMMANANGARHAR","RRF-78",-0.15433108874255
"GotrabiDhan","RRF-78",0.221490063395414
"GP-145-37","RRF-78",-0.309804209326923
"GP-145-51","RRF-78",0.0333831556355533
"HARBHOONDI","RRF-78",-0.245527441787486
"HongZuiEr","RRF-78",0.115418364399616
"IndrabaruniDhan","RRF-78",0.116167551002337
"IR74371-54-1-1","RRF-78",0.103076251110837
"IR77298-14-1-2-10","RRF-78",0.188819176491472
"IR77298-5-6-18","RRF-78",0.457481895189659
"IR83383-B-B-129-4","RRF-78",0.396063323735106
"IR83388-B-B108-3","RRF-78",0.212431856912063
"IR87707-445-B-B","RRF-78",0.414521356726142
"IR87707-446-B-B","RRF-78",0.273204638760538
"IRROEPYO","RRF-78",-0.106837196271852
"KALINGA-1","RRF-78",0.185240959214313
"KANGRO","RRF-78",-0.24923998960824
"KHAODAWTAI","RRF-78",-0.244327339901081
"MANDRIRAVINA","RRF-78",-0.247007567775756
"MAUDAMANI","RRF-78",-0.241282105426651
"MOROBEREKAN","RRF-78",0.0775661978423391
"MTU1010","RRF-78",0.379454879151474
"MTU9","RRF-78",-0.258353735630595
"NERICA-L-26","RRF-78",0.164866314809155
"NERICA-L-42","RRF-78",0.165619820146634
"NERICA-L-44","RRF-78",0.234741688252201
"PARIJAT","RRF-78",0.10397098463648
"Patchaiperumal","RRF-78",0.0763978035704235
"PEH-KUH-TSAO-TU","RRF-78",-0.252089607228678
"PMK-2","RRF-78",0.120408658653173
"PRASAD-1","RRF-78",-0.15497890056129
"PUSASUGANDH5","RRF-78",0.172292339359748
"PUSA1121","RRF-78",0.106867521677761
"Pusa1121-SN12","RRF-78",0.127226451765649
"PUSA44","RRF-78",0.195582408696573
"PUSABASMATI6","RRF-78",-0.176118197451419
"PUSASUGANDH2","RRF-78",-0.247364336529815
"RASI","RRF-78",0.102934924072029
"RKVY-104","RRF-78",0.218297845392244
"RKVY-143","RRF-78",0.019820312552368
"RKVY-28","RRF-78",0.261965811555972
"R-RF-44","RRF-78",0.249737862342814
"RRF-78","RRF-78",1.30990075054551
"Sadabahar","RRF-78",-0.27716381215292
"SAFRI-17","RRF-78",-0.186724309858522
"SAHBHAGIDHAN","RRF-78",0.1022653308997
"SATABHAMA","RRF-78",-0.189259275131023
"SERATOES","RRF-78",0.210848342827662
"SERETY","RRF-78",-0.250699207867958
"SHAKU","RRF-78",-0.266007713758408
"SR1-3-1","RRF-78",-0.157544678113114
"SUWEON","RRF-78",-0.16142302717201
"SWARNA","RRF-78",0.134778373150766
"VANAPRAVA","RRF-78",0.243883422077328
"VANDANA","RRF-78",0.128417819127026
"Wayrarem","RRF-78",0.0887158465651652
"281785","Sadabahar",0.20511051307699
"282803","Sadabahar",-0.228368100896483
"299554","Sadabahar",-0.286156081096214
"356457","Sadabahar",-0.219251292559964
"376579","Sadabahar",0.473642655205054
"376851","Sadabahar",0.573147120533004
"377448","Sadabahar",0.0235211790289061
"377705","Sadabahar",-0.215339388646652
"384190","Sadabahar",0.105091611950637
"426049","Sadabahar",-0.214194034409752
"438644","Sadabahar",-0.21562870203939
"ADAYSEL","Sadabahar",-0.26281320314663
"AbhayaXDagadesi","Sadabahar",-0.268101266074961
"ABHISEK","Sadabahar",0.183549012331554
"ABOR-A-1","Sadabahar",-0.242603683619083
"ANJALI","Sadabahar",0.181803026611131
"Annada","Sadabahar",-0.0126432026036106
"Apo","Sadabahar",-0.247905339067807
"ARC10319","Sadabahar",-0.136280103458615
"ARC12071","Sadabahar",0.301863761991067
"ARNAPURNA","Sadabahar",0.355152042087481
"ASD16","Sadabahar",0.216092809985672
"AUS257","Sadabahar",0.171877831081463
"BAKAL","Sadabahar",-0.31772844391362
"BAM1057","Sadabahar",-0.241480329500463
"BAM1098","Sadabahar",-0.299280179412021
"BAM1659","Sadabahar",0.323059728281938
"BAM1689","Sadabahar",-0.263120032228543
"BAM1708","Sadabahar",-0.296752883330872
"BAM1812","Sadabahar",-0.0534596848311591
"BAM2096","Sadabahar",0.626783668012543
"BAM2166","Sadabahar",0.103612808180816
"BAM247","Sadabahar",-0.14734691448306
"BAM2574","Sadabahar",0.417414878360152
"BAM2680","Sadabahar",0.20589295547759
"BAM3154","Sadabahar",0.00872841794956367
"BAM3181","Sadabahar",0.381173361484143
"BAM326","Sadabahar",0.485180245571823
"BAM328","Sadabahar",0.10243182282573
"BAM350","Sadabahar",-0.10157355313784
"BAM3690","Sadabahar",-0.198034410431554
"BAM4009","Sadabahar",-0.322461700695316
"BAM4054","Sadabahar",0.242253195678864
"BAM4138","Sadabahar",0.147263432067287
"BAM4168","Sadabahar",0.204710586423991
"BAM4234","Sadabahar",0.120716671856383
"BAM4254","Sadabahar",0.119915891025657
"BAM4477","Sadabahar",-0.18779164988778
"BAM4496","Sadabahar",-0.0151034926152905
"BAM4510","Sadabahar",0.13949966748026
"BAM4521","Sadabahar",0.122421804575207
"BAM4534","Sadabahar",-0.244975456433131
"BAM4797","Sadabahar",0.372175052336667
"BAM491","Sadabahar",-0.166063104971699
"BAM4928","Sadabahar",0.105385519950241
"BAM5110","Sadabahar",0.197174762245762
"BAM56","Sadabahar",0.122797072051488
"BAM5779","Sadabahar",0.054657296683363
"BAM5850","Sadabahar",-0.219760781417411
"BAM6921","Sadabahar",-0.265741337010944
"BAM712","Sadabahar",0.00219519934929488
"BAM742","Sadabahar",-0.00497261849194907
"BAM7429","Sadabahar",0.0810013603463137
"BAM7449","Sadabahar",-0.23953027067368
"BAM747","Sadabahar",0.00425540133253401
"BAM759","Sadabahar",-0.265731936715888
"BAM766","Sadabahar",-0.00230846778229235
"BAM807","Sadabahar",0.0580123892543317
"BAM811","Sadabahar",-0.197027351056959
"BAM812","Sadabahar",0.230680294707159
"BAM819","Sadabahar",0.180977618458894
"BAM8296","Sadabahar",-0.257054187713322
"BAM8305","Sadabahar",-0.265990954201731
"BAM8315","Sadabahar",0.0684293006772698
"BAM8364","Sadabahar",0.182086427795673
"BAMAWPYAN","Sadabahar",0.127049180596536
"BENAMURI","Sadabahar",0.40424301070773
"BLACKGORA","Sadabahar",0.255281279867122
"CGR1656","Sadabahar",-0.0296212559484379
"CGR1679","Sadabahar",0.45191872865639
"CGR2012","Sadabahar",0.469529068944866
"CO18","Sadabahar",0.257978442073931
"CRDHAN-204","Sadabahar",0.152609824301176
"CR143-2-2","Sadabahar",-0.255215093657303
"CR262-4","Sadabahar",-0.239339345667338
"CROSSA","Sadabahar",0.430748065162847
"DULAR","Sadabahar",-0.265208381648755
"EYPO","Sadabahar",-0.113037714771183
"EYPO-2","Sadabahar",0.189175631462973
"FULKATI","Sadabahar",-0.148013286554196
"Ghanteswari","Sadabahar",-0.198256016939532
"GHATIKAMMANANGARHAR","Sadabahar",0.24810571798068
"GotrabiDhan","Sadabahar",-0.189319057359714
"GP-145-37","Sadabahar",0.467082816327482
"GP-145-51","Sadabahar",0.0278889634721597
"HARBHOONDI","Sadabahar",0.15115523588028
"HongZuiEr","Sadabahar",-0.194598002066063
"IndrabaruniDhan","Sadabahar",-0.215911956704171
"IR74371-54-1-1","Sadabahar",-0.236649721850007
"IR77298-14-1-2-10","Sadabahar",-0.231116567836429
"IR77298-5-6-18","Sadabahar",-0.323472629323968
"IR83383-B-B-129-4","Sadabahar",-0.324326789320848
"IR83388-B-B108-3","Sadabahar",-0.241787735158848
"IR87707-445-B-B","Sadabahar",-0.318183786404626
"IR87707-446-B-B","Sadabahar",-0.320255655926798
"IRROEPYO","Sadabahar",0.181225738085345
"KALINGA-1","Sadabahar",-0.163223344679878
"KANGRO","Sadabahar",0.306006671747074
"KHAODAWTAI","Sadabahar",0.263361867233301
"MANDRIRAVINA","Sadabahar",0.255036362631577
"MAUDAMANI","Sadabahar",0.256409453257732
"MOROBEREKAN","Sadabahar",-0.392249055746937
"MTU1010","Sadabahar",-0.300429846698214
"MTU9","Sadabahar",0.309678254943856
"NERICA-L-26","Sadabahar",-0.259968781213623
"NERICA-L-42","Sadabahar",-0.271329978493555
"NERICA-L-44","Sadabahar",-0.212479949765478
"PARIJAT","Sadabahar",-0.219513301731611
"Patchaiperumal","Sadabahar",-0.0296557386605968
"PEH-KUH-TSAO-TU","Sadabahar",0.320275756164497
"PMK-2","Sadabahar",-0.235344368365895
"PRASAD-1","Sadabahar",0.17900383378833
"PUSASUGANDH5","Sadabahar",-0.284150944750605
"PUSA1121","Sadabahar",-0.287124496841788
"Pusa1121-SN12","Sadabahar",-0.332117838569367
"PUSA44","Sadabahar",-0.281130442111951
"PUSABASMATI6","Sadabahar",0.12234679406373
"PUSASUGANDH2","Sadabahar",0.207731391352788
"RASI","Sadabahar",-0.204670175912527
"RKVY-104","Sadabahar",-0.334330317179411
"RKVY-143","Sadabahar",0.0882453016965153
"RKVY-28","Sadabahar",-0.253288131187215
"R-RF-44","Sadabahar",-0.262313842109959
"RRF-78","Sadabahar",-0.27716381215292
"Sadabahar","Sadabahar",1.27063561279485
"SAFRI-17","Sadabahar",0.192023826081458
"SAHBHAGIDHAN","Sadabahar",-0.203027911807426
"SATABHAMA","Sadabahar",0.173846113750311
"SERATOES","Sadabahar",-0.239272743866883
"SERETY","Sadabahar",0.317045880957699
"SHAKU","Sadabahar",0.179753995620577
"SR1-3-1","Sadabahar",0.181080305228499
"SUWEON","Sadabahar",0.168938473188157
"SWARNA","Sadabahar",-0.140136390964785
"VANAPRAVA","Sadabahar",-0.249684923981045
"VANDANA","Sadabahar",-0.275728032778249
"Wayrarem","Sadabahar",-0.260288327539841
"281785","SAFRI-17",0.270014637368578
"282803","SAFRI-17",-0.144339536257314
"299554","SAFRI-17",-0.0815354459481155
"356457","SAFRI-17",-0.132117619991698
"376579","SAFRI-17",0.189181841443652
"376851","SAFRI-17",0.189543176831272
"377448","SAFRI-17",-0.219810489220199
"377705","SAFRI-17",-0.108080321550489
"384190","SAFRI-17",0.00445392331434876
"426049","SAFRI-17",-0.128077085533976
"438644","SAFRI-17",-0.126522308341961
"ADAYSEL","SAFRI-17",-0.280516684500501
"AbhayaXDagadesi","SAFRI-17",-0.108902361476919
"ABHISEK","SAFRI-17",0.301604697630755
"ABOR-A-1","SAFRI-17",-0.123049236165318
"ANJALI","SAFRI-17",0.378728693967492
"Annada","SAFRI-17",0.0152049751302384
"Apo","SAFRI-17",-0.200296877604321
"ARC10319","SAFRI-17",-0.227999937667186
"ARC12071","SAFRI-17",0.202630066899109
"ARNAPURNA","SAFRI-17",0.218948361345344
"ASD16","SAFRI-17",0.340577350126587
"AUS257","SAFRI-17",0.268908192836262
"BAKAL","SAFRI-17",-0.392567395054025
"BAM1057","SAFRI-17",-0.363660439734462
"BAM1098","SAFRI-17",-0.371498258151752
"BAM1659","SAFRI-17",0.247396320401143
"BAM1689","SAFRI-17",-0.370644671233646
"BAM1708","SAFRI-17",-0.371348981180292
"BAM1812","SAFRI-17",-0.249252468018633
"BAM2096","SAFRI-17",0.198688601222723
"BAM2166","SAFRI-17",0.0194122745745538
"BAM247","SAFRI-17",-0.121877670787055
"BAM2574","SAFRI-17",0.19269795523659
"BAM2680","SAFRI-17",0.347277778899044
"BAM3154","SAFRI-17",-0.141016225351733
"BAM3181","SAFRI-17",0.136607678271844
"BAM326","SAFRI-17",0.171459532956247
"BAM328","SAFRI-17",-0.155582400934969
"BAM350","SAFRI-17",-0.293522012727003
"BAM3690","SAFRI-17",-0.2088730018684
"BAM4009","SAFRI-17",-0.381736549441566
"BAM4054","SAFRI-17",0.376507494520245
"BAM4138","SAFRI-17",0.0316989324714214
"BAM4168","SAFRI-17",0.179152315914855
"BAM4234","SAFRI-17",0.318799514793234
"BAM4254","SAFRI-17",0.331465849240099
"BAM4477","SAFRI-17",-0.212308248903652
"BAM4496","SAFRI-17",-0.234100791221207
"BAM4510","SAFRI-17",0.0604975988388734
"BAM4521","SAFRI-17",0.0295940365593096
"BAM4534","SAFRI-17",-0.36404657906004
"BAM4797","SAFRI-17",0.172317316694694
"BAM491","SAFRI-17",-0.2932089886679
"BAM4928","SAFRI-17",0.0523030823117741
"BAM5110","SAFRI-17",0.468493166660035
"BAM56","SAFRI-17",0.020977937165105
"BAM5779","SAFRI-17",0.104963022283264
"BAM5850","SAFRI-17",-0.354389119691864
"BAM6921","SAFRI-17",-0.084226730072012
"BAM712","SAFRI-17",0.0282391953506221
"BAM742","SAFRI-17",0.0231025774972971
"BAM7429","SAFRI-17",-0.195062611041419
"BAM7449","SAFRI-17",-0.397600106198409
"BAM747","SAFRI-17",0.033010895635511
"BAM759","SAFRI-17",-0.256322354387858
"BAM766","SAFRI-17",0.02979278209882
"BAM807","SAFRI-17",0.0970107846557398
"BAM811","SAFRI-17",-0.214437986518621
"BAM812","SAFRI-17",0.206954314949926
"BAM819","SAFRI-17",0.285564368120657
"BAM8296","SAFRI-17",-0.00245631649620313
"BAM8305","SAFRI-17",-0.147606759245743
"BAM8315","SAFRI-17",0.0852183066244469
"BAM8364","SAFRI-17",0.330250584412048
"BAMAWPYAN","SAFRI-17",0.0282170731918566
"BENAMURI","SAFRI-17",0.189832807336993
"BLACKGORA","SAFRI-17",0.432108911144242
"CGR1656","SAFRI-17",-0.24615905555147
"CGR1679","SAFRI-17",0.175570086459864
"CGR2012","SAFRI-17",0.207211047868225
"CO18","SAFRI-17",0.218566917354114
"CRDHAN-204","SAFRI-17",0.312999558436338
"CR143-2-2","SAFRI-17",-0.140711283876708
"CR262-4","SAFRI-17",-0.13141788676611
"CROSSA","SAFRI-17",0.205039382374103
"DULAR","SAFRI-17",-0.389192874286489
"EYPO","SAFRI-17",-0.249652874020036
"EYPO-2","SAFRI-17",0.280576351104626
"FULKATI","SAFRI-17",-0.370692885465496
"Ghanteswari","SAFRI-17",-0.168596957396416
"GHATIKAMMANANGARHAR","SAFRI-17",0.391947107152486
"GotrabiDhan","SAFRI-17",-0.0853221645432575
"GP-145-37","SAFRI-17",0.211856381066293
"GP-145-51","SAFRI-17",-0.251059858853333
"HARBHOONDI","SAFRI-17",0.26904519385269
"HongZuiEr","SAFRI-17",-0.139868255899211
"IndrabaruniDhan","SAFRI-17",0.0189286281512347
"IR74371-54-1-1","SAFRI-17",-0.115884678233817
"IR77298-14-1-2-10","SAFRI-17",-0.0977472368768109
"IR77298-5-6-18","SAFRI-17",-0.0660942361454643
"IR83383-B-B-129-4","SAFRI-17",-0.0623801867111574
"IR83388-B-B108-3","SAFRI-17",-0.0763046838447363
"IR87707-445-B-B","SAFRI-17",-0.072222465469785
"IR87707-446-B-B","SAFRI-17",-0.119544359087421
"IRROEPYO","SAFRI-17",0.107934345001092
"KALINGA-1","SAFRI-17",-0.0572441108846394
"KANGRO","SAFRI-17",0.197142282689003
"KHAODAWTAI","SAFRI-17",0.269697032056062
"MANDRIRAVINA","SAFRI-17",0.216308503450268
"MAUDAMANI","SAFRI-17",0.280529597048055
"MOROBEREKAN","SAFRI-17",-0.334894129428471
"MTU1010","SAFRI-17",-0.0131231564417064
"MTU9","SAFRI-17",0.197049169003159
"NERICA-L-26","SAFRI-17",-0.0631741703543116
"NERICA-L-42","SAFRI-17",-0.0670510610379466
"NERICA-L-44","SAFRI-17",-0.0420481615467257
"PARIJAT","SAFRI-17",-0.114779181877096
"Patchaiperumal","SAFRI-17",-0.219340242892014
"PEH-KUH-TSAO-TU","SAFRI-17",0.202075932804691
"PMK-2","SAFRI-17",-0.118357776504007
"PRASAD-1","SAFRI-17",0.337823687588721
"PUSASUGANDH5","SAFRI-17",-0.104495042789478
"PUSA1121","SAFRI-17",-0.209767511176267
"Pusa1121-SN12","SAFRI-17",-0.223815522961715
"PUSA44","SAFRI-17",0.0149464280359665
"PUSABASMATI6","SAFRI-17",0.209604158076689
"PUSASUGANDH2","SAFRI-17",0.436244512533026
"RASI","SAFRI-17",-0.155446766702973
"RKVY-104","SAFRI-17",-0.391639888123751
"RKVY-143","SAFRI-17",-0.217301909902688
"RKVY-28","SAFRI-17",-0.368405873754171
"R-RF-44","SAFRI-17",-0.0490824769947047
"RRF-78","SAFRI-17",-0.186724309858522
"Sadabahar","SAFRI-17",0.192023826081458
"SAFRI-17","SAFRI-17",1.14085471647039
"SAHBHAGIDHAN","SAFRI-17",-0.100076259078377
"SATABHAMA","SAFRI-17",0.316761840520789
"SERATOES","SAFRI-17",-0.371976006349053
"SERETY","SAFRI-17",0.207277668554689
"SHAKU","SAFRI-17",0.219830499370828
"SR1-3-1","SAFRI-17",0.354978312054342
"SUWEON","SAFRI-17",0.213202290572513
"SWARNA","SAFRI-17",-0.0717008943259964
"VANAPRAVA","SAFRI-17",-0.357363058538822
"VANDANA","SAFRI-17",-0.274086236663001
"Wayrarem","SAFRI-17",-0.204995019203661
"281785","SAHBHAGIDHAN",-0.0890116567744005
"282803","SAHBHAGIDHAN",0.29771993949411
"299554","SAHBHAGIDHAN",0.230907399367716
"356457","SAHBHAGIDHAN",0.252258086551018
"376579","SAHBHAGIDHAN",-0.208764440103788
"376851","SAHBHAGIDHAN",-0.22906226410631
"377448","SAHBHAGIDHAN",0.199610208545277
"377705","SAHBHAGIDHAN",0.384516265331429
"384190","SAHBHAGIDHAN",-0.309921722606148
"426049","SAHBHAGIDHAN",0.258058202910174
"438644","SAHBHAGIDHAN",0.289932951375809
"ADAYSEL","SAHBHAGIDHAN",0.00467194491068553
"AbhayaXDagadesi","SAHBHAGIDHAN",0.233457258194495
"ABHISEK","SAHBHAGIDHAN",-0.114206734600563
"ABOR-A-1","SAHBHAGIDHAN",0.218821462584278
"ANJALI","SAHBHAGIDHAN",0.0211173968032312
"Annada","SAHBHAGIDHAN",-0.352637569258454
"Apo","SAHBHAGIDHAN",0.242538673660684
"ARC10319","SAHBHAGIDHAN",0.145831838391446
"ARC12071","SAHBHAGIDHAN",-0.263071326236241
"ARNAPURNA","SAHBHAGIDHAN",-0.231628875509426
"ASD16","SAHBHAGIDHAN",-0.111552361311279
"AUS257","SAHBHAGIDHAN",-0.135549906043351
"BAKAL","SAHBHAGIDHAN",-0.0293805857162859
"BAM1057","SAHBHAGIDHAN",-0.0397174655728221
"BAM1098","SAHBHAGIDHAN",-0.0596571372621848
"BAM1659","SAHBHAGIDHAN",-0.157008979752359
"BAM1689","SAHBHAGIDHAN",-0.0770205881920314
"BAM1708","SAHBHAGIDHAN",-0.0439253812012189
"BAM1812","SAHBHAGIDHAN",0.102978915012247
"BAM2096","SAHBHAGIDHAN",-0.175915027608735
"BAM2166","SAHBHAGIDHAN",-0.35527352559024
"BAM247","SAHBHAGIDHAN",0.247977309897748
"BAM2574","SAHBHAGIDHAN",-0.211050068000232
"BAM2680","SAHBHAGIDHAN",0.0215372909691987
"BAM3154","SAHBHAGIDHAN",0.163551513768343
"BAM3181","SAHBHAGIDHAN",-0.257895738458749
"BAM326","SAHBHAGIDHAN",-0.240930096758818
"BAM328","SAHBHAGIDHAN",0.0960721875544677
"BAM350","SAHBHAGIDHAN",0.0554505001340764
"BAM3690","SAHBHAGIDHAN",0.2630205672735
"BAM4009","SAHBHAGIDHAN",-0.0845249223156949
"BAM4054","SAHBHAGIDHAN",-0.0935672105006687
"BAM4138","SAHBHAGIDHAN",-0.360534027146902
"BAM4168","SAHBHAGIDHAN",-0.197437559578158
"BAM4234","SAHBHAGIDHAN",-0.168711152143334
"BAM4254","SAHBHAGIDHAN",-0.173202130370839
"BAM4477","SAHBHAGIDHAN",0.297186694551951
"BAM4496","SAHBHAGIDHAN",0.123635370937238
"BAM4510","SAHBHAGIDHAN",-0.336864875307499
"BAM4521","SAHBHAGIDHAN",-0.364125564971223
"BAM4534","SAHBHAGIDHAN",-0.0117677255837476
"BAM4797","SAHBHAGIDHAN",-0.228032358262386
"BAM491","SAHBHAGIDHAN",0.0572751778043111
"BAM4928","SAHBHAGIDHAN",-0.387295439901951
"BAM5110","SAHBHAGIDHAN",-0.160289742002183
"BAM56","SAHBHAGIDHAN",-0.345108851209863
"BAM5779","SAHBHAGIDHAN",-0.273285226227245
"BAM5850","SAHBHAGIDHAN",-0.0769972473361092
"BAM6921","SAHBHAGIDHAN",0.290480820247475
"BAM712","SAHBHAGIDHAN",-0.341505789336872
"BAM742","SAHBHAGIDHAN",-0.337589565062426
"BAM7429","SAHBHAGIDHAN",0.116306456602379
"BAM7449","SAHBHAGIDHAN",-0.0195372243572268
"BAM747","SAHBHAGIDHAN",-0.342189750293414
"BAM759","SAHBHAGIDHAN",0.0995263922176963
"BAM766","SAHBHAGIDHAN",-0.34385256180436
"BAM807","SAHBHAGIDHAN",-0.267003713934668
"BAM811","SAHBHAGIDHAN",0.27105082534984
"BAM812","SAHBHAGIDHAN",-0.0792044122915355
"BAM819","SAHBHAGIDHAN",0.0147795559250611
"BAM8296","SAHBHAGIDHAN",0.329391032354483
"BAM8305","SAHBHAGIDHAN",0.220050536222418
"BAM8315","SAHBHAGIDHAN",-0.299547130024781
"BAM8364","SAHBHAGIDHAN",-0.128183137188786
"BAMAWPYAN","SAHBHAGIDHAN",-0.370732381158449
"BENAMURI","SAHBHAGIDHAN",-0.204041952992333
"BLACKGORA","SAHBHAGIDHAN",-0.133710683441005
"CGR1656","SAHBHAGIDHAN",0.14051783641345
"CGR1679","SAHBHAGIDHAN",-0.206535475126669
"CGR2012","SAHBHAGIDHAN",-0.246015868768497
"CO18","SAHBHAGIDHAN",-0.254190922329896
"CRDHAN-204","SAHBHAGIDHAN",-0.0806525501223811
"CR143-2-2","SAHBHAGIDHAN",0.184815419988984
"CR262-4","SAHBHAGIDHAN",0.184859045109854
"CROSSA","SAHBHAGIDHAN",-0.239019505230563
"DULAR","SAHBHAGIDHAN",-0.0144476509363745
"EYPO","SAHBHAGIDHAN",0.135570416223992
"EYPO-2","SAHBHAGIDHAN",-0.129822839362498
"FULKATI","SAHBHAGIDHAN",-0.0257193801373798
"Ghanteswari","SAHBHAGIDHAN",0.209891829184518
"GHATIKAMMANANGARHAR","SAHBHAGIDHAN",-0.105200526328531
"GotrabiDhan","SAHBHAGIDHAN",0.235987528171483
"GP-145-37","SAHBHAGIDHAN",-0.20298134380718
"GP-145-51","SAHBHAGIDHAN",0.136976692219084
"HARBHOONDI","SAHBHAGIDHAN",-0.165284261267469
"HongZuiEr","SAHBHAGIDHAN",0.279583240637194
"IndrabaruniDhan","SAHBHAGIDHAN",0.167409261753771
"IR74371-54-1-1","SAHBHAGIDHAN",0.211411785228759
"IR77298-14-1-2-10","SAHBHAGIDHAN",0.271689998275321
"IR77298-5-6-18","SAHBHAGIDHAN",0.195779419429764
"IR83383-B-B-129-4","SAHBHAGIDHAN",0.166690768486245
"IR83388-B-B108-3","SAHBHAGIDHAN",0.224037070988602
"IR87707-445-B-B","SAHBHAGIDHAN",0.165189616707287
"IR87707-446-B-B","SAHBHAGIDHAN",0.201450274099318
"IRROEPYO","SAHBHAGIDHAN",-0.288842450436225
"KALINGA-1","SAHBHAGIDHAN",0.275449806973003
"KANGRO","SAHBHAGIDHAN",-0.260278809550701
"KHAODAWTAI","SAHBHAGIDHAN",-0.0752336108327917
"MANDRIRAVINA","SAHBHAGIDHAN",-0.247698014458404
"MAUDAMANI","SAHBHAGIDHAN",-0.0501843895154454
"MOROBEREKAN","SAHBHAGIDHAN",0.00719616687620349
"MTU1010","SAHBHAGIDHAN",0.20115643313882
"MTU9","SAHBHAGIDHAN",-0.260959406854888
"NERICA-L-26","SAHBHAGIDHAN",0.212979545115669
"NERICA-L-42","SAHBHAGIDHAN",0.208710585377926
"NERICA-L-44","SAHBHAGIDHAN",0.317246825257264
"PARIJAT","SAHBHAGIDHAN",1.26942720355297
"Patchaiperumal","SAHBHAGIDHAN",0.119214722917308
"PEH-KUH-TSAO-TU","SAHBHAGIDHAN",-0.25905304804224
"PMK-2","SAHBHAGIDHAN",0.216165353100592
"PRASAD-1","SAHBHAGIDHAN",-0.126726235670525
"PUSASUGANDH5","SAHBHAGIDHAN",0.258009085638962
"PUSA1121","SAHBHAGIDHAN",0.0309243418242862
"Pusa1121-SN12","SAHBHAGIDHAN",0.046955193342298
"PUSA44","SAHBHAGIDHAN",0.309768406351357
"PUSABASMATI6","SAHBHAGIDHAN",-0.159570806023703
"PUSASUGANDH2","SAHBHAGIDHAN",-0.170204048152684
"RASI","SAHBHAGIDHAN",0.240183134953708
"RKVY-104","SAHBHAGIDHAN",-0.0397862632754664
"RKVY-143","SAHBHAGIDHAN",0.0837056496491703
"RKVY-28","SAHBHAGIDHAN",-0.0453373132303522
"R-RF-44","SAHBHAGIDHAN",0.223849828043829
"RRF-78","SAHBHAGIDHAN",0.1022653308997
"Sadabahar","SAHBHAGIDHAN",-0.203027911807426
"SAFRI-17","SAHBHAGIDHAN",-0.100076259078377
"SAHBHAGIDHAN","SAHBHAGIDHAN",1.28487449323744
"SATABHAMA","SAHBHAGIDHAN",-0.108156351734588
"SERATOES","SAHBHAGIDHAN",-0.0366863787249243
"SERETY","SAHBHAGIDHAN",-0.247691558180242
"SHAKU","SAHBHAGIDHAN",-0.169577389110134
"SR1-3-1","SAHBHAGIDHAN",-0.112293812699883
"SUWEON","SAHBHAGIDHAN",-0.213007519306599
"SWARNA","SAHBHAGIDHAN",0.184795966014759
"VANAPRAVA","SAHBHAGIDHAN",-0.0409099770505116
"VANDANA","SAHBHAGIDHAN",0.140557798862295
"Wayrarem","SAHBHAGIDHAN",0.235925049374807
"281785","SATABHAMA",0.299222549577362
"282803","SATABHAMA",-0.0990571184154852
"299554","SATABHAMA",-0.0356558984381394
"356457","SATABHAMA",-0.177402090333793
"376579","SATABHAMA",0.150813090039972
"376851","SATABHAMA",0.144474643371642
"377448","SATABHAMA",-0.27569121707742
"377705","SATABHAMA",-0.238772098346161
"384190","SATABHAMA",0.0670587095017964
"426049","SATABHAMA",-0.176494199291753
"438644","SATABHAMA",-0.106522816919787
"ADAYSEL","SATABHAMA",-0.315599510258773
"AbhayaXDagadesi","SATABHAMA",-0.0956127818358212
"ABHISEK","SATABHAMA",0.299698580257411
"ABOR-A-1","SATABHAMA",-0.203516154838164
"ANJALI","SATABHAMA",0.338100563845352
"Annada","SATABHAMA",0.0259888253395393
"Apo","SATABHAMA",0.117339008009666
"ARC10319","SATABHAMA",-0.270501435538914
"ARC12071","SATABHAMA",0.15707647630364
"ARNAPURNA","SATABHAMA",0.169992598446126
"ASD16","SATABHAMA",0.267299104334889
"AUS257","SATABHAMA",0.438479799261613
"BAKAL","SATABHAMA",-0.405594832361993
"BAM1057","SATABHAMA",-0.397754054674577
"BAM1098","SATABHAMA",-0.379281911675437
"BAM1659","SATABHAMA",0.188733133592766
"BAM1689","SATABHAMA",-0.380652712719311
"BAM1708","SATABHAMA",-0.406535522886444
"BAM1812","SATABHAMA",-0.230909085828906
"BAM2096","SATABHAMA",0.197554857959685
"BAM2166","SATABHAMA",0.0369461604325668
"BAM247","SATABHAMA",-0.196535122938326
"BAM2574","SATABHAMA",0.183493589190917
"BAM2680","SATABHAMA",0.216915637799372
"BAM3154","SATABHAMA",-0.113946030157295
"BAM3181","SATABHAMA",0.134490706380238
"BAM326","SATABHAMA",0.144583161390175
"BAM328","SATABHAMA",-0.23758682125943
"BAM350","SATABHAMA",-0.339702150347599
"BAM3690","SATABHAMA",-0.252618722748944
"BAM4009","SATABHAMA",-0.389110860922017
"BAM4054","SATABHAMA",0.261425410326554
"BAM4138","SATABHAMA",0.0105291160907176
"BAM4168","SATABHAMA",0.123756933847443
"BAM4234","SATABHAMA",0.243644572202828
"BAM4254","SATABHAMA",0.242015126200691
"BAM4477","SATABHAMA",-0.244201611894697
"BAM4496","SATABHAMA",-0.25339711596361
"BAM4510","SATABHAMA",0.00334900865965041
"BAM4521","SATABHAMA",0.0636945865724148
"BAM4534","SATABHAMA",-0.405228236547747
"BAM4797","SATABHAMA",0.152133167819495
"BAM491","SATABHAMA",-0.294795637094312
"BAM4928","SATABHAMA",0.0376401310767177
"BAM5110","SATABHAMA",0.378076747228044
"BAM56","SATABHAMA",-0.0126819162196228
"BAM5779","SATABHAMA",0.219466788706398
"BAM5850","SATABHAMA",-0.384995624260056
"BAM6921","SATABHAMA",-0.0406831271720905
"BAM712","SATABHAMA",0.0541725161618266
"BAM742","SATABHAMA",0.0346910514840904
"BAM7429","SATABHAMA",-0.288077349230538
"BAM7449","SATABHAMA",-0.393314401292122
"BAM747","SATABHAMA",0.0426805262248562
"BAM759","SATABHAMA",-0.30634750736451
"BAM766","SATABHAMA",0.046645193043228
"BAM807","SATABHAMA",0.211603544415904
"BAM811","SATABHAMA",-0.231075635874936
"BAM812","SATABHAMA",0.19986258553588
"BAM819","SATABHAMA",0.216738366341213
"BAM8296","SATABHAMA",-0.0328959324112092
"BAM8305","SATABHAMA",-0.130603985864795
"BAM8315","SATABHAMA",0.0605698192622487
"BAM8364","SATABHAMA",0.265615874147022
"BAMAWPYAN","SATABHAMA",0.061553870363725
"BENAMURI","SATABHAMA",0.169584030998077
"BLACKGORA","SATABHAMA",0.297550540773457
"CGR1656","SATABHAMA",-0.259822759130288
"CGR1679","SATABHAMA",0.135454473016408
"CGR2012","SATABHAMA",0.175660732573692
"CO18","SATABHAMA",0.141120322621611
"CRDHAN-204","SATABHAMA",0.411249561712751
"CR143-2-2","SATABHAMA",0.45506036842368
"CR262-4","SATABHAMA",0.471512618563929
"CROSSA","SATABHAMA",0.187443860442873
"DULAR","SATABHAMA",-0.400527208309352
"EYPO","SATABHAMA",-0.288972231908605
"EYPO-2","SATABHAMA",0.209364173333945
"FULKATI","SATABHAMA",-0.375541073010274
"Ghanteswari","SATABHAMA",-0.253978845823029
"GHATIKAMMANANGARHAR","SATABHAMA",0.342140388008716
"GotrabiDhan","SATABHAMA",-0.175458609439815
"GP-145-37","SATABHAMA",0.165114389622778
"GP-145-51","SATABHAMA",-0.29128438019952
"HARBHOONDI","SATABHAMA",0.706091259331285
"HongZuiEr","SATABHAMA",-0.214386612728454
"IndrabaruniDhan","SATABHAMA",-0.117522787831637
"IR74371-54-1-1","SATABHAMA",0.430616162048024
"IR77298-14-1-2-10","SATABHAMA",-0.0522160027369819
"IR77298-5-6-18","SATABHAMA",-0.115014049384981
"IR83383-B-B-129-4","SATABHAMA",-0.129790485046349
"IR83388-B-B108-3","SATABHAMA",-0.0154300303982406
"IR87707-445-B-B","SATABHAMA",-0.103609090656128
"IR87707-446-B-B","SATABHAMA",0.0323380658797716
"IRROEPYO","SATABHAMA",0.0990191147031936
"KALINGA-1","SATABHAMA",-0.182688914747401
"KANGRO","SATABHAMA",0.156568730040906
"KHAODAWTAI","SATABHAMA",0.238469451654327
"MANDRIRAVINA","SATABHAMA",0.132683798960529
"MAUDAMANI","SATABHAMA",0.286369867795666
"MOROBEREKAN","SATABHAMA",-0.2961702037915
"MTU1010","SATABHAMA",-0.140055500878068
"MTU9","SATABHAMA",0.166600870560358
"NERICA-L-26","SATABHAMA",0.107481018641005
"NERICA-L-42","SATABHAMA",0.0870813625254169
"NERICA-L-44","SATABHAMA",-0.0724758857272633
"PARIJAT","SATABHAMA",-0.120757284186173
"Patchaiperumal","SATABHAMA",-0.244827429802056
"PEH-KUH-TSAO-TU","SATABHAMA",0.155034064885276
"PMK-2","SATABHAMA",-0.199674833179747
"PRASAD-1","SATABHAMA",0.263474099163044
"PUSASUGANDH5","SATABHAMA",-0.171161902424461
"PUSA1121","SATABHAMA",-0.261059605285328
"Pusa1121-SN12","SATABHAMA",-0.276627438565977
"PUSA44","SATABHAMA",-0.0927009776251033
"PUSABASMATI6","SATABHAMA",0.166147493334245
"PUSASUGANDH2","SATABHAMA",0.326950801037309
"RASI","SATABHAMA",-0.149657326212121
"RKVY-104","SATABHAMA",-0.39033898397648
"RKVY-143","SATABHAMA",-0.264762323504439
"RKVY-28","SATABHAMA",-0.418185065856251
"R-RF-44","SATABHAMA",-0.112306921143061
"RRF-78","SATABHAMA",-0.189259275131023
"Sadabahar","SATABHAMA",0.173846113750311
"SAFRI-17","SATABHAMA",0.316761840520789
"SAHBHAGIDHAN","SATABHAMA",-0.108156351734588
"SATABHAMA","SATABHAMA",1.24528118415974
"SERATOES","SATABHAMA",-0.389794503920802
"SERETY","SATABHAMA",0.157052807116235
"SHAKU","SATABHAMA",0.404579472784129
"SR1-3-1","SATABHAMA",0.339878531065283
"SUWEON","SATABHAMA",0.246941256488491
"SWARNA","SATABHAMA",-0.136227000627287
"VANAPRAVA","SATABHAMA",-0.39625515003799
"VANDANA","SATABHAMA",-0.0143762603123441
"Wayrarem","SATABHAMA",0.122601740426851
"281785","SERATOES",-0.39735223166559
"282803","SERATOES",-0.110392285406009
"299554","SERATOES",-0.0545940424917514
"356457","SERATOES",-0.0928519367072594
"376579","SERATOES",-0.301866729287951
"376851","SERATOES",-0.291394300265735
"377448","SERATOES",0.0176183767926514
"377705","SERATOES",-0.0816063027202615
"384190","SERATOES",0.27315120557831
"426049","SERATOES",-0.0988902774751332
"438644","SERATOES",-0.114878687326531
"ADAYSEL","SERATOES",0.378878641799672
"AbhayaXDagadesi","SERATOES",-0.0833528514239232
"ABHISEK","SERATOES",-0.389183990930726
"ABOR-A-1","SERATOES",-0.0672230070753827
"ANJALI","SERATOES",-0.405536099613671
"Annada","SERATOES",-0.0197732996062808
"Apo","SERATOES",-0.0492085922495376
"ARC10319","SERATOES",0.00892301203498279
"ARC12071","SERATOES",-0.295504563128785
"ARNAPURNA","SERATOES",-0.341599321756185
"ASD16","SERATOES",-0.408185832690945
"AUS257","SERATOES",-0.378961622499234
"BAKAL","SERATOES",0.607594635333259
"BAM1057","SERATOES",0.976908401240517
"BAM1098","SERATOES",0.534486363438468
"BAM1659","SERATOES",-0.333516804992458
"BAM1689","SERATOES",0.544257323552927
"BAM1708","SERATOES",0.607876637848728
"BAM1812","SERATOES",-0.010487256508176
"BAM2096","SERATOES",-0.234956300109438
"BAM2166","SERATOES",0.113491413823057
"BAM247","SERATOES",-0.0845179535126268
"BAM2574","SERATOES",-0.322582826671642
"BAM2680","SERATOES",-0.388100754857337
"BAM3154","SERATOES",-0.0264380661370792
"BAM3181","SERATOES",-0.299653960276462
"BAM326","SERATOES",-0.304507554180946
"BAM328","SERATOES",0.0893112942657936
"BAM350","SERATOES",0.438560455531504
"BAM3690","SERATOES",0.0052042881383509
"BAM4009","SERATOES",0.763322436926507
"BAM4054","SERATOES",-0.431319560204703
"BAM4138","SERATOES",0.996333596946992
"BAM4168","SERATOES",0.140102142292222
"BAM4234","SERATOES",-0.364971898720602
"BAM4254","SERATOES",-0.366542568084633
"BAM4477","SERATOES",-0.00603539651141055
"BAM4496","SERATOES",0.028513198262895
"BAM4510","SERATOES",0.781080477463717
"BAM4521","SERATOES",0.307078989872681
"BAM4534","SERATOES",0.95592289191814
"BAM4797","SERATOES",-0.211864496399321
"BAM491","SERATOES",0.312704656802987
"BAM4928","SERATOES",0.101865739306967
"BAM5110","SERATOES",-0.441749874606366
"BAM56","SERATOES",0.242855266463193
"BAM5779","SERATOES",-0.162940902872807
"BAM5850","SERATOES",1.03820906838338
"BAM6921","SERATOES",-0.0562349541596956
"BAM712","SERATOES",-0.0276784321646248
"BAM742","SERATOES",-0.0456137613338246
"BAM7429","SERATOES",-0.00271366805092777
"BAM7449","SERATOES",0.995017885773205
"BAM747","SERATOES",-0.0259039638710079
"BAM759","SERATOES",0.291015252550852
"BAM766","SERATOES",-0.0386502583628767
"BAM807","SERATOES",-0.163991972037445
"BAM811","SERATOES",0.00348270408262873
"BAM812","SERATOES",-0.333164486487523
"BAM819","SERATOES",-0.378646557735049
"BAM8296","SERATOES",-0.117978920320616
"BAM8305","SERATOES",-0.0930777613274967
"BAM8315","SERATOES",0.0564909043150969
"BAM8364","SERATOES",-0.340147971807665
"BAMAWPYAN","SERATOES",0.41774865931736
"BENAMURI","SERATOES",-0.299972416563301
"BLACKGORA","SERATOES",-0.376037355386446
"CGR1656","SERATOES",0.0227603963803426
"CGR1679","SERATOES",-0.319308339767098
"CGR2012","SERATOES",-0.318265872524916
"CO18","SERATOES",-0.297723820327515
"CRDHAN-204","SERATOES",-0.393429598632125
"CR143-2-2","SERATOES",-0.0645618618297486
"CR262-4","SERATOES",-0.0854116128478785
"CROSSA","SERATOES",-0.320443511080939
"DULAR","SERATOES",0.888679632879171
"EYPO","SERATOES",0.127458102442265
"EYPO-2","SERATOES",-0.39246021570209
"FULKATI","SERATOES",1.0138245776002
"Ghanteswari","SERATOES",-0.0689519054148277
"GHATIKAMMANANGARHAR","SERATOES",-0.369384517085066
"GotrabiDhan","SERATOES",-0.0667939829387731
"GP-145-37","SERATOES",-0.311963492880316
"GP-145-51","SERATOES",0.0465555924179532
"HARBHOONDI","SERATOES",-0.403419431680715
"HongZuiEr","SERATOES",-0.0440866049608718
"IndrabaruniDhan","SERATOES",-0.0985969906842233
"IR74371-54-1-1","SERATOES",-0.0633009643952121
"IR77298-14-1-2-10","SERATOES",-0.0703691333531677
"IR77298-5-6-18","SERATOES",-0.0384098034081291
"IR83383-B-B-129-4","SERATOES",-0.0549050977025557
"IR83388-B-B108-3","SERATOES",-0.0894585078696649
"IR87707-445-B-B","SERATOES",-0.0591950928623138
"IR87707-446-B-B","SERATOES",-0.0381323302012323
"IRROEPYO","SERATOES",0.585619959635023
"KALINGA-1","SERATOES",-0.131028845036404
"KANGRO","SERATOES",-0.301502514864417
"KHAODAWTAI","SERATOES",-0.385338054767533
"MANDRIRAVINA","SERATOES",-0.290578060772071
"MAUDAMANI","SERATOES",-0.398089543324668
"MOROBEREKAN","SERATOES",0.286569060421046
"MTU1010","SERATOES",-0.0780481437565423
"MTU9","SERATOES",-0.300013766581427
"NERICA-L-26","SERATOES",-0.085627264751878
"NERICA-L-42","SERATOES",-0.0781574268910776
"NERICA-L-44","SERATOES",-0.0848646288572993
"PARIJAT","SERATOES",-0.0253800362084107
"Patchaiperumal","SERATOES",0.0527434988284735
"PEH-KUH-TSAO-TU","SERATOES",-0.299878211392401
"PMK-2","SERATOES",-0.0566948106928383
"PRASAD-1","SERATOES",-0.400149060236108
"PUSASUGANDH5","SERATOES",-0.0641515933990071
"PUSA1121","SERATOES",0.259103396824756
"Pusa1121-SN12","SERATOES",0.240798027028609
"PUSA44","SERATOES",-0.112112193031909
"PUSABASMATI6","SERATOES",-0.244450380651505
"PUSASUGANDH2","SERATOES",-0.386918258233191
"RASI","SERATOES",-0.0413598592413933
"RKVY-104","SERATOES",0.693931493513092
"RKVY-143","SERATOES",-0.00695456774919467
"RKVY-28","SERATOES",0.867070151871554
"R-RF-44","SERATOES",-0.0905634422279355
"RRF-78","SERATOES",0.210848342827662
"Sadabahar","SERATOES",-0.239272743866883
"SAFRI-17","SERATOES",-0.371976006349053
"SAHBHAGIDHAN","SERATOES",-0.0366863787249243
"SATABHAMA","SERATOES",-0.389794503920802
"SERATOES","SERATOES",1.83418978293665
"SERETY","SERATOES",-0.296131190764626
"SHAKU","SERATOES",-0.311332967929529
"SR1-3-1","SERATOES",-0.387735632150801
"SUWEON","SERATOES",-0.257071792994124
"SWARNA","SERATOES",-0.0148022019626787
"VANAPRAVA","SERATOES",0.989934103247185
"VANDANA","SERATOES",0.394364450733593
"Wayrarem","SERATOES",-0.0403876515012391
"281785","SERETY",0.229640678055647
"282803","SERETY",-0.217339468318026
"299554","SERETY",-0.292584909802702
"356457","SERETY",-0.125745549726104
"376579","SERETY",0.264872248001136
"376851","SERETY",0.293503607944748
"377448","SERETY",-0.122999535340226
"377705","SERETY",-0.255741654155532
"384190","SERETY",0.0826928985857919
"426049","SERETY",-0.12016297641899
"438644","SERETY",-0.217690874022025
"ADAYSEL","SERETY",-0.283450295941385
"AbhayaXDagadesi","SERETY",-0.267826016481496
"ABHISEK","SERETY",0.215882562331813
"ABOR-A-1","SERETY",-0.0576305536223737
"ANJALI","SERETY",0.158680154030202
"Annada","SERETY",0.00742613391529712
"Apo","SERETY",-0.304692589296849
"ARC10319","SERETY",0.104408151542089
"ARC12071","SERETY",1.01180470840599
"ARNAPURNA","SERETY",0.392097450884258
"ASD16","SERETY",0.251701779689016
"AUS257","SERETY",0.150771691365096
"BAKAL","SERETY",-0.326542198405568
"BAM1057","SERETY",-0.290124133332978
"BAM1098","SERETY",-0.3529326288545
"BAM1659","SERETY",0.515723859419767
"BAM1689","SERETY",-0.278634336371181
"BAM1708","SERETY",-0.29168333415912
"BAM1812","SERETY",-0.155985862402534
"BAM2096","SERETY",0.299264888451903
"BAM2166","SERETY",0.0830872058130051
"BAM247","SERETY",-0.177474859141985
"BAM2574","SERETY",0.298864568637631
"BAM2680","SERETY",0.179045095960812
"BAM3154","SERETY",-0.20219222478817
"BAM3181","SERETY",0.377540681004432
"BAM326","SERETY",0.342686967969469
"BAM328","SERETY",-0.117833973003532
"BAM350","SERETY",-0.204581492402897
"BAM3690","SERETY",-0.242461843004529
"BAM4009","SERETY",-0.2768344368314
"BAM4054","SERETY",0.199529863393692
"BAM4138","SERETY",0.145445530066477
"BAM4168","SERETY",0.110415813663648
"BAM4234","SERETY",0.11411358615766
"BAM4254","SERETY",0.114937188845417
"BAM4477","SERETY",-0.234453603134234
"BAM4496","SERETY",-0.0974219128740482
"BAM4510","SERETY",0.0759970883183255
"BAM4521","SERETY",0.105435050506048
"BAM4534","SERETY",-0.34558631286467
"BAM4797","SERETY",0.312450538841832
"BAM491","SERETY",-0.185725919351637
"BAM4928","SERETY",0.141361019620688
"BAM5110","SERETY",0.113293610190408
"BAM56","SERETY",0.100252129117591
"BAM5779","SERETY",0.047539522360926
"BAM5850","SERETY",-0.338552559916266
"BAM6921","SERETY",-0.281005908404327
"BAM712","SERETY",-0.0163745771326173
"BAM742","SERETY",-0.0179396382282068
"BAM7429","SERETY",-0.11940730983652
"BAM7449","SERETY",-0.322685902203785
"BAM747","SERETY",-0.019872474897224
"BAM759","SERETY",-0.28700544932189
"BAM766","SERETY",-0.0105196518152413
"BAM807","SERETY",0.0272694228657926
"BAM811","SERETY",-0.301238215108694
"BAM812","SERETY",0.136993953606075
"BAM819","SERETY",0.216864853499314
"BAM8296","SERETY",-0.268210007505043
"BAM8305","SERETY",-0.199993677128527
"BAM8315","SERETY",0.0505457367784728
"BAM8364","SERETY",0.214489245927418
"BAMAWPYAN","SERETY",0.0997938953026267
"BENAMURI","SERETY",0.3118324935946
"BLACKGORA","SERETY",0.168277262867579
"CGR1656","SERETY",-0.121144470737861
"CGR1679","SERETY",0.316134726607577
"CGR2012","SERETY",0.259752565975953
"CO18","SERETY",0.903705386074574
"CRDHAN-204","SERETY",0.0938395838242015
"CR143-2-2","SERETY",-0.268333992285939
"CR262-4","SERETY",-0.253787760209704
"CROSSA","SERETY",0.289355009079461
"DULAR","SERETY",-0.35549349076177
"EYPO","SERETY",-0.167163547260111
"EYPO-2","SERETY",0.375060697772979
"FULKATI","SERETY",-0.323277518532906
"Ghanteswari","SERETY",-0.142868875234717
"GHATIKAMMANANGARHAR","SERETY",0.198772476614038
"GotrabiDhan","SERETY",-0.171976889149008
"GP-145-37","SERETY",0.274346640997613
"GP-145-51","SERETY",-0.128486579723609
"HARBHOONDI","SERETY",0.108846565203986
"HongZuiEr","SERETY",-0.241416163825326
"IndrabaruniDhan","SERETY",-0.188548780150653
"IR74371-54-1-1","SERETY",-0.260268489018016
"IR77298-14-1-2-10","SERETY",-0.272758479286936
"IR77298-5-6-18","SERETY",-0.258417350618346
"IR83383-B-B-129-4","SERETY",-0.227014475013642
"IR83388-B-B108-3","SERETY",-0.241113926457266
"IR87707-445-B-B","SERETY",-0.257964595061977
"IR87707-446-B-B","SERETY",-0.29842841690485
"IRROEPYO","SERETY",0.164104680325496
"KALINGA-1","SERETY",-0.117926367861461
"KANGRO","SERETY",1.02167879711206
"KHAODAWTAI","SERETY",0.182907924701838
"MANDRIRAVINA","SERETY",0.924187594292173
"MAUDAMANI","SERETY",0.208227210585318
"MOROBEREKAN","SERETY",-0.398136010283081
"MTU1010","SERETY",-0.166022440249346
"MTU9","SERETY",1.0295317332463
"NERICA-L-26","SERETY",-0.335565785605338
"NERICA-L-42","SERETY",-0.339150226962943
"NERICA-L-44","SERETY",-0.273566797109795
"PARIJAT","SERETY",-0.255520348172107
"Patchaiperumal","SERETY",-0.0140699597359249
"PEH-KUH-TSAO-TU","SERETY",1.02359083186673
"PMK-2","SERETY",-0.0497901109192466
"PRASAD-1","SERETY",0.263836917358138
"PUSASUGANDH5","SERETY",-0.271797992048377
"PUSA1121","SERETY",-0.297288704038056
"Pusa1121-SN12","SERETY",-0.294882747995195
"PUSA44","SERETY",-0.276371681893927
"PUSABASMATI6","SERETY",0.148294574568636
"PUSASUGANDH2","SERETY",0.235380409336308
"RASI","SERETY",-0.184141196356145
"RKVY-104","SERETY",-0.35948261418029
"RKVY-143","SERETY",-0.0433669277657753
"RKVY-28","SERETY",-0.26384697830486
"R-RF-44","SERETY",-0.227875816347411
"RRF-78","SERETY",-0.250699207867958
"Sadabahar","SERETY",0.317045880957699
"SAFRI-17","SERETY",0.207277668554689
"SAHBHAGIDHAN","SERETY",-0.247691558180242
"SATABHAMA","SERETY",0.157052807116235
"SERATOES","SERETY",-0.296131190764626
"SERETY","SERETY",1.19385414610834
"SHAKU","SERETY",0.118072963979561
"SR1-3-1","SERETY",0.108727191329849
"SUWEON","SERETY",0.19301232781486
"SWARNA","SERETY",-0.250460511045638
"VANAPRAVA","SERETY",-0.288768302282066
"VANDANA","SERETY",-0.329989843473277
"Wayrarem","SERETY",-0.312850255218151
"281785","SHAKU",0.199038692921808
"282803","SHAKU",-0.222081382296618
"299554","SHAKU",-0.0262622464631452
"356457","SHAKU",-0.270647421446414
"376579","SHAKU",0.173434758556644
"376851","SHAKU",0.153694756721569
"377448","SHAKU",-0.271452653248529
"377705","SHAKU",-0.239044113877722
"384190","SHAKU",0.110634845990991
"426049","SHAKU",-0.274114972830149
"438644","SHAKU",-0.22603892124834
"ADAYSEL","SHAKU",-0.266049230608961
"AbhayaXDagadesi","SHAKU",-0.18350241232074
"ABHISEK","SHAKU",0.235661673067359
"ABOR-A-1","SHAKU",-0.267659775135703
"ANJALI","SHAKU",0.269673208645997
"Annada","SHAKU",0.321688026147958
"Apo","SHAKU",0.123399156845065
"ARC10319","SHAKU",-0.273084125170443
"ARC12071","SHAKU",0.109433749829781
"ARNAPURNA","SHAKU",0.225653262065418
"ASD16","SHAKU",0.257675228993765
"AUS257","SHAKU",0.59123528256755
"BAKAL","SHAKU",-0.284060493872052
"BAM1057","SHAKU",-0.325873882083438
"BAM1098","SHAKU",-0.279801013305289
"BAM1659","SHAKU",0.218208525402573
"BAM1689","SHAKU",-0.241790774025095
"BAM1708","SHAKU",-0.291038334544574
"BAM1812","SHAKU",-0.22105002957858
"BAM2096","SHAKU",0.145083925259293
"BAM2166","SHAKU",0.157648877851259
"BAM247","SHAKU",-0.279990478733679
"BAM2574","SHAKU",0.230267528789631
"BAM2680","SHAKU",0.220841055462325
"BAM3154","SHAKU",-0.160726443119548
"BAM3181","SHAKU",0.226128194469328
"BAM326","SHAKU",0.168142154002206
"BAM328","SHAKU",-0.27828514618268
"BAM350","SHAKU",-0.28066534338541
"BAM3690","SHAKU",-0.229787806094367
"BAM4009","SHAKU",-0.297030859586496
"BAM4054","SHAKU",0.211210108393668
"BAM4138","SHAKU",0.131132395062459
"BAM4168","SHAKU",0.169120876678736
"BAM4234","SHAKU",0.263909276993074
"BAM4254","SHAKU",0.279933383641914
"BAM4477","SHAKU",-0.238099863633533
"BAM4496","SHAKU",-0.208632835492457
"BAM4510","SHAKU",0.0813798171563296
"BAM4521","SHAKU",0.124468986124983
"BAM4534","SHAKU",-0.307641050473353
"BAM4797","SHAKU",0.184069349568784
"BAM491","SHAKU",-0.275114042687689
"BAM4928","SHAKU",0.144924256750672
"BAM5110","SHAKU",0.367543274553452
"BAM56","SHAKU",0.120105721600994
"BAM5779","SHAKU",0.346084927095227
"BAM5850","SHAKU",-0.297699973409765
"BAM6921","SHAKU",-0.0838167126109186
"BAM712","SHAKU",0.302825795107369
"BAM742","SHAKU",0.310740305553969
"BAM7429","SHAKU",-0.203319560771426
"BAM7449","SHAKU",-0.297653826721206
"BAM747","SHAKU",0.340262755272481
"BAM759","SHAKU",-0.24078443920354
"BAM766","SHAKU",0.315835832195367
"BAM807","SHAKU",0.337748871794217
"BAM811","SHAKU",-0.157137841144838
"BAM812","SHAKU",0.270894275633399
"BAM819","SHAKU",0.227613924468391
"BAM8296","SHAKU",-0.188772897572082
"BAM8305","SHAKU",-0.234874215788229
"BAM8315","SHAKU",0.260672421750598
"BAM8364","SHAKU",0.171028324713131
"BAMAWPYAN","SHAKU",0.144042846086805
"BENAMURI","SHAKU",0.29011867382056
"BLACKGORA","SHAKU",0.19199494302197
"CGR1656","SHAKU",-0.1517132441367
"CGR1679","SHAKU",0.16106437555505
"CGR2012","SHAKU",0.172776833118726
"CO18","SHAKU",0.100498661858806
"CRDHAN-204","SHAKU",0.442798266264083
"CR143-2-2","SHAKU",-0.00691773591966339
"CR262-4","SHAKU",0.0090265052344562
"CROSSA","SHAKU",0.169996632947713
"DULAR","SHAKU",-0.299793459882854
"EYPO","SHAKU",-0.30507645233601
"EYPO-2","SHAKU",0.161452587580293
"FULKATI","SHAKU",-0.273901171515896
"Ghanteswari","SHAKU",-0.218889585413827
"GHATIKAMMANANGARHAR","SHAKU",0.20531257213511
"GotrabiDhan","SHAKU",-0.25568873329678
"GP-145-37","SHAKU",0.174164943357761
"GP-145-51","SHAKU",-0.283050356008511
"HARBHOONDI","SHAKU",0.449497930017345
"HongZuiEr","SHAKU",-0.229704926359602
"IndrabaruniDhan","SHAKU",-0.203297857086606
"IR74371-54-1-1","SHAKU",-0.0025170349992686
"IR77298-14-1-2-10","SHAKU",-0.123720566193405
"IR77298-5-6-18","SHAKU",-0.19550135460543
"IR83383-B-B-129-4","SHAKU",-0.216099833388081
"IR83388-B-B108-3","SHAKU",-0.165449619259082
"IR87707-445-B-B","SHAKU",-0.191615114018852
"IR87707-446-B-B","SHAKU",-0.148000136440593
"IRROEPYO","SHAKU",0.143659115833996
"KALINGA-1","SHAKU",-0.219663234735465
"KANGRO","SHAKU",0.109828890909007
"KHAODAWTAI","SHAKU",0.203669224690422
"MANDRIRAVINA","SHAKU",0.092886884770339
"MAUDAMANI","SHAKU",0.29622093489827
"MOROBEREKAN","SHAKU",-0.0898912769746887
"MTU1010","SHAKU",-0.223974186124178
"MTU9","SHAKU",0.132467322839978
"NERICA-L-26","SHAKU",-0.0501116857008091
"NERICA-L-42","SHAKU",-0.0523343437636741
"NERICA-L-44","SHAKU",-0.18747765820059
"PARIJAT","SHAKU",-0.178023894089498
"Patchaiperumal","SHAKU",-0.26585430793423
"PEH-KUH-TSAO-TU","SHAKU",0.110486915885095
"PMK-2","SHAKU",-0.262688421401337
"PRASAD-1","SHAKU",0.23789994532603
"PUSASUGANDH5","SHAKU",-0.180763229967552
"PUSA1121","SHAKU",-0.180355616170347
"Pusa1121-SN12","SHAKU",-0.186218174904088
"PUSA44","SHAKU",-0.189618310383736
"PUSABASMATI6","SHAKU",0.239293180408208
"PUSASUGANDH2","SHAKU",0.219010705462965
"RASI","SHAKU",-0.203780773066042
"RKVY-104","SHAKU",-0.265844404338955
"RKVY-143","SHAKU",-0.260403133504199
"RKVY-28","SHAKU",-0.331587474727574
"R-RF-44","SHAKU",-0.172056490863391
"RRF-78","SHAKU",-0.266007713758408
"Sadabahar","SHAKU",0.179753995620577
"SAFRI-17","SHAKU",0.219830499370828
"SAHBHAGIDHAN","SHAKU",-0.169577389110134
"SATABHAMA","SHAKU",0.404579472784129
"SERATOES","SHAKU",-0.311332967929529
"SERETY","SHAKU",0.118072963979561
"SHAKU","SHAKU",1.06817928794952
"SR1-3-1","SHAKU",0.312530082781714
"SUWEON","SHAKU",0.379171856249777
"SWARNA","SHAKU",-0.174420767641702
"VANAPRAVA","SHAKU",-0.329988101928916
"VANDANA","SHAKU",-0.0120950010777535
"Wayrarem","SHAKU",0.119002800925232
"281785","SR1-3-1",0.370827619307439
"282803","SR1-3-1",-0.0615716045651396
"299554","SR1-3-1",-0.0839626205352373
"356457","SR1-3-1",-0.105038842126898
"376579","SR1-3-1",0.173240286610442
"376851","SR1-3-1",0.18243421169146
"377448","SR1-3-1",-0.245271404299374
"377705","SR1-3-1",-0.150712484212756
"384190","SR1-3-1",0.0138475147054486
"426049","SR1-3-1",-0.0986162172205781
"438644","SR1-3-1",-0.0587000295664801
"ADAYSEL","SR1-3-1",-0.243101645313567
"AbhayaXDagadesi","SR1-3-1",-0.0520070937798417
"ABHISEK","SR1-3-1",0.249639836824644
"ABOR-A-1","SR1-3-1",-0.185561816790443
"ANJALI","SR1-3-1",0.354443540473129
"Annada","SR1-3-1",0.0481522492023835
"Apo","SR1-3-1",-0.132697000422043
"ARC10319","SR1-3-1",-0.272931102433963
"ARC12071","SR1-3-1",0.139552226778869
"ARNAPURNA","SR1-3-1",0.180219428788741
"ASD16","SR1-3-1",0.297427335516604
"AUS257","SR1-3-1",0.31151831717419
"BAKAL","SR1-3-1",-0.336870637265694
"BAM1057","SR1-3-1",-0.356886883322886
"BAM1098","SR1-3-1",-0.34675972176433
"BAM1659","SR1-3-1",0.196877052143086
"BAM1689","SR1-3-1",-0.334670795089063
"BAM1708","SR1-3-1",-0.376762073562392
"BAM1812","SR1-3-1",-0.238949681561233
"BAM2096","SR1-3-1",0.18490053172178
"BAM2166","SR1-3-1",0.0873615776217804
"BAM247","SR1-3-1",-0.196637495955477
"BAM2574","SR1-3-1",0.205491458404325
"BAM2680","SR1-3-1",0.283823410378641
"BAM3154","SR1-3-1",-0.147741207676554
"BAM3181","SR1-3-1",0.11421288854828
"BAM326","SR1-3-1",0.118628394029723
"BAM328","SR1-3-1",-0.236217444594229
"BAM350","SR1-3-1",-0.319781780201103
"BAM3690","SR1-3-1",-0.226297523678823
"BAM4009","SR1-3-1",-0.369643688357168
"BAM4054","SR1-3-1",0.381084310373697
"BAM4138","SR1-3-1",0.0397521535651257
"BAM4168","SR1-3-1",0.0698599116550936
"BAM4234","SR1-3-1",0.416816414539936
"BAM4254","SR1-3-1",0.433597575282068
"BAM4477","SR1-3-1",-0.243862775055034
"BAM4496","SR1-3-1",-0.243480552889609
"BAM4510","SR1-3-1",0.024896999300765
"BAM4521","SR1-3-1",-0.00408799741463865
"BAM4534","SR1-3-1",-0.391328795949659
"BAM4797","SR1-3-1",0.0915155501802514
"BAM491","SR1-3-1",-0.308621781803748
"BAM4928","SR1-3-1",0.0819293313348365
"BAM5110","SR1-3-1",0.347735093882461
"BAM56","SR1-3-1",0.0439119499646949
"BAM5779","SR1-3-1",0.119215203827256
"BAM5850","SR1-3-1",-0.392721771362745
"BAM6921","SR1-3-1",-0.0368373054504713
"BAM712","SR1-3-1",0.0626587993908598
"BAM742","SR1-3-1",0.0540002459838252
"BAM7429","SR1-3-1",-0.212558252680271
"BAM7449","SR1-3-1",-0.340471841685705
"BAM747","SR1-3-1",0.0673721034820214
"BAM759","SR1-3-1",-0.234543340069617
"BAM766","SR1-3-1",0.0658224037537584
"BAM807","SR1-3-1",0.120455054814058
"BAM811","SR1-3-1",-0.151694710425704
"BAM812","SR1-3-1",0.277111614114825
"BAM819","SR1-3-1",0.315131255590087
"BAM8296","SR1-3-1",-0.00692868654130673
"BAM8305","SR1-3-1",-0.0567189212972435
"BAM8315","SR1-3-1",0.0287171650873542
"BAM8364","SR1-3-1",0.344203815510901
"BAMAWPYAN","SR1-3-1",0.0750979273543785
"BENAMURI","SR1-3-1",0.144370892771883
"BLACKGORA","SR1-3-1",0.36411706483755
"CGR1656","SR1-3-1",-0.279615000232999
"CGR1679","SR1-3-1",0.145072969324398
"CGR2012","SR1-3-1",0.154974534017358
"CO18","SR1-3-1",0.135252897920958
"CRDHAN-204","SR1-3-1",0.31662170906632
"CR143-2-2","SR1-3-1",-0.117872725915085
"CR262-4","SR1-3-1",-0.104034049333939
"CROSSA","SR1-3-1",0.144141101914024
"DULAR","SR1-3-1",-0.357622678949814
"EYPO","SR1-3-1",-0.230679251164999
"EYPO-2","SR1-3-1",0.221378078786692
"FULKATI","SR1-3-1",-0.357762737755174
"Ghanteswari","SR1-3-1",-0.171544182129779
"GHATIKAMMANANGARHAR","SR1-3-1",0.412506739142874
"GotrabiDhan","SR1-3-1",-0.177203864173424
"GP-145-37","SR1-3-1",0.148144028844944
"GP-145-51","SR1-3-1",-0.270930221984433
"HARBHOONDI","SR1-3-1",0.318755203385173
"HongZuiEr","SR1-3-1",-0.224329660099454
"IndrabaruniDhan","SR1-3-1",-0.0835184418376157
"IR74371-54-1-1","SR1-3-1",-0.0986653471699267
"IR77298-14-1-2-10","SR1-3-1",0.0732186566782154
"IR77298-5-6-18","SR1-3-1",0.00962465510792793
"IR83383-B-B-129-4","SR1-3-1",-0.0143715326502772
"IR83388-B-B108-3","SR1-3-1",0.0115777718155611
"IR87707-445-B-B","SR1-3-1",-0.0272968804250774
"IR87707-446-B-B","SR1-3-1",-0.0156412826455415
"IRROEPYO","SR1-3-1",0.0709534435596701
"KALINGA-1","SR1-3-1",-0.108671577419714
"KANGRO","SR1-3-1",0.123509101703242
"KHAODAWTAI","SR1-3-1",0.306015538164001
"MANDRIRAVINA","SR1-3-1",0.123192104990316
"MAUDAMANI","SR1-3-1",0.333109961208473
"MOROBEREKAN","SR1-3-1",-0.278723111989999
"MTU1010","SR1-3-1",-0.0754879994883729
"MTU9","SR1-3-1",0.132394949720429
"NERICA-L-26","SR1-3-1",-0.0747357793577222
"NERICA-L-42","SR1-3-1",-0.0801149121492868
"NERICA-L-44","SR1-3-1",-0.0233073208920628
"PARIJAT","SR1-3-1",-0.122316672217063
"Patchaiperumal","SR1-3-1",-0.278284357412188
"PEH-KUH-TSAO-TU","SR1-3-1",0.122337213787345
"PMK-2","SR1-3-1",-0.184924096210935
"PRASAD-1","SR1-3-1",0.310912602436509
"PUSASUGANDH5","SR1-3-1",-0.0136701042028802
"PUSA1121","SR1-3-1",-0.22724938658042
"Pusa1121-SN12","SR1-3-1",-0.243222947199021
"PUSA44","SR1-3-1",-0.0281074186868618
"PUSABASMATI6","SR1-3-1",0.290059786855214
"PUSASUGANDH2","SR1-3-1",0.344551529887436
"RASI","SR1-3-1",-0.17780141568576
"RKVY-104","SR1-3-1",-0.320043084465249
"RKVY-143","SR1-3-1",-0.285991455353086
"RKVY-28","SR1-3-1",-0.359289056459047
"R-RF-44","SR1-3-1",-0.0771987096551109
"RRF-78","SR1-3-1",-0.157544678113114
"Sadabahar","SR1-3-1",0.181080305228499
"SAFRI-17","SR1-3-1",0.354978312054342
"SAHBHAGIDHAN","SR1-3-1",-0.112293812699883
"SATABHAMA","SR1-3-1",0.339878531065283
"SERATOES","SR1-3-1",-0.387735632150801
"SERETY","SR1-3-1",0.108727191329849
"SHAKU","SR1-3-1",0.312530082781714
"SR1-3-1","SR1-3-1",1.32072948777478
"SUWEON","SR1-3-1",0.225345753506721
"SWARNA","SR1-3-1",0.0289164649935174
"VANAPRAVA","SR1-3-1",-0.357491536739065
"VANDANA","SR1-3-1",-0.284593014356777
"Wayrarem","SR1-3-1",-0.13679519525734
"281785","SUWEON",0.242752599161816
"282803","SUWEON",-0.187730025889548
"299554","SUWEON",-0.217169091144514
"356457","SUWEON",-0.199819757377199
"376579","SUWEON",0.158124169938927
"376851","SUWEON",0.158626098585372
"377448","SUWEON",-0.257370902777498
"377705","SUWEON",-0.211386585701839
"384190","SUWEON",0.260846167486004
"426049","SUWEON",-0.195494682596762
"438644","SUWEON",-0.195570154979861
"ADAYSEL","SUWEON",-0.208788830112574
"AbhayaXDagadesi","SUWEON",-0.161610821839427
"ABHISEK","SUWEON",0.253771040915095
"ABOR-A-1","SUWEON",-0.199878114391063
"ANJALI","SUWEON",0.262463028049648
"Annada","SUWEON",0.130512784757192
"Apo","SUWEON",-0.141079221779561
"ARC10319","SUWEON",-0.268900937276061
"ARC12071","SUWEON",0.179694049056568
"ARNAPURNA","SUWEON",0.21098079282906
"ASD16","SUWEON",0.208163495067569
"AUS257","SUWEON",0.44262460333201
"BAKAL","SUWEON",-0.163506065737079
"BAM1057","SUWEON",-0.240487490671475
"BAM1098","SUWEON",-0.0765614686879436
"BAM1659","SUWEON",0.188453066208582
"BAM1689","SUWEON",-0.163239191262035
"BAM1708","SUWEON",-0.137129290880165
"BAM1812","SUWEON",-0.258384489387424
"BAM2096","SUWEON",0.1376389045852
"BAM2166","SUWEON",0.450715542606922
"BAM247","SUWEON",-0.206540432152437
"BAM2574","SUWEON",0.179561028364896
"BAM2680","SUWEON",0.218741226987801
"BAM3154","SUWEON",-0.203279598151279
"BAM3181","SUWEON",0.203783119277299
"BAM326","SUWEON",0.143410039953368
"BAM328","SUWEON",-0.232849448408201
"BAM350","SUWEON",-0.261769699116947
"BAM3690","SUWEON",-0.272374152002721
"BAM4009","SUWEON",-0.138522875580202
"BAM4054","SUWEON",0.2234948702978
"BAM4138","SUWEON",0.199374179681754
"BAM4168","SUWEON",0.194172540504937
"BAM4234","SUWEON",0.249665755895613
"BAM4254","SUWEON",0.255098010504356
"BAM4477","SUWEON",-0.26662138729348
"BAM4496","SUWEON",-0.210336570699888
"BAM4510","SUWEON",0.190506048876796
"BAM4521","SUWEON",0.27622124908075
"BAM4534","SUWEON",-0.230767433467399
"BAM4797","SUWEON",0.198445883193741
"BAM491","SUWEON",-0.321293814997877
"BAM4928","SUWEON",0.279228757208884
"BAM5110","SUWEON",0.221964256113788
"BAM56","SUWEON",0.275280580756006
"BAM5779","SUWEON",0.219024572943502
"BAM5850","SUWEON",-0.256191014707833
"BAM6921","SUWEON",-0.173346717357303
"BAM712","SUWEON",0.126481014341853
"BAM742","SUWEON",0.131000825421337
"BAM7429","SUWEON",-0.27405290013721
"BAM7449","SUWEON",-0.235582660001795
"BAM747","SUWEON",0.143909286120442
"BAM759","SUWEON",-0.145990338671472
"BAM766","SUWEON",0.142874706405815
"BAM807","SUWEON",0.20328825629774
"BAM811","SUWEON",-0.196159123406471
"BAM812","SUWEON",0.234825528805238
"BAM819","SUWEON",0.225249372577545
"BAM8296","SUWEON",-0.242641516027544
"BAM8305","SUWEON",-0.175492750413867
"BAM8315","SUWEON",0.282021848482457
"BAM8364","SUWEON",0.273991477717012
"BAMAWPYAN","SUWEON",0.217769264015073
"BENAMURI","SUWEON",0.202048478873459
"BLACKGORA","SUWEON",0.221185383545206
"CGR1656","SUWEON",-0.228565202028591
"CGR1679","SUWEON",0.146778505861972
"CGR2012","SUWEON",0.182019479460218
"CO18","SUWEON",0.184261052360757
"CRDHAN-204","SUWEON",0.25714514194446
"CR143-2-2","SUWEON",-0.163867458730778
"CR262-4","SUWEON",-0.160419816179391
"CROSSA","SUWEON",0.157233486091517
"DULAR","SUWEON",-0.141630099736213
"EYPO","SUWEON",-0.168345312910846
"EYPO-2","SUWEON",0.225816458368299
"FULKATI","SUWEON",-0.225687841004298
"Ghanteswari","SUWEON",-0.102687695936217
"GHATIKAMMANANGARHAR","SUWEON",0.21630281882803
"GotrabiDhan","SUWEON",-0.200879648658358
"GP-145-37","SUWEON",0.159846175809549
"GP-145-51","SUWEON",-0.282632504563463
"HARBHOONDI","SUWEON",0.245705988164639
"HongZuiEr","SUWEON",-0.251980343816147
"IndrabaruniDhan","SUWEON",-0.175208241583177
"IR74371-54-1-1","SUWEON",-0.152586731881439
"IR77298-14-1-2-10","SUWEON",-0.160410680237256
"IR77298-5-6-18","SUWEON",-0.195555439146252
"IR83383-B-B-129-4","SUWEON",-0.189871930561053
"IR83388-B-B108-3","SUWEON",-0.182627252579015
"IR87707-445-B-B","SUWEON",-0.188708218172669
"IR87707-446-B-B","SUWEON",-0.186312912098727
"IRROEPYO","SUWEON",0.233813524154266
"KALINGA-1","SUWEON",-0.172071881092328
"KANGRO","SUWEON",0.183397743976209
"KHAODAWTAI","SUWEON",0.242119251321929
"MANDRIRAVINA","SUWEON",0.185172381154433
"MAUDAMANI","SUWEON",0.274648354412615
"MOROBEREKAN","SUWEON",-0.245554723892458
"MTU1010","SUWEON",-0.190703590661556
"MTU9","SUWEON",0.194753935822629
"NERICA-L-26","SUWEON",-0.142927096613724
"NERICA-L-42","SUWEON",-0.152263101742252
"NERICA-L-44","SUWEON",-0.195840849366217
"PARIJAT","SUWEON",-0.223667777839016
"Patchaiperumal","SUWEON",-0.24664433628787
"PEH-KUH-TSAO-TU","SUWEON",0.174065779091026
"PMK-2","SUWEON",-0.200864715935481
"PRASAD-1","SUWEON",0.407796831130134
"PUSASUGANDH5","SUWEON",-0.157320202635964
"PUSA1121","SUWEON",-0.145526534066199
"Pusa1121-SN12","SUWEON",-0.161773658599275
"PUSA44","SUWEON",-0.230505109746138
"PUSABASMATI6","SUWEON",0.25057604263603
"PUSASUGANDH2","SUWEON",0.240939062862553
"RASI","SUWEON",-0.184584051883728
"RKVY-104","SUWEON",-0.201099326585906
"RKVY-143","SUWEON",-0.262631681967985
"RKVY-28","SUWEON",-0.226873123572294
"R-RF-44","SUWEON",-0.203210029980526
"RRF-78","SUWEON",-0.16142302717201
"Sadabahar","SUWEON",0.168938473188157
"SAFRI-17","SUWEON",0.213202290572513
"SAHBHAGIDHAN","SUWEON",-0.213007519306599
"SATABHAMA","SUWEON",0.246941256488491
"SERATOES","SUWEON",-0.257071792994124
"SERETY","SUWEON",0.19301232781486
"SHAKU","SUWEON",0.379171856249777
"SR1-3-1","SUWEON",0.225345753506721
"SUWEON","SUWEON",0.974149934441434
"SWARNA","SUWEON",-0.205102681932747
"VANAPRAVA","SUWEON",-0.240365831714641
"VANDANA","SUWEON",-0.207587141573143
"Wayrarem","SUWEON",-0.146684463412668
"281785","SWARNA",-0.17828332962426
"282803","SWARNA",0.185975537428874
"299554","SWARNA",0.286125704708718
"356457","SWARNA",0.135577173634926
"376579","SWARNA",-0.175989995799408
"376851","SWARNA",-0.160852453676118
"377448","SWARNA",0.231462009428097
"377705","SWARNA",0.148310773176018
"384190","SWARNA",-0.418475431376484
"426049","SWARNA",0.136424450540498
"438644","SWARNA",0.172718804677908
"ADAYSEL","SWARNA",0.528722881378239
"AbhayaXDagadesi","SWARNA",0.187368286787656
"ABHISEK","SWARNA",0.0170862537798346
"ABOR-A-1","SWARNA",0.147735785141271
"ANJALI","SWARNA",-0.117155630327532
"Annada","SWARNA",-0.39223990993255
"Apo","SWARNA",0.237363449433342
"ARC10319","SWARNA",0.19245500758851
"ARC12071","SWARNA",-0.256139847904137
"ARNAPURNA","SWARNA",-0.185295506374202
"ASD16","SWARNA",-0.128707705656026
"AUS257","SWARNA",-0.0136850375626471
"BAKAL","SWARNA",-0.0872535030006501
"BAM1057","SWARNA",-0.055976024869441
"BAM1098","SWARNA",-0.059752312235931
"BAM1659","SWARNA",-0.140357791516565
"BAM1689","SWARNA",-0.0535546521488711
"BAM1708","SWARNA",-0.0582098959973607
"BAM1812","SWARNA",0.176506134126888
"BAM2096","SWARNA",-0.118683929109757
"BAM2166","SWARNA",-0.385431421840135
"BAM247","SWARNA",0.202343321779626
"BAM2574","SWARNA",-0.152188063420888
"BAM2680","SWARNA",-0.224119991698335
"BAM3154","SWARNA",0.239543350143216
"BAM3181","SWARNA",-0.20370230662235
"BAM326","SWARNA",-0.177894260439168
"BAM328","SWARNA",0.23659041483466
"BAM350","SWARNA",0.09763671667522
"BAM3690","SWARNA",0.160809202034222
"BAM4009","SWARNA",-0.0753370816736166
"BAM4054","SWARNA",-0.0882389960318441
"BAM4138","SWARNA",-0.373226100924961
"BAM4168","SWARNA",-0.26393362342668
"BAM4234","SWARNA",-0.12553459333644
"BAM4254","SWARNA",-0.121655271987584
"BAM4477","SWARNA",0.152866348955234
"BAM4496","SWARNA",0.207815231895504
"BAM4510","SWARNA",-0.36020671082934
"BAM4521","SWARNA",-0.452686574072276
"BAM4534","SWARNA",0.0323522472780891
"BAM4797","SWARNA",-0.206082090267718
"BAM491","SWARNA",0.0987415880217508
"BAM4928","SWARNA",-0.372041053157359
"BAM5110","SWARNA",-0.0193352388560548
"BAM56","SWARNA",-0.414280508254267
"BAM5779","SWARNA",-0.316997818096262
"BAM5850","SWARNA",-0.00175048109895253
"BAM6921","SWARNA",0.275301622529652
"BAM712","SWARNA",-0.372895139680741
"BAM742","SWARNA",-0.377033611849041
"BAM7429","SWARNA",0.168855888172032
"BAM7449","SWARNA",-0.0338012424272992
"BAM747","SWARNA",-0.384877657674022
"BAM759","SWARNA",0.0817165644790233
"BAM766","SWARNA",-0.367956736614389
"BAM807","SWARNA",-0.310939487156599
"BAM811","SWARNA",0.237515383924887
"BAM812","SWARNA",-0.132644706560132
"BAM819","SWARNA",-0.214872518056491
"BAM8296","SWARNA",0.277556078063839
"BAM8305","SWARNA",0.191555032948201
"BAM8315","SWARNA",-0.373394174806594
"BAM8364","SWARNA",-0.249390081929277
"BAMAWPYAN","SWARNA",-0.405854448395165
"BENAMURI","SWARNA",-0.1569643530512
"BLACKGORA","SWARNA",-0.18985977457087
"CGR1656","SWARNA",0.196752022448192
"CGR1679","SWARNA",-0.122472912540144
"CGR2012","SWARNA",-0.193262094257676
"CO18","SWARNA",-0.243544112563602
"CRDHAN-204","SWARNA",-0.0726186703998243
"CR143-2-2","SWARNA",0.246185136281757
"CR262-4","SWARNA",0.24327747421702
"CROSSA","SWARNA",-0.191623947447518
"DULAR","SWARNA",-0.0342688280700032
"EYPO","SWARNA",0.13987327771838
"EYPO-2","SWARNA",-0.210543216954859
"FULKATI","SWARNA",-0.0402000903412964
"Ghanteswari","SWARNA",0.177953309875006
"GHATIKAMMANANGARHAR","SWARNA",-0.165803109590193
"GotrabiDhan","SWARNA",0.189279294078407
"GP-145-37","SWARNA",-0.175919169208301
"GP-145-51","SWARNA",0.264354510342429
"HARBHOONDI","SWARNA",-0.133703626016173
"HongZuiEr","SWARNA",0.144684476371953
"IndrabaruniDhan","SWARNA",0.705203437045237
"IR74371-54-1-1","SWARNA",0.261565777153766
"IR77298-14-1-2-10","SWARNA",0.596639241831751
"IR77298-5-6-18","SWARNA",0.160804771172376
"IR83383-B-B-129-4","SWARNA",0.145647391110349
"IR83388-B-B108-3","SWARNA",0.237250877710484
"IR87707-445-B-B","SWARNA",0.144320176226575
"IR87707-446-B-B","SWARNA",0.227368208649586
"IRROEPYO","SWARNA",-0.333013675565127
"KALINGA-1","SWARNA",0.197420338430019
"KANGRO","SWARNA",-0.242212956344322
"KHAODAWTAI","SWARNA",-0.206668294033851
"MANDRIRAVINA","SWARNA",-0.247701416684567
"MAUDAMANI","SWARNA",0.0890397211783369
"MOROBEREKAN","SWARNA",-0.0383892186129107
"MTU1010","SWARNA",0.157738791000159
"MTU9","SWARNA",-0.249269707615907
"NERICA-L-26","SWARNA",0.321534199562601
"NERICA-L-42","SWARNA",0.319227375538687
"NERICA-L-44","SWARNA",0.296834654991365
"PARIJAT","SWARNA",0.180564809731219
"Patchaiperumal","SWARNA",0.176048263855967
"PEH-KUH-TSAO-TU","SWARNA",-0.240892790703563
"PMK-2","SWARNA",0.140650056612089
"PRASAD-1","SWARNA",-0.211561878483653
"PUSASUGANDH5","SWARNA",0.2547455847595
"PUSA1121","SWARNA",0.0616467753562796
"Pusa1121-SN12","SWARNA",0.0657725228232548
"PUSA44","SWARNA",0.22985426541783
"PUSABASMATI6","SWARNA",-0.238780705043346
"PUSASUGANDH2","SWARNA",0.310550490639077
"RASI","SWARNA",0.297284900596865
"RKVY-104","SWARNA",-0.0625316303709303
"RKVY-143","SWARNA",0.167806965288553
"RKVY-28","SWARNA",-0.0182789577322345
"R-RF-44","SWARNA",0.229650763053949
"RRF-78","SWARNA",0.134778373150766
"Sadabahar","SWARNA",-0.140136390964785
"SAFRI-17","SWARNA",-0.0717008943259964
"SAHBHAGIDHAN","SWARNA",0.184795966014759
"SATABHAMA","SWARNA",-0.136227000627287
"SERATOES","SWARNA",-0.0148022019626787
"SERETY","SWARNA",-0.250460511045638
"SHAKU","SWARNA",-0.174420767641702
"SR1-3-1","SWARNA",0.0289164649935174
"SUWEON","SWARNA",-0.205102681932747
"SWARNA","SWARNA",1.43675584545801
"VANAPRAVA","SWARNA",-0.0507661648330377
"VANDANA","SWARNA",0.0958941497682792
"Wayrarem","SWARNA",0.251184303296883
"281785","VANAPRAVA",-0.351769388787014
"282803","VANAPRAVA",-0.0791460300193266
"299554","VANAPRAVA",-0.0405880337897545
"356457","VANAPRAVA",-0.0679471395472101
"376579","VANAPRAVA",-0.306642204159304
"376851","VANAPRAVA",-0.293338531916066
"377448","VANAPRAVA",0.0241004989708407
"377705","VANAPRAVA",-0.092598152740788
"384190","VANAPRAVA",0.317863131063219
"426049","VANAPRAVA",-0.0725198998614887
"438644","VANAPRAVA",-0.0919142021492673
"ADAYSEL","VANAPRAVA",0.365631549279641
"AbhayaXDagadesi","VANAPRAVA",-0.0599888367310224
"ABHISEK","VANAPRAVA",-0.354693531557761
"ABOR-A-1","VANAPRAVA",-0.0397219973045473
"ANJALI","VANAPRAVA",-0.379167910911152
"Annada","VANAPRAVA",-0.0859228614653819
"Apo","VANAPRAVA",-0.0156736503344576
"ARC10319","VANAPRAVA",-0.0243114084576317
"ARC12071","VANAPRAVA",-0.282704627681684
"ARNAPURNA","VANAPRAVA",-0.338753926227309
"ASD16","VANAPRAVA",-0.399974744162818
"AUS257","VANAPRAVA",-0.391753778252736
"BAKAL","VANAPRAVA",0.689817859583475
"BAM1057","VANAPRAVA",1.64142960402072
"BAM1098","VANAPRAVA",0.490116736786209
"BAM1659","VANAPRAVA",-0.331483236494229
"BAM1689","VANAPRAVA",0.644137138039247
"BAM1708","VANAPRAVA",0.625963798841323
"BAM1812","VANAPRAVA",-0.031367124575587
"BAM2096","VANAPRAVA",-0.241347891168653
"BAM2166","VANAPRAVA",0.109871033232808
"BAM247","VANAPRAVA",-0.0399944088557129
"BAM2574","VANAPRAVA",-0.310107991605346
"BAM2680","VANAPRAVA",-0.415353285330201
"BAM3154","VANAPRAVA",-0.0135087583369351
"BAM3181","VANAPRAVA",-0.295653290438157
"BAM326","VANAPRAVA",-0.288949578914845
"BAM328","VANAPRAVA",0.0970009877395934
"BAM350","VANAPRAVA",0.759702775828531
"BAM3690","VANAPRAVA",-0.0328694057713827
"BAM4009","VANAPRAVA",0.714676280989858
"BAM4054","VANAPRAVA",-0.42477943524236
"BAM4138","VANAPRAVA",0.502092149426947
"BAM4168","VANAPRAVA",0.0729216011341344
"BAM4234","VANAPRAVA",-0.346733001209831
"BAM4254","VANAPRAVA",-0.347652708319394
"BAM4477","VANAPRAVA",-0.0517331862032761
"BAM4496","VANAPRAVA",0.0539826243334322
"BAM4510","VANAPRAVA",0.570310885918919
"BAM4521","VANAPRAVA",0.308210617209965
"BAM4534","VANAPRAVA",0.800165726078897
"BAM4797","VANAPRAVA",-0.22505901131444
"BAM491","VANAPRAVA",0.382951590863235
"BAM4928","VANAPRAVA",0.205780283653184
"BAM5110","VANAPRAVA",-0.424676770555984
"BAM56","VANAPRAVA",0.387625337966001
"BAM5779","VANAPRAVA",-0.139373462696524
"BAM5850","VANAPRAVA",0.851484451386553
"BAM6921","VANAPRAVA",-0.0427721265316909
"BAM712","VANAPRAVA",-0.0939109228584342
"BAM742","VANAPRAVA",-0.0944645806123546
"BAM7429","VANAPRAVA",-0.0164692008786303
"BAM7449","VANAPRAVA",0.860626587812888
"BAM747","VANAPRAVA",-0.0975716560094166
"BAM759","VANAPRAVA",0.327764327278495
"BAM766","VANAPRAVA",-0.0916157501296046
"BAM807","VANAPRAVA",-0.139617587682058
"BAM811","VANAPRAVA",-0.00146034122010833
"BAM812","VANAPRAVA",-0.329297143434679
"BAM819","VANAPRAVA",-0.386312471790674
"BAM8296","VANAPRAVA",-0.080441528775735
"BAM8305","VANAPRAVA",-0.0954687109510189
"BAM8315","VANAPRAVA",0.0426136922953365
"BAM8364","VANAPRAVA",-0.29674594383181
"BAMAWPYAN","VANAPRAVA",0.363299696318655
"BENAMURI","VANAPRAVA",-0.307467169338065
"BLACKGORA","VANAPRAVA",-0.390562115834785
"CGR1656","VANAPRAVA",0.0188938058530876
"CGR1679","VANAPRAVA",-0.341169644878179
"CGR2012","VANAPRAVA",-0.3125521842511
"CO18","VANAPRAVA",-0.298135259789827
"CRDHAN-204","VANAPRAVA",-0.381523357095056
"CR143-2-2","VANAPRAVA",-0.0483615738623441
"CR262-4","VANAPRAVA",-0.0596226519408265
"CROSSA","VANAPRAVA",-0.312598931681787
"DULAR","VANAPRAVA",0.799197467056675
"EYPO","VANAPRAVA",0.136028368892968
"EYPO-2","VANAPRAVA",-0.354286424040243
"FULKATI","VANAPRAVA",0.770084625377374
"Ghanteswari","VANAPRAVA",-0.0576139797680261
"GHATIKAMMANANGARHAR","VANAPRAVA",-0.377154047934981
"GotrabiDhan","VANAPRAVA",-0.0391289323623582
"GP-145-37","VANAPRAVA",-0.295004884873041
"GP-145-51","VANAPRAVA",0.0110712911192836
"HARBHOONDI","VANAPRAVA",-0.386199174106779
"HongZuiEr","VANAPRAVA",-0.0646551260166186
"IndrabaruniDhan","VANAPRAVA",-0.103436014744331
"IR74371-54-1-1","VANAPRAVA",-0.061325795353358
"IR77298-14-1-2-10","VANAPRAVA",-0.0240107034593657
"IR77298-5-6-18","VANAPRAVA",-0.0335158196596226
"IR83383-B-B-129-4","VANAPRAVA",-0.0453642158747125
"IR83388-B-B108-3","VANAPRAVA",-0.0583059344641436
"IR87707-445-B-B","VANAPRAVA",-0.0480081782445668
"IR87707-446-B-B","VANAPRAVA",-0.0390736922029839
"IRROEPYO","VANAPRAVA",0.327867227547497
"KALINGA-1","VANAPRAVA",-0.120490276508596
"KANGRO","VANAPRAVA",-0.288900416588794
"KHAODAWTAI","VANAPRAVA",-0.396846277089675
"MANDRIRAVINA","VANAPRAVA",-0.294724539656968
"MAUDAMANI","VANAPRAVA",-0.410466158874143
"MOROBEREKAN","VANAPRAVA",0.23352358405776
"MTU1010","VANAPRAVA",-0.0793237604246025
"MTU9","VANAPRAVA",-0.294451377900503
"NERICA-L-26","VANAPRAVA",-0.0714825307037148
"NERICA-L-42","VANAPRAVA",-0.0694428200676009
"NERICA-L-44","VANAPRAVA",-0.0692053975746747
"PARIJAT","VANAPRAVA",-0.0302291506736356
"Patchaiperumal","VANAPRAVA",0.0475542917193659
"PEH-KUH-TSAO-TU","VANAPRAVA",-0.292700759037183
"PMK-2","VANAPRAVA",-0.0447567932115244
"PRASAD-1","VANAPRAVA",-0.389691556385935
"PUSASUGANDH5","VANAPRAVA",-0.0132005875911513
"PUSA1121","VANAPRAVA",0.273309675649747
"Pusa1121-SN12","VANAPRAVA",0.29725264601194
"PUSA44","VANAPRAVA",-0.110394768972735
"PUSABASMATI6","VANAPRAVA",-0.209026735390371
"PUSASUGANDH2","VANAPRAVA",-0.423197562500108
"RASI","VANAPRAVA",0.040511615814812
"RKVY-104","VANAPRAVA",0.752129957089998
"RKVY-143","VANAPRAVA",-0.00481457310316224
"RKVY-28","VANAPRAVA",0.813098335109758
"R-RF-44","VANAPRAVA",-0.0743133997397915
"RRF-78","VANAPRAVA",0.243883422077328
"Sadabahar","VANAPRAVA",-0.249684923981045
"SAFRI-17","VANAPRAVA",-0.357363058538822
"SAHBHAGIDHAN","VANAPRAVA",-0.0409099770505116
"SATABHAMA","VANAPRAVA",-0.39625515003799
"SERATOES","VANAPRAVA",0.989934103247185
"SERETY","VANAPRAVA",-0.288768302282066
"SHAKU","VANAPRAVA",-0.329988101928916
"SR1-3-1","VANAPRAVA",-0.357491536739065
"SUWEON","VANAPRAVA",-0.240365831714641
"SWARNA","VANAPRAVA",-0.0507661648330377
"VANAPRAVA","VANAPRAVA",1.67943135109515
"VANDANA","VANAPRAVA",0.407693104613017
"Wayrarem","VANAPRAVA",-0.0136187417311287
"281785","VANDANA",-0.347600750531835
"282803","VANDANA",0.000707077598950101
"299554","VANDANA",0.251215886875799
"356457","VANDANA",0.0261431861706047
"376579","VANDANA",-0.287951979597043
"376851","VANDANA",-0.314592287467237
"377448","VANDANA",0.0713945217502355
"377705","VANDANA",0.0189096345951128
"384190","VANDANA",-0.0167094927550185
"426049","VANDANA",0.0240734304622065
"438644","VANDANA",-0.0299182514183995
"ADAYSEL","VANDANA",0.231054151874599
"AbhayaXDagadesi","VANDANA",0.00872760883786975
"ABHISEK","VANDANA",-0.181108531962104
"ABOR-A-1","VANDANA",-0.0169599238751455
"ANJALI","VANDANA",-0.187457832701784
"Annada","VANDANA",-0.126545356497808
"Apo","VANDANA",0.408661963974383
"ARC10319","VANDANA",0.0436721293885743
"ARC12071","VANDANA",-0.326991451930465
"ARNAPURNA","VANDANA",-0.281688080496752
"ASD16","VANDANA",-0.311008438228119
"AUS257","VANDANA",-0.0872165490776135
"BAKAL","VANDANA",0.236233400036911
"BAM1057","VANDANA",0.412017229710291
"BAM1098","VANDANA",0.202984254251827
"BAM1659","VANDANA",-0.27250834956594
"BAM1689","VANDANA",0.237107349607051
"BAM1708","VANDANA",0.267445793565023
"BAM1812","VANDANA",0.0322805327465184
"BAM2096","VANDANA",-0.216774266938981
"BAM2166","VANDANA",-0.168603456790216
"BAM247","VANDANA",0.053387487933568
"BAM2574","VANDANA",-0.299081720370314
"BAM2680","VANDANA",-0.325063724759689
"BAM3154","VANDANA",0.253288930705145
"BAM3181","VANDANA",-0.229532036574832
"BAM326","VANDANA",-0.296439074184403
"BAM328","VANDANA",0.189382070479826
"BAM350","VANDANA",0.232248685421989
"BAM3690","VANDANA",0.0381841101738011
"BAM4009","VANDANA",0.3086899169816
"BAM4054","VANDANA",-0.246875906495328
"BAM4138","VANDANA",0.0566100216297593
"BAM4168","VANDANA",0.014876436914866
"BAM4234","VANDANA",-0.242501550423524
"BAM4254","VANDANA",-0.250756553866384
"BAM4477","VANDANA",0.0471346152681254
"BAM4496","VANDANA",0.0937911399467767
"BAM4510","VANDANA",0.0842750555091959
"BAM4521","VANDANA",-0.00987541667633674
"BAM4534","VANDANA",0.357106763363209
"BAM4797","VANDANA",-0.237403058515834
"BAM491","VANDANA",0.136084781753809
"BAM4928","VANDANA",-0.0873125666824967
"BAM5110","VANDANA",-0.193683415406952
"BAM56","VANDANA",-0.071265141811879
"BAM5779","VANDANA",-0.1114911293792
"BAM5850","VANDANA",0.366500714823777
"BAM6921","VANDANA",0.242682290439575
"BAM712","VANDANA",-0.106501269793388
"BAM742","VANDANA",-0.116040343095211
"BAM7429","VANDANA",0.0466395769756651
"BAM7449","VANDANA",0.456903737773474
"BAM747","VANDANA",-0.127111014322959
"BAM759","VANDANA",0.152967280483516
"BAM766","VANDANA",-0.122018888991943
"BAM807","VANDANA",-0.116569213171087
"BAM811","VANDANA",0.0756759943206147
"BAM812","VANDANA",-0.273589478411256
"BAM819","VANDANA",-0.33031814209093
"BAM8296","VANDANA",0.0412551669224338
"BAM8305","VANDANA",0.0032853703948121
"BAM8315","VANDANA",-0.123324304472113
"BAM8364","VANDANA",-0.213845800077452
"BAMAWPYAN","VANDANA",0.0110473207483713
"BENAMURI","VANDANA",-0.301370530908949
"BLACKGORA","VANDANA",-0.297800007233032
"CGR1656","VANDANA",0.0446134490626518
"CGR1679","VANDANA",-0.30529899738544
"CGR2012","VANDANA",-0.320608833622504
"CO18","VANDANA",-0.34080072832611
"CRDHAN-204","VANDANA",-0.0219103331255044
"CR143-2-2","VANDANA",0.390001351016961
"CR262-4","VANDANA",0.379903368827889
"CROSSA","VANDANA",-0.318280433810775
"DULAR","VANDANA",0.416457617220745
"EYPO","VANDANA",0.0977014019862751
"EYPO-2","VANDANA",-0.34817404712877
"FULKATI","VANDANA",0.313293371548011
"Ghanteswari","VANDANA",-0.00486864374901574
"GHATIKAMMANANGARHAR","VANDANA",-0.329042915448676
"GotrabiDhan","VANDANA",0.0707981355645925
"GP-145-37","VANDANA",-0.279531304109866
"GP-145-51","VANDANA",0.0400547286335639
"HARBHOONDI","VANDANA",-0.00683293759649557
"HongZuiEr","VANDANA",0.113384693766554
"IndrabaruniDhan","VANDANA",0.0892670914564639
"IR74371-54-1-1","VANDANA",0.404979398334257
"IR77298-14-1-2-10","VANDANA",0.192376303711843
"IR77298-5-6-18","VANDANA",0.0176292013979525
"IR83383-B-B-129-4","VANDANA",0.00206034910845799
"IR83388-B-B108-3","VANDANA",0.193385791752352
"IR87707-445-B-B","VANDANA",0.0285916692036424
"IR87707-446-B-B","VANDANA",0.171979206205456
"IRROEPYO","VANDANA",-0.0536390226175247
"KALINGA-1","VANDANA",0.00457043140640463
"KANGRO","VANDANA",-0.336629706956216
"KHAODAWTAI","VANDANA",-0.288311098249042
"MANDRIRAVINA","VANDANA",-0.341159197524469
"MAUDAMANI","VANDANA",-0.259168552658469
"MOROBEREKAN","VANDANA",0.20526342630965
"MTU1010","VANDANA",-0.0218733426961189
"MTU9","VANDANA",-0.340236164131027
"NERICA-L-26","VANDANA",0.318936250911131
"NERICA-L-42","VANDANA",0.326832132105714
"NERICA-L-44","VANDANA",0.120599334206137
"PARIJAT","VANDANA",0.168037806031865
"Patchaiperumal","VANDANA",0.104938179819777
"PEH-KUH-TSAO-TU","VANDANA",-0.329962554660863
"PMK-2","VANDANA",-0.0145934222643404
"PRASAD-1","VANDANA",-0.368903874614683
"PUSASUGANDH5","VANDANA",0.10604718508175
"PUSA1121","VANDANA",0.114580713712886
"Pusa1121-SN12","VANDANA",0.102058738475099
"PUSA44","VANDANA",0.0758070276961325
"PUSABASMATI6","VANDANA",-0.220639430092872
"PUSASUGANDH2","VANDANA",-0.255934327038112
"RASI","VANDANA",0.137760902455017
"RKVY-104","VANDANA",0.306912139144963
"RKVY-143","VANDANA",0.0259335073895989
"RKVY-28","VANDANA",0.351078205828618
"R-RF-44","VANDANA",0.108898206504794
"RRF-78","VANDANA",0.128417819127026
"Sadabahar","VANDANA",-0.275728032778249
"SAFRI-17","VANDANA",-0.274086236663001
"SAHBHAGIDHAN","VANDANA",0.140557798862295
"SATABHAMA","VANDANA",-0.0143762603123441
"SERATOES","VANDANA",0.394364450733593
"SERETY","VANDANA",-0.329989843473277
"SHAKU","VANDANA",-0.0120950010777535
"SR1-3-1","VANDANA",-0.284593014356777
"SUWEON","VANDANA",-0.207587141573143
"SWARNA","VANDANA",0.0958941497682792
"VANAPRAVA","VANDANA",0.407693104613017
"VANDANA","VANDANA",1.59117805586516
"Wayrarem","VANDANA",0.404279611338776
"281785","Wayrarem",-0.214814496483111
"282803","Wayrarem",0.148538879402351
"299554","Wayrarem",0.313957753605612
"356457","Wayrarem",0.119288837183547
"376579","Wayrarem",-0.265502227259263
"376851","Wayrarem",-0.294594462967446
"377448","Wayrarem",0.123162914400513
"377705","Wayrarem",0.115573040521049
"384190","Wayrarem",-0.333528778278824
"426049","Wayrarem",0.11087783116576
"438644","Wayrarem",0.117332339733886
"ADAYSEL","Wayrarem",0.0438998950729291
"AbhayaXDagadesi","Wayrarem",0.165527085986005
"ABHISEK","Wayrarem",-0.091420057950537
"ABOR-A-1","Wayrarem",0.0838409628762825
"ANJALI","Wayrarem",-0.0828433452901953
"Annada","Wayrarem",-0.160513732754021
"Apo","Wayrarem",1.3038316381167
"ARC10319","Wayrarem",0.0908873540429433
"ARC12071","Wayrarem",-0.334273131606058
"ARNAPURNA","Wayrarem",-0.243969834898396
"ASD16","Wayrarem",-0.222821983968951
"AUS257","Wayrarem",0.295746005722907
"BAKAL","Wayrarem",0.00164730076326078
"BAM1057","Wayrarem",-0.0221142466493328
"BAM1098","Wayrarem",0.0256333516117457
"BAM1659","Wayrarem",-0.231866369817862
"BAM1689","Wayrarem",0.00220770659191055
"BAM1708","Wayrarem",-0.0106077820483706
"BAM1812","Wayrarem",0.0711026675882999
"BAM2096","Wayrarem",-0.245334884713221
"BAM2166","Wayrarem",-0.319627213148244
"BAM247","Wayrarem",0.114245992825682
"BAM2574","Wayrarem",-0.2437832558017
"BAM2680","Wayrarem",-0.246639394553773
"BAM3154","Wayrarem",0.291639513248013
"BAM3181","Wayrarem",-0.246936733298137
"BAM326","Wayrarem",-0.315332116636041
"BAM328","Wayrarem",0.113538967208572
"BAM350","Wayrarem",0.0330706330783418
"BAM3690","Wayrarem",0.207912874953579
"BAM4009","Wayrarem",-0.0484873997509214
"BAM4054","Wayrarem",-0.256771621774846
"BAM4138","Wayrarem",-0.377831734237739
"BAM4168","Wayrarem",-0.235497455239296
"BAM4234","Wayrarem",-0.108835367010609
"BAM4254","Wayrarem",-0.107886111906334
"BAM4477","Wayrarem",0.173519674712757
"BAM4496","Wayrarem",0.127358224166194
"BAM4510","Wayrarem",-0.335128802305602
"BAM4521","Wayrarem",-0.363919920552931
"BAM4534","Wayrarem",-0.00203063921665593
"BAM4797","Wayrarem",-0.266847374820893
"BAM491","Wayrarem",0.0325455103781962
"BAM4928","Wayrarem",-0.290090664871567
"BAM5110","Wayrarem",-0.0645920820903234
"BAM56","Wayrarem",-0.311195115705154
"BAM5779","Wayrarem",-0.175674531315955
"BAM5850","Wayrarem",-0.0429714390253612
"BAM6921","Wayrarem",0.375685748969277
"BAM712","Wayrarem",-0.157903585053292
"BAM742","Wayrarem",-0.156962660282366
"BAM7429","Wayrarem",0.0917892432143597
"BAM7449","Wayrarem",0.00577113876454391
"BAM747","Wayrarem",-0.169068227690837
"BAM759","Wayrarem",0.0922818435832408
"BAM766","Wayrarem",-0.166579057518544
"BAM807","Wayrarem",-0.179840539817438
"BAM811","Wayrarem",0.15845150039392
"BAM812","Wayrarem",-0.214003514094999
"BAM819","Wayrarem",-0.197255454427669
"BAM8296","Wayrarem",0.213494370564844
"BAM8305","Wayrarem",0.15759684175681
"BAM8315","Wayrarem",-0.268575119152782
"BAM8364","Wayrarem",-0.209341496589372
"BAMAWPYAN","Wayrarem",-0.339692396941993
"BENAMURI","Wayrarem",-0.232303932415272
"BLACKGORA","Wayrarem",-0.161001729248738
"CGR1656","Wayrarem",0.11584547524149
"CGR1679","Wayrarem",-0.259624155712761
"CGR2012","Wayrarem",-0.282761996672328
"CO18","Wayrarem",-0.326280446150833
"CRDHAN-204","Wayrarem",0.0288329824905531
"CR143-2-2","Wayrarem",0.499992558558354
"CR262-4","Wayrarem",0.495928685012905
"CROSSA","Wayrarem",-0.277855205317599
"DULAR","Wayrarem",-0.0494739506291821
"EYPO","Wayrarem",0.0736025143928229
"EYPO-2","Wayrarem",-0.267742580999749
"FULKATI","Wayrarem",0.0302268390098722
"Ghanteswari","Wayrarem",0.0455958694312673
"GHATIKAMMANANGARHAR","Wayrarem",-0.212318367142161
"GotrabiDhan","Wayrarem",0.122058844980941
"GP-145-37","Wayrarem",-0.263823563167212
"GP-145-51","Wayrarem",0.112522623768057
"HARBHOONDI","Wayrarem",0.108838764463576
"HongZuiEr","Wayrarem",0.225480108086306
"IndrabaruniDhan","Wayrarem",0.207327038161093
"IR74371-54-1-1","Wayrarem",0.581642211624229
"IR77298-14-1-2-10","Wayrarem",0.345923704781392
"IR77298-5-6-18","Wayrarem",0.159246793585604
"IR83383-B-B-129-4","Wayrarem",0.133518216062321
"IR83388-B-B108-3","Wayrarem",0.300171192587362
"IR87707-445-B-B","Wayrarem",0.139375981456207
"IR87707-446-B-B","Wayrarem",0.285362746650326
"IRROEPYO","Wayrarem",-0.327338083447649
"KALINGA-1","Wayrarem",0.157742488466747
"KANGRO","Wayrarem",-0.335087651954887
"KHAODAWTAI","Wayrarem",-0.177661969469309
"MANDRIRAVINA","Wayrarem",-0.330143274683873
"MAUDAMANI","Wayrarem",-0.0966123565379839
"MOROBEREKAN","Wayrarem",0.152385247178299
"MTU1010","Wayrarem",0.154811742873898
"MTU9","Wayrarem",-0.340444365470777
"NERICA-L-26","Wayrarem",0.463884226057819
"NERICA-L-42","Wayrarem",0.497904698300424
"NERICA-L-44","Wayrarem",0.241143544945128
"PARIJAT","Wayrarem",0.235891680867657
"Patchaiperumal","Wayrarem",0.0852834831477545
"PEH-KUH-TSAO-TU","Wayrarem",-0.333840024915678
"PMK-2","Wayrarem",0.0760603515635499
"PRASAD-1","Wayrarem",-0.201326972342511
"PUSASUGANDH5","Wayrarem",0.20921955050774
"PUSA1121","Wayrarem",0.107091205317294
"Pusa1121-SN12","Wayrarem",0.112217867413571
"PUSA44","Wayrarem",0.267325245135862
"PUSABASMATI6","Wayrarem",-0.195614263018304
"PUSASUGANDH2","Wayrarem",-0.148970496271218
"RASI","Wayrarem",0.230362448577927
"RKVY-104","Wayrarem",-0.0266399636110697
"RKVY-143","Wayrarem",0.0106672631182248
"RKVY-28","Wayrarem",-0.0264929210991901
"R-RF-44","Wayrarem",0.20648425287603
"RRF-78","Wayrarem",0.0887158465651652
"Sadabahar","Wayrarem",-0.260288327539841
"SAFRI-17","Wayrarem",-0.204995019203661
"SAHBHAGIDHAN","Wayrarem",0.235925049374807
"SATABHAMA","Wayrarem",0.122601740426851
"SERATOES","Wayrarem",-0.0403876515012391
"SERETY","Wayrarem",-0.312850255218151
"SHAKU","Wayrarem",0.119002800925232
"SR1-3-1","Wayrarem",-0.13679519525734
"SUWEON","Wayrarem",-0.146684463412668
"SWARNA","Wayrarem",0.251184303296883
"VANAPRAVA","Wayrarem",-0.0136187417311287
"VANDANA","Wayrarem",0.404279611338776
"Wayrarem","Wayrarem",1.36548065009799
